"Country Name","Country Code","Indicator Name","Indicator Code",Attribute,2001Q4,2002Q1,2002Q2,2002Q3,2002Q4,2003Q1,2003Q2,2003Q3,2003Q4,2004Q1,2004Q2,2004Q3,2004Q4,2005Q1,2005Q2,2005Q3,2005Q4,2006Q1,2006Q2,2006Q3,2006Q4,2007Q1,2007Q2,2007Q3,2007Q4,2008Q1,2008Q2,2008Q3,2008Q4,2009Q1,2009Q2,2009Q3,2009Q4,2010Q1,2010Q2,2010Q3,2010Q4,2011Q1,2011Q2,2011Q3,2011Q4,2012Q1,2012Q2,2012Q3,2012Q4,2013Q1,2013Q2,2013Q3,2013Q4,2014Q1,2014Q2,2014Q3,2014Q4,2015Q1,2015Q2,2015Q3,2015Q4,2016Q1,2016Q2,2016Q3,2016Q4,2017Q1,2017Q2,2017Q3,2017Q4,2018Q1,2018Q2,2018Q3,2018Q4,2019Q1,2019Q2,2019Q3,2019Q4,2020Q1,2020Q2,2020Q3,2020Q4,2021Q1,2021Q2,2021Q3,2021Q4,2022Q1,2022Q2,2022Q3,2022Q4,2023Q1,2023Q2,2023Q3,2023Q4,2024Q1,2024Q2,2024Q3,2024Q4,"Base Year",
"Cyprus","423","Other Depository Corporations Survey, Claims on Private  Sector (Euro Area-Wide-Residency), Euros","FOSAOPEA_EUR","Value",,,,,,,,,,,,,,,,,"23761000000","24219000000","25621000000","26178000000","26985000000","27713000000","30117000000","31167000000","33040000000","34849000000","37053000000","39869000000","42044000000","42080000000","43915000000","44390000000","45490000000","45980000000","46468000000","45544000000","47464000000","47509000000","48938000000","49408000000","50331000000","50183000000","51596000000","51246000000","51546000000","50422000000","48833000000","47450000000","47964000000","47420000000","47567000000","46613000000","45378000000","46469000000","46098000000","46035000000","46170000000","45033000000","42651000000","41991000000","41861000000","41404000000","40935000000","39986000000","39468000000","37246000000","37281000000","30633000000","30391000000","30469000000","26815000000","26534000000","26080000000","25957000000","24930000000","24880000000","25211000000","25210000000","23554000000","23481000000","23830000000","23720000000","23945000000","23517000000","22098000000","21338000000","21307000000","20989000000","20886000000","21023000000","21170000000","21024000000","21337000000","",
"Portugal","182","Other Depository Corporations Survey, Claims on Private  Sector (Euro Area-Wide-Residency), Euros","FOSAOPEA_EUR","Value","158488000000","162142000000","165492000000","167974000000","172396000000","174957000000","179118000000","178781000000","179033000000","182249000000","186200000000","187467000000","188020000000","189745000000","194580000000","196848000000","200899000000","210210000000","217964000000","222394000000","227095000000","232515000000","242261000000","248781000000","255898000000","261757000000","269702000000","272326000000","278345000000","279616000000","283749000000","285627000000","287683000000","288034000000","289187000000","289931000000","285472000000","286290000000","287608000000","285018000000","279915000000","275795000000","271818000000","265881000000","260598000000","257081000000","255010000000","249524000000","246350000000","244048000000","240956000000","238396000000","227308289889.069","226001350000","224462840000","222383820000","218095840000","216420560000","215460630000","213731420000","209858560000","208352670000","207025580000","205092617382.559","203373110000","203779638960.529","204285830000","204029210000","202276950501.284","202155787240.261","206396648771.227","205764440000","203909520000","205801950000","209386740000","210916720000","213161920000","214992450000","216719970000","218133810000","218038750000","220917750000","223549525834.773","224335000000","222768000000","221888000000","222407000000","222129000000","221514000000","222410000000","225154000000","226783689508.642","229018000000","",
"Estonia, Rep. of","939","Other Depository Corporations Survey, Claims on Other Financial Corporations (Euro Area-Wide-Residency), Euros","FOSAOFEA_EUR","Value",,,,,,,,,,"1767330216.18036","1898601704.36444","1933958358.65977","1987295458.92478","1853570000","1874560000","1849860000","1421990000","1471360000","1398360000","780370000","802670000","836960000","967970000","1033040000","1042250000","955000000","991000000","927000000","835000000","731000000","724000000","647000000","596000000","546000000","580000000","493000000","482000000","502000000","491000000","487000000","583000000","594000000","699000000","623000000","524000000","646000000","737000000","789000000","1082000000","925000000","1016000000","1093000000","1217000000","1386000000","1411000000","1673000000","1766000000","2293000000","2301000000","2320000000","2260000000","2254000000","2381000000","2449000000","2551000000","2555000000","2593000000","2614000000","2697000000","2956000000","2979000000","3017000000","2916000000","2888000000","2875000000","2932000000","2933000000","2971000000","3075000000","3350000000","3405000000","3499000000","3896000000","4023000000","4122000000","4056000000","4088000000","4954000000","5068000000","5177000000","4868000000","4946000000","5775000000","",
"Slovenia, Rep. of","961","Other Depository Corporations Survey, Claims on Private  Sector (Euro Area-Wide-Residency), Euros","FOSAOPEA_EUR","Value",,,,,,,,,,"11137000000","11570000000","12009000000","12538180585.4801","13359600000","14017370000","14763320000","15450060000","16367999068.5937","17339500000","18247620000","19153590000","20551420000","22061030000","23679720000","25137679128.5585","26327439114.3804","27741620000","28836481229.553","29217640000","29579940000","29721500000","30248010000","30425410000","30850640000","31203530000","31259620000","31201200000","31307350000","31418860000","31124110000","30607570000","30589020000","30295470000","29992970000","28957460000","28526800000","28133272548.4145","27775020000","24019780000","23590600000","23050240000","22586310000","20688290332.2404","20689740000","20431860000","19945190000","19512450000","18910740000","18862800000","18577440000","18966800000","19143790000","19391330000","19591610000","19686410000","19846500000","19907370000","20204900000","20173100000","20510063207.5472","20715120000","21021510000","20894390000","21438991563.0252","20943190000","20954560000","20857910000","21207220000","21233410000","21493230000","22062935712.693","22833540000","23446000000","24115341836.7347","24168000000","24274646748.6819","24499000000","24504000000","24228000000","24379000000","24778000000","25012000000","24921000000","",
"Italy","136","Other Depository Corporations Survey, Claims on Other Financial Corporations (Euro Area-Wide-Residency), Euros","FOSAOFEA_EUR","Value","209437449423.368","212454779287.85","222120801071.72","207779859084.379","223601417194.113","233416000000","238676000000","233432000000","241466000000","233075000000","232233000000","228329000000","239745000000","244923000000","250195000000","249258000000","264271000000","265825000000","278209000000","278084000000","287157000000","292030000000","313763000000","300310000000","309806000000","316763000000","337895000000","348673000000","504686000000","521844000000","509008000000","512192000000","515336000000","524558000000","636561000000","662369000000.001","627586000000","572449000000","560804000000","626475000000","647938000000","649001000000","671960000000","707842000000","714033000000","685740000000","648263000000","641347000000","625492000000","590132000000","595561000000","601103000000","628635000000","655299000000","590288000000","583899000000","565175000000","592753000000","577539000000","569561000000","561273000000","535452000000","508590000000","505083000000","528426000000","510137000000","516385000000","513993000000","525274000000","541681000000","545387000000","568286000000","563736000000","568364000000","558523000000","521485000000","515492000000","487941000000","473416000000","472730000000","475398000000","497967000000","521986000000","551039000000","564470000000","545003000000","538839000000","535636000000","499878000000","502782000000","500644000000","649408000000","631463000000","",
"Finland","172","Other Depository Corporations Survey, Claims on Public Nonfinancial Corporations (Euro Area-Wide-Residency), Euros","FOSAONEA_EUR","Value","0","0","0","0","0","0","0","0","0","0","0","0","0","0","0","0","0","0","0","0","0","0","0","0","0","0","0","0","0","0","0","0","0","0","0","0","0","0","0","0","0","0","0","0","0","0","0","0","0","0","0","0","0","0","0","0","0","0","0","0","0","0","0","0","0","0","0","0","0","0","0","0","0","0","0","0","0","0","0","0","0","0","0","0","0","0","0","0","0","0","0","0","0","",
"Slovak Rep.","936","Other Depository Corporations Survey, Claims on Public Nonfinancial Corporations (Euro Area-Wide-Residency), Euros","FOSAONEA_EUR","Value",,,,,,,,,,,,,,,,,,"0","0","0","0","0","0","0","0","0","0","0","0","0","0","0","0","0","0","0","0","0","0","0","0","0","0","0","0","0","0","0","0","0","0","0","0","0","0","0","0","0","0","0","0","0","0","0","0","0","0","0","0","0","0","0","0","0","0","0","0","0","0","0","0","0","0","0","0","0","0","0","0","0","0","0","0","",
"Estonia, Rep. of","939","Other Depository Corporations Survey, Claims on Private  Sector (Euro Area-Wide-Residency), Euros","FOSAOPEA_EUR","Value",,,,,,,,,,"3028049783.81964","3271978295.63556","3580821641.34023","3976074541.07522","4342520000","4887230000","5617280000","6470380000","7178440000","8287160000","9290950000","10440330000","11326370000","12260580000","13116100000","13859750000","14332000000","14799000000","15118000000","15057000000","14917000000","14809000000","14648000000","14440000000","14301000000","14113000000","13975000000","13786000000","13489000000","13456000000","13287000000","13103000000","12987000000","12981000000","13131000000","13152000000","13197000000","13043000000","13173000000","13204000000","13265000000","13440000000","13621000000","13624000000","13678000000","13855000000","14229000000","14328000000","14535000000","14752000000","15039000000","15287000000","15463000000","15602000000","15124000000","15396000000","15636000000","15784000000","15942000000","16193000000","16385000000","16676000000","16819000000","16761000000","17055000000","17024000000","17230000000","17567000000","17768000000","17988000000","18182000000","18897000000","19225000000","19915000000","20626000000","21087000000","21104000000","21476000000","22074000000","22413000000","22506000000","22988000000","23528000000","24544000000","",
"Estonia, Rep. of","939","Other Depository Corporations Survey, Claims on State and Local Government (Euro Area-Wide-Residency), Euros","FOSAOGEA_EUR","Value",,,,,,,,,,"153350678.956312","138726285.586302","140317483.897755","155325631.34394","154810000","139080000","146700000","155880000","153570000","143170000","140120000","150500000","150490000","147730000","147900000","172090000","180000000","161000000","166000000","226000000","258000000","264000000","275000000","269000000","288000000","277000000","278000000","307000000","304000000","305000000","303000000","319000000","321000000","316000000","317000000","327000000","332000000","328000000","361000000","372000000","380000000","403000000","385000000","443000000","372000000","364000000","376000000","407000000","434000000","422000000","421000000","452000000","445000000","441000000","459000000","498000000","451000000","445000000","427000000","476000000","468000000","458000000","458000000","364000000","364000000","373000000","392000000","577000000","565000000","560000000","569000000","628000000","628000000","614000000","613000000","687000000","675000000","664000000","699000000","796000000","795000000","779000000","815000000","857000000","",
"Ireland","178","Other Depository Corporations Survey, Claims on Other Financial Corporations (Euro Area-Wide-Residency), Euros","FOSAOFEA_EUR","Value","51204407356.3218","51112327356.3218","49486322298.8506","52171161839.0805","50776275862.069","50860000000","52073000000","52082000000.0001","52538000000","54417000000.0001","52332000000","50769000000","55872000000","57208999999.9999","64457000000","66765999999.9999","78471000000","80719000000","87640000000","92825000000","96724000000.0001","151214000000","166710000000","175262000000","205315000000","253228000000","261721000000","238558000000","189826000000","176009000000","176746000000","172941000000","167712000000","164517000000","172392000000","174399000000","177129000000","176395000000","176678000000","176316000000","190275000000","183500000000","178996000000","178439000000","165372000000","159885000000","151250000000","150016000000","140165000000","129376000000","140497000000","136971000000","134898000000","136160000000","119858000000","116000000000","114904000000","113273000000","113813000000","113313000000","105548000000","96859000000","92580000000","89640000000","87927000000","85250000000","81931000000","81250000000","82706000000","83092000000","91338000000","114244000000","111518000000","136587000000","130542000000","127798000000","151927000000","148579000000","141329000000","151895000000","138025000000","164850000000","169936000000","203327000000","185301000000","166125000000","175441000000","184936000000","173543000000","172705000000","171377000000","179322000000","183079000000","",
"Cyprus","423","Other Depository Corporations Survey, Claims on Public Nonfinancial Corporations (Euro Area-Wide-Residency), Euros","FOSAONEA_EUR","Value",,,,,,,,,,,,,,,,,"0","0","0","0","0","0","0","0","0","0","0","0","0","0","0","0","0","0","0","0","0","0","0","0","0","0","0","0","0","0","0","0","0","0","0","0","0","0","0","0","0","0","0","0","0","0","0","0","0","0","0","0","0","0","0","0","0","0","0","0","0","0","0","0","0","0","0","0","0","0","0","0","0","0","0","0","0","",
"Lithuania","946","Other Depository Corporations Survey, Claims on Other Financial Corporations (Euro Area-Wide-Residency), Euros","FOSAOFEA_EUR","Value",,,,,,,,,,,,,,,,,,,,,,,,,,,,,,,,,,,"1171000000","1309000000","1281000000","1220000000","1128000000","1129000000","1176000000","1240000000","1368000000","1258000000","1487000000","1521000000","1548000000","1453000000","1202000000","1099000000","1118000000","1114000000","1163000000","1114000000","1165000000","1179000000","1049000000","1333000000","1424000000","1424000000","1552000000","1502000000","1575000000","1461000000","1454000000","1461000000","1746000000","1776000000","1693000000","1571000000","1584000000","1611000000","1575000000","1413000000","1342000000","1375000000","1413000000","1399000000","1535000000","1694000000","1855000000","2013000000","2205000000","6471000000","8940000000","9755000000","10042000000","9535000000","9340000000","10182000000","10429000000","10715000000","12835000000","",
"Estonia, Rep. of","939","Other Depository Corporations Survey, Claims on Public Nonfinancial Corporations (Euro Area-Wide-Residency), Euros","FOSAONEA_EUR","Value",,,,,,,,,,"0","0","0","0","0","0","0","0","0","0","0","0","0","0","0","0","0","0","0","0","0","0","0","0","0","0","0","0","0","0","0","0","0","0","0","0","0","0","0","0","0","0","0","0","0","0","0","0","0","0","0","0","0","0","0","0","0","0","0","0","0","0","0","0","0","0","0","0","0","0","0","0","0","0","0","0","0","0","0","0","0","0","0","0","",
"Germany","134","Other Depository Corporations Survey, Claims on Other Financial Corporations (Euro Area-Wide-Residency), Euros","FOSAOFEA_EUR","Value","81179651642.9605","86410113989.5764","91705621536.724","94083863645.4547","98191629219.1673","110356000000","106559000000","112053000000","112113000000","115641000000","110927000000","119278000000","122976000000","136835000000","149896000000","159717000000","162396000000","204226000000","210461000000","220633000000","202419000000","243392000000","249796000000","274118000000","276959000000","320529000000","332684000000","377925000000","395690000000","442855000000","473464000000","459706000000","442315000000.001","438264000000","557833000000","562464000000","1536692000000","1334828000000","1308894000000","1759385000000","1707158000000","1648444000000","1728442000000","1738854000000","1602016000000","1516781000000","1372054000000","1201250000000","1127635000000","1116202000000","1161115000000","1249278000000","1340721000000","1482600000000","1237753000000","1279365000000","1216768000000","1320573000000","1360086000000","1290039000000","1163275000000","1110500000000","1068668000000","1039743000000","1015599000000","972817000000","983979000000","955143000000","980628000000","1091524000000","1226010000000","1406771000000","1254283000000","1552268000000","1546535000000","1477337000000","1408030000000","1274189000000","1262562000000","1253244000000","1217391000000","1597320000000","1968680000000","2308363000000","2204927000000","2102822000000","2191583000000","2324650000000","1990275000000","2000363000000","1955947000000","1808552000000","2303468000000","",
"Germany","134","Other Depository Corporations Survey, Net Claims on Central Government (Euro Area-Wide-Residency), Euros","FOSGEA_EUR","Value","179369000000","183784000000","181253000000","185166000000","168240000000","181988000000","157508000000","153864000000","147618000000","180448000000","176342000000","183329000000","179799000000","202254000000","186191000000.001","174293000000","168396000000","171759000000","162807000000","143200000000","135063000000","141164000000","130386000000","117977000000","97344000000","111391000000","105194999999.999","84468000000","81853000000","90742000000","84449000000","106663000000","106491000000","120166000000","119321000000","126850000000","191706000000","173536000000","150261000000","139354000000","116738000000","118487000000","114455000000","123133000000","123557000000","123524000000","120765000000","134273000000","130359000000","137239000000","144478000000","152951000000","161544000000","175306000000","170097000000","170692000000","159466000000","165260000000","158743000000","158375000000","153215000000","146333000000","139815000000","137219000000","133410000000","129127000000","125294000000","123523000000","114378000000","115205000000","110922000000","119740000000","116589000000","125309000000","131697000000","112763000000","91738000000","98900000000","91015000000","94367000000","83546000000","85153000000","87000000000","83154000000","52005000000","50512000000","65731000000","69401000000","75791000000","80997000000","86419000000","103718000000","104881000000","",
"Belgium","124","Other Depository Corporations Survey, Claims on State and Local Government (Euro Area-Wide-Residency), Euros","FOSAOGEA_EUR","Value","24588000000","23113000000","23480000000","23021000000","23776000000","23465000000","23159000000","22874000000","22636000000","23494000000","25218000000","24111000000","24377000000","25972000000","26232000000","25799000000","25438000000.0001","26360000000","26306000000","25361000000","25103000000","24428000000","24884000000","23828000000","24143000000","24481000000","25811000000","24106000000","23795000000","23336000000","22366000000","24249000000","18954000000","19883000000","22407000000","23273000000","21568000000","24947000000","24647000000","23153000000","22689000000","25147000000","25620000000","26778000000","24950000000","27793000000","30181000000","29342000000","27724000000","30852000000","31709000000","31402000000","40407000000","41104000000","43136000000","42112000000","40238000000","40741000000","43350000000","45242000000","43453000000","43098000000","43699000000","42924000000","42063000000","42838000000","46025000000","43166000000","42134000000","42607000000","43031000000","43514000000","41780000000","45131000000","48623000000","49644000000","43543000000","43144000000","43365000000","42715000000","42698000000","42698000000","46768000000","44561000000","45582000000","46627000000","46281000000","44612000000","44430000000","44705000000","46666000000","46029000000","46171000000","",
"Cyprus","423","Other Depository Corporations Survey, Claims on State and Local Government (Euro Area-Wide-Residency), Euros","FOSAOGEA_EUR","Value",,,,,,,,,,,,,,,,,"486000000","486000000","509000000","518000000","514000000","735000000","738000000","746000000","728000000","711000000","745000000","743000000","743000000","754000000","761000000","761000000","733000000","741000000","746000000","475000000","501000000","505000000","518000000","520000000","513000000","515000000","522000000","529000000","510000000","509000000","506000000","495000000","480000000","471000000","473000000","467000000","451000000","443000000","444000000","441000000","433000000","432000000","413000000","411000000","387000000","383000000","385000000","381000000","356000000","364000000","364000000","96000000","97000000","100000000","99000000","101000000","78000000","71000000","70000000","69000000","65000000","63000000","79000000","80000000","77000000","77000000","80000000","109000000","102000000","130000000","124000000","124000000","119000000","170000000","163000000","258000000","245000000","",
"Cyprus","423","Other Depository Corporations Survey, Net Claims on Central Government (Euro Area-Wide-Residency), Euros","FOSGEA_EUR","Value",,,,,,,,,,,,,,,,,"4127000000","4602000000.00001","4548000000","4509000000","4545000000","5090000000.00001","4771000000","4522000000","4603000000","4236000000","4117000000","4009000000","5865000000","8882000000.00001","10119000000","9983000000","12466000000","14925000000.0001","16293000000.0001","16340000000","16033000000","16469000000","11360000000","11301000000","9356000000","5403000000","7307000000","7433000000","6767000000","6833000000","6048000000","5681000000","5660000000","5645000000","6132000000","4887000000","4911000000","4803000000","4097000000","3664000000","3288000000","3318000000","3255000000","2768000000","2603000000","3087000000","3376000000","3380000000","3257000000","2960000000","2954000000","6719000000","5893000000","6125000000","6092000000","5946000000","5105000000","5068000000","6116000000","6179000000","5342000000","5491000000","4509000000","4690000000","4083000000","3973000000","3805000000","3641000000","3100000000","3184000000","3630000000","3382000000","3568000000","3512000000","3554000000","3734000000","4066000000","",
"Malta","181","Other Depository Corporations Survey, Claims on Other Financial Corporations (Euro Area-Wide-Residency), Euros","FOSAOFEA_EUR","Value",,,,,,,,,,,,,,"1129646173.75837","1217346239.0929","1457800000","2093144260.31696","2595040000","1676500000","1561780000","550480000","514190000","619963631.627276","924560000","789460000","1018420000","1169550000","1492956089.11346","1621873671.21583","1851710000","1024050000","967483298.210848","974653549.264387","1057750000","1287090000","1362260000","1308680000","1246550000","1226580000","1858520000","1914150000","1856377219.56609","1852490000","2410620000","2580301278.50356","2308450000","1704126971.24903","1617380000","1260070000","1279680000","1219120000","1301390000","1720680000","2139860000","2560290000","2786760000","2718160000","2798790000","3077150000","2999650000","3322230000","3615230000","3525460000","3528460000","3644430000","3869480000","4387270000","4963080000","4370677561.64384","4352360000","4205610000","4033823132.91139","3720000000","4018974179.38931","3808830000","3682440000","3506760000","3414220000","3398920000","2923140000","2686026402.31379","2655630000","2623560000","2714060000","2573497321.81425","2396410000","2424592191.78082","2416100000","2337420000","2384360000","2374630000","2376990000","2390760000","",
"Malta","181","Other Depository Corporations Survey, Claims on Private  Sector (Euro Area-Wide-Residency), Euros","FOSAOPEA_EUR","Value",,,,,,,,,,,,,,"5656243826.24163","5694073760.9071","5783770000","5898655739.68304","6209020000","6509270000","6704180000","6868190000","7051980000","7040056368.37272","7289850000","7539170000","7799570000","8231670000","8793933910.88654","8694876328.78417","8766830000","8812610000","8984976701.78915","9202456450.73561","9569540000","9410080000","9373420000","9442810000","9416810000","9377090000","9578560000","9781440000","9946472780.43392","9839750000","9976140000","9683158721.49644","9878170000","9643233028.75097","9633420000","9620280000","9746380000","9834640000","10129040000","10269860000","10072740000","9682490000","9670070000","9758530000","10074000000","10201350000","10187410000","10146910000","10455320000","10510260000","10740940000","10744230000","11010420000","11155270000","11466590000","11198602438.3562","11424930000","11393380000","11460746867.0886","11554590000","11750145820.6107","11802810000","11929880000","12058180000","12225650000","12219850000","12362580000","12417993597.6862","12607930000","12900000000","13213000000","13378522678.1857","13703000000","13975417808.2192","14316000000","14590000000","14787000000","15116000000","15265000000","15430000000","",
"Germany","134","Other Depository Corporations Survey, Claims on State and Local Government (Euro Area-Wide-Residency), Euros","FOSAOGEA_EUR","Value","480336000000","479776000000","478905000000","482676000000","493455000000","493333000000","494812000000","497949000000","508763000000","512613000000","511501000000","512755000000","514831000000","516746000000","520479000000","520431000000","523992000000","519915000000","515851999999.999","511983000000","517433000000","511666000000","503016000000","496442000000","499192000000.001","489296999999.999","487579000000","484817000000","484669000000.001","480383000000","484338000000","489754999999.999","493924000000","499493000000","534730000000","533624000000","534649000000","536546000000","531151000000","525040000000","530990000000.001","540849000000","576847000000","571305000000","565602000000","561283000000","558885000000","558269000000","562464000000","560723000000","553595000000","554419000000","550923000000","553003000000","545880000000","549142000000","545559000000","544151000000","534661000000","530387000000","513644000000","503099000000","489227000000","480138000000","467926000000","451375000000","438654000000","429340000000","427193000000","422212000000","415014000000","415879000000","409932000000","417817000000","427647000000","419859000000","413430000000","409759000000","405572000000","399505000000","391068000000","391068000000","383274000000","374952000000","375464000000","375997000000","371695000000","375519000000","376115000000","387726000000","392348000000","397938000000","405637000000","",
"Germany","134","Other Depository Corporations Survey, Claims on Private  Sector (Euro Area-Wide-Residency), Euros","FOSAOPEA_EUR","Value","2527148348357.04","2511215886010.42","2504305378463.28","2511251136354.55","2532601370780.83","2514459000000","2523212000000","2522535000000","2518827000000","2513851000000","2510694000000","2497644000000","2497284000000","2482913000000","2495035000000","2506578000000","2511231000000","2539275000000","2550095000000","2567761000000","2561692000000","2556887000000","2551444000000","2563096000000","2573659000000","2599262000000","2612055000000","2638094000000","2639305000000","2622363000000","2609442000000","2594721000000","2572746000000","2554881000000","2430232000000","2397819000000","2404924000000","2413219000000","2413911000000","2425243000000","2420827000000","2425282000000","2417673000000","2434285000000","2429249000000","2434943000000","2431579000000","2437332000000","2435632000000","2441732000000","2455260000000","2465424000000","2456065000000","2476525000000","2485121000000","2491241000000","2505226000000","2518348000000","2539625000000","2560534000000","2575606000000","2599287000000","2623403000000","2648383000000","2667333000000","2695001000000","2722156000000","2755891000000","2779591000000","2817405000000","2866060000000","2893403000000","2916908000000","2959653000000","2996455000000","3019068000000","3044436000000","3092198000000","3111930000000","3153789000000","3207866000000","3260988000000","3319167000000","3400589000000","3404196000000","3417643000000","3435759000000","3438928000000","3444000000000","3459660000000","3461596000000","3468040000000","3475583000000","",
"Greece","174","Other Depository Corporations Survey, Claims on State and Local Government (Euro Area-Wide-Residency), Euros","FOSAOGEA_EUR","Value","1537000000","1483000000","1415000000","980000000","1766000000","1681000000","1647000000","1937000000","1888000000","1790000000","1794000000","1723000000","1871000000","1848000000","1894000000","1709000000","1804000000","1628000000","1683000000","1501000000","1562000000","1548000000","1559000000","1413000000","1538000000","1516000000","1493000000","1496000000","1539000000","1537000000","1550000000","1553000000","1699000000","1667000000","1917000000.00001","1878000000","2636000000","2556000000","2812000000","2973000000","2187000000","1769000000","1974000000","1711000000","1811000000","1749000000","1728000000","1732000000","1581000000","1618000000","1618000000","1594000000","1562000000","1471000000","1365010671.2084","1335971082.25108","1342998631.12833","1288982128.24957","1260000000","1225000000","353000000","358000000","347000000","333000000","293000000","312000000","303000000","296000000","283000000","279000000","247000000","234000000","224000000","218000000","217000000","257000000","240000000","245000000","262000000","253000000","237000000","237000000","174000000","167000000","172000000","158000000","153000000","144000000","139000000","132000000","130000000","121000000","119000000","",
"Spain","184","Other Depository Corporations Survey, Claims on State and Local Government (Euro Area-Wide-Residency), Euros","FOSAOGEA_EUR","Value","37162000000","37843000000","39778000000","36893000000","37867000000","38266000000","39928000000.0001","38529000000","40265000000","39829000000","41984000000.0001","40345000000","39519000000","40858000000","43046000000","42837000000","43819000000","43057000000","43382000000","41273000000","42583000000","42664000000","44586000000","43334000000","45680000000","46355000000","50426999999.9999","49319000000","56375000000","58191000000","64784000000","65834000000","69109000000","76116000000","83484000000","85925000000","87160000000","94128000000","98363000000","98941000000","100780000000","105363000000","107784000000","106596000000","100913000000","100319000000","102407000000","98783000000","98441000000","99474000000","100059000000","99344000000","103163000000","104604000000","99505000000","97404000000","92799000000","95089000000","95918000000","90865000000","84430000000","86616000000","85880000000","80351000000","77257000000","77089000000","78153000000","72703000000","69108000000","71624000000","75140000000","70428000000","67211000000","73013000000","74104000000","72488000000","77963000000","82850000000","88389000000","88654000000","88514000000","88514000000","93718000000","86636000000","85945000000","88124000000","90289000000","85482000000","83383000000","84634000000","89369000000","81791000000","82459000000","",
"Slovak Rep.","936","Other Depository Corporations Survey, Claims on Private  Sector (Euro Area-Wide-Residency), Euros","FOSAOPEA_EUR","Value",,,,,,,,,,,,,,,,,,"16266100000","17376820000","17923450000","19209180000","19840280000","21289700000","22495375380.976","23971255041.2512","25371340000","26680900000","27984730000","28521490000","28948092677.11","29032370000","29517230000","29383017805.4789","29655050000","30019617553.1611","30656550000","31190370000","31797337035.6905","32794213124.9581","33415690000","33694230000","33933735369.3457","34102250000","34457780000","34740840000","35266060000","35604066242.7184","36112480000","36779080000","37415800000","38024780000","38981500000","39242628077.5","40222399739.2924","41256350000","42062030000","43011350000","43425220000","44146180000","45624470000","46839550000","48113410000","49312310000","50704470000","51469520000","52845420000","54380280000","55572220000","56443200000","57334480000","58232220000","59737870000","60150570000","61016120000","61771070000","62939140000","63222290000","64216110000","64847060000","66621690000","67642189171.7635","69724120000","72062000000","74316000000","74840000000","75553000000","76520000000","77333000000","77156000000","77336000000","77882000000","78525000000","78939000000","",
"Austria","122","Other Depository Corporations Survey, Claims on Other Financial Corporations (Euro Area-Wide-Residency), Euros","FOSAOFEA_EUR","Value","30921908284.8435","31643896093.1006","32930659878.0826","33151285628.5213","33423750000","35433000000","35812000000","35642000000","36852000000","37424000000","39708000000","40978000000","43822000000","44378000000","49012000000","50986000000","54123000000","56346000000","57416000000","58941000000","60407000000","62762000000.0001","62485000000","62020000000","69581000000","70769000000","71634000000","73583000000","77121000000","77561000000","78835000000","84555000000","86064000000","85495000000","85984000000","85167000000","81460000000","78244000000","76167000000","76593000000","80027000000","81044000000","81749000000","82365000000","96284000000","93343000000","90756000000","88037000000","86150000000","87932000000","88662000000","89835000000","83221000000","84867000000","78894000000","76259000000","77289000000","79891000000","81171000000","80564000000","102195000000","93738000000","91621000000","88900000000","82039000000","79903000000","80697000000","78269000000","79403000000","82239000000","83564000000","88607685618.1036","83495000000","88910000000","88572000000","86598000000","84474000000","80222000000","79079000000","79111000000","79761000000","83519000000","95261000000","106547000000","104198000000","102778000000","101186000000","103729000000","95823000000","95489000000","94482000000","92168000000","92774000000","",
"Austria","122","Other Depository Corporations Survey, Claims on Private  Sector (Euro Area-Wide-Residency), Euros","FOSAOPEA_EUR","Value","209716091715.157","209542103906.899","211317340121.917","211728934371.479","213436430000","210490000000","212649000000","215580000000","216702000000","217322000000","222261000000","223335000000","224977000000","227595000000","244299000000","249647000000","254218000000","256563000000","263072000000","268447000000","270126000000","271601000000","277155000000","282349000000","287498000000","293648000000","298484000000","302575000000","309869000000","310037000000","309931000000","311704000000","311290000000","313547000000","318165000000","320437000000","323872000000","323197000000","329093000000","331707000000","332293000000","332654000000","334129000000","335232000000","332596000000","330971000000","329568000000","331644000000","330329000000","330413000000","332618000000","335137000000","320936000000","325018000000","323550000000","324306000000","324210000000","324551000000","324634000000","327256000000","326024000000","327045000000","329759000000","333192000000","337772000000","339176000000","342823000000","349769000000","355326000000","359555000000","364517000000","369113314381.896","374312000000","379374000000","384023000000","385619000000","388128000000","398313000000","398795000000","405116000000","416452000000","421264000000","428610000000","437578000000","438178000000","440693000000","441836000000","442246000000","440862000000","439912000000","441494000000","442762000000","442197000000","",
"Malta","181","Other Depository Corporations Survey, Claims on State and Local Government (Euro Area-Wide-Residency), Euros","FOSAOGEA_EUR","Value",,,,,,,,,,,,,,"25890020.2349354","21000021.612842","20961237.067882","14930000","14110000","9309973.59043161","9380000.00000001","5320000","5299589.40192129","5290000","5180404.30846081","5100000","5330000","24530000","24520000","49070000","59779585.7746287","109950000","139470000","146430000","223630000","233900867.323758","278731042.322384","273940000","330170000","340210000","194910000","191130624.448382","176530000","192660000","184580000","127590000","140760000","214740811.22036","204890000","214560000","221400000","218750000","269780000","294201213.215859","482950000","515690000","546130000","485660000","357580000","357230000","354800000","351878609.665428","268163881.460065","307016588.541667","284972158.730159","252994117.891241","100930000","101210000","90670000","83430000","78830000","78360000","77910000","77480000","77010000","1670000","1600000","1550000","1480000","2820000","2759674.34287044","2676927.29438647","2680000","3230000","3180407.85781104","3110000","4080000","4090000","4080000","4170000","4170000","5080000","4560539.2305362","4620000","",
"France","132","Other Depository Corporations Survey, Net Claims on Central Government (Euro Area-Wide-Residency), Euros","FOSGEA_EUR","Value","199788000000","224570000000","236684000000","236627000000","224753000000","216507000000","208315000000","220563000000","207155000000","217349000000","213266000000","238076000000","221243000000","240157999999.999","249778000000","246463000000.001","279704000000","292138000000","306846000000","300709000000","284906000000.001","287590000000","274518000000.001","281544999999.999","296802000000","290439000000","284826000000","298271000000","297991000000","319370000000","311622000000","349845000000","318664000000","299189000000","296859000000","283355000000","275511000000","159551000000","142727000000","159913000000","163799000000","182790000000","200857000000","209847000000","223118000000","229591000000","219882000000","215606000000","227579000000","221230000000","218027000000","239596000000","247514000000","237825000000","224484000000","239417000000","221293000000","229923000000","216155000000","207057000000","203101000000","200989000000","203057000000","180377000000","162766000000","165927000000","156817000000","148304000000","144664000000","159473000000","170765000000","160675000000","155152000000","189828000000","238226000000","237517000000","208755000000","241974000000","202322000000","187854000000","189714000000","199543000000","191250000000","193106000000","192901000000","174543000000","137378000000","149757000000","171529000000","153238000000","137816000000","216547000000","234561000000","",
"France","132","Other Depository Corporations Survey, Claims on Public Nonfinancial Corporations (Euro Area-Wide-Residency), Euros","FOSAONEA_EUR","Value","0","0","0","0","0","0","0","0","0","0","0","0","0","0","0","0","0","0","0","0","0","0","0","0","0","0","0","0","0","0","0","0","0","0","0","0","0","0","0","0","0","0","0","0","0","0","0","0","0","0","0","0","0","0","0","0","0","0","0","0","0","0","0","0","0","0","0","0","0","0","0","0","0","0","0","0","0","0","0","0","0","0","0","0","0","0","0","0","0","0","0","0","0","",
"France","132","Other Depository Corporations Survey, Claims on Other Financial Corporations (Euro Area-Wide-Residency), Euros","FOSAOFEA_EUR","Value","146037055342.13","166636066321.967","165791593098.631","152756459100.318","139580848701.415","161958000000","170260000000","196097000000","213863000000","219224000000","232695000000","228787000000","246653000000","262475000000","268669000000","272565000000","245492000000","275425000000","274777000000","298013000000","591691000000","668385000000","751597999999.999","823197000000","818510000000","872869000000","860352999999.999","836827000000","870998000000","846478000000","765672000000","765710000000","711579000000","750079000000","815331000000","839579000000","779140000000","776649000000.001","765018000000","858322999999.999","792535000000","800471000000","793394000000","779374000000","766038000000","784721000000","773383000000","753318000000","700478000000","721716000000","749964000000","780036000000","814023000000","910651000000","809405000000","812017000000","785373000000","811209000000","850740000000","870706000000","816810000000","835475000000","832820000000","839533000000","751714000000","882969000000","913472000000","909986000000","891613000000","938781000000","967390000000","976762000000","892279000000","1069904000000","987793000000","949486000000","893300000000","931933000000","937589000000","930670000000","889247000000","978099000000","984798000000","1030254000000","941441000000","945048000000","956291000000","977089000000","959459000000","1041750000000","1081364000000","1121129000000","1123398000000","",
"Slovenia, Rep. of","961","Other Depository Corporations Survey, Net Claims on Central Government (Euro Area-Wide-Residency), Euros","FOSGEA_EUR","Value",,,,,,,,,,"2372000000","2362000000","2257000000","2390171697.08686","2834390000","2844089999.72567","2777600000","2979100000","3046100031.40121","2882370000","2992160000","3311220000","4542161920.26243","4544569979.08937","3873960000","3540250000","3003670000","2987782776.54682","2643800000","2835510000","2519600000","1974020000","1450490000","1822540000","2138505571.10615","1951210000","2298655998.61955","2311260000","932470000","1598910000","1675165318.3478","2573870000","3327250000","3048023842.83468","3544750000","3346549926.0308","3252010000","2639993582.93081","2196600078.51153","6244153490.44754","6196830000","5606910000","5670750000","6747530958.06865","7022701863.18363","6834111891.67598","6784983731.83805","6873139862.65625","7272976302.66133","7212734031.17453","7216281668.19709","6633130653.73563","6358548147.78226","6301406442.80023","6296147782.51656","5995287165.93186","5863839808.49502","5946873137.41969","5862647518.01802","6003470247.14937","5754795098.42198","6059521424.18716","6114114602.01472","5833761627.65312","5814641720.64079","6022707532.08255","5964471123.04713","5695741526.01156","5879938042.10526","5894672918.68373","5451862507.87156","4582826484.70846","4760267580.49134","4740654545.45455","4378454409.62099","4261730362.53776","4515462118.84285","4761964252.33645","4705631673.18217","4990174423.65269","5992120118.62506","6054023244.13051","6302594750.73314","6889773159.69842","",
"Belgium","124","Other Depository Corporations Survey, Claims on Other Financial Corporations (Euro Area-Wide-Residency), Euros","FOSAOFEA_EUR","Value","37890000000","38191000000","41194000000","38585000000","40839000000","43037000000","42670000000","40484000000","45945000000","44728000000","45621000000","45489000000","47112000000","45341000000","46636000000","46070000000","53068000000","66333000000","71960000000","75423000000","77111000000","79860000000","93064999999.9999","107682000000","121220000000","125143000000","160780000000","158816000000","159767000000","163199000000","173125000000","173200000000","189296000000","167550000000","177381000000","180237000000","178550000000","167359000000","163755000000","172196000000","178791000000","173957000000","174815000000","177886000000","169578000000","175663000000","175808000000","171584000000","162315000000","164906000000","169576000000","166679000000","319289000000","336934000000","290819000000","288689000000","278225000000","302060000000","316526000000","305972000000","282161000000","272919000000","270233000000","199683000000","196172000000","192841000000","190303000000","186563000000","194102000000","200724000000","204755000000","208731000000","204370000000","196029000000","191647000000","181488000000","177914000000","167375000000","165162000000","163726000000","165024000000","171086000000","176289000000","187430000000","178298000000","175206000000","178151000000","179833000000","173843000000","173621000000","174376000000","178254000000","183718000000","",
"Belgium","124","Other Depository Corporations Survey, Claims on Private  Sector (Euro Area-Wide-Residency), Euros","FOSAOPEA_EUR","Value","192820000000","197001000000","196924000000","195049000000","194114000000","192393000000","195921000000","195817000000","195333000000","198434000000","197776000000","199944000000","203589000000","207753000000","212120000000","215396000000","223461000000","228911000000","233591000000","239307000000","244534000000","252694000000","256100000000","259021000000","267290000000","274042000000","264672000000","268457000000","250804000000","243678000000","242025000000","237216000000","225548000000","231064000000","229629000000","228041000000","228432000000","229945000000","237828000000","238400000000","230583000000","232884000000","234538000000","228220000000","231447000000","234905000000","238326000000","239720000000","241632000000","243730000000","250350000000","253273000000","255298000000","262109000000","269030000000","273416000000","276710000000","279937000000","280965000000","284344000000","297257000000","299620000000","300493000000","302424000000","312192000000","318268000000","331119000000","335022000000","337752000000","342209000000","351703000000","355861000000","362180000000","375428000000","379467000000","376825000000","381282000000","387808000000","394737000000","400841000000","406307000000","412261000000","430656000000","435860000000","438535000000","438869000000","442146000000","443637000000","449732000000","450209000000","454298000000","449967000000","457442000000","",
"Finland","172","Other Depository Corporations Survey, Claims on Other Financial Corporations (Euro Area-Wide-Residency), Euros","FOSAOFEA_EUR","Value","1962483870.96774","3620509677.41935","3552378494.62366","3683223655.91398","3795965913.97849","4151000000","9233000000","9750000000.00001","21297000000","21544000000","18562000000","21105000000","29590000000","26367000000","37907000000","36438000000","34030000000","29540000000","30907000000","30811000000","30049000000","29701000000","37825000000","39259000000","38121000000","46032000000","52697000000","53230000000","95168000000","100460000000","86380000000","92421000000","83919000000","102721000000","134973000000","152424000000","111193000000","97647000000","97239000000","175424000000","190782000000","186265000000","180415000000","175965000000","142628000000","126055000000","107478000000","102967000000","98472000000","104246000000","117469000000","136097000000","145994000000","170576000000","123288000000","127156000000","115914000000","126858000000","123086000000","116402000000","100581000000","27458000000","24967000000","23856000000","22776000000","22415000000","23063000000","22253000000","60283000000","64482000000","67825000000","80352000000","66616000000","85584000000","76122000000","73522000000","72931000000","62829000000","57936000000","56554000000","55393000000","56312000000","69052000000","83832000000","71449000000","65265000000","66260000000","68835000000","57996000000","54168000000","51133000000","49267000000","52521000000","",
"Latvia","941","Other Depository Corporations Survey, Claims on Other Financial Corporations (Euro Area-Wide-Residency), Euros","FOSAOFEA_EUR","Value",,,,,,,,,,,,,,,,,,,,,,,,,,,,,,,,,,,,"1100000000","1052000000","1029000000","948000000","1014000000","1022000000","1035000000","1069000000","1040000000","1012000000","1053000000","1066000000","1174000000","1191000000","1164000000","1238000000","1298000000","1330000000","1414000000","1427000000","1335000000","1437000000","1736000000","1788000000","1785000000","1844000000","1749000000","1775000000","1839000000","1954000000","1964000000","2103000000","1994000000","2005000000","1976000000","1990000000","2007000000","1916000000","1706000000","1684000000","1732000000","1668000000","2435000000","2467000000","2547000000","2569000000","2706000000","2818000000","2993000000","2904000000","2898000000","2970000000","3008000000","2930000000","2945000000","3020000000","3049000000","2698000000","",
"France","132","Other Depository Corporations Survey, Claims on Private  Sector (Euro Area-Wide-Residency), Euros","FOSAOPEA_EUR","Value","1234510944657.87","1256222393678.03","1253682556901.37","1260486120899.68","1262964151298.59","1272943000000","1290296000000","1289161000000","1290535000000","1308450000000","1340446000000","1352205000000","1373309000000","1390676000000","1428806000000","1448643000000","1489351000000","1541041000000","1583362000000","1614774000000","1646359000000","1693171000000","1756746000000","1785859000000","1838693000000","1881136000000","1919652000000","1943766000000","1973947000000","1964939000000","1945714000000","1941575000000","1959753000000","1978798000000","1996031000000","2015971000000","2035968000000","2035719000000","2089092000000","2095029000000","2103180000000","2114605000000","2129730000000","2123229000000","2127223000000","2127424000000","2130792000000","2138939000000","2140889000000","2145788000000","2117881000000","2124804000000","2124269000000","2147698000000","2169151000000","2185805000000","2192934000000","2214093000000","2222387000000","2235289000000","2261997000000","2313960000000","2334441000000","2349892000000","2396333000000","2420543000000","2467133000000","2503908000000","2531659000000","2591126000000","2613736000000","2650638000000","2672083000000","2710420000000","2793359000000","2862468000000","2929935000000","2940660000000","2967912000000","3004395000000","3052406000000","3056932000000","3090471000000","3135828000000","3183732000000","3188954000000","3193661000000","3198243000000","3218510000000","3207240000000","3209408000000","3173846000000","3189263000000","",
"Luxembourg","137","Other Depository Corporations Survey, Claims on Other Financial Corporations (Euro Area-Wide-Residency), Euros","FOSAOFEA_EUR","Value","30717053793.1035","32483428965.5173","35508278620.6897","33128016551.7241","31446602758.6206","31778000000.0001","32779000000","34988000000.0001","31998000000","37463000000","37855000000","37885000000","38899000000","43332999999.9999","47770000000","50128000000.0001","58586000000","71288000000","74338000000","79232000000","71610000000","69420000000","77073000000","80310000000","89511000000","92454000000","92228000000","99527000000","84421000000","82303000000","86494000000","85672000000","79382000000","78496000000","101464000000","104712000000","100975000000","98571000000","101070000000","111803000000","100013000000","93849999999.9999","92324000000","90885000000","91022000000","89756000000","86763000000","82294000000","77600000000","75071000000","78212000000","86593000000","86420000000","96982000000","81465000000","88731000000","86413000000","86235000000","87031000000","82908000000","83021000000","81476000000","79479000000","79607000000","77513000000","77547000000","83295000000","83616000000","81697000000","84837000000","84608000000","91863000000","89936000000","93298000000","92441000000","89434000000","84540000000","88144000000","85722000000","85925000000","90810000000","105947000000","112085000000","118487000000","112459000000","109340000000","107256000000","111718000000","107420000000","114481000000","115064000000","119747000000","125485000000","",
"Ireland","178","Other Depository Corporations Survey, Claims on Private  Sector (Euro Area-Wide-Residency), Euros","FOSAOPEA_EUR","Value","109923592643.678","111643672643.678","116542677701.149","121040838160.919","124416724137.931","127811000000","131615000000","138437000000","146677000000","158002000000","166504000000","180704000000","191336000000","198900000000","212810000000","225753000000","239199000000","254539000000","270813000000","283889000000","299494000000","310890000000","326189000000","336829000000","343435000000","352744000000","355851000000","361692000000","344492000000","344132000000","339264000000","329967000000","317730000000","306688000000","289111000000","275310000000","242698000000","240052000000","235888000000","234820000000","216098000000","213225000000","212185000000","209107000000","211585000000","209402000000","205817000000","206531000000","201594000000","197142000000","184381000000","174529000000","174927000000","169996000000","167046000000","163783000000","155676000000","150178000000","148473000000","147913000000","144955000000","147274000000","148674000000","148844000000","150012000000","149248000000","151844000000","151690000000","161674000000","159459000000","161440000000","164090000000","159742000000","157685000000","154832000000","153031000000","148067000000","147369000000","147864000000","143836000000","144972000000","164929000000","166102000000","166540000000","164649000000","164665000000","166165000000","165937000000","165367000000","162058000000","163847000000","167534000000","168119000000","",
"Slovak Rep.","936","Other Depository Corporations Survey, Net Claims on Central Government (Euro Area-Wide-Residency), Euros","FOSGEA_EUR","Value",,,,,,,,,,,,,,,,,,"4645730000","3653600000","4348750000","5597450000","6067210000","4759930000","4473080000","5021980000","5122830000","4718180000","4455310000","5383140000","7696249504.98543","8041580000","8755570246.9777","10269560000","11783190000","11748460000","12347080034.7993","11317709967.044","10990230057.7933","10798240000","10755170000","11363790000","11909710004.7828","11589390000","12233288928.076","11744370000","11183830004.943","11826930000","11260830000","10999300000","11288639969.4739","10984980000","10277699977.8332","10612210027.0298","10994337604.2575","10759796652.7157","10408463426.2881","10429471447.9024","10029029228.9756","10323018348.5893","10204905720.7158","9696687084.61539","8486535838.47073","7819401307.91367","7726451929.92701","7552622374.07848","7686838486.79679","7152945280.99547","7276228609.15565","6668998458.17452","7122748931.22677","6711574015.61224","7348314273.71134","7713485933.98058","8425387248.25243","9902930822.10216","8701984277.29941","8940488148.03997","8872295227.25552","9563953416.93393","9136705767.10526","9585480582.59689","9878710718.31453","8631796111.11111","8907266195.50858","9051483207.07071","8583537845.96118","9415119961.7347","9518654636.39124","10063926926.4787","10590232819.9321","10208182849.652","10673043918.3425","11295039757.8692","",
"Netherlands, The","138","Other Depository Corporations Survey, Claims on Other Financial Corporations (Euro Area-Wide-Residency), Euros","FOSAOFEA_EUR","Value","84073120000","90656250000","90150000000","108295650000","120740000000","140945000000","151320000000","163324000000","167491000000","170824000000","185250000000","191889000000","203139000000","205386000000","213281000000","233854000000","234085000000","239527000000","238411000000","251822000000","272301000000","296836000000","331444000000","348852000000","416449000000","427660000000","471816999999.999","468334999999.999","475876000000.001","498192000000","520935000000","508401000000","544348000000","532656000000","670325000000.001","665689000000","624482000000.001","578857000000","574762000000.001","670171000000","663694972414.295","656145999999.999","696815000000","702169000000","700386000000","679437000000","651216000000.001","623705000000","571380000000","585574000000","624179000000","656025000000","629573000000","706976000000","630231000000","614722000000","598154000000","641010000000","660694000000","648488000000","589140000000","578953000000","549922000000","500530000000","476585000000","471935000000","472701000000","447634000000","444919000000","481664000000","512312000000","557306000000","502940000000","559289000000","557134000000","541406000000","535729000000","549071000000","538138000000","525797000000","547973000000","578736000000","666441000000","698488000000","745659000000","700713000000","739077000000","758605000000","650620000000","629668000000","639292000000","610887000000","606619000000","",
"Italy","136","Other Depository Corporations Survey, Claims on Public Nonfinancial Corporations (Euro Area-Wide-Residency), Euros","FOSAONEA_EUR","Value","0","0","0","0","0","0","0","0","0","0","0","0","0","0","0","0","0","0","0","0","0","0","0","0","0","0","0","0","0","0","0","0","0","0","0","0","0","0","0","0","0","0","0","0","0","0","0","0","0","0","0","0","0","0","0","0","0","0","0","0","0","0","0","0","0","0","0","0","0","0","0","0","0","0","0","0","0","0","0","0","0","0","0","0","0","0","0","0","0","0","0","0","0","",
"Portugal","182","Other Depository Corporations Survey, Net Claims on Central Government (Euro Area-Wide-Residency), Euros","FOSGEA_EUR","Value","2579000000","2621000000","1791000000","1081000000","480000000","-41000000","2952999999.99999","2992000000","1645000000","2853000000","2855000000.00001","3633999999.99999","2806000000","4355000000","3234000000","2525000000","1860000000.00001","2464000000","817000000","2194000000","1906000000","3721000000","3060000000","3021000000","2325000000","4026000000","3111000000","3535000000","2456000000","2360000000","3589000000","13030000000","12863000000","17950000000","24313999999.9999","17513000000","27812000000","26414000000","27103000000","25707000000","19959000000","25862000000","27523000000","28094000000","25935000000","27810000000","31032000000","33493000000","29799000000","30678000000","32882000000","30415000000","31847497770.2743","31254680464.1775","31784030653.635","35566614592.7884","35652692335.8804","40197642903.8368","40961289051.5148","39588115180.0963","39143453395.3263","41947652892.6111","44248646685.3674","44162611304.7853","43244375590.3078","46595616193.8976","46892389868.2089","47451677918.5904","49865844640.5917","53406658126.7541","53432358763.5521","52802899511.5532","51567333401.9615","53463943749.6519","58573428682.4707","59906261488.7376","58887483363.8739","57086153334.7118","61111970117.1414","56318140000","57530269129.9213","56940850000","55818904086.1481","56041120000","55641990000","56091930000","55741780000","57093151274.9108","56253080261.5208","60675313283.6933","61510360000","58796117144.467","65675470000","",
"Portugal","182","Other Depository Corporations Survey, Claims on State and Local Government (Euro Area-Wide-Residency), Euros","FOSAOGEA_EUR","Value","3254000000","3328000000","3418000000","3573000000","3652000000","3758000000","3762000000","3847000000","3936000000","4057000000","4092000000","4156000000","4133000000","4228000000","4420000000","4515000000","4515000000","4589000000","4588000000","4514000000","4665000000","4759000000","4491000000","4590000000","4609000000","4612000000","4655000000","4924000000","5468000000","5569000000","5655000000","5847000000","5955000000","6173000000","6402000000","6638000000","6595000000","6737000000","6897000000","6947000000","6775000000","6739000000","6550000000","6387000000","6085000000","5966000000","5925000000","6279000000","5871000000","5941000000","5895000000","5918000000","6639982229.72571","6699889535.82255","6703169346.36503","6657575407.21159","6460767664.11963","6533557096.16319","6575990948.48522","6650114819.90375","6470316604.67372","6502977107.38888","6511373314.63257","6341108695.21474","6200214409.69223","6064743806.10243","6206440131.7911","6340222081.40963","6243165359.40831","6230511873.24588","6530691236.44793","6368560488.44681","6255836598.03848","6186456250.34806","6452771317.5293","6374538511.26244","6381906636.12607","6264626665.28815","6184699882.85858","6702860000","6379200870.07867","6379150000","6378095913.85186","6518880000","6320010000","6481070000","6814220000","6657848725.08925","6550919738.47916","6722696716.30673","6802640000","6786892855.53298","7024530000","",
"Luxembourg","137","Other Depository Corporations Survey, Net Claims on Central Government (Euro Area-Wide-Residency), Euros","FOSGEA_EUR","Value","30608000000","30775000000","30407000000","35410000000","34656000000","40290000000.0001","40841000000","43235000000.0001","42841000000","44634999999.9999","50102000000","50113000000","49280000000","49841000000","52157000000","51403000000.0001","55786000000","52831000000.0001","51031000000","49240000000","41735000000","43171999999.9999","41643999999.9999","35968000000","31232000000","29648000000","29033000000","32284000000","42781000000","60912000000.0001","65102000000","70819000000","71224000000","67310000000","58246000000","54768000000.0001","49359000000","51510000000","50731000000","44887000000","44003000000","39864000000","37222000000","36871000000","37270000000","35761000000","37155000000","34404000000","35290000000","42170000000","41800000000","47026000000","46766000000","49139000000","46400000000","46637000000","41277000000","43998000000","40410000000","39679000000","36804000000","33904000000","33496000000","31926000000","29311000000","27239000000","27955000000","28732000000","23842000000","26397000000","25165000000","29264000000","24939000000","32139000000","39951000000","41973000000","41554000000","33995000000","29919000000","32579000000","34925000000","32334000000","25241000000","26790000000","28718000000","26301000000","24814000000","21548000000","23947000000","20661000000","19972000000","22443000000","21915000000","",
"Belgium","124","Other Depository Corporations Survey, Claims on Public Nonfinancial Corporations (Euro Area-Wide-Residency), Euros","FOSAONEA_EUR","Value","0","0","0","0","0","0","0","0","0","0","0","0","0","0","0","0","0","0","0","0","0","0","0","0","0","0","0","0","0","0","0","0","0","0","0","0","0","0","0","0","0","0","0","0","0","0","0","0","0","0","0","0","0","0","0","0","0","0","0","0","0","0","0","0","0","0","0","0","0","0","0","0","0","0","0","0","0","0","0","0","0","0","0","0","0","0","0","0","0","0","0","0","0","",
"Spain","184","Other Depository Corporations Survey, Claims on Other Financial Corporations (Euro Area-Wide-Residency), Euros","FOSAOFEA_EUR","Value","28527334214.2914","29058521381.4483","30036908632.0642","29242013750.8942","32663263731.023","32225000000","32068000000","35028000000","41591999999.9999","45752000000","57122000000","55805000000","65654000000","67895999999.9999","74803000000","73473000000","78807000000","129697000000","134590000000","137654000000","145547000000","162202000000","185315000000","203781000000","285097000000","326416000000","370017999999.999","405590999999.999","503084000000","537604000000","530911000000","531846000000","521251000000","529340000000","565177999999.999","602435000000","572169000000","552352000000.001","567228999999.999","631604000000","638795999999.999","635167999999.999","638626000000","595669000000","636026000000","630735000000","571043000000","550665000000","500650000000","479518000000","477151000000","483081000000","497824000000","518313000000","472660000000","474794000000","445913000000","449453000000","457224000000","446354000000","429042000000","410264000000","395230000000","392043000000","390550000000","378846000000","375594000000","366873000000","358543000000","356398000000","364473000000","382706000000","370015000000","404060000000","405582000000","391251000000","398001000000","360211000000","358486000000","355886000000","351977000000","353381000000","368428000000","389097000000","371136000000","359217000000","363920000000","366398000000","356450000000","357607000000","345291000000","345541000000","351105000000","",
"Luxembourg","137","Other Depository Corporations Survey, Claims on Private  Sector (Euro Area-Wide-Residency), Euros","FOSAOPEA_EUR","Value","77056946206.8966","75279571034.4828","77931871379.3103","76440983448.2759","74060397241.3793","76732000000","75669000000","76559000000","76330000000","75505999999.9999","75652000000","72557000000","70441000000","72065000000","74682000000","77701000000","80234000000","83241000000","86165000000","89642000000","91454000000","98325000000","102778000000","108536000000","110398000000","114805000000","117691000000","119624000000","124829000000","122952000000","119207000000","117646000000","113795000000","115627000000","102981000000","103662000000","104579000000","102772000000","102982000000","100634000000","97602000000","99622000000","97845000000","96292000000","93355000000","96896000000","94696000000","94467000000","93721000000","94517000000","96706000000","100607000000","101839000000","107696000000","112723000000","116474000000","112904000000","120572000000","122813000000","123125000000","121996000000","128008000000","127210000000","128427000000","130784000000","130237000000","131927000000","132579000000","132802000000","134497000000","138166000000","141085000000","138092000000","148757000000","147507000000","143416000000","138701000000","138263000000","138730000000","139729000000","142577000000","148702000000","151236000000","151964000000","148703000000","149907000000","144329000000","142380000000","139588000000","139004000000","140031000000","140138000000","138425000000","",
"Latvia","941","Other Depository Corporations Survey, Claims on Public Nonfinancial Corporations (Euro Area-Wide-Residency), Euros","FOSAONEA_EUR","Value",,,,,,,,,,,,,,,,,,,,,,,,,,,,,,,,,,,,"0","0","0","0","0","0","0","0","0","0","0","0","0","0","0","0","0","0","0","0","0","0","0","0","0","0","0","0","0","0","0","0","0","0","0","0","0","0","0","0","0","0","0","0","0","0","0","0","0","0","0","0","0","0","0","0","0","0","",
"Finland","172","Other Depository Corporations Survey, Net Claims on Central Government (Euro Area-Wide-Residency), Euros","FOSGEA_EUR","Value","5670000000","5802000000","5102000000","5004000000","4714999999.99999","1797999999.99999","691000000.00001","1147000000","1625999999.99999","1606000000","924000000","-11000000","-1466000000","317000000","208000000","-1052000000","-1704000000","1350000000","-79000000","-1048000000","-115000000","1251000000","639000000","92000000","-130000000","420000000","-1695000000","-384000000","7000000","6000000","-207000000","1379000000","329000000","-195000000","1437000000","2279000000","3936000000","5435000000","8177000000","8070000000","2433000000","3954999999.99999","2121000000","3960999999.99999","3155000000.00001","3841000000","5532000000","5571000000","6880999999.99999","7516000000","10086000000","9671000000","10352000000","8838000000","8170000000","7249000000","6756000000","7874000000","7298000000","6579000000","5493000000","2868000000","2640000000","2890000000","2805000000","1447000000","1202000000","708000000","2239000000","5056000000","2946000000","2930000000","2121000000","4905000000","3462000000","5955000000","2033000000","3922000000","2483000000","2608000000","994000000.000003","1024000000","2308000000","1111000000","387000000","1054000000","-3063000000","3361000000","-594999999.999997","2245000000","420999999.999999","699000000","1744000000","",
"Italy","136","Other Depository Corporations Survey, Claims on Private  Sector (Euro Area-Wide-Residency), Euros","FOSAOPEA_EUR","Value","793228550576.632","796645220712.15","816228198928.28","819170140915.622","844935582805.887","856086000000","877474000000","889426000000","917918000000","928866000000","957334000000","955885000000","988339000000","1008885000000","1042745000000","1045472000000","1064516000000","1097802000000","1127469000000","1149051000000","1184436000000","1214922000000","1251457000000","1272689000000","1330059000000","1343478000000","1362508000000","1376238000000","1382532000000","1379861000000","1396959000000","1387595000000","1393944000000","1400410000000","1482498000000","1498749000000","1513256000000","1549585000000","1567945000000","1574830000000","1562969000000","1550194000000","1548459000000","1532169000000","1535828000000","1520306000000","1504294000000","1492413000000","1473674000000","1487680000000","1480675000000","1475352000000","1451400000000","1455571000000","1460565000000","1454533000000","1455376000000","1451527000000","1457324000000","1450083000000","1446486000000","1452083000000","1434364000000","1403389000000","1403362000000","1411588000000","1386189000000","1376734000000","1355954000000","1344008000000","1342229000000","1339426000000","1321787000000","1338632000000","1355047000000","1374971000000","1370518000000","1381960000000","1380862000000","1378201000000","1391062000000","1394986000000","1402848000000","1415543000000","1383431000000","1379544000000","1368441000000","1347383000000","1345745000000","1337554000000","1331961000000","1323658000000","1326787000000","",
"France","132","Other Depository Corporations Survey, Claims on State and Local Government (Euro Area-Wide-Residency), Euros","FOSAOGEA_EUR","Value","132205000000","127013000000","127402000000","128861000000","138412000000","141388000000","142022000000","140364000000","155523000000","161253000000","164559000000","145830000000","140323000000","137460000000","143258000000","150353000000","161994000000","168103000000","168983000000","171556000000","172411000000","180260000000","185401000000","193612000000","188782000000","198329000000","204962000000","210876000000","197294000000","193446000000","204081000000","199277000000","215771000000","221133000000","228156000000","220695000000","230730000000","215497000000","199304000000","198451000000","209911000000","213623000000","220253000000","222236000000","221689000000","222380000000","219638000000","222236000000","226995000000","228823000000","228434000000","233034000000","231864000000","234983000000","230623000000","230048000000","227503000000","221578000000","219224000000","218663000000","219281000000","218107000000","214119000000","210473000000","211876000000","206356000000","205915000000","210103000000","213501000000","211961000000","211366000000","212412000000","212139000000","213851000000","236505000000","256430000000","241233000000","242356000000","238257000000","236483000000","225493000000","225493000000","250979000000","236876000000","228369000000","241007000000","246052000000","261728000000","260317000000","271683000000","300155000000","241803000000","245750000000","",
"Slovenia, Rep. of","961","Other Depository Corporations Survey, Claims on State and Local Government (Euro Area-Wide-Residency), Euros","FOSAOGEA_EUR","Value",,,,,,,,,,"191000000","193000000","189000000","453998302.913145","91660000","89000000.2743248","84500000","106590000","109389968.598787","106420000","85160000","104070000","121758079.737573","152550020.910633","126020000","128510000","144070000","132827223.453177","177680000","226540000","248150000","251380000","280590000","376280000","415244428.893854","425940000","454064001.380448","554220000","568390000","558020000","552624681.652203","611490000","619180000","614996157.165315","615670000","645940073.969196","641120000","633406417.069195","642219921.488468","609166509.552456","608650000","607590000","625010000","704199041.931347","645578136.816366","646798108.324022","636576268.161955","634490137.34375","611223697.338674","602345968.825467","582588331.802912","589119346.264368","607491852.217742","595033557.199772","588912217.483444","604582834.068136","596770191.504982","597136862.580306","587392481.981982","644619752.850627","647424901.578025","642558575.812845","640275397.985279","667398372.346877","684618279.359211","673272467.917448","675168876.952873","711498473.988439","733671957.894737","714747081.316269","719687492.128442","784853515.291542","784632419.508657","884705454.545455","882635590.379009","1059459637.46224","1093517881.15715","1088945747.66355","1099528326.81783","1155615576.34731","1228809881.37494","1249956755.86949","1283015249.26686","1356366840.30158","",
"Greece","174","Other Depository Corporations Survey, Net Claims on Central Government (Euro Area-Wide-Residency), Euros","FOSGEA_EUR","Value","43022000000","42594000000","38409000000","39928000000","42052000000","36540000000","30820000000","30968000000","35634000000","29040000000","29805000000","27902000000","30626000000","29962000000","31595000000","29838000000","40114000000","37352000000","39223000000","35240000000","36772000000","26992000000","30067000000","25240000000","31647000000","27078000000","29416000000","29370000000","31432000000","37805000000","40536000000","35551000000","38529000000","43751000000","45936000000","45284000000","52793000000","43135000000","56914000000","52598000000","53880000000","29651000000","21790000000","24143000000","20381000000","12103000000","13194000000","8488000000","12977000000","13309000000","9616000000","9299000000","15104000000","16151000000","16972059328.7916","17558838917.7489","16871991368.8717","15644897871.7504","16289000000","15314000000","13066000000","11415000000","12807000000","12471000000","14631000000","9374000000","9148000000","8712000000","9809000000","10213000000","13097000000","13997000000","13924000000","14129000000","26600000000","27889000000","31002000000","33954000000","38041000000","38964000000","35996000000","34281000000","35359000000","34016000000","36704000000","36667000000","38532000000","39645000000","42287000000","41071000000","41634000000","43357000000","47141000000","",
"Slovak Rep.","936","Other Depository Corporations Survey, Claims on State and Local Government (Euro Area-Wide-Residency), Euros","FOSAOGEA_EUR","Value",,,,,,,,,,,,,,,,,,"495480000","502320000","511480000","556000000","541910000","550270000","561200000","639440000","626440000","603890000","628780000","726970000","727340495.01457","744760000","788219753.02226","853990000.000001","862040000","923300000","1028049965.2007","1085730032.95604","1081089942.20669","1091660000","1074340000","1075250000","1084819995.21721","1061440000","1033971071.92406","1008420000","995959995.057025","967340000","956860000","946320000","937300030.526069","928830000","895740022.166774","970379972.970196","906792395.742471","882313347.284345","869576573.711882","975558552.097561","945960771.02439","877961651.410658","843044279.284165","816252915.384615","793384161.529271","773478692.086331","780388070.072993","805197625.921522","818961513.203215","821844719.004525","842551390.844354","865761541.825476","856001068.773234","849155984.387755","841415726.28866","845994066.019418","826902751.747573","820279177.897839","821475722.700587","837141851.960031","839864772.74448","826266583.066068","824394232.894737","849049417.403114","849199281.685468","895903888.888889","914473804.491413","1015856792.92929","1001722154.03882","1008210038.26531","1038635363.60876","1243573073.52128","1238107180.06795","1169137150.34805","1168256081.65753","1222230242.13075","",
"Greece","174","Other Depository Corporations Survey, Claims on Public Nonfinancial Corporations (Euro Area-Wide-Residency), Euros","FOSAONEA_EUR","Value","0","0","0","0","0","0","0","0","0","0","0","0","0","0","0","0","0","0","0","0","0","0","0","0","0","0","0","0","0","0","0","0","0","0","0","0","0","0","0","0","0","0","0","0","0","0","0","0","0","0","0","0","0","0","0","0","0","0","0","0","0","0","0","0","0","0","0","0","0","0","0","0","0","0","0","0","0","0","0","0","0","0","0","0","0","0","0","0","0","0","0","0","0","",
"Slovak Rep.","936","Other Depository Corporations Survey, Claims on Other Financial Corporations (Euro Area-Wide-Residency), Euros","FOSAOFEA_EUR","Value",,,,,,,,,,,,,,,,,,"2699590000","3127490000","2978420000","3481080000","3422350000","3227010000","3249204619.02407","3404084958.74877","3530630000","3425070000","3195940000","3203240000","2738757322.88999","2553370000","2337900000","2194052194.52109","2041030000","2018232446.83888","1901880000","1726630000","1690932964.30948","1810436875.04192","1928250000","1956960000","1957864630.65429","1904970000","1958670000","1759100000","1711830000","1729333757.28155","1651430000","1844490000","1802760000","1911430000","1902900000","1833611922.5","1859390260.70763","1821910000","1834620000","1780180000","1783600000","1844910000","1974910000","1960560000","1891600000","1952590000","1986870000","1992420000","1860070000","2149920000","2164450000","1818840000","1915140000","2095310000","2209930000","2160700000","2013350000","2119610000","2170760000","2250410000","2054260000","1916420000","2144190000","2446340828.23649","2418160000","2650570000","3031450000","2924230000","2960970000","2878780000","2968390000","2628960000","2740880000","2657720000","2569230000","2703460000","",
"Portugal","182","Other Depository Corporations Survey, Claims on Public Nonfinancial Corporations (Euro Area-Wide-Residency), Euros","FOSAONEA_EUR","Value","0","0","0","0","0","0","0","0","0","0","0","0","0","0","0","0","0","0","0","0","0","0","0","0","0","0","0","0","0","0","0","0","0","0","0","0","0","0","0","0","0","0","0","0","0","0","0","0","0","0","0","0","0","0","0","0","0","0","0","0","0","0","0","0","0","0","0","0","0","0","0","0","0","0","0","0","0","0","0","0","0","0","0","0","0","0","0","0","0","0","0","0","0","",
"Finland","172","Other Depository Corporations Survey, Claims on Private  Sector (Euro Area-Wide-Residency), Euros","FOSAOPEA_EUR","Value","76322366129.0323","77718810322.5806","78465621505.3763","81059776344.086","82438584086.0215","86889000000","89580000000","91012000000","91880000000","94960000000","98066000000","99939000000","102089000000","105515000000","110277000000","112265000000","114814000000","118421000000","122691000000","124764000000","127960000000","131681000000","135878000000","139916000000","144035000000","147704000000","152500000000","156413000000","156899000000","157376000000","157806000000","157602000000","157924000000","160342000000","163693000000","165649000000","166589000000","169665000000","173784000000","176949000000","178577000000","180799000000","184228000000","185863000000","186193000000","187699000000","188690000000","190334000000","191363000000","190235000000","192118000000","193665000000","193862000000","196731000000","198887000000","200114000000","201488000000","203218000000","204121000000","205324000000","206267000000","208292000000","210123000000","211713000000","211857000000","213754000000","217146000000","219145000000","222397000000","223767000000","226638000000","229999000000","231407000000","233445000000","236838000000","238567000000","239207000000","240659000000","242855000000","243508000000","247536000000","248817000000","252865000000","256228000000","254485000000","253213000000","253556000000","254007000000","253750000000","255600000000","255833000000","255462000000","253058000000","",
"Slovenia, Rep. of","961","Other Depository Corporations Survey, Claims on Public Nonfinancial Corporations (Euro Area-Wide-Residency), Euros","FOSAONEA_EUR","Value",,,,,,,,,,"0","0","0","0","0","0","0","0","0","0","0","0","0","0","0","0","0","0","0","0","0","0","0","0","0","0","0","0","0","0","0","0","0","0","0","0","0","0","0","0","0","0","0","0","0","0","0","0","0","0","0","0","0","0","0","0","0","0","0","0","0","0","0","0","0","0","0","0","0","0","0","0","0","0","0","0","0","0","0","0","0","0","0","0","",
"Spain","184","Other Depository Corporations Survey, Claims on Private  Sector (Euro Area-Wide-Residency), Euros","FOSAOPEA_EUR","Value","683728665785.709","698780478618.552","725872091367.936","742067986249.106","761898736268.977","782581000000","820515000000","833573000000","873760000000","901875000000","948176000000","970002000000","1016565000000","1058782000000","1165113000000","1208992000000","1282355000000","1355728000000","1440893000000","1512778000000","1602541000000","1663862000000","1751030000000","1796415000000","1838398000000","1866599000000","1905768000000","1920709000000","1931619000000","1922017000000","1919832000000","1902003000000","1894592000000","1881651000000","1892251000000","1877573000000","1877179000000","1853019000000","1858034000000","1832249000000","1816712000000","1791752000000","1780508000000","1750377000000","1661817000000","1611521000000","1592389000000","1557268000000","1525502000000","1502573000000","1473682000000","1441968000000","1377549000000","1368749000000","1350864000000","1328763000000","1320469000000","1300973000000","1302962000000","1284951000000","1276659000000","1275725000000","1276280000000","1259286000000","1261612000000","1235179000000","1247081000000","1232451000000","1223409000000","1222972000000","1232266000000","1219268000000","1215666000000","1215435000000","1253166000000","1235685000000","1238149000000","1223121000000","1232422000000","1217242000000","1231116000000","1220483000000","1240057000000","1228891000000","1224215000000","1212572000000","1215975000000","1189339000000","1188029000000","1188099000000","1205548000000","1193302000000","1199569000000","",
"Ireland","178","Other Depository Corporations Survey, Claims on State and Local Government (Euro Area-Wide-Residency), Euros","FOSAOGEA_EUR","Value","10408000000","10224000000","10912000000","10928000000","12178000000","13424000000","13750000000","14082000000","14722000000","14666000000","15229000000","15229000000","16891000000","16103000000","18214000000","18205000000","17986000000","18280000000","28133000000","28029000000","27185000000","26329000000","25742000000","23181000000","21506000000","21378000000","21272000000","21211000000","20659000000","20645000000","20589000000","20902000000","19950000000","20116000000.0001","19972000000","19137000000","10691000000","10958000000","10535000000","11987000000","15430000000","7987000000","9391000000","9221999999.99999","11468000000","10700000000","11571000000","13037000000","7194000000","8477000000","6641000000","7274000000","9331000000","16466000000","14622000000","16171000000","13916000000","20029000000","17358000000","14608000000","13098000000","15616000000","12129000000","13179000000","13804000000","15137000000","8901000000","7185000000","9373000000","9378000000","8879000000","7018000000","8084000000","9455000000","17103000000","22737000000","18801000000","21584000000","20860000000","20503000000","13404000000","13404000000","20872000000","14813000000","11088000000","15830000000","8089000000","8154000000","8345000000","13314000000","13992000000","19770000000","20638000000","",
"Croatia, Rep. of","960","Other Depository Corporations Survey, Claims on Other Financial Corporations (Euro Area-Wide-Residency), Euros","FOSAOFEA_EUR","Value",,,,,,,,,,,,,,,,,,,,,,,,,,,,,,,,,,,,,,,,,,"849000000","868000000","911000000","885000000","874000000","1085000000","1086000000","1117000000","1173000000","1229000000","1178000000","1209000000","1386000000","1345000000","1412000000","1386000000","1419000000","1415000000","1369000000","1380000000","1382000000","1114000000","1031000000","1013000000","959000000","1009000000","968000000","1039000000","1111000000","1213000000","1242000000","1141000000","1325000000","1114000000","967000000","1042000000","1161000000","1022000000","995000000","1052000000","1013000000","1125000000","1302000000","1066000000","1017000000","1021000000","1074000000","1105000000","1025000000","989000000","1131000000","1055000000","",
"Spain","184","Other Depository Corporations Survey, Net Claims on Central Government (Euro Area-Wide-Residency), Euros","FOSGEA_EUR","Value","95455000000","100102000000","106523000000","103408000000","104892000000","119706999999.999","122583000000","132784000000","132675000000","119966000000","123137000000","108426000000","104950000000.001","96312000000","102462000000","105662000000","124426000000","110231000000","79792000000","64250000000","61519000000","49749000000","54655000000","55660999999.9999","64874000000","67469000000","66004000000.0001","60373000000.0001","77726000000","88266000000.001","109594000000","122640000000.001","129207000000","126430000000","124755000000","117202000000","116228000000","110834000000","127852000000","122648000000","147821000000","198881000000","230077000000","219401000000","223354000000","238540000000","261735000000","260999000000","228153000000","251672000000","260537000000","274255000000","263756000000","241106000000","247085000000","253054000000","233188000000","254227000000","257520000000","263774000000","247217000000","251805000000","240241000000","248146000000","232864000000","247164000000","236375000000","235515000000","226126000000","238403000000","227695000000","219103000000","208449000000","218155000000","247668000000","246983000000","235863000000","268364000000","260028000000","238059000000","216602000000","229010000000","237063000000","252469000000","243753000000","255079000000","244598000000","243825000000","242243000000","206244000000","212480000000","207231000000","256052000000","",
"Spain","184","Other Depository Corporations Survey, Claims on Public Nonfinancial Corporations (Euro Area-Wide-Residency), Euros","FOSAONEA_EUR","Value","0","0","0","0","0","0","0","0","0","0","0","0","0","0","0","0","0","0","0","0","0","0","0","0","0","0","0","0","0","0","0","0","0","0","0","0","0","0","0","0","0","0","0","0","0","0","0","0","0","0","0","0","0","0","0","0","0","0","0","0","0","0","0","0","0","0","0","0","0","0","0","0","0","0","0","0","0","0","0","0","0","0","0","0","0","0","0","0","0","0","0","0","0","",
"Luxembourg","137","Other Depository Corporations Survey, Claims on Public Nonfinancial Corporations (Euro Area-Wide-Residency), Euros","FOSAONEA_EUR","Value","0","0","0","0","0","0","0","0","0","0","0","0","0","0","0","0","0","0","0","0","0","0","0","0","0","0","0","0","0","0","0","0","0","0","0","0","0","0","0","0","0","0","0","0","0","0","0","0","0","0","0","0","0","0","0","0","0","0","0","0","0","0","0","0","0","0","0","0","0","0","0","0","0","0","0","0","0","0","0","0","0","0","0","0","0","0","0","0","0","0","0","0","0","",
"Italy","136","Other Depository Corporations Survey, Claims on State and Local Government (Euro Area-Wide-Residency), Euros","FOSAOGEA_EUR","Value","33919000000","35552000000","35108000000","34210000000","34780000000","35113000000","35748000000","34936000000","35275000000","36733000000","36859000000","37601000000","38457000000","39712000000","41349000000","41959000000","43950000000","45620999999.9999","46437000000","47945000000","48024000000","49660000000","49099000000","48468000000","89135000000","90179000000","90564000000","90450999999.9999","94320000000","97700000000","97915999999.9999","98485000000","97261000000","101659000000","100487000000","101190000000","97595000000","100706000000","101002000000","100767000000","98698000000","99230000000","99366000000","99347000000","96691000000.0001","98037000000","96998000000","95617999999.9999","89223999999.9999","90027000000","87018000000","86552000000","83877000000","84904000000","83188000000","81621000000","79668000000","80796000000","79452000000","79198000000","78020000000","78576000000","77346000000","76696000000","75354000000","76095000000","76431000000","74370000000","73486000000","72832000000","73105000000","73065000000","70936000000","72380000000","72742000000","72464000000","71389000000","70589000000","74617000000","74379000000","73586000000","73586000000","75058000000","74516000000","74171000000","75535000000","73622000000","72969000000","70077000000","71082000000","70572000000","70709000000","69978000000","",
"Estonia, Rep. of","939","Other Depository Corporations Survey, Net Claims on Central Government (Euro Area-Wide-Residency), Euros","FOSGEA_EUR","Value",,,,,,,,,,"-157820678.956312","-132876285.586302","-207757483.897755","-170995631.34394","-121860000","-164080000","-193370000","-205430000","22010000","-24800000","13710000","-149990000","101790000","16350000","-151800000","-192430000","-278000000","-402000000","-359000000","-243000000","-111000000","267000000","281000000","-55000000","52000000","337000000","165000000","223000000","265000000","238000000","125000000","48000000","-182000000","-52999999.999999","-206000000","-295000000","-307000000","-524000000","-566000000","-454000000","-273000000","-59999999.9999996","-300000000","-536000000","-580000000","-708000000","-706000000","-590000000","-664000000","-630000000","-748000000","-506000000","-640000000","-761000000","-855000000","-625000000","-508000000","-589000000","-617000000","-365000000","-130000000","-633000000","-804000000","-817000000","-399000000","-634000000","-875000000","-856000000","-330000000","-449000000","-434000000","-299000000","-637000000","-729000000","-107000000","-447000000","17000000","-362000000","-454000000","-626000000","-670000000","-1307000000","-1164000000","-906000000","",
"Lithuania","946","Other Depository Corporations Survey, Claims on Private  Sector (Euro Area-Wide-Residency), Euros","FOSAOPEA_EUR","Value",,,,,,,,,,,,,,,,,,,,,,,,,,,,,,,,,,,"17373000000","16963000000","16626000000","16524000000","16506000000","16642000000","15595000000","15490000000","15625000000","15644000000","15653000000","15353000000","14930000000","14968000000","15155000000","15068000000","15175000000","15181000000","15036000000","14933000000","15241000000","15581000000","15663000000","15915000000","16464000000","16885000000","16770000000","17065000000","17276000000","17560000000","17505000000","17748000000","18534000000","18602000000","18601000000","18730000000","19042000000","19306000000","19533000000","19755000000","19296000000","19339000000","18883000000","19109000000","19555000000","20201000000","21265000000","22122000000","22873000000","24102000000","24383000000","24444000000","24820000000","25427000000","25853000000","26294000000","26978000000","27910000000","29042000000","",
"Croatia, Rep. of","960","Other Depository Corporations Survey, Net Claims on Central Government (Euro Area-Wide-Residency), Euros","FOSGEA_EUR","Value",,,,,,,,,,,,,,,,,,,,,,,,,,,,,,,,,,,,,,,,,,"7452000000","7987000000","7963000000","8520000000","9031000000","9423000000","9405000000","9660000000","9586000000","9424000000","8900000000","10067000000","10146000000","9940000000","9974000000","10097000000","10106000000","10127000000","10219000000","10429000000","10462000000","10356000000","9771000000","8652000000","8855000000","9053000000","9086000000","8940000000","8588000000","8613000000","8943000000","8813000000","9433000000","9501000000","9894000000","9999000000","9685000000","10248000000","10275000000","10382000000","10053000000","10336000000","10695000000","10301000000","11575000000","11093000000","11284000000","10606000000","11666000000","10328000000","10972000000","10526000000","",
"Lithuania","946","Other Depository Corporations Survey, Claims on Public Nonfinancial Corporations (Euro Area-Wide-Residency), Euros","FOSAONEA_EUR","Value",,,,,,,,,,,,,,,,,,,,,,,,,,,,,,,,,,,"0","0","0","0","0","0","0","0","0","0","0","0","0","0","0","0","0","0","0","0","0","0","0","0","0","0","0","0","0","0","0","0","0","0","0","0","0","0","0","0","0","0","0","0","0","0","0","0","0","0","0","0","0","0","0","0","0","0","0","",
"Austria","122","Other Depository Corporations Survey, Claims on Public Nonfinancial Corporations (Euro Area-Wide-Residency), Euros","FOSAONEA_EUR","Value","0","0","0","0","0","0","0","0","0","0","0","0","0","0","0","0","0","0","0","0","0","0","0","0","0","0","0","0","0","0","0","0","0","0","0","0","0","0","0","0","0","0","0","0","0","0","0","0","0","0","0","0","0","0","0","0","0","0","0","0","0","0","0","0","0","0","0","0","0","0","0","0","0","0","0","0","0","0","0","0","0","0","0","0","0","0","0","0","0","0","0","0","0","",
"Ireland","178","Other Depository Corporations Survey, Claims on Public Nonfinancial Corporations (Euro Area-Wide-Residency), Euros","FOSAONEA_EUR","Value","0","0","0","0","0","0","0","0","0","0","0","0","0","0","0","0","0","0","0","0","0","0","0","0","0","0","0","0","0","0","0","0","0","0","0","0","0","0","0","0","0","0","0","0","0","0","0","0","0","0","0","0","0","0","0","0","0","0","0","0","0","0","0","0","0","0","0","0","0","0","0","0","0","0","0","0","0","0","0","0","0","0","0","0","0","0","0","0","0","0","0","0","0","",
"Greece","174","Other Depository Corporations Survey, Claims on Other Financial Corporations (Euro Area-Wide-Residency), Euros","FOSAOFEA_EUR","Value","16406709463.9312","13907573461.2839","11700314692.2568","12931768696.2277","13610734943.7459","12989000000","13123000000","13143000000","13776000000","13922000000","13551000000","14053000000","15673000000","12926000000","14038000000","17151000000","18922000000","17496000000","18359000000","19059000000","20888000000","19968000000","20643000000","22120000000","23288000000","23668000000","24056000000","22725000000","24454000000","21989000000","20940000000","19936000000","19544000000","20995000000","16954000000","19187000000","17452000000","16385000000","16668000000","18312000000","18172000000","22198000000","37081999999.9999","43121000000","51220000000","52473000000","53458000000","53020000000","53642000000","53002000000","53493000000","53889000000","54537000000","54941000000","53685350000","54391650000","59776040000","59037899724.9536","55018000000","51950000000","47500000000","42281000000","36144000000","25968000000","20013000000","16316000000","16592000000","17187000000","17987000000","17967000000","23718000000","47156000000","46382000000","44337000000","49903000000","55772000000","55121000000","50606000000","52584000000","51929000000","53541000000","54154000000","54459000000","55403000000","56444000000","55070000000","55021000000","53809000000","51853000000","51497000000","50733000000","50989000000","48831000000","",
"Ireland","178","Other Depository Corporations Survey, Net Claims on Central Government (Euro Area-Wide-Residency), Euros","FOSGEA_EUR","Value","26351000000","27243000000","26376000000","25945000000.0001","27432000000","32389000000","32560000000","42622000000.0001","43853000000","45080000000","50369000000","52209000000","55266000000","60671000000","59547000000","63480000000","62665000000","68192000000","55834000000","54489000000","52239000000","46576000000","42142000000.0001","43134000000","45198999999.9999","46663000000","52222999999.9999","48614000000","49581000000","60349000000","65334000000","65405000000","64488000000","73449000000","69141000000","79839000000","88129000000","72447999999.9999","60715000000.0001","83316999999.9999","85973000000","55288999999.9999","59452000000","64070999999.9999","62753000000","33815000000","31095000000","30104000000","28986000000","33403000000","35452000000","39417000000","56966000000","55086000000","51835000000","51885000000","49926000000","49826000000","46581000000","40431000000","41787000000","41639000000","39855000000","40114000000","35300000000","41848000000","43598000000","43011000000","41720000000","46260000000","42958000000","46819000000","48091000000","46435000000","57568000000","60522000000","62318000000","52640000000","46967000000","46075000000","42429000000","34133000000","22084000000","19273000000","25148000000","18504000000","11452000000","17813000000","23217000000","22980000000","21162000000","29828000000","37003000000","",
"Latvia","941","Other Depository Corporations Survey, Claims on Private  Sector (Euro Area-Wide-Residency), Euros","FOSAOPEA_EUR","Value",,,,,,,,,,,,,,,,,,,,,,,,,,,,,,,,,,,,"18172000000","17622000000","17251000000","16915000000","16897000000","16335000000","15410000000","15025000000","15016000000","14663000000","14462000000","14206000000","13976000000","13757000000","13227000000","12924000000","12893000000","12671000000","12548000000","12464000000","12574000000","12464000000","12178000000","12509000000","12554000000","12609000000","12652000000","12539000000","12067000000","12095000000","11938000000","11897000000","11211000000","11343000000","11388000000","11492000000","11544000000","11266000000","10969000000","11098000000","11080000000","10805000000","10971000000","10808000000","11070000000","11140000000","11043000000","11247000000","11674000000","11738000000","11566000000","11532000000","11720000000","11806000000","11787000000","12048000000","12208000000","12475000000","",
"Germany","134","Other Depository Corporations Survey, Claims on Public Nonfinancial Corporations (Euro Area-Wide-Residency), Euros","FOSAONEA_EUR","Value","0","0","0","0","0","0","0","0","0","0","0","0","0","0","0","0","0","0","0","0","0","0","0","0","0","0","0","0","0","0","0","0","0","0","0","0","0","0","0","0","0","0","0","0","0","0","0","0","0","0","0","0","0","0","0","0","0","0","0","0","0","0","0","0","0","0","0","0","0","0","0","0","0","0","0","0","0","0","0","0","0","0","0","0","0","0","0","0","0","0","0","0","0","",
"Finland","172","Other Depository Corporations Survey, Claims on State and Local Government (Euro Area-Wide-Residency), Euros","FOSAOGEA_EUR","Value","2876000000","2909000000","3125000000","3008000000","3017000000","3100000000","3165000000","3281000000","3514000000","3643000000","3847000000","3968000000","4178000000","4398000000","4558000000","4744000000","4961000000","5114000000","5223000000","5224000000","5451000000","5663000000","5656000000","5665000000","5892000000","6014000000","6055000000","6122000000","6321000000","6561000000","6908000000","6850000000","7262000000","7771000000","8175000000","8477000000","8649000000","8570999999.99999","8867000000","9069000000","9892000000","10383000000","10912000000","11620000000","12082000000","12430000000","13187000000","13217000000","14148000000","14660000000","15579000000","14805000000","15649000000","16705000000","17356000000","17418000000","17548000000","18220000000","18272000000","18146000000","17832000000","18032000000","17953000000","17446000000","17360000000","17361000000","17595000000","17425000000","17761000000","18433000000","18849000000","19680000000","19283000000","20403000000","21841000000","21558000000","21344000000","21082000000","21284000000","20996000000","20900000000","20900000000","20673000000","20115000000","20815000000","20665000000","20489000000","20686000000","22255000000","23136000000","23584000000","24089000000","25291000000","",
"Netherlands, The","138","Other Depository Corporations Survey, Claims on Private  Sector (Euro Area-Wide-Residency), Euros","FOSAOPEA_EUR","Value","543519320000","558762100000","570226000000","566251730000","559095700000","554641000000","560845000000","564003000000","572362000000","582929000000","593918000000","607748000000","612858000000","624477000000","639626000000","652320000000","659350000000","669226000000","682824000000","684301000000","673940000000","685465000000","691428000000","702761000000","721576000000","739553000000","746840000000","774997000000","754297000000","751222000000","755461000000","760629000000","770136000000","782051000000","729416000000","749035000000","767081000000","807924000000","817810000000","813056000000","789374160648.9","791016000000","814899000000","822234000000","819731000000","838665000000","830145000000","816282000000","817527000000","814201000000","803662000000","803754000000","878452000000","869084000000","869169000000","861029000000","855878000000","877681000000","864418000000","859890000000","897125000000","894850000000","889797000000","903203000000","886865000000","887139000000","878973000000","884231000000","879701000000","884449000000","880399000000","890328000000","886676000000","897866000000","887178000000","890839000000","878308000000","900354000000","898426000000","915102000000","909495000000","929383000000","955368000000","970078000000","952296000000","958555000000","958471000000","960031000000","974452000000","985414000000","995139000000","1013675000000","1024826000000","",
"Croatia, Rep. of","960","Other Depository Corporations Survey, Claims on State and Local Government (Euro Area-Wide-Residency), Euros","FOSAOGEA_EUR","Value",,,,,,,,,,,,,,,,,,,,,,,,,,,,,,,,,,,,,,,,,,"465000000","456000000","437000000","463000000","469000000","440000000","416000000","562000000","546000000","587000000","606000000","626000000","610000000","581000000","574000000","592000000","559000000","526000000","526000000","553000000","524000000","517000000","508000000","538000000","522000000","515000000","527000000","577000000","583000000","574000000","608000000","660000000","659000000","649000000","723000000","865000000","871000000","909000000","966000000","1025000000","986000000","992000000","923000000","958000000","933000000","970000000","908000000","962000000","843000000","803000000","804000000","829000000","",
"Italy","136","Other Depository Corporations Survey, Net Claims on Central Government (Euro Area-Wide-Residency), Euros","FOSGEA_EUR","Value","170523000000","185116000000","178968999999.999","176438000000","165762000000","194955000000","198966000000","200602000000","194538000000","202485000000","208032000000","212794000000.001","195713000000.001","201687000000","202433000000","194876000000","188962000000","181130000000","179476000000","183225000000","178551000000","192329000000","199004000000","180755000000","303388999999.999","309822000000","309040000000.001","305567000000","304733000000","332444000000","345175000000","351047000000","344340000000","361709000000","388127000000","385253000000","391591000000.001","378248000000","394963000000","398147000000","395926000000.001","477160000000","489292000000","482509000000.001","515540000000","537058000000","565126000000","562042000000","562496000000","574013000000","557317000000","549415000000","567868000000","575499000000","575684000000","571301000000","583931000000","578182000000","587221000000","578213000000","563247000000","579334000000","554900000000","556329000000","523829000000","559055000000","587701000000","580000000000","593146000000","605869000000","599551000000","620327000000","595026000000","633311000000","680354000000","684294000000","644100000000","660762000000","657827000000","656624000000","645175000000","665916000000","648922000000","622054000000","619372000000","626256000000","613135000000","601810000000","606569000000","590540000000","595899000000","605089000000","604236000000","",
"Portugal","182","Other Depository Corporations Survey, Claims on Other Financial Corporations (Euro Area-Wide-Residency), Euros","FOSAOFEA_EUR","Value","25731000000","25476000000","25172000000","25490000000","23458000000","29839000000","29946000000","29140000000","29335000000","30805000000","29376000000","30321000000","30945000000","30340000000","32168000000","32588000000","36145000000","36235000000","37179000000.0001","30961000000","33068000000","33911000000","37011000000","36785000000","41281000000","44520000000","51467000000","55129000000","63347000000","73601000000","73876000000.0001","75702000000","76502000000","78707000000","82874000000","89266000000","95537000000","95999000000","92406000000","93133999999.9999","90897000000","86867999999.9999","80824000000","76468000000","73660000000","71997000000","71171000000","71684000000","70210000000","67408000000","66571000000","67343000000","66500830110.9314","65818820000","62596330000","61552070000","61174740000","59917660000","58821740000","56897290000","53683680000","52896970000","50908810000","49921182617.4414","49737500000","53341961039.4714","52497610000","51954770000","50200569498.7161","48632292759.7393","48716961228.7727","46882290000","41428480000","41647210000","40237020000","39378430000","36713010000","36336370000","36122760000","35969190000","32254030000","32677460000","32351194165.2274","30839610000","28935030000","29040160000","28707890000","28587760000","27749190000","27721050000","27184950000","26883000491.3584","25562510000","",
"Lithuania","946","Other Depository Corporations Survey, Net Claims on Central Government (Euro Area-Wide-Residency), Euros","FOSGEA_EUR","Value",,,,,,,,,,,,,,,,,,,,,,,,,,,,,,,,,,,"651000000","674000000.00001","759000000","986000000","849000000","829000000","712000000","722999999.99999","567000000","603000000","495000000","1074000000","970000000","928000000","1431000000","1263000000","1077000000","1100000000","858000000","1005000000","786000000","793000000","867000000","752000000","688000000","736000000","505000000","481000000","432000000","222000000","375000000","435000000","452000000","402000000","369000000","257000000","175000000","203000000","123000000","-36000000","24000000","57000000","-38000000","37000000","187000000","261000000","757000000","632000000","994000000","1107000000","1141000000","1431000000","1321000000","1134000000","1109000000","1214000000","1123000000","1556000000","1867000000","",
"Netherlands, The","138","Other Depository Corporations Survey, Claims on State and Local Government (Euro Area-Wide-Residency), Euros","FOSAOGEA_EUR","Value","34538000000","35145000000","36145000000","35450000000","44361000000","47795000000","49078000000","48828000000","51672999999.9999","51746000000","50419000000","50124000000","51808000000","52112000000.0001","51228000000.0001","53091000000","51381000000","51772999999.9999","50353000000.0001","50199000000","50262000000","49893000000","46902000000","46446000000","49337000000","48708000000","47063000000","46186000000","48212000000","48397000000","47327000000","46374000000","48317000000","50146000000","50710000000","50575000000","53090000000","55048000000","53523000000","52327000000","52657000000","53113000000","50432000000","50523000000","52189000000","52094000000","51382000000","50995000000","52647000000","54256000000","51751000000","52553000000","56334000000","57254000000","57082000000","55800000000","56042000000","58012000000","57726000000","56182000000","55297000000","56968000000","56284000000","55456000000","53669000000","56983000000","56701000000","56495000000","55418000000","59284000000","58137000000","58606000000","58560000000","63892000000","62324000000","61930000000","56081000000","56488000000","55927000000","55178000000","54863000000","54863000000","54980000000","53525000000","53482000000","53490000000","52748000000","52864000000","53011000000","55111000000","55622000000","54673000000","55521000000","",
"Austria","122","Other Depository Corporations Survey, Claims on State and Local Government (Euro Area-Wide-Residency), Euros","FOSAOGEA_EUR","Value","18532000000","19677000000","20401000000","21051000000","20470000000","19944000000","20484000000","21989000000.0001","20933000000","20981000000","21957000000","23331000000","23506000000","23647000000.0001","24120000000","24997000000","23952000000","24786000000","26000000000","26267000000","24272000000","24253000000","24194000000","25611000000","24828000000","24894000000","26040000000","27258000000","25069000000","25593000000","26098000000","26570000000","25852000000","26673000000","27609000000","28052000000","28054000000.0001","28064000000","29060000000","28799000000","31292000000","30920000000","30310000000","30206000000","30540000000","30186000000","29834000000","28891000000","28752000000","28637000000","28458000000","28719000000","32284000000","32507000000","32212000000","32269000000","31891000000","31837000000","32714000000","32483000000","32608000000","32402000000","32119000000","27684000000","27734000000","27464000000","27889000000","27155000000","27571000000","26862000000","27216000000","26739522906.4726","26653000000","26620000000","28128000000","27201000000","28398000000","28239000000","27647000000","27516000000","29792000000","29641000000","28147000000","27303000000","26353000000","26178000000","26317000000","26729000000","27550000000","28036000000","27237000000","28343000000","29471000000","",
"Lithuania","946","Other Depository Corporations Survey, Claims on State and Local Government (Euro Area-Wide-Residency), Euros","FOSAOGEA_EUR","Value",,,,,,,,,,,,,,,,,,,,,,,,,,,,,,,,,,,"416000000","530000000","689000000","765000000","803000000","971000000","955000000","925000000","920000000","940000000","970000000","962000000","955000000","968000000","964000000","888000000","924000000","922000000","933000000","876000000","864000000","870000000","885000000","867000000","898000000","875000000","790000000","762000000","677000000","671000000","450000000","407000000","396000000","388000000","394000000","378000000","364000000","354000000","510000000","482000000","466000000","451000000","346000000","328000000","329000000","346000000","357000000","357000000","330000000","325000000","351000000","327000000","540000000","547000000","996000000","1120000000","1132000000","1172000000","1465000000","",
"Cyprus","423","Other Depository Corporations Survey, Claims on Other Financial Corporations (Euro Area-Wide-Residency), Euros","FOSAOFEA_EUR","Value",,,,,,,,,,,,,,,,,"2375000000","2383000000","2232000000","2010000000","2261000000","2244000000","2189000000","3048000000","2954000000","2564000000","2605000000","5835000000","6227999999.99999","6892000000","6778000000","6664000000","8474000000","8721000000","9759000000","9414000000","9295000000","9932000000","10164000000","10208000000","9677000000","7379000000","8456000000","9339000000","9452000000","8116000000","7740000000","6943000000","6269000000","7806000000","7586000000","8144000000","8660000000","7116000000","6358000000","5885000000","8372000000","5002000000","4610000000","4906000000","6076000000","6329000000","6604000000","6117000000","5693000000","5420000000","3591000000","3660000000","3691000000","2685000000","2371000000","2266000000","2267000000","2574000000","2588000000","2402000000","2507000000","2292000000","2394000000","2427000000","2348000000","2231000000","2322000000","2283000000","2029000000","2239000000","2304000000","2463000000","2335000000","2578000000","2660000000","2683000000","2628000000","",
"Slovenia, Rep. of","961","Other Depository Corporations Survey, Claims on Other Financial Corporations (Euro Area-Wide-Residency), Euros","FOSAOFEA_EUR","Value",,,,,,,,,,"628000000","643000000","649000000","694999414.519906","687200000","781660000","840610000","983400000","1116300931.40629","1254610000","1329700000","1627600000","1703590000","2088730000","2360560000","2446210871.44145","2676460885.61964","2977390000","3043548770.44702","3171910000","3202730000","3156050000","3163290000","3008750000","2996160000","3020760000","2918450000","2889080000","2708840000","2682930000","2721760000","2678180000","2782760000","2736080000","2641970000","2561940000","2536270000","2421877451.58548","2387420000","2145460000","2335170000","2285830000","2251670000","1835679667.75956","2018010000","1786180000","1763400000","1769450000","1776660000","1646580000","1632060000","1768620000","1584300000","1648240000","1910970000","1811880000","1849270000","1980240000","1949270000","1901540000","1938076792.45283","1997220000","1992090000","2171140000","2201818436.97479","2154950000","2084170000","2139540000","2158790000","2283380000","2318700000","2209614287.30698","2346610000","2522770000","2766178163.26531","2828290000","2132903251.3181","2148370000","2151460000","2131680000","2116760000","2043860000","2801860000","3014350000","",
"Latvia","941","Other Depository Corporations Survey, Claims on State and Local Government (Euro Area-Wide-Residency), Euros","FOSAOGEA_EUR","Value",,,,,,,,,,,,,,,,,,,,,,,,,,,,,,,,,,,,"89000000","87000000","86000000","86000000","88000000","94000000","91000000","92000000","98000000","100000000","102000000","113000000","116000000","117000000","34000000","25000000","23000000","22000000","27000000","26000000","27000000","36000000","62000000","61000000","65000000","64000000","34000000","32000000","35000000","26000000","25000000","20000000","18000000","17000000","17000000","15000000","18000000","15000000","114000000","112000000","105000000","104000000","139000000","137000000","135000000","197000000","197000000","214000000","210000000","209000000","225000000","224000000","222000000","214000000","211000000","209000000","208000000","209000000","",
"Netherlands, The","138","Other Depository Corporations Survey, Claims on Public Nonfinancial Corporations (Euro Area-Wide-Residency), Euros","FOSAONEA_EUR","Value","0","0","0","0","0","0","0","0","0","0","0","0","0","0","0","0","0","0","0","0","0","0","0","0","0","0","0","0","0","0","0","0","0","0","0","0","0","0","0","0","0","0","0","0","0","0","0","0","0","0","0","0","0","0","0","0","0","0","0","0","0","0","0","0","0","0","0","0","0","0","0","0","0","0","0","0","0","0","0","0","0","0","0","0","0","0","0","0","0","0","0","0","0","",
"Malta","181","Other Depository Corporations Survey, Net Claims on Central Government (Euro Area-Wide-Residency), Euros","FOSGEA_EUR","Value",,,,,,,,,,,,,,"1568289979.76506","1555089978.38716","1466678762.93212","1452680000","1256630000","1055720026.40956","1082020000","1118530000","1186820410.59808","1269540000","1161149595.69154","1255680000","1172010000","1217190000","1198130000","1284060000","1354430414.22537","1541750000","1679910000","2101880000","2296900000.00001","2405379132.67625","2257558957.67761","2180910000","2348480000","2446880000","3113850000","2778969375.55162","2571990000.00001","2478390000","2173540000","1996690000","2278430000","2342239188.77964","2482470000","2182140000","2355160000","2399840000","2368090000","2234018786.78414","2210050000","2161310000","2165870000","2222340000","2584420000","2612770000","2443200000","2236121390.33457","2343836118.53994","2167983411.45833","2014027841.26984","2027005882.10876","2222070000","2304790000","2303330000","2367570000","2466170000","2726640000","2589090000","2645520000","2741990000","3564330000","3584400000","3433450000","3682520000","3914180000","3947240325.65713","3799323072.70561","4121320000","4265770000","4749819592.14219","4606890000","4702920000","4471910000","4597920000","5033830000","5230830000","5687920000","5732439460.76946","6327380000","",
"Malta","181","Other Depository Corporations Survey, Claims on Public Nonfinancial Corporations (Euro Area-Wide-Residency), Euros","FOSAONEA_EUR","Value",,,,,,,,,,,,,,"0","0","0","0","0","0","0","0","0","0","0","0","0","0","0","0","0","0","0","0","0","0","0","0","0","0","0","0","0","0","0","0","0","0","0","0","0","0","0","0","0","0","0","0","0","0","0","0","0","0","0","0","0","0","0","0","0","0","0","0","0","0","0","0","0","0","0","0","0","0","0","0","0","0","0","0","0","0","0","0","",
"Austria","122","Other Depository Corporations Survey, Net Claims on Central Government (Euro Area-Wide-Residency), Euros","FOSGEA_EUR","Value","27013000000","27883000000","26803000000","27513999999.9999","25886000000","28262000000","26441000000","26269000000","25733000000","27654000000","26170000000","26187000000","26784000000","28377000000","27722000000.0001","27595000000","27404000000","28608000000.0001","27872000000","27086000000.0001","25842000000","24988000000","23197000000","22575000000","21239000000.0001","19351000000","18467000000","18153999999.9999","18101000000","22370000000","24987000000","26262000000","25945000000","26705000000","25765000000","26751000000","26746000000.0001","26647000000","26127000000","26216999999.9999","24613000000","26223000000","26518999999.9999","28656999999.9999","28989000000","29702000000","32145000000","32676000000","32966000000","35534000000","38694000000","41393000000","41331000000","42339000000","41536000000","41234000000","39895000000","41598000000","43294000000","42120000000","39029000000","37873000000","34619000000","36163000000","34587000000","32659000000","32726000000","32184000000","30973000000","29922000000","28964000000","30464477093.5274","27687000000","28197000000","31140000000","30411000000","28883000000","28678000000","30278000000","27893000000","27384000000","25556000000","28526000000","27270000000","23544000000","25767000000","26355000000","27874000000","27027000000","30369000000","30175000000","31533000000","34305000000","",
"Luxembourg","137","Other Depository Corporations Survey, Claims on State and Local Government (Euro Area-Wide-Residency), Euros","FOSAOGEA_EUR","Value","9826000000","11395000000","10511000000","11131000000","11040000000","10514000000","12508000000","11530000000","11956000000","12599000000","12459000000","11395000000","13016000000","12208000000","13430000000","14179000000","14347000000.0001","13722000000","14531000000","14261000000","15401000000","12881000000","12907000000","14118000000","13931000000","12853000000","11850000000","13671000000","19105000000","10225000000","10129000000","10570000000","11827000000","11346000000","12034000000","12521000000","12890000000","11665000000","12773000000","16444000000","16845000000","18558000000","17890000000","17293000000","18901000000","19960000000","18248000000","17057000000","14389000000","15491000000","15350000000","15478000000","16122000000","18314000000","15848000000","15915000000","16190000000","17865000000","18255000000","16759000000","16402000000","18291000000","17190000000","15839000000","17023000000","16142000000","15951000000","15258000000","17023000000","17868000000","18716000000","17676000000","17603000000","19123000000","23769000000","28405000000","26283000000","26790000000","26852000000","25961000000","21341000000","21341000000","20104000000","20545000000","16160000000","19240000000","17010000000","15982000000","18799000000","25789000000","25133000000","27652000000","27937000000","",
"Latvia","941","Other Depository Corporations Survey, Net Claims on Central Government (Euro Area-Wide-Residency), Euros","FOSGEA_EUR","Value",,,,,,,,,,,,,,,,,,,,,,,,,,,,,,,,,,,,"-256000000","-136000000","-28000000","-18000000","110000000","448000000","440000000","467000000","184000000","24000000","-159000000","-205000000","-270000000","-187000000","198000000","-228000000","-357000000","-218000000","619000000","591000000","214000000","961000000","1017000000","805000000","694000000","616000000","490000000","560000000","396000000","754000000","533000000","152000000","162000000","375000000","374000000","424000000","465000000","462000000","779000000","1341000000","1578000000","1607000000","1643000000","1622000000","1666000000","1801000000","1726000000","1860000000","1801000000","1378000000","1718000000","1115000000","1002000000","1027000000","1096000000","759000000","739000000","715000000","",
"Netherlands, The","138","Other Depository Corporations Survey, Net Claims on Central Government (Euro Area-Wide-Residency), Euros","FOSGEA_EUR","Value","69562000000","81503000000","72885999999.9999","70820000000","74009000000","70434000000","77230000000","78392000000","73727000000","70913000000","78806000000","81468000000","82002000000","88123000000","93364999999.9999","88635000000","91595000000","86967000000","84847000000","77921000000","76906000000","73280000000","67099000000","63822000000","62868000000","61964000000","59320000000","63577000000","20330999999.9999","25792000000","62734000000","69346000000","68043000000","92554000000","89388000000","94666000000","91796000000","82788000000","85612000000","83549000000","73892000000","80809000000","80058000000","85810000000","89636000000","94654000000","91849000000","87694000000","91311000000","97759000000","104708000000","108311000000","98767000000","107877000000","94590000000","95597000000","92107000000","96547000000","94646000000","91384000000","86920000000","80881000000","77840000000","74744000000","73157000000","72178000000","68542000000","61168000000","59346000000","60009000000","55639000000","54124000000","52043000000","54944000000","63491000000","60881000000","58370000000","56364000000","54535000000","54669000000","52973000000","50960000000","46558000000","41455000000","39819000000","39573000000","39292000000","39130000000","43377000000","43599000000","46535000000","43175000000","46232000000","",
"Greece","174","Other Depository Corporations Survey, Claims on Private  Sector (Euro Area-Wide-Residency), Euros","FOSAOPEA_EUR","Value","76812290536.0688","78484426538.7161","82029685307.7432","84139231303.7723","88380265056.2541","90787000000","96027000000","99246000000","102887000000","107532000000","112061000000","115694000000","121276000000","126449000000","131066000000","135448000000","143865000000","150992000000","156876000000","162669000000","166700000000","174703000000","184374000000","191406000000","197407000000","207123000000","217762000000","220111000000","218257000000","216389000000","212467000000","209396000000","211358000000","210994000000","261655000000","259285000000","254494000000","252405000000","250523000000","249367000000","244680000000","239840000000","235471000000","228266000000","224577000000","224913000000","220639000000","217703000000","214794000000","212679000000","211321000000","209599000000","208843000000","209485000000","205069650000","201029350000","200398960000","198707100275.046","198170000000","195785000000","190964000000","189396000000","186600000000","182180000000","179362000000","175827000000","174664000000","171928000000","165343000000","157718000000","156704000000","152697000000","149472000000","142896000000","142975000000","143348000000","137095000000","135331000000","124958000000","114470000000","104977000000","103806000000","108248000000","109301000000","109448000000","108401000000","107918000000","108015000000","111390000000","110366000000","112677000000","112650000000","115843000000","",
"Croatia, Rep. of","960","Other Depository Corporations Survey, Claims on Private  Sector (Euro Area-Wide-Residency), Euros","FOSAOPEA_EUR","Value",,,,,,,,,,,,,,,,,,,,,,,,,,,,,,,,,,,,,,,,,,"33208000000","32406000000","31856000000","31080000000","31262000000","31101000000","31295000000","30704000000","30703000000","30340000000","30203000000","30042000000","30442000000","30102000000","29640000000","29152000000","28451000000","28304000000","28128000000","28155000000","28011000000","27989000000","28105000000","27947000000","27971000000","28473000000","28479000000","28440000000","28844000000","28841000000","28607000000","29154000000","30166000000","29937000000","29795000000","30145000000","30401000000","30376000000","30470000000","31064000000","32021000000","32953000000","34054000000","34416000000","34952000000","35866000000","36500000000","37087000000","37577000000","38767000000","39273000000","40598000000","",
"Belgium","124","Other Depository Corporations Survey, Net Claims on Central Government (Euro Area-Wide-Residency), Euros","FOSGEA_EUR","Value","155082000000","154333000000","142298000000","139438000000","142235000000","134946000000","141838000000","147542000000","147084000000","154987000000","154742000000.001","152512000000","152778000000","160303000000","155215000000","152670000000","154328000000","156268000000","159652000000","148248000000","138098000000","123604999999.999","115780000000","107685000000","98810000000","92670000000","101331000000","104076000000","106001000000","108458000000","108322000000","109276000000","111807000000","109795000000","104856000000","104067000000","101444000000","103846000000","103040000000","100441000000","103923000000","92418000000","89965000000","88894000000","86805000000","84106000000","76786000000","79596000000","80350000000","75782000000","74816000000","78135000000","79027000000","70322000000","79628000000","81734000000","78033000000","73196000000","71186000000","65785000000","63940000000","60775000000","58270000000","55721000000","53321000000","50459000000","46656000000","46515000000","51541000000","45138000000","44202000000","43052000000","42988000000","54244000000","55081000000","56271000000","54729000000","52722000000","51273000000","47271000000","47757000000","51344000000","48804000000","48000000000","51125000000","42768000000","42523000000","42868000000","45495000000","46703000000","47226000000","48881000000","52726000000","",
"Croatia, Rep. of","960","Other Depository Corporations Survey, Claims on Public Nonfinancial Corporations (Euro Area-Wide-Residency), Euros","FOSAONEA_EUR","Value",,,,,,,,,,,,,,,,,,,,,,,,,,,,,,,,,,,,,,,,,,"0","0","0","0","0","0","0","0","0","0","0","0","0","0","0","0","0","0","0","0","0","0","0","0","0","0","0","0","0","0","0","0","0","0","0","0","0","0","0","0","0","0","0","0","0","0","0","0","0","0","0","0","",
