"date","AIA","^N225","2330.TW","0700.HK","9988.HK","1810.HK","3690.HK","0393.HK","1299.HK","0660.HK","2454.TW","D05.SI","1211.HK","1398.HK","2317.TW","0388.HK","3988.HK","O39.SI","9618.HK","U11.SI","2318.HK","9999.HK","9961.HK","9888.HK","105560.KS","2891.TW","2881.TW","Z74.SI","2382.HK","2308.TW","3968.HK","1288.HK","5380.T","1024.HK","SHG","068760.KQ","2303.TW","2882.T","0857.HK","LI","2412.TW","0001.HK","3711.TW","0016.HK","ANPDY","PKX","207940.KS","0669.HK","SNPMF","HYMTF","7203.T","6758.T","8306.T","6501.T","6861.T","9983.T","4519.T","7974.T","8316.T","9432.T","6098.T","8766.T","8058.T","9984.T","8001.T","9434.T","9433.T","8035.T","7011.T","8411.T","8031.T","4063.T","2914.T","4568.T","4502.T","7267.T","7741.T","6503.T","6702.T","3382.T","6902.T","4661.T","8725.T","6367.T","6857.T","8630.T","6701.T","8053.T","8002.T","6981.T","4543.T","6178.T","5108.T","7751.T","8801.T","9613.T","6301.T","4689.T","6752.T","8750.T","4901.T","8267.T","4578.T","9020.T","6954.T","8591.T","7269.T","6723.T","1925.T","7832.T","5401.T","6146.T","4307.T","8802.T","6273.T","2502.T","6594.T","9022.T","2802.T","4452.T","6762.T","8015.T","9766.T","8830.T","4503.T","8308.T","8309.T","8604.T","6971.T","1605.T","9735.T","1928.T","9101.T","7733.T","4507.T","9503.T","7270.T","6326.T","3659.T","9843.T","5020.T","6988.T","9104.T","9531.T","4755.T","5802.T","2503.T","7013.T","8697.T","1812.T","1802.T","8795.T","2801.T","3402.T","5803.T","9532.T","9021.T","7012.T","7202.T","3407.T","8601.T","9602.T","9502.T","3092.T","4704.T","1801.T","9202.T","7201.T","9107.T","7453.T","6920.T","2413.T","7911.T","4151.T","4523.T","9201.T","6532.T","7272.T","5019.T","5411.T","9005.T","7186.T","1803.T","4188.T","6361.T","4911.T","5201.T","2269.T","6504.T","7735.T","7912.T","5713.T","6305.T","8331.T","6479.T","6645.T","7752.T","5831.T","6506.T","6841.T"
1990-01-31,NA,37188.94921875,NA,NA,NA,NA,NA,NA,NA,NA,NA,NA,NA,NA,NA,NA,NA,NA,NA,NA,NA,NA,NA,NA,NA,NA,NA,NA,NA,NA,NA,NA,NA,NA,NA,NA,NA,NA,NA,NA,NA,NA,NA,NA,NA,NA,NA,NA,NA,NA,NA,NA,NA,NA,NA,NA,NA,NA,NA,NA,NA,NA,NA,NA,NA,NA,NA,NA,NA,NA,NA,NA,NA,NA,NA,NA,NA,NA,NA,NA,NA,NA,NA,NA,NA,NA,NA,NA,NA,NA,NA,NA,NA,NA,NA,NA,NA,NA,NA,NA,NA,NA,NA,NA,NA,NA,NA,NA,NA,NA,NA,NA,NA,NA,NA,NA,NA,NA,NA,NA,NA,NA,NA,NA,NA,NA,NA,NA,NA,NA,NA,NA,NA,NA,NA,NA,NA,NA,NA,NA,NA,NA,NA,NA,NA,NA,NA,NA,NA,NA,NA,NA,NA,NA,NA,NA,NA,NA,NA,NA,NA,NA,NA,NA,NA,NA,NA,NA,NA,NA,NA,NA,NA,NA,NA,NA,NA,NA,NA,NA,NA,NA,NA,NA,NA,NA,NA,NA,NA,NA,NA,NA,NA,NA,NA,NA,NA,NA,NA,NA
1990-02-28,NA,34591.98828125,NA,NA,NA,NA,NA,NA,NA,NA,NA,NA,NA,NA,NA,NA,NA,NA,NA,NA,NA,NA,NA,NA,NA,NA,NA,NA,NA,NA,NA,NA,NA,NA,NA,NA,NA,NA,NA,NA,NA,NA,NA,NA,NA,NA,NA,NA,NA,NA,NA,NA,NA,NA,NA,NA,NA,NA,NA,NA,NA,NA,NA,NA,NA,NA,NA,NA,NA,NA,NA,NA,NA,NA,NA,NA,NA,NA,NA,NA,NA,NA,NA,NA,NA,NA,NA,NA,NA,NA,NA,NA,NA,NA,NA,NA,NA,NA,NA,NA,NA,NA,NA,NA,NA,NA,NA,NA,NA,NA,NA,NA,NA,NA,NA,NA,NA,NA,NA,NA,NA,NA,NA,NA,NA,NA,NA,NA,NA,NA,NA,NA,NA,NA,NA,NA,NA,NA,NA,NA,NA,NA,NA,NA,NA,NA,NA,NA,NA,NA,NA,NA,NA,NA,NA,NA,NA,NA,NA,NA,NA,NA,NA,NA,NA,NA,NA,NA,NA,NA,NA,NA,NA,NA,NA,NA,NA,NA,NA,NA,NA,NA,NA,NA,NA,NA,NA,NA,NA,NA,NA,NA,NA,NA,NA,NA,NA,NA,NA,NA
1990-03-31,NA,29980.44921875,NA,NA,NA,NA,NA,NA,NA,NA,NA,NA,NA,NA,NA,NA,NA,NA,NA,NA,NA,NA,NA,NA,NA,NA,NA,NA,NA,NA,NA,NA,NA,NA,NA,NA,NA,NA,NA,NA,NA,NA,NA,NA,NA,NA,NA,NA,NA,NA,NA,NA,NA,NA,NA,NA,NA,NA,NA,NA,NA,NA,NA,NA,NA,NA,NA,NA,NA,NA,NA,NA,NA,NA,NA,NA,NA,NA,NA,NA,NA,NA,NA,NA,NA,NA,NA,NA,NA,NA,NA,NA,NA,NA,NA,NA,NA,NA,NA,NA,NA,NA,NA,NA,NA,NA,NA,NA,NA,NA,NA,NA,NA,NA,NA,NA,NA,NA,NA,NA,NA,NA,NA,NA,NA,NA,NA,NA,NA,NA,NA,NA,NA,NA,NA,NA,NA,NA,NA,NA,NA,NA,NA,NA,NA,NA,NA,NA,NA,NA,NA,NA,NA,NA,NA,NA,NA,NA,NA,NA,NA,NA,NA,NA,NA,NA,NA,NA,NA,NA,NA,NA,NA,NA,NA,NA,NA,NA,NA,NA,NA,NA,NA,NA,NA,NA,NA,NA,NA,NA,NA,NA,NA,NA,NA,NA,NA,NA,NA,NA
1990-04-30,NA,29584.80078125,NA,NA,NA,NA,NA,NA,NA,NA,NA,NA,NA,NA,NA,NA,NA,NA,NA,NA,NA,NA,NA,NA,NA,NA,NA,NA,NA,NA,NA,NA,NA,NA,NA,NA,NA,NA,NA,NA,NA,NA,NA,NA,NA,NA,NA,NA,NA,NA,NA,NA,NA,NA,NA,NA,NA,NA,NA,NA,NA,NA,NA,NA,NA,NA,NA,NA,NA,NA,NA,NA,NA,NA,NA,NA,NA,NA,NA,NA,NA,NA,NA,NA,NA,NA,NA,NA,NA,NA,NA,NA,NA,NA,NA,NA,NA,NA,NA,NA,NA,NA,NA,NA,NA,NA,NA,NA,NA,NA,NA,NA,NA,NA,NA,NA,NA,NA,NA,NA,NA,NA,NA,NA,NA,NA,NA,NA,NA,NA,NA,NA,NA,NA,NA,NA,NA,NA,NA,NA,NA,NA,NA,NA,NA,NA,NA,NA,NA,NA,NA,NA,NA,NA,NA,NA,NA,NA,NA,NA,NA,NA,NA,NA,NA,NA,NA,NA,NA,NA,NA,NA,NA,NA,NA,NA,NA,NA,NA,NA,NA,NA,NA,NA,NA,NA,NA,NA,NA,NA,NA,NA,NA,NA,NA,NA,NA,NA,NA,NA
1990-05-31,NA,33130.80078125,NA,NA,NA,NA,NA,NA,NA,NA,NA,NA,NA,NA,NA,NA,NA,NA,NA,NA,NA,NA,NA,NA,NA,NA,NA,NA,NA,NA,NA,NA,NA,NA,NA,NA,NA,NA,NA,NA,NA,NA,NA,NA,NA,NA,NA,NA,NA,NA,NA,NA,NA,NA,NA,NA,NA,NA,NA,NA,NA,NA,NA,NA,NA,NA,NA,NA,NA,NA,NA,NA,NA,NA,NA,NA,NA,NA,NA,NA,NA,NA,NA,NA,NA,NA,NA,NA,NA,NA,NA,NA,NA,NA,NA,NA,NA,NA,NA,NA,NA,NA,NA,NA,NA,NA,NA,NA,NA,NA,NA,NA,NA,NA,NA,NA,NA,NA,NA,NA,NA,NA,NA,NA,NA,NA,NA,NA,NA,NA,NA,NA,NA,NA,NA,NA,NA,NA,NA,NA,NA,NA,NA,NA,NA,NA,NA,NA,NA,NA,NA,NA,NA,NA,NA,NA,NA,NA,NA,NA,NA,NA,NA,NA,NA,NA,NA,NA,NA,NA,NA,NA,NA,NA,NA,NA,NA,NA,NA,NA,NA,NA,NA,NA,NA,NA,NA,NA,NA,NA,NA,NA,NA,NA,NA,NA,NA,NA,NA,NA
1990-06-30,NA,31940.240234375,NA,NA,NA,NA,NA,NA,NA,NA,NA,NA,NA,NA,NA,NA,NA,NA,NA,NA,NA,NA,NA,NA,NA,NA,NA,NA,NA,NA,NA,NA,NA,NA,NA,NA,NA,NA,NA,NA,NA,NA,NA,NA,NA,NA,NA,NA,NA,NA,NA,NA,NA,NA,NA,NA,NA,NA,NA,NA,NA,NA,NA,NA,NA,NA,NA,NA,NA,NA,NA,NA,NA,NA,NA,NA,NA,NA,NA,NA,NA,NA,NA,NA,NA,NA,NA,NA,NA,NA,NA,NA,NA,NA,NA,NA,NA,NA,NA,NA,NA,NA,NA,NA,NA,NA,NA,NA,NA,NA,NA,NA,NA,NA,NA,NA,NA,NA,NA,NA,NA,NA,NA,NA,NA,NA,NA,NA,NA,NA,NA,NA,NA,NA,NA,NA,NA,NA,NA,NA,NA,NA,NA,NA,NA,NA,NA,NA,NA,NA,NA,NA,NA,NA,NA,NA,NA,NA,NA,NA,NA,NA,NA,NA,NA,NA,NA,NA,NA,NA,NA,NA,NA,NA,NA,NA,NA,NA,NA,NA,NA,NA,NA,NA,NA,NA,NA,NA,NA,NA,NA,NA,NA,NA,NA,NA,NA,NA,NA,NA
1990-07-31,NA,31035.66015625,NA,NA,NA,NA,NA,NA,NA,NA,NA,NA,NA,NA,NA,NA,NA,NA,NA,NA,NA,NA,NA,NA,NA,NA,NA,NA,NA,NA,NA,NA,NA,NA,NA,NA,NA,NA,NA,NA,NA,NA,NA,NA,NA,NA,NA,NA,NA,NA,NA,NA,NA,NA,NA,NA,NA,NA,NA,NA,NA,NA,NA,NA,NA,NA,NA,NA,NA,NA,NA,NA,NA,NA,NA,NA,NA,NA,NA,NA,NA,NA,NA,NA,NA,NA,NA,NA,NA,NA,NA,NA,NA,NA,NA,NA,NA,NA,NA,NA,NA,NA,NA,NA,NA,NA,NA,NA,NA,NA,NA,NA,NA,NA,NA,NA,NA,NA,NA,NA,NA,NA,NA,NA,NA,NA,NA,NA,NA,NA,NA,NA,NA,NA,NA,NA,NA,NA,NA,NA,NA,NA,NA,NA,NA,NA,NA,NA,NA,NA,NA,NA,NA,NA,NA,NA,NA,NA,NA,NA,NA,NA,NA,NA,NA,NA,NA,NA,NA,NA,NA,NA,NA,NA,NA,NA,NA,NA,NA,NA,NA,NA,NA,NA,NA,NA,NA,NA,NA,NA,NA,NA,NA,NA,NA,NA,NA,NA,NA,NA
1990-08-31,NA,25978.369140625,NA,NA,NA,NA,NA,NA,NA,NA,NA,NA,NA,NA,NA,NA,NA,NA,NA,NA,NA,NA,NA,NA,NA,NA,NA,NA,NA,NA,NA,NA,NA,NA,NA,NA,NA,NA,NA,NA,NA,NA,NA,NA,NA,NA,NA,NA,NA,NA,NA,NA,NA,NA,NA,NA,NA,NA,NA,NA,NA,NA,NA,NA,NA,NA,NA,NA,NA,NA,NA,NA,NA,NA,NA,NA,NA,NA,NA,NA,NA,NA,NA,NA,NA,NA,NA,NA,NA,NA,NA,NA,NA,NA,NA,NA,NA,NA,NA,NA,NA,NA,NA,NA,NA,NA,NA,NA,NA,NA,NA,NA,NA,NA,NA,NA,NA,NA,NA,NA,NA,NA,NA,NA,NA,NA,NA,NA,NA,NA,NA,NA,NA,NA,NA,NA,NA,NA,NA,NA,NA,NA,NA,NA,NA,NA,NA,NA,NA,NA,NA,NA,NA,NA,NA,NA,NA,NA,NA,NA,NA,NA,NA,NA,NA,NA,NA,NA,NA,NA,NA,NA,NA,NA,NA,NA,NA,NA,NA,NA,NA,NA,NA,NA,NA,NA,NA,NA,NA,NA,NA,NA,NA,NA,NA,NA,NA,NA,NA,NA
1990-09-30,NA,20983.5,NA,NA,NA,NA,NA,NA,NA,NA,NA,NA,NA,NA,NA,NA,NA,NA,NA,NA,NA,NA,NA,NA,NA,NA,NA,NA,NA,NA,NA,NA,NA,NA,NA,NA,NA,NA,NA,NA,NA,NA,NA,NA,NA,NA,NA,NA,NA,NA,NA,NA,NA,NA,NA,NA,NA,NA,NA,NA,NA,NA,NA,NA,NA,NA,NA,NA,NA,NA,NA,NA,NA,NA,NA,NA,NA,NA,NA,NA,NA,NA,NA,NA,NA,NA,NA,NA,NA,NA,NA,NA,NA,NA,NA,NA,NA,NA,NA,NA,NA,NA,NA,NA,NA,NA,NA,NA,NA,NA,NA,NA,NA,NA,NA,NA,NA,NA,NA,NA,NA,NA,NA,NA,NA,NA,NA,NA,NA,NA,NA,NA,NA,NA,NA,NA,NA,NA,NA,NA,NA,NA,NA,NA,NA,NA,NA,NA,NA,NA,NA,NA,NA,NA,NA,NA,NA,NA,NA,NA,NA,NA,NA,NA,NA,NA,NA,NA,NA,NA,NA,NA,NA,NA,NA,NA,NA,NA,NA,NA,NA,NA,NA,NA,NA,NA,NA,NA,NA,NA,NA,NA,NA,NA,NA,NA,NA,NA,NA,NA
1990-10-31,NA,25194.099609375,NA,NA,NA,NA,NA,NA,NA,NA,NA,NA,NA,NA,NA,NA,NA,NA,NA,NA,NA,NA,NA,NA,NA,NA,NA,NA,NA,NA,NA,NA,NA,NA,NA,NA,NA,NA,NA,NA,NA,NA,NA,NA,NA,NA,NA,NA,NA,NA,NA,NA,NA,NA,NA,NA,NA,NA,NA,NA,NA,NA,NA,NA,NA,NA,NA,NA,NA,NA,NA,NA,NA,NA,NA,NA,NA,NA,NA,NA,NA,NA,NA,NA,NA,NA,NA,NA,NA,NA,NA,NA,NA,NA,NA,NA,NA,NA,NA,NA,NA,NA,NA,NA,NA,NA,NA,NA,NA,NA,NA,NA,NA,NA,NA,NA,NA,NA,NA,NA,NA,NA,NA,NA,NA,NA,NA,NA,NA,NA,NA,NA,NA,NA,NA,NA,NA,NA,NA,NA,NA,NA,NA,NA,NA,NA,NA,NA,NA,NA,NA,NA,NA,NA,NA,NA,NA,NA,NA,NA,NA,NA,NA,NA,NA,NA,NA,NA,NA,NA,NA,NA,NA,NA,NA,NA,NA,NA,NA,NA,NA,NA,NA,NA,NA,NA,NA,NA,NA,NA,NA,NA,NA,NA,NA,NA,NA,NA,NA,NA
1990-11-30,NA,22454.630859375,NA,NA,NA,NA,NA,NA,NA,NA,NA,NA,NA,NA,NA,NA,NA,NA,NA,NA,NA,NA,NA,NA,NA,NA,NA,NA,NA,NA,NA,NA,NA,NA,NA,NA,NA,NA,NA,NA,NA,NA,NA,NA,NA,NA,NA,NA,NA,NA,NA,NA,NA,NA,NA,NA,NA,NA,NA,NA,NA,NA,NA,NA,NA,NA,NA,NA,NA,NA,NA,NA,NA,NA,NA,NA,NA,NA,NA,NA,NA,NA,NA,NA,NA,NA,NA,NA,NA,NA,NA,NA,NA,NA,NA,NA,NA,NA,NA,NA,NA,NA,NA,NA,NA,NA,NA,NA,NA,NA,NA,NA,NA,NA,NA,NA,NA,NA,NA,NA,NA,NA,NA,NA,NA,NA,NA,NA,NA,NA,NA,NA,NA,NA,NA,NA,NA,NA,NA,NA,NA,NA,NA,NA,NA,NA,NA,NA,NA,NA,NA,NA,NA,NA,NA,NA,NA,NA,NA,NA,NA,NA,NA,NA,NA,NA,NA,NA,NA,NA,NA,NA,NA,NA,NA,NA,NA,NA,NA,NA,NA,NA,NA,NA,NA,NA,NA,NA,NA,NA,NA,NA,NA,NA,NA,NA,NA,NA,NA,NA
1990-12-31,NA,23848.7109375,NA,NA,NA,NA,NA,NA,NA,NA,NA,NA,NA,NA,NA,NA,NA,NA,NA,NA,NA,NA,NA,NA,NA,NA,NA,NA,NA,NA,NA,NA,NA,NA,NA,NA,NA,NA,NA,NA,NA,NA,NA,NA,NA,NA,NA,NA,NA,NA,NA,NA,NA,NA,NA,NA,NA,NA,NA,NA,NA,NA,NA,NA,NA,NA,NA,NA,NA,NA,NA,NA,NA,NA,NA,NA,NA,NA,NA,NA,NA,NA,NA,NA,NA,NA,NA,NA,NA,NA,NA,NA,NA,NA,NA,NA,NA,NA,NA,NA,NA,NA,NA,NA,NA,NA,NA,NA,NA,NA,NA,NA,NA,NA,NA,NA,NA,NA,NA,NA,NA,NA,NA,NA,NA,NA,NA,NA,NA,NA,NA,NA,NA,NA,NA,NA,NA,NA,NA,NA,NA,NA,NA,NA,NA,NA,NA,NA,NA,NA,NA,NA,NA,NA,NA,NA,NA,NA,NA,NA,NA,NA,NA,NA,NA,NA,NA,NA,NA,NA,NA,NA,NA,NA,NA,NA,NA,NA,NA,NA,NA,NA,NA,NA,NA,NA,NA,NA,NA,NA,NA,NA,NA,NA,NA,NA,NA,NA,NA,NA
1991-01-31,NA,23293.140625,NA,NA,NA,NA,NA,NA,NA,NA,NA,NA,NA,NA,NA,NA,NA,NA,NA,NA,NA,NA,NA,NA,NA,NA,NA,NA,NA,NA,NA,NA,NA,NA,NA,NA,NA,NA,NA,NA,NA,NA,NA,NA,NA,NA,NA,NA,NA,NA,NA,NA,NA,NA,NA,NA,NA,NA,NA,NA,NA,NA,NA,NA,NA,NA,NA,NA,NA,NA,NA,NA,NA,NA,NA,NA,NA,NA,NA,NA,NA,NA,NA,NA,NA,NA,NA,NA,NA,NA,NA,NA,NA,NA,NA,NA,NA,NA,NA,NA,NA,NA,NA,NA,NA,NA,NA,NA,NA,NA,NA,NA,NA,NA,NA,NA,NA,NA,NA,NA,NA,NA,NA,NA,NA,NA,NA,NA,NA,NA,NA,NA,NA,NA,NA,NA,NA,NA,NA,NA,NA,NA,NA,NA,NA,NA,NA,NA,NA,NA,NA,NA,NA,NA,NA,NA,NA,NA,NA,NA,NA,NA,NA,NA,NA,NA,NA,NA,NA,NA,NA,NA,NA,NA,NA,NA,NA,NA,NA,NA,NA,NA,NA,NA,NA,NA,NA,NA,NA,NA,NA,NA,NA,NA,NA,NA,NA,NA,NA,NA
1991-02-28,NA,26409.220703125,NA,NA,NA,NA,NA,NA,NA,NA,NA,NA,NA,NA,NA,NA,NA,NA,NA,NA,NA,NA,NA,NA,NA,NA,NA,NA,NA,NA,NA,NA,NA,NA,NA,NA,NA,NA,NA,NA,NA,NA,NA,NA,NA,NA,NA,NA,NA,NA,NA,NA,NA,NA,NA,NA,NA,NA,NA,NA,NA,NA,NA,NA,NA,NA,NA,NA,NA,NA,NA,NA,NA,NA,NA,NA,NA,NA,NA,NA,NA,NA,NA,NA,NA,NA,NA,NA,NA,NA,NA,NA,NA,NA,NA,NA,NA,NA,NA,NA,NA,NA,NA,NA,NA,NA,NA,NA,NA,NA,NA,NA,NA,NA,NA,NA,NA,NA,NA,NA,NA,NA,NA,NA,NA,NA,NA,NA,NA,NA,NA,NA,NA,NA,NA,NA,NA,NA,NA,NA,NA,NA,NA,NA,NA,NA,NA,NA,NA,NA,NA,NA,NA,NA,NA,NA,NA,NA,NA,NA,NA,NA,NA,NA,NA,NA,NA,NA,NA,NA,NA,NA,NA,NA,NA,NA,NA,NA,NA,NA,NA,NA,NA,NA,NA,NA,NA,NA,NA,NA,NA,NA,NA,NA,NA,NA,NA,NA,NA,NA
1991-03-31,NA,26292.0390625,NA,NA,NA,NA,NA,NA,NA,NA,NA,NA,NA,NA,NA,NA,NA,NA,NA,NA,NA,NA,NA,NA,NA,NA,NA,NA,NA,NA,NA,NA,NA,NA,NA,NA,NA,NA,NA,NA,NA,NA,NA,NA,NA,NA,NA,NA,NA,NA,NA,NA,NA,NA,NA,NA,NA,NA,NA,NA,NA,NA,NA,NA,NA,NA,NA,NA,NA,NA,NA,NA,NA,NA,NA,NA,NA,NA,NA,NA,NA,NA,NA,NA,NA,NA,NA,NA,NA,NA,NA,NA,NA,NA,NA,NA,NA,NA,NA,NA,NA,NA,NA,NA,NA,NA,NA,NA,NA,NA,NA,NA,NA,NA,NA,NA,NA,NA,NA,NA,NA,NA,NA,NA,NA,NA,NA,NA,NA,NA,NA,NA,NA,NA,NA,NA,NA,NA,NA,NA,NA,NA,NA,NA,NA,NA,NA,NA,NA,NA,NA,NA,NA,NA,NA,NA,NA,NA,NA,NA,NA,NA,NA,NA,NA,NA,NA,NA,NA,NA,NA,NA,NA,NA,NA,NA,NA,NA,NA,NA,NA,NA,NA,NA,NA,NA,NA,NA,NA,NA,NA,NA,NA,NA,NA,NA,NA,NA,NA,NA
1991-04-30,NA,26111.25,NA,NA,NA,NA,NA,NA,NA,NA,NA,NA,NA,NA,NA,NA,NA,NA,NA,NA,NA,NA,NA,NA,NA,NA,NA,NA,NA,NA,NA,NA,NA,NA,NA,NA,NA,NA,NA,NA,NA,NA,NA,NA,NA,NA,NA,NA,NA,NA,NA,NA,NA,NA,NA,NA,NA,NA,NA,NA,NA,NA,NA,NA,NA,NA,NA,NA,NA,NA,NA,NA,NA,NA,NA,NA,NA,NA,NA,NA,NA,NA,NA,NA,NA,NA,NA,NA,NA,NA,NA,NA,NA,NA,NA,NA,NA,NA,NA,NA,NA,NA,NA,NA,NA,NA,NA,NA,NA,NA,NA,NA,NA,NA,NA,NA,NA,NA,NA,NA,NA,NA,NA,NA,NA,NA,NA,NA,NA,NA,NA,NA,NA,NA,NA,NA,NA,NA,NA,NA,NA,NA,NA,NA,NA,NA,NA,NA,NA,NA,NA,NA,NA,NA,NA,NA,NA,NA,NA,NA,NA,NA,NA,NA,NA,NA,NA,NA,NA,NA,NA,NA,NA,NA,NA,NA,NA,NA,NA,NA,NA,NA,NA,NA,NA,NA,NA,NA,NA,NA,NA,NA,NA,NA,NA,NA,NA,NA,NA,NA
1991-05-31,NA,25789.619140625,NA,NA,NA,NA,NA,NA,NA,NA,NA,NA,NA,NA,NA,NA,NA,NA,NA,NA,NA,NA,NA,NA,NA,NA,NA,NA,NA,NA,NA,NA,NA,NA,NA,NA,NA,NA,NA,NA,NA,NA,NA,NA,NA,NA,NA,NA,NA,NA,NA,NA,NA,NA,NA,NA,NA,NA,NA,NA,NA,NA,NA,NA,NA,NA,NA,NA,NA,NA,NA,NA,NA,NA,NA,NA,NA,NA,NA,NA,NA,NA,NA,NA,NA,NA,NA,NA,NA,NA,NA,NA,NA,NA,NA,NA,NA,NA,NA,NA,NA,NA,NA,NA,NA,NA,NA,NA,NA,NA,NA,NA,NA,NA,NA,NA,NA,NA,NA,NA,NA,NA,NA,NA,NA,NA,NA,NA,NA,NA,NA,NA,NA,NA,NA,NA,NA,NA,NA,NA,NA,NA,NA,NA,NA,NA,NA,NA,NA,NA,NA,NA,NA,NA,NA,NA,NA,NA,NA,NA,NA,NA,NA,NA,NA,NA,NA,NA,NA,NA,NA,NA,NA,NA,NA,NA,NA,NA,NA,NA,NA,NA,NA,NA,NA,NA,NA,NA,NA,NA,NA,NA,NA,NA,NA,NA,NA,NA,NA,NA
1991-06-30,NA,23290.9609375,NA,NA,NA,NA,NA,NA,NA,NA,NA,NA,NA,NA,NA,NA,NA,NA,NA,NA,NA,NA,NA,NA,NA,NA,NA,NA,NA,NA,NA,NA,NA,NA,NA,NA,NA,NA,NA,NA,NA,NA,NA,NA,NA,NA,NA,NA,NA,NA,NA,NA,NA,NA,NA,NA,NA,NA,NA,NA,NA,NA,NA,NA,NA,NA,NA,NA,NA,NA,NA,NA,NA,NA,NA,NA,NA,NA,NA,NA,NA,NA,NA,NA,NA,NA,NA,NA,NA,NA,NA,NA,NA,NA,NA,NA,NA,NA,NA,NA,NA,NA,NA,NA,NA,NA,NA,NA,NA,NA,NA,NA,NA,NA,NA,NA,NA,NA,NA,NA,NA,NA,NA,NA,NA,NA,NA,NA,NA,NA,NA,NA,NA,NA,NA,NA,NA,NA,NA,NA,NA,NA,NA,NA,NA,NA,NA,NA,NA,NA,NA,NA,NA,NA,NA,NA,NA,NA,NA,NA,NA,NA,NA,NA,NA,NA,NA,NA,NA,NA,NA,NA,NA,NA,NA,NA,NA,NA,NA,NA,NA,NA,NA,NA,NA,NA,NA,NA,NA,NA,NA,NA,NA,NA,NA,NA,NA,NA,NA,NA
1991-07-31,NA,24120.75,NA,NA,NA,NA,NA,NA,NA,NA,NA,NA,NA,NA,NA,NA,NA,NA,NA,NA,NA,NA,NA,NA,NA,NA,NA,NA,NA,NA,NA,NA,NA,NA,NA,NA,NA,NA,NA,NA,NA,NA,NA,NA,NA,NA,NA,NA,NA,NA,NA,NA,NA,NA,NA,NA,NA,NA,NA,NA,NA,NA,NA,NA,NA,NA,NA,NA,NA,NA,NA,NA,NA,NA,NA,NA,NA,NA,NA,NA,NA,NA,NA,NA,NA,NA,NA,NA,NA,NA,NA,NA,NA,NA,NA,NA,NA,NA,NA,NA,NA,NA,NA,NA,NA,NA,NA,NA,NA,NA,NA,NA,NA,NA,NA,NA,NA,NA,NA,NA,NA,NA,NA,NA,NA,NA,NA,NA,NA,NA,NA,NA,NA,NA,NA,NA,NA,NA,NA,NA,NA,NA,NA,NA,NA,NA,NA,NA,NA,NA,NA,NA,NA,NA,NA,NA,NA,NA,NA,NA,NA,NA,NA,NA,NA,NA,NA,NA,NA,NA,NA,NA,NA,NA,NA,NA,NA,NA,NA,NA,NA,NA,NA,NA,NA,NA,NA,NA,NA,NA,NA,NA,NA,NA,NA,NA,NA,NA,NA,NA
1991-08-31,NA,22335.869140625,NA,NA,NA,NA,NA,NA,NA,NA,NA,NA,NA,NA,NA,NA,NA,NA,NA,NA,NA,NA,NA,NA,NA,NA,NA,NA,NA,NA,NA,NA,NA,NA,NA,NA,NA,NA,NA,NA,NA,NA,NA,NA,NA,NA,NA,NA,NA,NA,NA,NA,NA,NA,NA,NA,NA,NA,NA,NA,NA,NA,NA,NA,NA,NA,NA,NA,NA,NA,NA,NA,NA,NA,NA,NA,NA,NA,NA,NA,NA,NA,NA,NA,NA,NA,NA,NA,NA,NA,NA,NA,NA,NA,NA,NA,NA,NA,NA,NA,NA,NA,NA,NA,NA,NA,NA,NA,NA,NA,NA,NA,NA,NA,NA,NA,NA,NA,NA,NA,NA,NA,NA,NA,NA,NA,NA,NA,NA,NA,NA,NA,NA,NA,NA,NA,NA,NA,NA,NA,NA,NA,NA,NA,NA,NA,NA,NA,NA,NA,NA,NA,NA,NA,NA,NA,NA,NA,NA,NA,NA,NA,NA,NA,NA,NA,NA,NA,NA,NA,NA,NA,NA,NA,NA,NA,NA,NA,NA,NA,NA,NA,NA,NA,NA,NA,NA,NA,NA,NA,NA,NA,NA,NA,NA,NA,NA,NA,NA,NA
1991-09-30,NA,23916.439453125,NA,NA,NA,NA,NA,NA,NA,NA,NA,NA,NA,NA,NA,NA,NA,NA,NA,NA,NA,NA,NA,NA,NA,NA,NA,NA,NA,NA,NA,NA,NA,NA,NA,NA,NA,NA,NA,NA,NA,NA,NA,NA,NA,NA,NA,NA,NA,NA,NA,NA,NA,NA,NA,NA,NA,NA,NA,NA,NA,NA,NA,NA,NA,NA,NA,NA,NA,NA,NA,NA,NA,NA,NA,NA,NA,NA,NA,NA,NA,NA,NA,NA,NA,NA,NA,NA,NA,NA,NA,NA,NA,NA,NA,NA,NA,NA,NA,NA,NA,NA,NA,NA,NA,NA,NA,NA,NA,NA,NA,NA,NA,NA,NA,NA,NA,NA,NA,NA,NA,NA,NA,NA,NA,NA,NA,NA,NA,NA,NA,NA,NA,NA,NA,NA,NA,NA,NA,NA,NA,NA,NA,NA,NA,NA,NA,NA,NA,NA,NA,NA,NA,NA,NA,NA,NA,NA,NA,NA,NA,NA,NA,NA,NA,NA,NA,NA,NA,NA,NA,NA,NA,NA,NA,NA,NA,NA,NA,NA,NA,NA,NA,NA,NA,NA,NA,NA,NA,NA,NA,NA,NA,NA,NA,NA,NA,NA,NA,NA
1991-10-31,NA,25222.279296875,NA,NA,NA,NA,NA,NA,NA,NA,NA,NA,NA,NA,NA,NA,NA,NA,NA,NA,NA,NA,NA,NA,NA,NA,NA,NA,NA,NA,NA,NA,NA,NA,NA,NA,NA,NA,NA,NA,NA,NA,NA,NA,NA,NA,NA,NA,NA,NA,NA,NA,NA,NA,NA,NA,NA,NA,NA,NA,NA,NA,NA,NA,NA,NA,NA,NA,NA,NA,NA,NA,NA,NA,NA,NA,NA,NA,NA,NA,NA,NA,NA,NA,NA,NA,NA,NA,NA,NA,NA,NA,NA,NA,NA,NA,NA,NA,NA,NA,NA,NA,NA,NA,NA,NA,NA,NA,NA,NA,NA,NA,NA,NA,NA,NA,NA,NA,NA,NA,NA,NA,NA,NA,NA,NA,NA,NA,NA,NA,NA,NA,NA,NA,NA,NA,NA,NA,NA,NA,NA,NA,NA,NA,NA,NA,NA,NA,NA,NA,NA,NA,NA,NA,NA,NA,NA,NA,NA,NA,NA,NA,NA,NA,NA,NA,NA,NA,NA,NA,NA,NA,NA,NA,NA,NA,NA,NA,NA,NA,NA,NA,NA,NA,NA,NA,NA,NA,NA,NA,NA,NA,NA,NA,NA,NA,NA,NA,NA,NA
1991-11-30,NA,22687.349609375,NA,NA,NA,NA,NA,NA,NA,NA,NA,NA,NA,NA,NA,NA,NA,NA,NA,NA,NA,NA,NA,NA,NA,NA,NA,NA,NA,NA,NA,NA,NA,NA,NA,NA,NA,NA,NA,NA,NA,NA,NA,NA,NA,NA,NA,NA,NA,NA,NA,NA,NA,NA,NA,NA,NA,NA,NA,NA,NA,NA,NA,NA,NA,NA,NA,NA,NA,NA,NA,NA,NA,NA,NA,NA,NA,NA,NA,NA,NA,NA,NA,NA,NA,NA,NA,NA,NA,NA,NA,NA,NA,NA,NA,NA,NA,NA,NA,NA,NA,NA,NA,NA,NA,NA,NA,NA,NA,NA,NA,NA,NA,NA,NA,NA,NA,NA,NA,NA,NA,NA,NA,NA,NA,NA,NA,NA,NA,NA,NA,NA,NA,NA,NA,NA,NA,NA,NA,NA,NA,NA,NA,NA,NA,NA,NA,NA,NA,NA,NA,NA,NA,NA,NA,NA,NA,NA,NA,NA,NA,NA,NA,NA,NA,NA,NA,NA,NA,NA,NA,NA,NA,NA,NA,NA,NA,NA,NA,NA,NA,NA,NA,NA,NA,NA,NA,NA,NA,NA,NA,NA,NA,NA,NA,NA,NA,NA,NA,NA
1991-12-31,NA,22983.76953125,NA,NA,NA,NA,NA,NA,NA,NA,NA,NA,NA,NA,NA,NA,NA,NA,NA,NA,NA,NA,NA,NA,NA,NA,NA,NA,NA,NA,NA,NA,NA,NA,NA,NA,NA,NA,NA,NA,NA,NA,NA,NA,NA,NA,NA,NA,NA,NA,NA,NA,NA,NA,NA,NA,NA,NA,NA,NA,NA,NA,NA,NA,NA,NA,NA,NA,NA,NA,NA,NA,NA,NA,NA,NA,NA,NA,NA,NA,NA,NA,NA,NA,NA,NA,NA,NA,NA,NA,NA,NA,NA,NA,NA,NA,NA,NA,NA,NA,NA,NA,NA,NA,NA,NA,NA,NA,NA,NA,NA,NA,NA,NA,NA,NA,NA,NA,NA,NA,NA,NA,NA,NA,NA,NA,NA,NA,NA,NA,NA,NA,NA,NA,NA,NA,NA,NA,NA,NA,NA,NA,NA,NA,NA,NA,NA,NA,NA,NA,NA,NA,NA,NA,NA,NA,NA,NA,NA,NA,NA,NA,NA,NA,NA,NA,NA,NA,NA,NA,NA,NA,NA,NA,NA,NA,NA,NA,NA,NA,NA,NA,NA,NA,NA,NA,NA,NA,NA,NA,NA,NA,NA,NA,NA,NA,NA,NA,NA,NA
1992-01-31,NA,22023.05078125,NA,NA,NA,NA,NA,NA,NA,NA,NA,NA,NA,NA,NA,NA,NA,NA,NA,NA,NA,NA,NA,NA,NA,NA,NA,NA,NA,NA,NA,NA,NA,NA,NA,NA,NA,NA,NA,NA,NA,NA,NA,NA,NA,NA,NA,NA,NA,NA,NA,NA,NA,NA,NA,NA,NA,NA,NA,NA,NA,NA,NA,NA,NA,NA,NA,NA,NA,NA,NA,NA,NA,NA,NA,NA,NA,NA,NA,NA,NA,NA,NA,NA,NA,NA,NA,NA,NA,NA,NA,NA,NA,NA,NA,NA,NA,NA,NA,NA,NA,NA,NA,NA,NA,NA,NA,NA,NA,NA,NA,NA,NA,NA,NA,NA,NA,NA,NA,NA,NA,NA,NA,NA,NA,NA,NA,NA,NA,NA,NA,NA,NA,NA,NA,NA,NA,NA,NA,NA,NA,NA,NA,NA,NA,NA,NA,NA,NA,NA,NA,NA,NA,NA,NA,NA,NA,NA,NA,NA,NA,NA,NA,NA,NA,NA,NA,NA,NA,NA,NA,NA,NA,NA,NA,NA,NA,NA,NA,NA,NA,NA,NA,NA,NA,NA,NA,NA,NA,NA,NA,NA,NA,NA,NA,NA,NA,NA,NA,NA
1992-02-29,NA,21338.810546875,NA,NA,NA,NA,NA,NA,NA,NA,NA,NA,NA,NA,NA,NA,NA,NA,NA,NA,NA,NA,NA,NA,NA,NA,NA,NA,NA,NA,NA,NA,NA,NA,NA,NA,NA,NA,NA,NA,NA,NA,NA,NA,NA,NA,NA,NA,NA,NA,NA,NA,NA,NA,NA,NA,NA,NA,NA,NA,NA,NA,NA,NA,NA,NA,NA,NA,NA,NA,NA,NA,NA,NA,NA,NA,NA,NA,NA,NA,NA,NA,NA,NA,NA,NA,NA,NA,NA,NA,NA,NA,NA,NA,NA,NA,NA,NA,NA,NA,NA,NA,NA,NA,NA,NA,NA,NA,NA,NA,NA,NA,NA,NA,NA,NA,NA,NA,NA,NA,NA,NA,NA,NA,NA,NA,NA,NA,NA,NA,NA,NA,NA,NA,NA,NA,NA,NA,NA,NA,NA,NA,NA,NA,NA,NA,NA,NA,NA,NA,NA,NA,NA,NA,NA,NA,NA,NA,NA,NA,NA,NA,NA,NA,NA,NA,NA,NA,NA,NA,NA,NA,NA,NA,NA,NA,NA,NA,NA,NA,NA,NA,NA,NA,NA,NA,NA,NA,NA,NA,NA,NA,NA,NA,NA,NA,NA,NA,NA,NA
1992-03-31,NA,19345.94921875,NA,NA,NA,NA,NA,NA,NA,NA,NA,NA,NA,NA,NA,NA,NA,NA,NA,NA,NA,NA,NA,NA,NA,NA,NA,NA,NA,NA,NA,NA,NA,NA,NA,NA,NA,NA,NA,NA,NA,NA,NA,NA,NA,NA,NA,NA,NA,NA,NA,NA,NA,NA,NA,NA,NA,NA,NA,NA,NA,NA,NA,NA,NA,NA,NA,NA,NA,NA,NA,NA,NA,NA,NA,NA,NA,NA,NA,NA,NA,NA,NA,NA,NA,NA,NA,NA,NA,NA,NA,NA,NA,NA,NA,NA,NA,NA,NA,NA,NA,NA,NA,NA,NA,NA,NA,NA,NA,NA,NA,NA,NA,NA,NA,NA,NA,NA,NA,NA,NA,NA,NA,NA,NA,NA,NA,NA,NA,NA,NA,NA,NA,NA,NA,NA,NA,NA,NA,NA,NA,NA,NA,NA,NA,NA,NA,NA,NA,NA,NA,NA,NA,NA,NA,NA,NA,NA,NA,NA,NA,NA,NA,NA,NA,NA,NA,NA,NA,NA,NA,NA,NA,NA,NA,NA,NA,NA,NA,NA,NA,NA,NA,NA,NA,NA,NA,NA,NA,NA,NA,NA,NA,NA,NA,NA,NA,NA,NA,NA
1992-04-30,NA,17390.7109375,NA,NA,NA,NA,NA,NA,NA,NA,NA,NA,NA,NA,NA,NA,NA,NA,NA,NA,NA,NA,NA,NA,NA,NA,NA,NA,NA,NA,NA,NA,NA,NA,NA,NA,NA,NA,NA,NA,NA,NA,NA,NA,NA,NA,NA,NA,NA,NA,NA,NA,NA,NA,NA,NA,NA,NA,NA,NA,NA,NA,NA,NA,NA,NA,NA,NA,NA,NA,NA,NA,NA,NA,NA,NA,NA,NA,NA,NA,NA,NA,NA,NA,NA,NA,NA,NA,NA,NA,NA,NA,NA,NA,NA,NA,NA,NA,NA,NA,NA,NA,NA,NA,NA,NA,NA,NA,NA,NA,NA,NA,NA,NA,NA,NA,NA,NA,NA,NA,NA,NA,NA,NA,NA,NA,NA,NA,NA,NA,NA,NA,NA,NA,NA,NA,NA,NA,NA,NA,NA,NA,NA,NA,NA,NA,NA,NA,NA,NA,NA,NA,NA,NA,NA,NA,NA,NA,NA,NA,NA,NA,NA,NA,NA,NA,NA,NA,NA,NA,NA,NA,NA,NA,NA,NA,NA,NA,NA,NA,NA,NA,NA,NA,NA,NA,NA,NA,NA,NA,NA,NA,NA,NA,NA,NA,NA,NA,NA,NA
1992-05-31,NA,18347.75,NA,NA,NA,NA,NA,NA,NA,NA,NA,NA,NA,NA,NA,NA,NA,NA,NA,NA,NA,NA,NA,NA,NA,NA,NA,NA,NA,NA,NA,NA,NA,NA,NA,NA,NA,NA,NA,NA,NA,NA,NA,NA,NA,NA,NA,NA,NA,NA,NA,NA,NA,NA,NA,NA,NA,NA,NA,NA,NA,NA,NA,NA,NA,NA,NA,NA,NA,NA,NA,NA,NA,NA,NA,NA,NA,NA,NA,NA,NA,NA,NA,NA,NA,NA,NA,NA,NA,NA,NA,NA,NA,NA,NA,NA,NA,NA,NA,NA,NA,NA,NA,NA,NA,NA,NA,NA,NA,NA,NA,NA,NA,NA,NA,NA,NA,NA,NA,NA,NA,NA,NA,NA,NA,NA,NA,NA,NA,NA,NA,NA,NA,NA,NA,NA,NA,NA,NA,NA,NA,NA,NA,NA,NA,NA,NA,NA,NA,NA,NA,NA,NA,NA,NA,NA,NA,NA,NA,NA,NA,NA,NA,NA,NA,NA,NA,NA,NA,NA,NA,NA,NA,NA,NA,NA,NA,NA,NA,NA,NA,NA,NA,NA,NA,NA,NA,NA,NA,NA,NA,NA,NA,NA,NA,NA,NA,NA,NA,NA
1992-06-30,NA,15951.73046875,NA,NA,NA,NA,NA,NA,NA,NA,NA,NA,NA,NA,NA,NA,NA,NA,NA,NA,NA,NA,NA,NA,NA,NA,NA,NA,NA,NA,NA,NA,NA,NA,NA,NA,NA,NA,NA,NA,NA,NA,NA,NA,NA,NA,NA,NA,NA,NA,NA,NA,NA,NA,NA,NA,NA,NA,NA,NA,NA,NA,NA,NA,NA,NA,NA,NA,NA,NA,NA,NA,NA,NA,NA,NA,NA,NA,NA,NA,NA,NA,NA,NA,NA,NA,NA,NA,NA,NA,NA,NA,NA,NA,NA,NA,NA,NA,NA,NA,NA,NA,NA,NA,NA,NA,NA,NA,NA,NA,NA,NA,NA,NA,NA,NA,NA,NA,NA,NA,NA,NA,NA,NA,NA,NA,NA,NA,NA,NA,NA,NA,NA,NA,NA,NA,NA,NA,NA,NA,NA,NA,NA,NA,NA,NA,NA,NA,NA,NA,NA,NA,NA,NA,NA,NA,NA,NA,NA,NA,NA,NA,NA,NA,NA,NA,NA,NA,NA,NA,NA,NA,NA,NA,NA,NA,NA,NA,NA,NA,NA,NA,NA,NA,NA,NA,NA,NA,NA,NA,NA,NA,NA,NA,NA,NA,NA,NA,NA,NA
1992-07-31,NA,15910.2802734375,NA,NA,NA,NA,NA,NA,NA,NA,NA,NA,NA,NA,NA,NA,NA,NA,NA,NA,NA,NA,NA,NA,NA,NA,NA,NA,NA,NA,NA,NA,NA,NA,NA,NA,NA,NA,NA,NA,NA,NA,NA,NA,NA,NA,NA,NA,NA,NA,NA,NA,NA,NA,NA,NA,NA,NA,NA,NA,NA,NA,NA,NA,NA,NA,NA,NA,NA,NA,NA,NA,NA,NA,NA,NA,NA,NA,NA,NA,NA,NA,NA,NA,NA,NA,NA,NA,NA,NA,NA,NA,NA,NA,NA,NA,NA,NA,NA,NA,NA,NA,NA,NA,NA,NA,NA,NA,NA,NA,NA,NA,NA,NA,NA,NA,NA,NA,NA,NA,NA,NA,NA,NA,NA,NA,NA,NA,NA,NA,NA,NA,NA,NA,NA,NA,NA,NA,NA,NA,NA,NA,NA,NA,NA,NA,NA,NA,NA,NA,NA,NA,NA,NA,NA,NA,NA,NA,NA,NA,NA,NA,NA,NA,NA,NA,NA,NA,NA,NA,NA,NA,NA,NA,NA,NA,NA,NA,NA,NA,NA,NA,NA,NA,NA,NA,NA,NA,NA,NA,NA,NA,NA,NA,NA,NA,NA,NA,NA,NA
1992-08-31,NA,18061.119140625,NA,NA,NA,NA,NA,NA,NA,NA,NA,NA,NA,NA,NA,NA,NA,NA,NA,NA,NA,NA,NA,NA,NA,NA,NA,NA,NA,NA,NA,NA,NA,NA,NA,NA,NA,NA,NA,NA,NA,NA,NA,NA,NA,NA,NA,NA,NA,NA,NA,NA,NA,NA,NA,NA,NA,NA,NA,NA,NA,NA,NA,NA,NA,NA,NA,NA,NA,NA,NA,NA,NA,NA,NA,NA,NA,NA,NA,NA,NA,NA,NA,NA,NA,NA,NA,NA,NA,NA,NA,NA,NA,NA,NA,NA,NA,NA,NA,NA,NA,NA,NA,NA,NA,NA,NA,NA,NA,NA,NA,NA,NA,NA,NA,NA,NA,NA,NA,NA,NA,NA,NA,NA,NA,NA,NA,NA,NA,NA,NA,NA,NA,NA,NA,NA,NA,NA,NA,NA,NA,NA,NA,NA,NA,NA,NA,NA,NA,NA,NA,NA,NA,NA,NA,NA,NA,NA,NA,NA,NA,NA,NA,NA,NA,NA,NA,NA,NA,NA,NA,NA,NA,NA,NA,NA,NA,NA,NA,NA,NA,NA,NA,NA,NA,NA,NA,NA,NA,NA,NA,NA,NA,NA,NA,NA,NA,NA,NA,NA
1992-09-30,NA,17399.080078125,NA,NA,NA,NA,NA,NA,NA,NA,NA,NA,NA,NA,NA,NA,NA,NA,NA,NA,NA,NA,NA,NA,NA,NA,NA,NA,NA,NA,NA,NA,NA,NA,NA,NA,NA,NA,NA,NA,NA,NA,NA,NA,NA,NA,NA,NA,NA,NA,NA,NA,NA,NA,NA,NA,NA,NA,NA,NA,NA,NA,NA,NA,NA,NA,NA,NA,NA,NA,NA,NA,NA,NA,NA,NA,NA,NA,NA,NA,NA,NA,NA,NA,NA,NA,NA,NA,NA,NA,NA,NA,NA,NA,NA,NA,NA,NA,NA,NA,NA,NA,NA,NA,NA,NA,NA,NA,NA,NA,NA,NA,NA,NA,NA,NA,NA,NA,NA,NA,NA,NA,NA,NA,NA,NA,NA,NA,NA,NA,NA,NA,NA,NA,NA,NA,NA,NA,NA,NA,NA,NA,NA,NA,NA,NA,NA,NA,NA,NA,NA,NA,NA,NA,NA,NA,NA,NA,NA,NA,NA,NA,NA,NA,NA,NA,NA,NA,NA,NA,NA,NA,NA,NA,NA,NA,NA,NA,NA,NA,NA,NA,NA,NA,NA,NA,NA,NA,NA,NA,NA,NA,NA,NA,NA,NA,NA,NA,NA,NA
1992-10-31,NA,16767.400390625,NA,NA,NA,NA,NA,NA,NA,NA,NA,NA,NA,NA,NA,NA,NA,NA,NA,NA,NA,NA,NA,NA,NA,NA,NA,NA,NA,NA,NA,NA,NA,NA,NA,NA,NA,NA,NA,NA,NA,NA,NA,NA,NA,NA,NA,NA,NA,NA,NA,NA,NA,NA,NA,NA,NA,NA,NA,NA,NA,NA,NA,NA,NA,NA,NA,NA,NA,NA,NA,NA,NA,NA,NA,NA,NA,NA,NA,NA,NA,NA,NA,NA,NA,NA,NA,NA,NA,NA,NA,NA,NA,NA,NA,NA,NA,NA,NA,NA,NA,NA,NA,NA,NA,NA,NA,NA,NA,NA,NA,NA,NA,NA,NA,NA,NA,NA,NA,NA,NA,NA,NA,NA,NA,NA,NA,NA,NA,NA,NA,NA,NA,NA,NA,NA,NA,NA,NA,NA,NA,NA,NA,NA,NA,NA,NA,NA,NA,NA,NA,NA,NA,NA,NA,NA,NA,NA,NA,NA,NA,NA,NA,NA,NA,NA,NA,NA,NA,NA,NA,NA,NA,NA,NA,NA,NA,NA,NA,NA,NA,NA,NA,NA,NA,NA,NA,NA,NA,NA,NA,NA,NA,NA,NA,NA,NA,NA,NA,NA
1992-11-30,NA,17683.650390625,NA,NA,NA,NA,NA,NA,NA,NA,NA,NA,NA,NA,NA,NA,NA,NA,NA,NA,NA,NA,NA,NA,NA,NA,NA,NA,NA,NA,NA,NA,NA,NA,NA,NA,NA,NA,NA,NA,NA,NA,NA,NA,NA,NA,NA,NA,NA,NA,NA,NA,NA,NA,NA,NA,NA,NA,NA,NA,NA,NA,NA,NA,NA,NA,NA,NA,NA,NA,NA,NA,NA,NA,NA,NA,NA,NA,NA,NA,NA,NA,NA,NA,NA,NA,NA,NA,NA,NA,NA,NA,NA,NA,NA,NA,NA,NA,NA,NA,NA,NA,NA,NA,NA,NA,NA,NA,NA,NA,NA,NA,NA,NA,NA,NA,NA,NA,NA,NA,NA,NA,NA,NA,NA,NA,NA,NA,NA,NA,NA,NA,NA,NA,NA,NA,NA,NA,NA,NA,NA,NA,NA,NA,NA,NA,NA,NA,NA,NA,NA,NA,NA,NA,NA,NA,NA,NA,NA,NA,NA,NA,NA,NA,NA,NA,NA,NA,NA,NA,NA,NA,NA,NA,NA,NA,NA,NA,NA,NA,NA,NA,NA,NA,NA,NA,NA,NA,NA,NA,NA,NA,NA,NA,NA,NA,NA,NA,NA,NA
1992-12-31,NA,16924.94921875,NA,NA,NA,NA,NA,NA,NA,NA,NA,NA,NA,NA,NA,NA,NA,NA,NA,NA,NA,NA,NA,NA,NA,NA,NA,NA,NA,NA,NA,NA,NA,NA,NA,NA,NA,NA,NA,NA,NA,NA,NA,NA,NA,NA,NA,NA,NA,NA,NA,NA,NA,NA,NA,NA,NA,NA,NA,NA,NA,NA,NA,NA,NA,NA,NA,NA,NA,NA,NA,NA,NA,NA,NA,NA,NA,NA,NA,NA,NA,NA,NA,NA,NA,NA,NA,NA,NA,NA,NA,NA,NA,NA,NA,NA,NA,NA,NA,NA,NA,NA,NA,NA,NA,NA,NA,NA,NA,NA,NA,NA,NA,NA,NA,NA,NA,NA,NA,NA,NA,NA,NA,NA,NA,NA,NA,NA,NA,NA,NA,NA,NA,NA,NA,NA,NA,NA,NA,NA,NA,NA,NA,NA,NA,NA,NA,NA,NA,NA,NA,NA,NA,NA,NA,NA,NA,NA,NA,NA,NA,NA,NA,NA,NA,NA,NA,NA,NA,NA,NA,NA,NA,NA,NA,NA,NA,NA,NA,NA,NA,NA,NA,NA,NA,NA,NA,NA,NA,NA,NA,NA,NA,NA,NA,NA,NA,NA,NA,NA
1993-01-31,NA,17023.779296875,NA,NA,NA,NA,NA,NA,NA,NA,NA,NA,NA,NA,0.402039349079132,NA,NA,NA,NA,NA,NA,NA,NA,NA,NA,NA,NA,NA,NA,NA,NA,NA,NA,NA,NA,NA,NA,NA,NA,NA,NA,NA,NA,NA,NA,NA,NA,NA,NA,NA,NA,NA,NA,NA,NA,NA,NA,NA,NA,NA,NA,NA,NA,NA,NA,NA,NA,NA,NA,NA,NA,NA,NA,NA,NA,NA,NA,NA,NA,NA,NA,NA,NA,NA,NA,NA,NA,NA,NA,NA,NA,NA,NA,NA,NA,NA,NA,NA,NA,NA,NA,NA,NA,NA,NA,NA,NA,NA,NA,NA,NA,NA,NA,NA,NA,NA,NA,NA,NA,NA,NA,NA,NA,NA,NA,NA,NA,NA,NA,NA,NA,NA,NA,NA,NA,NA,NA,NA,NA,NA,NA,NA,NA,NA,NA,NA,NA,NA,NA,NA,NA,NA,NA,NA,NA,NA,NA,NA,NA,NA,NA,NA,NA,NA,NA,NA,NA,NA,NA,NA,NA,NA,NA,NA,NA,NA,NA,NA,NA,NA,NA,NA,NA,NA,NA,NA,NA,NA,NA,NA,NA,NA,NA,NA,NA,NA,NA,NA,NA,NA
1993-02-28,NA,16953.349609375,NA,NA,NA,NA,NA,NA,NA,NA,NA,NA,NA,NA,0.402039349079132,NA,NA,NA,NA,NA,NA,NA,NA,NA,NA,NA,NA,NA,NA,NA,NA,NA,NA,NA,NA,NA,NA,NA,NA,NA,NA,NA,NA,NA,NA,NA,NA,NA,NA,NA,NA,NA,NA,NA,NA,NA,NA,NA,NA,NA,NA,NA,NA,NA,NA,NA,NA,NA,NA,NA,NA,NA,NA,NA,NA,NA,NA,NA,NA,NA,NA,NA,NA,NA,NA,NA,NA,NA,NA,NA,NA,NA,NA,NA,NA,NA,NA,NA,NA,NA,NA,NA,NA,NA,NA,NA,NA,NA,NA,NA,NA,NA,NA,NA,NA,NA,NA,NA,NA,NA,NA,NA,NA,NA,NA,NA,NA,NA,NA,NA,NA,NA,NA,NA,NA,NA,NA,NA,NA,NA,NA,NA,NA,NA,NA,NA,NA,NA,NA,NA,NA,NA,NA,NA,NA,NA,NA,NA,NA,NA,NA,NA,NA,NA,NA,NA,NA,NA,NA,NA,NA,NA,NA,NA,NA,NA,NA,NA,NA,NA,NA,NA,NA,NA,NA,NA,NA,NA,NA,NA,NA,NA,NA,NA,NA,NA,NA,NA,NA,NA
1993-03-31,NA,18591.44921875,NA,NA,NA,NA,NA,NA,NA,NA,NA,NA,NA,NA,0.478418111801147,NA,NA,NA,NA,NA,NA,NA,NA,NA,NA,NA,NA,NA,NA,NA,NA,NA,NA,NA,NA,NA,NA,NA,NA,NA,NA,NA,NA,NA,NA,NA,NA,NA,NA,NA,NA,NA,NA,NA,NA,NA,NA,NA,NA,NA,NA,NA,NA,NA,NA,NA,NA,NA,NA,NA,NA,NA,NA,NA,NA,NA,NA,NA,NA,NA,NA,NA,NA,NA,NA,NA,NA,NA,NA,NA,NA,NA,NA,NA,NA,NA,NA,NA,NA,NA,NA,NA,NA,NA,NA,NA,NA,NA,NA,NA,NA,NA,NA,NA,NA,NA,NA,NA,NA,NA,NA,NA,NA,NA,NA,NA,NA,NA,NA,NA,NA,NA,NA,NA,NA,NA,NA,NA,NA,NA,NA,NA,NA,NA,NA,NA,NA,NA,NA,NA,NA,NA,NA,NA,NA,NA,NA,NA,NA,NA,NA,NA,NA,NA,NA,NA,NA,NA,NA,NA,NA,NA,NA,NA,NA,NA,NA,NA,NA,NA,NA,NA,NA,NA,NA,NA,NA,NA,NA,NA,NA,NA,NA,NA,NA,NA,NA,NA,NA,NA
1993-04-30,NA,20919.1796875,NA,NA,NA,NA,NA,NA,NA,NA,NA,NA,NA,NA,0.436451584100723,NA,NA,NA,NA,NA,NA,NA,NA,NA,NA,NA,NA,NA,NA,NA,NA,NA,NA,NA,NA,NA,NA,NA,NA,NA,NA,NA,NA,NA,NA,NA,NA,NA,NA,NA,NA,NA,NA,NA,NA,NA,NA,NA,NA,NA,NA,NA,NA,NA,NA,NA,NA,NA,NA,NA,NA,NA,NA,NA,NA,NA,NA,NA,NA,NA,NA,NA,NA,NA,NA,NA,NA,NA,NA,NA,NA,NA,NA,NA,NA,NA,NA,NA,NA,NA,NA,NA,NA,NA,NA,NA,NA,NA,NA,NA,NA,NA,NA,NA,NA,NA,NA,NA,NA,NA,NA,NA,NA,NA,NA,NA,NA,NA,NA,NA,NA,NA,NA,NA,NA,NA,NA,NA,NA,NA,NA,NA,NA,NA,NA,NA,NA,NA,NA,NA,NA,NA,NA,NA,NA,NA,NA,NA,NA,NA,NA,NA,NA,NA,NA,NA,NA,NA,NA,NA,NA,NA,NA,NA,NA,NA,NA,NA,NA,NA,NA,NA,NA,NA,NA,NA,NA,NA,NA,NA,NA,NA,NA,NA,NA,NA,NA,NA,NA,NA
1993-05-31,NA,20552.349609375,NA,NA,NA,NA,NA,NA,NA,NA,NA,NA,NA,NA,0.390288203954697,NA,NA,NA,NA,NA,NA,NA,NA,NA,NA,NA,NA,NA,NA,NA,NA,NA,NA,NA,NA,NA,NA,NA,NA,NA,NA,NA,NA,NA,NA,NA,NA,NA,NA,NA,NA,NA,NA,NA,NA,NA,NA,NA,NA,NA,NA,NA,NA,NA,NA,NA,NA,NA,NA,NA,NA,NA,NA,NA,NA,NA,NA,NA,NA,NA,NA,NA,NA,NA,NA,NA,NA,NA,NA,NA,NA,NA,NA,NA,NA,NA,NA,NA,NA,NA,NA,NA,NA,NA,NA,NA,NA,NA,NA,NA,NA,NA,NA,NA,NA,NA,NA,NA,NA,NA,NA,NA,NA,NA,NA,NA,NA,NA,NA,NA,NA,NA,NA,NA,NA,NA,NA,NA,NA,NA,NA,NA,NA,NA,NA,NA,NA,NA,NA,NA,NA,NA,NA,NA,NA,NA,NA,NA,NA,NA,NA,NA,NA,NA,NA,NA,NA,NA,NA,NA,NA,NA,NA,NA,NA,NA,NA,NA,NA,NA,NA,NA,NA,NA,NA,NA,NA,NA,NA,NA,NA,NA,NA,NA,NA,NA,NA,NA,NA,NA
1993-06-30,NA,19590,NA,NA,NA,NA,NA,NA,NA,NA,NA,NA,NA,NA,0.380216658115387,NA,NA,NA,NA,NA,NA,NA,NA,NA,NA,NA,NA,NA,NA,NA,NA,NA,NA,NA,NA,NA,NA,NA,NA,NA,NA,NA,NA,NA,NA,NA,NA,NA,NA,NA,NA,NA,NA,NA,NA,NA,NA,NA,NA,NA,NA,NA,NA,NA,NA,NA,NA,NA,NA,NA,NA,NA,NA,NA,NA,NA,NA,NA,NA,NA,NA,NA,NA,NA,NA,NA,NA,NA,NA,NA,NA,NA,NA,NA,NA,NA,NA,NA,NA,NA,NA,NA,NA,NA,NA,NA,NA,NA,NA,NA,NA,NA,NA,NA,NA,NA,NA,NA,NA,NA,NA,NA,NA,NA,NA,NA,NA,NA,NA,NA,NA,NA,NA,NA,NA,NA,NA,NA,NA,NA,NA,NA,NA,NA,NA,NA,NA,NA,NA,NA,NA,NA,NA,NA,NA,NA,NA,NA,NA,NA,NA,NA,NA,NA,NA,NA,NA,NA,NA,NA,NA,NA,NA,NA,NA,NA,NA,NA,NA,NA,NA,NA,NA,NA,NA,NA,NA,NA,NA,NA,NA,NA,NA,NA,NA,NA,NA,NA,NA,NA
1993-07-31,NA,20380.140625,NA,NA,NA,NA,NA,NA,NA,NA,NA,NA,NA,NA,0.378762364387512,NA,NA,NA,NA,NA,NA,NA,NA,NA,NA,NA,NA,NA,NA,NA,NA,NA,NA,NA,NA,NA,NA,NA,NA,NA,NA,NA,NA,NA,NA,NA,NA,NA,NA,NA,NA,NA,NA,NA,NA,NA,NA,NA,NA,NA,NA,NA,NA,NA,NA,NA,NA,NA,NA,NA,NA,NA,NA,NA,NA,NA,NA,NA,NA,NA,NA,NA,NA,NA,NA,NA,NA,NA,NA,NA,NA,NA,NA,NA,NA,NA,NA,NA,NA,NA,NA,NA,NA,NA,NA,NA,NA,NA,NA,NA,NA,NA,NA,NA,NA,NA,NA,NA,NA,NA,NA,NA,NA,NA,NA,NA,NA,NA,NA,NA,NA,NA,NA,NA,NA,NA,NA,NA,NA,NA,NA,NA,NA,NA,NA,NA,NA,NA,NA,NA,NA,NA,NA,NA,NA,NA,NA,NA,NA,NA,NA,NA,NA,NA,NA,NA,NA,NA,NA,NA,NA,NA,NA,NA,NA,NA,NA,NA,NA,NA,NA,NA,NA,NA,NA,NA,NA,NA,NA,NA,NA,NA,NA,NA,NA,NA,NA,NA,NA,NA
1993-08-31,NA,21026.599609375,NA,NA,NA,NA,NA,NA,NA,NA,NA,NA,NA,NA,0.392380952835083,NA,NA,NA,NA,NA,NA,NA,NA,NA,NA,NA,NA,NA,NA,NA,NA,NA,NA,NA,NA,NA,NA,NA,NA,NA,NA,NA,NA,NA,NA,NA,NA,NA,NA,NA,NA,NA,NA,NA,NA,NA,NA,NA,NA,NA,NA,NA,NA,NA,NA,NA,NA,NA,NA,NA,NA,NA,NA,NA,NA,NA,NA,NA,NA,NA,NA,NA,NA,NA,NA,NA,NA,NA,NA,NA,NA,NA,NA,NA,NA,NA,NA,NA,NA,NA,NA,NA,NA,NA,NA,NA,NA,NA,NA,NA,NA,NA,NA,NA,NA,NA,NA,NA,NA,NA,NA,NA,NA,NA,NA,NA,NA,NA,NA,NA,NA,NA,NA,NA,NA,NA,NA,NA,NA,NA,NA,NA,NA,NA,NA,NA,NA,NA,NA,NA,NA,NA,NA,NA,NA,NA,NA,NA,NA,NA,NA,NA,NA,NA,NA,NA,NA,NA,NA,NA,NA,NA,NA,NA,NA,NA,NA,NA,NA,NA,NA,NA,NA,NA,NA,NA,NA,NA,NA,NA,NA,NA,NA,NA,NA,NA,NA,NA,NA,NA
1993-09-30,NA,20105.7109375,NA,NA,NA,NA,NA,NA,NA,NA,NA,NA,NA,NA,0.427908360958099,NA,NA,NA,NA,NA,NA,NA,NA,NA,NA,NA,NA,NA,NA,NA,NA,NA,NA,NA,NA,NA,NA,NA,NA,NA,NA,NA,NA,NA,NA,NA,NA,NA,NA,NA,NA,NA,NA,NA,NA,NA,NA,NA,NA,NA,NA,NA,NA,NA,NA,NA,NA,NA,NA,NA,NA,NA,NA,NA,NA,NA,NA,NA,NA,NA,NA,NA,NA,NA,NA,NA,NA,NA,NA,NA,NA,NA,NA,NA,NA,NA,NA,NA,NA,NA,NA,NA,NA,NA,NA,NA,NA,NA,NA,NA,NA,NA,NA,NA,NA,NA,NA,NA,NA,NA,NA,NA,NA,NA,NA,NA,NA,NA,NA,NA,NA,NA,NA,NA,NA,NA,NA,NA,NA,NA,NA,NA,NA,NA,NA,NA,NA,NA,NA,NA,NA,NA,NA,NA,NA,NA,NA,NA,NA,NA,NA,NA,NA,NA,NA,NA,NA,NA,NA,NA,NA,NA,NA,NA,NA,NA,NA,NA,NA,NA,NA,NA,NA,NA,NA,NA,NA,NA,NA,NA,NA,NA,NA,NA,NA,NA,NA,NA,NA,NA
1993-10-31,NA,19702.970703125,NA,NA,NA,NA,NA,NA,NA,NA,NA,NA,NA,NA,0.44440358877182,NA,NA,NA,NA,NA,NA,NA,NA,NA,NA,NA,NA,NA,NA,NA,NA,NA,NA,NA,NA,NA,NA,NA,NA,NA,NA,NA,NA,NA,NA,NA,NA,NA,NA,NA,NA,NA,NA,NA,NA,NA,NA,NA,NA,NA,NA,NA,NA,NA,NA,NA,NA,NA,NA,NA,NA,NA,NA,NA,NA,NA,NA,NA,NA,NA,NA,NA,NA,NA,NA,NA,NA,NA,NA,NA,NA,NA,NA,NA,NA,NA,NA,NA,NA,NA,NA,NA,NA,NA,NA,NA,NA,NA,NA,NA,NA,NA,NA,NA,NA,NA,NA,NA,NA,NA,NA,NA,NA,NA,NA,NA,NA,NA,NA,NA,NA,NA,NA,NA,NA,NA,NA,NA,NA,NA,NA,NA,NA,NA,NA,NA,NA,NA,NA,NA,NA,NA,NA,NA,NA,NA,NA,NA,NA,NA,NA,NA,NA,NA,NA,NA,NA,NA,NA,NA,NA,NA,NA,NA,NA,NA,NA,NA,NA,NA,NA,NA,NA,NA,NA,NA,NA,NA,NA,NA,NA,NA,NA,NA,NA,NA,NA,NA,NA,NA
1993-11-30,NA,16406.5390625,NA,NA,NA,NA,NA,NA,NA,NA,NA,NA,NA,NA,0.519117295742035,NA,NA,NA,NA,NA,NA,NA,NA,NA,NA,NA,NA,NA,NA,NA,NA,NA,NA,NA,NA,NA,NA,NA,NA,NA,NA,NA,NA,NA,NA,NA,NA,NA,NA,NA,NA,NA,NA,NA,NA,NA,NA,NA,NA,NA,NA,NA,NA,NA,NA,NA,NA,NA,NA,NA,NA,NA,NA,NA,NA,NA,NA,NA,NA,NA,NA,NA,NA,NA,NA,NA,NA,NA,NA,NA,NA,NA,NA,NA,NA,NA,NA,NA,NA,NA,NA,NA,NA,NA,NA,NA,NA,NA,NA,NA,NA,NA,NA,NA,NA,NA,NA,NA,NA,NA,NA,NA,NA,NA,NA,NA,NA,NA,NA,NA,NA,NA,NA,NA,NA,NA,NA,NA,NA,NA,NA,NA,NA,NA,NA,NA,NA,NA,NA,NA,NA,NA,NA,NA,NA,NA,NA,NA,NA,NA,NA,NA,NA,NA,NA,NA,NA,NA,NA,NA,NA,NA,NA,NA,NA,NA,NA,NA,NA,NA,NA,NA,NA,NA,NA,NA,NA,NA,NA,NA,NA,NA,NA,NA,NA,NA,NA,NA,NA,NA
1993-12-31,NA,17417.240234375,NA,NA,NA,NA,NA,NA,NA,NA,NA,NA,NA,NA,0.718031823635101,NA,NA,NA,NA,NA,NA,NA,NA,NA,NA,NA,NA,NA,NA,NA,NA,NA,NA,NA,NA,NA,NA,NA,NA,NA,NA,NA,NA,NA,NA,NA,NA,NA,NA,NA,NA,NA,NA,NA,NA,NA,NA,NA,NA,NA,NA,NA,NA,NA,NA,NA,NA,NA,NA,NA,NA,NA,NA,NA,NA,NA,NA,NA,NA,NA,NA,NA,NA,NA,NA,NA,NA,NA,NA,NA,NA,NA,NA,NA,NA,NA,NA,NA,NA,NA,NA,NA,NA,NA,NA,NA,NA,NA,NA,NA,NA,NA,NA,NA,NA,NA,NA,NA,NA,NA,NA,NA,NA,NA,NA,NA,NA,NA,NA,NA,NA,NA,NA,NA,NA,NA,NA,NA,NA,NA,NA,NA,NA,NA,NA,NA,NA,NA,NA,NA,NA,NA,NA,NA,NA,NA,NA,NA,NA,NA,NA,NA,NA,NA,NA,NA,NA,NA,NA,NA,NA,NA,NA,NA,NA,NA,NA,NA,NA,NA,NA,NA,NA,NA,NA,NA,NA,NA,NA,NA,NA,NA,NA,NA,NA,NA,NA,NA,NA,NA
1994-01-31,NA,20229.119140625,NA,NA,NA,NA,NA,NA,NA,NA,NA,NA,NA,NA,0.557930111885071,NA,NA,NA,NA,NA,NA,NA,NA,NA,NA,NA,NA,NA,NA,NA,NA,NA,NA,NA,NA,NA,NA,NA,NA,NA,NA,NA,NA,NA,NA,NA,NA,NA,NA,NA,NA,NA,NA,NA,NA,NA,NA,NA,NA,NA,NA,NA,NA,NA,NA,NA,NA,NA,NA,NA,NA,NA,NA,NA,NA,NA,NA,NA,NA,NA,NA,NA,NA,NA,NA,NA,NA,NA,NA,NA,NA,NA,NA,NA,NA,NA,NA,NA,NA,NA,NA,NA,NA,NA,NA,NA,NA,NA,NA,NA,NA,NA,NA,NA,NA,NA,NA,NA,NA,NA,NA,NA,NA,NA,NA,NA,NA,NA,NA,NA,NA,NA,NA,NA,NA,NA,NA,NA,NA,NA,NA,NA,NA,NA,NA,NA,NA,NA,NA,NA,NA,NA,NA,NA,NA,NA,NA,NA,NA,NA,NA,NA,NA,NA,NA,NA,NA,NA,NA,NA,NA,NA,NA,NA,NA,NA,NA,NA,NA,NA,NA,NA,NA,NA,NA,NA,NA,NA,NA,NA,NA,NA,NA,NA,NA,NA,NA,NA,NA,NA
1994-02-28,NA,19997.19921875,NA,NA,NA,NA,NA,NA,NA,NA,NA,NA,NA,NA,0.504562973976135,NA,NA,NA,NA,NA,NA,NA,NA,NA,NA,NA,NA,NA,NA,NA,NA,NA,NA,NA,NA,NA,NA,NA,NA,NA,NA,NA,NA,NA,NA,NA,NA,NA,NA,NA,NA,NA,NA,NA,NA,NA,NA,NA,NA,NA,NA,NA,NA,NA,NA,NA,NA,NA,NA,NA,NA,NA,NA,NA,NA,NA,NA,NA,NA,NA,NA,NA,NA,NA,NA,NA,NA,NA,NA,NA,NA,NA,NA,NA,NA,NA,NA,NA,NA,NA,NA,NA,NA,NA,NA,NA,NA,NA,NA,NA,NA,NA,NA,NA,NA,NA,NA,NA,NA,NA,NA,NA,NA,NA,NA,NA,NA,NA,NA,NA,NA,NA,NA,NA,NA,NA,NA,NA,NA,NA,NA,NA,NA,NA,NA,NA,NA,NA,NA,NA,NA,NA,NA,NA,NA,NA,NA,NA,NA,NA,NA,NA,NA,NA,NA,NA,NA,NA,NA,NA,NA,NA,NA,NA,NA,NA,NA,NA,NA,NA,NA,NA,NA,NA,NA,NA,NA,NA,NA,NA,NA,NA,NA,NA,NA,NA,NA,NA,NA,NA
1994-03-31,NA,19111.919921875,NA,NA,NA,NA,NA,NA,NA,NA,NA,NA,NA,NA,0.553078651428223,NA,NA,NA,NA,NA,NA,NA,NA,NA,NA,NA,NA,NA,NA,NA,NA,NA,NA,NA,NA,NA,NA,NA,NA,NA,NA,NA,NA,NA,NA,NA,NA,NA,NA,NA,NA,NA,NA,NA,NA,NA,NA,NA,NA,NA,NA,NA,NA,NA,NA,NA,NA,NA,NA,NA,NA,NA,NA,NA,NA,NA,NA,NA,NA,NA,NA,NA,NA,NA,NA,NA,NA,NA,NA,NA,NA,NA,NA,NA,NA,NA,NA,NA,NA,NA,NA,NA,NA,NA,NA,NA,NA,NA,NA,NA,NA,NA,NA,NA,NA,NA,NA,NA,NA,NA,NA,NA,NA,NA,NA,NA,NA,NA,NA,NA,NA,NA,NA,NA,NA,NA,NA,NA,NA,NA,NA,NA,NA,NA,NA,NA,NA,NA,NA,NA,NA,NA,NA,NA,NA,NA,NA,NA,NA,NA,NA,NA,NA,NA,NA,NA,NA,NA,NA,NA,NA,NA,NA,NA,NA,NA,NA,NA,NA,NA,NA,NA,NA,NA,NA,NA,NA,NA,NA,NA,NA,NA,NA,NA,NA,NA,NA,NA,NA,NA
1994-04-30,NA,19725.25,NA,NA,NA,NA,NA,NA,NA,NA,NA,NA,NA,NA,0.64525842666626,NA,NA,NA,NA,NA,NA,NA,NA,NA,NA,NA,NA,NA,NA,NA,NA,NA,NA,NA,NA,NA,NA,NA,NA,NA,NA,NA,NA,NA,NA,NA,NA,NA,NA,NA,NA,NA,NA,NA,NA,NA,NA,NA,NA,NA,NA,NA,NA,NA,NA,NA,NA,NA,NA,NA,NA,NA,NA,NA,NA,NA,NA,NA,NA,NA,NA,NA,NA,NA,NA,NA,NA,NA,NA,NA,NA,NA,NA,NA,NA,NA,NA,NA,NA,NA,NA,NA,NA,NA,NA,NA,NA,NA,NA,NA,NA,NA,NA,NA,NA,NA,NA,NA,NA,NA,NA,NA,NA,NA,NA,NA,NA,NA,NA,NA,NA,NA,NA,NA,NA,NA,NA,NA,NA,NA,NA,NA,NA,NA,NA,NA,NA,NA,NA,NA,NA,NA,NA,NA,NA,NA,NA,NA,NA,NA,NA,NA,NA,NA,NA,NA,NA,NA,NA,NA,NA,NA,NA,NA,NA,NA,NA,NA,NA,NA,NA,NA,NA,NA,NA,NA,NA,NA,NA,NA,NA,NA,NA,NA,NA,NA,NA,NA,NA,NA
1994-05-31,NA,20973.58984375,NA,NA,NA,NA,NA,NA,NA,NA,NA,NA,NA,NA,1.47584652900696,NA,NA,NA,NA,NA,NA,NA,NA,NA,NA,NA,NA,NA,NA,NA,NA,NA,NA,NA,NA,NA,NA,NA,NA,NA,NA,NA,NA,NA,NA,NA,NA,NA,NA,NA,NA,NA,NA,NA,NA,NA,NA,NA,NA,NA,NA,NA,NA,NA,NA,NA,NA,NA,NA,NA,NA,NA,NA,NA,NA,NA,NA,NA,NA,NA,NA,NA,NA,NA,NA,NA,NA,NA,NA,NA,NA,NA,NA,NA,NA,NA,NA,NA,NA,NA,NA,NA,NA,NA,NA,NA,NA,NA,NA,NA,NA,NA,NA,NA,NA,NA,NA,NA,NA,NA,NA,NA,NA,NA,NA,NA,NA,NA,NA,NA,NA,NA,NA,NA,NA,NA,NA,NA,NA,NA,NA,NA,NA,NA,NA,NA,NA,NA,NA,NA,NA,NA,NA,NA,NA,NA,NA,NA,NA,NA,NA,NA,NA,NA,NA,NA,NA,NA,NA,NA,NA,NA,NA,NA,NA,NA,NA,NA,NA,NA,NA,NA,NA,NA,NA,NA,NA,NA,NA,NA,NA,NA,NA,NA,NA,NA,NA,NA,NA,NA
1994-06-30,NA,20643.9296875,NA,NA,NA,NA,NA,NA,NA,NA,NA,NA,NA,NA,1.50045537948608,NA,NA,NA,NA,NA,NA,NA,NA,NA,NA,NA,NA,NA,NA,NA,NA,NA,NA,NA,NA,NA,NA,NA,NA,NA,NA,NA,NA,NA,NA,NA,NA,NA,NA,NA,NA,NA,NA,NA,NA,NA,NA,NA,NA,NA,NA,NA,NA,NA,NA,NA,NA,NA,NA,NA,NA,NA,NA,NA,NA,NA,NA,NA,NA,NA,NA,NA,NA,NA,NA,NA,NA,NA,NA,NA,NA,NA,NA,NA,NA,NA,NA,NA,NA,NA,NA,NA,NA,NA,NA,NA,NA,NA,NA,NA,NA,NA,NA,NA,NA,NA,NA,NA,NA,NA,NA,NA,NA,NA,NA,NA,NA,NA,NA,NA,NA,NA,NA,NA,NA,NA,NA,NA,NA,NA,NA,NA,NA,NA,NA,NA,NA,NA,NA,NA,NA,NA,NA,NA,NA,NA,NA,NA,NA,NA,NA,NA,NA,NA,NA,NA,NA,NA,NA,NA,NA,NA,NA,NA,NA,NA,NA,NA,NA,NA,NA,NA,NA,NA,NA,NA,NA,NA,NA,NA,NA,NA,NA,NA,NA,NA,NA,NA,NA,NA
1994-07-31,NA,20449.390625,NA,NA,NA,NA,NA,NA,NA,NA,NA,NA,NA,NA,1.94634902477264,NA,NA,NA,NA,NA,NA,NA,NA,NA,NA,NA,NA,NA,NA,NA,NA,NA,NA,NA,NA,NA,NA,NA,NA,NA,NA,NA,NA,NA,NA,NA,NA,NA,NA,NA,NA,NA,NA,NA,NA,NA,NA,NA,NA,NA,NA,NA,NA,NA,NA,NA,NA,NA,NA,NA,NA,NA,NA,NA,NA,NA,NA,NA,NA,NA,NA,NA,NA,NA,NA,NA,NA,NA,NA,NA,NA,NA,NA,NA,NA,NA,NA,NA,NA,NA,NA,NA,NA,NA,NA,NA,NA,NA,NA,NA,NA,NA,NA,NA,NA,NA,NA,NA,NA,NA,NA,NA,NA,NA,NA,NA,NA,NA,NA,NA,NA,NA,NA,NA,NA,NA,NA,NA,NA,NA,NA,NA,NA,NA,NA,NA,NA,NA,NA,NA,NA,NA,NA,NA,NA,NA,NA,NA,NA,NA,NA,NA,NA,NA,NA,NA,NA,NA,NA,NA,NA,NA,NA,NA,NA,NA,NA,NA,NA,NA,NA,NA,NA,NA,NA,NA,NA,NA,NA,NA,NA,NA,NA,NA,NA,NA,NA,NA,NA,NA
1994-08-31,NA,20628.529296875,NA,NA,NA,NA,NA,NA,NA,NA,NA,NA,NA,NA,2.22072839736938,NA,NA,NA,NA,NA,NA,NA,NA,NA,NA,NA,NA,NA,NA,NA,NA,NA,NA,NA,NA,NA,NA,NA,NA,NA,NA,NA,NA,NA,NA,NA,NA,NA,NA,NA,NA,NA,NA,NA,NA,NA,NA,NA,NA,NA,NA,NA,NA,NA,NA,NA,NA,NA,NA,NA,NA,NA,NA,NA,NA,NA,NA,NA,NA,NA,NA,NA,NA,NA,NA,NA,NA,NA,NA,NA,NA,NA,NA,NA,NA,NA,NA,NA,NA,NA,NA,NA,NA,NA,NA,NA,NA,NA,NA,NA,NA,NA,NA,NA,NA,NA,NA,NA,NA,NA,NA,NA,NA,NA,NA,NA,NA,NA,NA,NA,NA,NA,NA,NA,NA,NA,NA,NA,NA,NA,NA,NA,NA,NA,NA,NA,NA,NA,NA,NA,NA,NA,NA,NA,NA,NA,NA,NA,NA,NA,NA,NA,NA,NA,NA,NA,NA,NA,NA,NA,NA,NA,NA,NA,NA,NA,NA,NA,NA,NA,NA,NA,NA,NA,NA,NA,NA,NA,NA,NA,NA,NA,NA,NA,NA,NA,NA,NA,NA,NA
1994-09-30,NA,19563.810546875,NA,NA,NA,NA,NA,NA,NA,NA,NA,NA,NA,NA,2.07497024536133,NA,NA,NA,NA,NA,NA,NA,NA,NA,NA,NA,NA,NA,NA,NA,NA,NA,NA,NA,NA,NA,NA,NA,NA,NA,NA,NA,NA,NA,NA,NA,NA,NA,NA,NA,NA,NA,NA,NA,NA,NA,NA,NA,NA,NA,NA,NA,NA,NA,NA,NA,NA,NA,NA,NA,NA,NA,NA,NA,NA,NA,NA,NA,NA,NA,NA,NA,NA,NA,NA,NA,NA,NA,NA,NA,NA,NA,NA,NA,NA,NA,NA,NA,NA,NA,NA,NA,NA,NA,NA,NA,NA,NA,NA,NA,NA,NA,NA,NA,NA,NA,NA,NA,NA,NA,NA,NA,NA,NA,NA,NA,NA,NA,NA,NA,NA,NA,NA,NA,NA,NA,NA,NA,NA,NA,NA,NA,NA,NA,NA,NA,NA,NA,NA,NA,NA,NA,NA,NA,NA,NA,NA,NA,NA,NA,NA,NA,NA,NA,NA,NA,NA,NA,NA,NA,NA,NA,NA,NA,NA,NA,NA,NA,NA,NA,NA,NA,NA,NA,NA,NA,NA,NA,NA,NA,NA,NA,NA,NA,NA,NA,NA,NA,NA,NA
1994-10-31,NA,19989.599609375,NA,NA,NA,NA,NA,NA,NA,NA,NA,NA,NA,NA,2.12644696235657,NA,NA,NA,NA,NA,NA,NA,NA,NA,NA,NA,NA,NA,NA,NA,NA,NA,NA,NA,NA,NA,NA,NA,NA,NA,NA,NA,NA,NA,NA,25.9224166870117,NA,NA,NA,NA,NA,NA,NA,NA,NA,NA,NA,NA,NA,NA,NA,NA,NA,NA,NA,NA,NA,NA,NA,NA,NA,NA,NA,NA,NA,NA,NA,NA,NA,NA,NA,NA,NA,NA,NA,NA,NA,NA,NA,NA,NA,NA,NA,NA,NA,NA,NA,NA,NA,NA,NA,NA,NA,NA,NA,NA,NA,NA,NA,NA,NA,NA,NA,NA,NA,NA,NA,NA,NA,NA,NA,NA,NA,NA,NA,NA,NA,NA,NA,NA,NA,NA,NA,NA,NA,NA,NA,NA,NA,NA,NA,NA,NA,NA,NA,NA,NA,NA,NA,NA,NA,NA,NA,NA,NA,NA,NA,NA,NA,NA,NA,NA,NA,NA,NA,NA,NA,NA,NA,NA,NA,NA,NA,NA,NA,NA,NA,NA,NA,NA,NA,NA,NA,NA,NA,NA,NA,NA,NA,NA,NA,NA,NA,NA,NA,NA,NA,NA,NA,NA
1994-11-30,NA,19075.619140625,NA,NA,NA,NA,NA,NA,NA,NA,NA,NA,NA,NA,2.29788780212402,NA,NA,NA,NA,NA,NA,NA,NA,NA,NA,NA,NA,NA,NA,NA,NA,NA,NA,NA,NA,NA,NA,NA,NA,NA,NA,NA,NA,NA,NA,25.0353374481201,NA,NA,NA,NA,NA,NA,NA,NA,NA,NA,NA,NA,NA,NA,NA,NA,NA,NA,NA,NA,NA,NA,NA,NA,NA,NA,NA,NA,NA,NA,NA,NA,NA,NA,NA,NA,NA,NA,NA,NA,NA,NA,NA,NA,NA,NA,NA,NA,NA,NA,NA,NA,NA,NA,NA,NA,NA,NA,NA,NA,NA,NA,NA,NA,NA,NA,NA,NA,NA,NA,NA,NA,NA,NA,NA,NA,NA,NA,NA,NA,NA,NA,NA,NA,NA,NA,NA,NA,NA,NA,NA,NA,NA,NA,NA,NA,NA,NA,NA,NA,NA,NA,NA,NA,NA,NA,NA,NA,NA,NA,NA,NA,NA,NA,NA,NA,NA,NA,NA,NA,NA,NA,NA,NA,NA,NA,NA,NA,NA,NA,NA,NA,NA,NA,NA,NA,NA,NA,NA,NA,NA,NA,NA,NA,NA,NA,NA,NA,NA,NA,NA,NA,NA,NA
1994-12-31,NA,19723.060546875,NA,NA,NA,NA,NA,NA,NA,NA,NA,NA,NA,NA,2.45220708847046,NA,NA,NA,NA,NA,NA,NA,NA,NA,NA,NA,NA,NA,NA,NA,NA,NA,NA,NA,NA,NA,NA,NA,NA,NA,NA,NA,NA,NA,NA,23.0981273651123,NA,NA,NA,NA,NA,NA,NA,NA,NA,NA,NA,NA,NA,NA,NA,NA,NA,NA,NA,NA,NA,NA,NA,NA,NA,NA,NA,NA,NA,NA,NA,NA,NA,NA,NA,NA,NA,NA,NA,NA,NA,NA,NA,NA,NA,NA,NA,NA,NA,NA,NA,NA,NA,NA,NA,NA,NA,NA,NA,NA,NA,NA,NA,NA,NA,NA,NA,NA,NA,NA,NA,NA,NA,NA,NA,NA,NA,NA,NA,NA,NA,NA,NA,NA,NA,NA,NA,NA,NA,NA,NA,NA,NA,NA,NA,NA,NA,NA,NA,NA,NA,NA,NA,NA,NA,NA,NA,NA,NA,NA,NA,NA,NA,NA,NA,NA,NA,NA,NA,NA,NA,NA,NA,NA,NA,NA,NA,NA,NA,NA,NA,NA,NA,NA,NA,NA,NA,NA,NA,NA,NA,NA,NA,NA,NA,NA,NA,NA,NA,NA,NA,NA,NA,NA
1995-01-31,NA,18649.8203125,NA,NA,NA,NA,NA,NA,NA,NA,NA,NA,NA,NA,1.85205221176147,NA,NA,NA,NA,NA,NA,NA,NA,NA,NA,NA,NA,NA,NA,NA,NA,NA,NA,NA,NA,NA,NA,NA,NA,NA,NA,NA,NA,NA,NA,18.2613410949707,NA,NA,NA,NA,NA,NA,NA,NA,NA,NA,NA,NA,NA,NA,NA,NA,NA,NA,NA,NA,NA,NA,NA,NA,NA,NA,NA,NA,NA,NA,NA,NA,NA,NA,NA,NA,NA,NA,NA,NA,NA,NA,NA,NA,NA,NA,NA,NA,NA,NA,NA,NA,NA,NA,NA,NA,NA,NA,NA,NA,NA,NA,NA,NA,NA,NA,NA,NA,NA,NA,NA,NA,NA,NA,NA,NA,NA,NA,NA,NA,NA,NA,NA,NA,NA,NA,NA,NA,NA,NA,NA,NA,NA,NA,NA,NA,NA,NA,NA,NA,NA,NA,NA,NA,NA,NA,NA,NA,NA,NA,NA,NA,NA,NA,NA,NA,NA,NA,NA,NA,NA,NA,NA,NA,NA,NA,NA,NA,NA,NA,NA,NA,NA,NA,NA,NA,NA,NA,NA,NA,NA,NA,NA,NA,NA,NA,NA,NA,NA,NA,NA,NA,NA,NA
1995-02-28,NA,17053.4296875,NA,NA,NA,NA,NA,NA,NA,NA,NA,NA,NA,NA,1.93777298927307,NA,NA,NA,NA,NA,NA,NA,NA,NA,NA,NA,NA,NA,NA,NA,NA,NA,NA,NA,NA,NA,NA,NA,NA,NA,NA,NA,NA,NA,NA,20.1368293762207,NA,NA,NA,NA,NA,NA,NA,NA,NA,NA,NA,NA,NA,NA,NA,NA,NA,NA,NA,NA,NA,NA,NA,NA,NA,NA,NA,NA,NA,NA,NA,NA,NA,NA,NA,NA,NA,NA,NA,NA,NA,NA,NA,NA,NA,NA,NA,NA,NA,NA,NA,NA,NA,NA,NA,NA,NA,NA,NA,NA,NA,NA,NA,NA,NA,NA,NA,NA,NA,NA,NA,NA,NA,NA,NA,NA,NA,NA,NA,NA,NA,NA,NA,NA,NA,NA,NA,NA,NA,NA,NA,NA,NA,NA,NA,NA,NA,NA,NA,NA,NA,NA,NA,NA,NA,NA,NA,NA,NA,NA,NA,NA,NA,NA,NA,NA,NA,NA,NA,NA,NA,NA,NA,NA,NA,NA,NA,NA,NA,NA,NA,NA,NA,NA,NA,NA,NA,NA,NA,NA,NA,NA,NA,NA,NA,NA,NA,NA,NA,NA,NA,NA,NA,NA
1995-03-31,NA,16139.9501953125,NA,NA,NA,NA,NA,NA,NA,NA,NA,NA,NA,NA,2.40940237045288,NA,NA,NA,NA,NA,NA,NA,NA,NA,NA,NA,NA,NA,NA,NA,NA,NA,NA,NA,NA,NA,NA,NA,NA,NA,NA,NA,NA,NA,NA,22.8019981384277,NA,NA,NA,NA,NA,NA,NA,NA,NA,NA,NA,NA,NA,NA,NA,NA,NA,NA,NA,NA,NA,NA,NA,NA,NA,NA,NA,NA,NA,NA,NA,NA,NA,NA,NA,NA,NA,NA,NA,NA,NA,NA,NA,NA,NA,NA,NA,NA,NA,NA,NA,NA,NA,NA,NA,NA,NA,NA,NA,NA,NA,NA,NA,NA,NA,NA,NA,NA,NA,NA,NA,NA,NA,NA,NA,NA,NA,NA,NA,NA,NA,NA,NA,NA,NA,NA,NA,NA,NA,NA,NA,NA,NA,NA,NA,NA,NA,NA,NA,NA,NA,NA,NA,NA,NA,NA,NA,NA,NA,NA,NA,NA,NA,NA,NA,NA,NA,NA,NA,NA,NA,NA,NA,NA,NA,NA,NA,NA,NA,NA,NA,NA,NA,NA,NA,NA,NA,NA,NA,NA,NA,NA,NA,NA,NA,NA,NA,NA,NA,NA,NA,NA,NA,NA
1995-04-30,NA,16806.75,NA,NA,NA,NA,NA,NA,NA,NA,NA,NA,NA,NA,2.39216923713684,NA,NA,NA,NA,NA,NA,NA,NA,NA,NA,NA,NA,NA,NA,NA,NA,NA,NA,NA,NA,NA,NA,NA,NA,NA,NA,NA,NA,NA,NA,21.8148975372314,NA,NA,NA,NA,NA,NA,NA,NA,NA,NA,NA,NA,NA,NA,NA,NA,NA,NA,NA,NA,NA,NA,NA,NA,NA,NA,NA,NA,NA,NA,NA,NA,NA,NA,NA,NA,NA,NA,NA,NA,NA,NA,NA,NA,NA,NA,NA,NA,NA,NA,NA,NA,NA,NA,NA,NA,NA,NA,NA,NA,NA,NA,NA,NA,NA,NA,NA,NA,NA,NA,NA,NA,NA,NA,NA,NA,NA,NA,NA,NA,NA,NA,NA,NA,NA,NA,NA,NA,NA,NA,NA,NA,NA,NA,NA,NA,NA,NA,NA,NA,NA,NA,NA,NA,NA,NA,NA,NA,NA,NA,NA,NA,NA,NA,NA,NA,NA,NA,NA,NA,NA,NA,NA,NA,NA,NA,NA,NA,NA,NA,NA,NA,NA,NA,NA,NA,NA,NA,NA,NA,NA,NA,NA,NA,NA,NA,NA,NA,NA,NA,NA,NA,NA,NA
1995-05-31,NA,15436.7900390625,NA,NA,NA,NA,NA,NA,NA,NA,NA,NA,NA,NA,2.47800135612488,NA,NA,NA,NA,NA,NA,NA,NA,NA,NA,NA,NA,NA,NA,NA,NA,NA,NA,NA,NA,NA,NA,NA,NA,NA,NA,NA,NA,NA,NA,22.308443069458,NA,NA,NA,NA,NA,NA,NA,NA,NA,NA,NA,NA,NA,NA,NA,NA,NA,NA,NA,NA,NA,NA,NA,NA,NA,NA,NA,NA,NA,NA,NA,NA,NA,NA,NA,NA,NA,NA,NA,NA,NA,NA,NA,NA,NA,NA,NA,NA,NA,NA,NA,NA,NA,NA,NA,NA,NA,NA,NA,NA,NA,NA,NA,NA,NA,NA,NA,NA,NA,NA,NA,NA,NA,NA,NA,NA,NA,NA,NA,NA,NA,NA,NA,NA,NA,NA,NA,NA,NA,NA,NA,NA,NA,NA,NA,NA,NA,NA,NA,NA,NA,NA,NA,NA,NA,NA,NA,NA,NA,NA,NA,NA,NA,NA,NA,NA,NA,NA,NA,NA,NA,NA,NA,NA,NA,NA,NA,NA,NA,NA,NA,NA,NA,NA,NA,NA,NA,NA,NA,NA,NA,NA,NA,NA,NA,NA,NA,NA,NA,NA,NA,NA,NA,NA
1995-06-30,NA,14517.400390625,NA,NA,NA,NA,NA,NA,NA,NA,NA,NA,NA,NA,2.48656177520752,NA,NA,NA,NA,NA,NA,NA,NA,NA,NA,NA,NA,NA,NA,NA,NA,NA,NA,NA,NA,NA,NA,NA,NA,NA,NA,NA,NA,NA,NA,23.2955455780029,NA,NA,NA,NA,NA,NA,NA,NA,NA,NA,NA,NA,NA,NA,NA,NA,NA,NA,NA,NA,NA,NA,NA,NA,NA,NA,NA,NA,NA,NA,NA,NA,NA,NA,NA,NA,NA,NA,NA,NA,NA,NA,NA,NA,NA,NA,NA,NA,NA,NA,NA,NA,NA,NA,NA,NA,NA,NA,NA,NA,NA,NA,NA,NA,NA,NA,NA,NA,NA,NA,NA,NA,NA,NA,NA,NA,NA,NA,NA,NA,NA,NA,NA,NA,NA,NA,NA,NA,NA,NA,NA,NA,NA,NA,NA,NA,NA,NA,NA,NA,NA,NA,NA,NA,NA,NA,NA,NA,NA,NA,NA,NA,NA,NA,NA,NA,NA,NA,NA,NA,NA,NA,NA,NA,NA,NA,NA,NA,NA,NA,NA,NA,NA,NA,NA,NA,NA,NA,NA,NA,NA,NA,NA,NA,NA,NA,NA,NA,NA,NA,NA,NA,NA,NA
1995-07-31,NA,16677.529296875,NA,NA,NA,NA,NA,NA,NA,NA,NA,NA,NA,NA,1.98924922943115,NA,NA,NA,NA,NA,NA,NA,NA,NA,NA,NA,NA,NA,NA,NA,NA,NA,NA,NA,NA,NA,NA,NA,NA,NA,NA,NA,NA,NA,NA,26.4542598724365,NA,NA,NA,NA,NA,NA,NA,NA,NA,NA,NA,NA,NA,NA,NA,NA,NA,NA,NA,NA,NA,NA,NA,NA,NA,NA,NA,NA,NA,NA,NA,NA,NA,NA,NA,NA,NA,NA,NA,NA,NA,NA,NA,NA,NA,NA,NA,NA,NA,NA,NA,NA,NA,NA,NA,NA,NA,NA,NA,NA,NA,NA,NA,NA,NA,NA,NA,NA,NA,NA,NA,NA,NA,NA,NA,NA,NA,NA,NA,NA,NA,NA,NA,NA,NA,NA,NA,NA,NA,NA,NA,NA,NA,NA,NA,NA,NA,NA,NA,NA,NA,NA,NA,NA,NA,NA,NA,NA,NA,NA,NA,NA,NA,NA,NA,NA,NA,NA,NA,NA,NA,NA,NA,NA,NA,NA,NA,NA,NA,NA,NA,NA,NA,NA,NA,NA,NA,NA,NA,NA,NA,NA,NA,NA,NA,NA,NA,NA,NA,NA,NA,NA,NA,NA
1995-08-31,NA,18117.220703125,NA,NA,NA,NA,NA,NA,NA,NA,NA,NA,NA,NA,1.48337638378143,NA,NA,NA,NA,NA,NA,NA,NA,NA,NA,NA,NA,NA,NA,NA,NA,NA,NA,NA,NA,NA,NA,NA,NA,NA,NA,NA,NA,NA,NA,24.874906539917,NA,NA,NA,NA,NA,NA,NA,NA,NA,NA,NA,NA,NA,NA,NA,NA,NA,NA,NA,NA,NA,NA,NA,NA,NA,NA,NA,NA,NA,NA,NA,NA,NA,NA,NA,NA,NA,NA,NA,NA,NA,NA,NA,NA,NA,NA,NA,NA,NA,NA,NA,NA,NA,NA,NA,NA,NA,NA,NA,NA,NA,NA,NA,NA,NA,NA,NA,NA,NA,NA,NA,NA,NA,NA,NA,NA,NA,NA,NA,NA,NA,NA,NA,NA,NA,NA,NA,NA,NA,NA,NA,NA,NA,NA,NA,NA,NA,NA,NA,NA,NA,NA,NA,NA,NA,NA,NA,NA,NA,NA,NA,NA,NA,NA,NA,NA,NA,NA,NA,NA,NA,NA,NA,NA,NA,NA,NA,NA,NA,NA,NA,NA,NA,NA,NA,NA,NA,NA,NA,NA,NA,NA,NA,NA,NA,NA,NA,NA,NA,NA,NA,NA,NA,NA
1995-09-30,NA,17913.060546875,NA,NA,NA,NA,NA,NA,NA,NA,NA,NA,NA,NA,1.75779294967651,NA,NA,NA,NA,NA,NA,NA,NA,NA,NA,NA,NA,NA,NA,NA,NA,NA,NA,NA,NA,NA,NA,NA,NA,NA,NA,NA,NA,NA,NA,25.9607181549072,NA,NA,NA,NA,NA,NA,NA,NA,NA,NA,NA,NA,NA,NA,NA,NA,NA,NA,NA,NA,NA,NA,NA,NA,NA,NA,NA,NA,NA,NA,NA,NA,NA,NA,NA,NA,NA,NA,NA,NA,NA,NA,NA,NA,NA,NA,NA,NA,NA,NA,NA,NA,NA,NA,NA,NA,NA,NA,NA,NA,NA,NA,NA,NA,NA,NA,NA,NA,NA,NA,NA,NA,NA,NA,NA,NA,NA,NA,NA,NA,NA,NA,NA,NA,NA,NA,NA,NA,NA,NA,NA,NA,NA,NA,NA,NA,NA,NA,NA,NA,NA,NA,NA,NA,NA,NA,NA,NA,NA,NA,NA,NA,NA,NA,NA,NA,NA,NA,NA,NA,NA,NA,NA,NA,NA,NA,NA,NA,NA,NA,NA,NA,NA,NA,NA,NA,NA,NA,NA,NA,NA,NA,NA,NA,NA,NA,NA,NA,NA,NA,NA,NA,NA,NA
1995-10-31,NA,17654.640625,NA,NA,NA,NA,NA,NA,NA,NA,NA,NA,NA,NA,1.86068022251129,NA,NA,NA,NA,NA,NA,NA,NA,NA,NA,NA,NA,NA,NA,NA,NA,NA,NA,NA,NA,NA,NA,NA,NA,NA,NA,NA,NA,NA,NA,20.3342514038086,NA,NA,NA,NA,NA,NA,NA,NA,NA,NA,NA,NA,NA,NA,NA,NA,NA,NA,NA,NA,NA,NA,NA,NA,NA,NA,NA,NA,NA,NA,NA,NA,NA,NA,NA,NA,NA,NA,NA,NA,NA,NA,NA,NA,NA,NA,NA,NA,NA,NA,NA,NA,NA,NA,NA,NA,NA,NA,NA,NA,NA,NA,NA,NA,NA,NA,NA,NA,NA,NA,NA,NA,NA,NA,NA,NA,NA,NA,NA,NA,NA,NA,NA,NA,NA,NA,NA,NA,NA,NA,NA,NA,NA,NA,NA,NA,NA,NA,NA,NA,NA,NA,NA,NA,NA,NA,NA,NA,NA,NA,NA,NA,NA,NA,NA,NA,NA,NA,NA,NA,NA,NA,NA,NA,NA,NA,NA,NA,NA,NA,NA,NA,NA,NA,NA,NA,NA,NA,NA,NA,NA,NA,NA,NA,NA,NA,NA,NA,NA,NA,NA,NA,NA,NA
1995-11-30,NA,18744.419921875,NA,NA,NA,NA,NA,NA,NA,NA,NA,NA,NA,NA,1.48337638378143,NA,NA,NA,NA,NA,NA,NA,NA,NA,NA,NA,NA,NA,NA,NA,NA,NA,NA,NA,NA,NA,NA,NA,NA,NA,NA,NA,NA,NA,NA,19.3471527099609,NA,NA,NA,NA,NA,NA,NA,NA,NA,NA,NA,NA,NA,NA,NA,NA,NA,NA,NA,NA,NA,NA,NA,NA,NA,NA,NA,NA,NA,NA,NA,NA,NA,NA,NA,NA,NA,NA,NA,NA,NA,NA,NA,NA,NA,NA,NA,NA,NA,NA,NA,NA,NA,NA,NA,NA,NA,NA,NA,NA,NA,NA,NA,NA,NA,NA,NA,NA,NA,NA,NA,NA,NA,NA,NA,NA,NA,NA,NA,NA,NA,NA,NA,NA,NA,NA,NA,NA,NA,NA,NA,NA,NA,NA,NA,NA,NA,NA,NA,NA,NA,NA,NA,NA,NA,NA,NA,NA,NA,NA,NA,NA,NA,NA,NA,NA,NA,NA,NA,NA,NA,NA,NA,NA,NA,NA,NA,NA,NA,NA,NA,NA,NA,NA,NA,NA,NA,NA,NA,NA,NA,NA,NA,NA,NA,NA,NA,NA,NA,NA,NA,NA,NA,NA
1995-12-31,NA,19868.150390625,NA,NA,NA,NA,NA,NA,NA,NA,NA,NA,NA,NA,1.74051547050476,NA,NA,NA,NA,NA,NA,NA,NA,NA,NA,NA,NA,NA,NA,NA,NA,NA,NA,NA,NA,NA,NA,NA,NA,NA,NA,NA,NA,NA,NA,17.3170490264893,NA,NA,NA,NA,NA,NA,NA,NA,NA,NA,NA,NA,NA,NA,NA,NA,NA,NA,NA,NA,NA,NA,NA,NA,NA,NA,NA,NA,NA,NA,NA,NA,NA,NA,NA,NA,NA,NA,NA,NA,NA,NA,NA,NA,NA,NA,NA,NA,NA,NA,NA,NA,NA,NA,NA,NA,NA,NA,NA,NA,NA,NA,NA,NA,NA,NA,NA,NA,NA,NA,NA,NA,NA,NA,NA,NA,NA,NA,NA,NA,NA,NA,NA,NA,NA,NA,NA,NA,NA,NA,NA,NA,NA,NA,NA,NA,NA,NA,NA,NA,NA,NA,NA,NA,NA,NA,NA,NA,NA,NA,NA,NA,NA,NA,NA,NA,NA,NA,NA,NA,NA,NA,NA,NA,NA,NA,NA,NA,NA,NA,NA,NA,NA,NA,NA,NA,NA,NA,NA,NA,NA,NA,NA,NA,NA,NA,NA,NA,NA,NA,NA,NA,NA,NA
1996-01-31,NA,20812.740234375,NA,NA,NA,NA,NA,NA,NA,NA,NA,NA,NA,NA,1.48337638378143,NA,NA,NA,NA,NA,NA,NA,NA,NA,NA,NA,NA,NA,NA,NA,NA,NA,NA,NA,NA,NA,NA,NA,NA,NA,NA,NA,NA,NA,NA,17.910774230957,NA,NA,NA,NA,NA,NA,NA,NA,NA,NA,NA,NA,NA,NA,NA,NA,NA,NA,NA,NA,NA,NA,NA,NA,NA,NA,NA,NA,NA,NA,NA,NA,NA,NA,NA,NA,NA,NA,NA,NA,NA,NA,NA,NA,NA,NA,NA,NA,NA,NA,NA,NA,NA,NA,NA,NA,NA,NA,NA,NA,NA,NA,NA,NA,NA,NA,NA,NA,NA,NA,NA,NA,NA,NA,NA,NA,NA,NA,NA,NA,NA,NA,NA,NA,NA,NA,NA,NA,NA,NA,NA,NA,NA,NA,NA,NA,NA,NA,NA,NA,NA,NA,NA,NA,NA,NA,NA,NA,NA,NA,NA,NA,NA,NA,NA,NA,NA,NA,NA,NA,NA,NA,NA,NA,NA,NA,NA,NA,NA,NA,NA,NA,NA,NA,NA,NA,NA,NA,NA,NA,NA,NA,NA,NA,NA,NA,NA,NA,NA,NA,NA,NA,NA,NA
1996-02-29,NA,20125.369140625,NA,NA,NA,NA,NA,NA,NA,NA,NA,NA,NA,NA,1.17471551895142,NA,NA,NA,NA,NA,NA,NA,NA,NA,NA,NA,NA,NA,NA,NA,NA,NA,NA,NA,NA,NA,NA,NA,NA,NA,NA,NA,NA,NA,NA,19.7909107208252,NA,NA,NA,NA,NA,NA,NA,NA,NA,NA,NA,NA,NA,NA,NA,NA,NA,NA,NA,NA,NA,NA,NA,NA,NA,NA,NA,NA,NA,NA,NA,NA,NA,NA,NA,NA,NA,NA,NA,NA,NA,NA,NA,NA,NA,NA,NA,NA,NA,NA,NA,NA,NA,NA,NA,NA,NA,NA,NA,NA,NA,NA,NA,NA,NA,NA,NA,NA,NA,NA,NA,NA,NA,NA,NA,NA,NA,NA,NA,NA,NA,NA,NA,NA,NA,NA,NA,NA,NA,NA,NA,NA,NA,NA,NA,NA,NA,NA,NA,NA,NA,NA,NA,NA,NA,NA,NA,NA,NA,NA,NA,NA,NA,NA,NA,NA,NA,NA,NA,NA,NA,NA,NA,NA,NA,NA,NA,NA,NA,NA,NA,NA,NA,NA,NA,NA,NA,NA,NA,NA,NA,NA,NA,NA,NA,NA,NA,NA,NA,NA,NA,NA,NA,NA
1996-03-31,NA,21406.849609375,NA,NA,NA,NA,NA,NA,NA,NA,NA,NA,NA,NA,1.2690417766571,NA,NA,NA,NA,NA,NA,NA,NA,NA,NA,NA,NA,NA,NA,NA,NA,NA,NA,NA,NA,NA,NA,NA,NA,NA,NA,NA,NA,NA,NA,19.1971817016602,NA,NA,NA,NA,NA,NA,NA,NA,NA,NA,NA,NA,NA,NA,NA,NA,NA,NA,NA,NA,NA,NA,NA,NA,NA,NA,NA,NA,NA,NA,NA,NA,NA,NA,NA,NA,NA,NA,NA,NA,NA,NA,NA,NA,NA,NA,NA,NA,NA,NA,NA,NA,NA,NA,NA,NA,NA,NA,NA,NA,NA,NA,NA,NA,NA,NA,NA,NA,NA,NA,NA,NA,NA,NA,NA,NA,NA,NA,NA,NA,NA,NA,NA,NA,NA,NA,NA,NA,NA,NA,NA,NA,NA,NA,NA,NA,NA,NA,NA,NA,NA,NA,NA,NA,NA,NA,NA,NA,NA,NA,NA,NA,NA,NA,NA,NA,NA,NA,NA,NA,NA,NA,NA,NA,NA,NA,NA,NA,NA,NA,NA,NA,NA,NA,NA,NA,NA,NA,NA,NA,NA,NA,NA,NA,NA,NA,NA,NA,NA,NA,NA,NA,NA,NA
1996-04-30,NA,22041.30078125,NA,NA,NA,NA,NA,NA,NA,NA,NA,NA,NA,NA,1.45769333839417,NA,NA,NA,NA,NA,NA,NA,NA,NA,NA,NA,NA,NA,NA,NA,NA,NA,NA,NA,NA,NA,NA,NA,NA,NA,NA,NA,NA,NA,NA,21.769998550415,NA,NA,NA,NA,NA,NA,NA,NA,NA,NA,NA,NA,NA,NA,NA,NA,NA,NA,NA,NA,NA,NA,NA,NA,NA,NA,NA,NA,NA,NA,NA,NA,NA,NA,NA,NA,NA,NA,NA,NA,NA,NA,NA,NA,NA,NA,NA,NA,NA,NA,NA,NA,NA,NA,NA,NA,NA,NA,NA,NA,NA,NA,NA,NA,NA,NA,NA,NA,NA,NA,NA,NA,NA,NA,NA,NA,NA,NA,NA,NA,NA,NA,NA,NA,NA,NA,NA,NA,NA,NA,NA,NA,NA,NA,NA,NA,NA,NA,NA,NA,NA,NA,NA,NA,NA,NA,NA,NA,NA,NA,NA,NA,NA,NA,NA,NA,NA,NA,NA,NA,NA,NA,NA,NA,NA,NA,NA,NA,NA,NA,NA,NA,NA,NA,NA,NA,NA,NA,NA,NA,NA,NA,NA,NA,NA,NA,NA,NA,NA,NA,NA,NA,NA,NA
1996-05-31,NA,21956.189453125,NA,NA,NA,NA,NA,NA,NA,NA,NA,NA,NA,NA,1.48337638378143,NA,NA,NA,NA,NA,NA,NA,NA,NA,NA,NA,NA,NA,NA,NA,NA,NA,NA,NA,NA,NA,NA,NA,NA,NA,NA,NA,NA,NA,NA,20.8794078826904,NA,NA,NA,NA,NA,NA,NA,NA,NA,NA,NA,NA,NA,NA,NA,NA,NA,NA,NA,NA,NA,NA,NA,NA,NA,NA,NA,NA,NA,NA,NA,NA,NA,NA,NA,NA,NA,NA,NA,NA,NA,NA,NA,NA,NA,NA,NA,NA,NA,NA,NA,NA,NA,NA,NA,NA,NA,NA,NA,NA,NA,NA,NA,NA,NA,NA,NA,NA,NA,NA,NA,NA,NA,NA,NA,NA,NA,NA,NA,NA,NA,NA,NA,NA,NA,NA,NA,NA,NA,NA,NA,NA,NA,NA,NA,NA,NA,NA,NA,NA,NA,NA,NA,NA,NA,NA,NA,NA,NA,NA,NA,NA,NA,NA,NA,NA,NA,NA,NA,NA,NA,NA,NA,NA,NA,NA,NA,NA,NA,NA,NA,NA,NA,NA,NA,NA,NA,NA,NA,NA,NA,NA,NA,NA,NA,NA,NA,NA,NA,NA,NA,NA,NA,NA
1996-06-30,NA,22530.75,NA,NA,NA,NA,NA,NA,NA,NA,NA,NA,NA,NA,1.78347587585449,NA,NA,NA,NA,NA,NA,NA,NA,NA,NA,NA,NA,NA,NA,NA,NA,NA,NA,NA,NA,NA,NA,NA,NA,NA,NA,NA,NA,NA,NA,19.2961368560791,NA,NA,NA,NA,NA,NA,NA,NA,NA,NA,NA,NA,NA,NA,NA,NA,NA,NA,NA,NA,NA,NA,NA,NA,NA,NA,NA,NA,NA,NA,NA,NA,NA,NA,NA,NA,NA,NA,NA,NA,NA,NA,NA,NA,NA,NA,NA,NA,NA,NA,NA,NA,NA,NA,NA,NA,NA,NA,NA,NA,NA,NA,NA,NA,NA,NA,NA,NA,NA,NA,NA,NA,NA,NA,NA,NA,NA,NA,NA,NA,NA,NA,NA,NA,NA,NA,NA,NA,NA,NA,NA,NA,NA,NA,NA,NA,NA,NA,NA,NA,NA,NA,NA,NA,NA,NA,NA,NA,NA,NA,NA,NA,NA,NA,NA,NA,NA,NA,NA,NA,NA,NA,NA,NA,NA,NA,NA,NA,NA,NA,NA,NA,NA,NA,NA,NA,NA,NA,NA,NA,NA,NA,NA,NA,NA,NA,NA,NA,NA,NA,NA,NA,NA,NA
1996-07-31,NA,20692.830078125,NA,NA,NA,NA,NA,NA,NA,NA,NA,NA,NA,NA,1.90348482131958,NA,NA,NA,NA,NA,NA,NA,NA,NA,NA,NA,NA,NA,NA,NA,NA,NA,NA,NA,NA,NA,NA,NA,NA,NA,NA,NA,NA,NA,NA,18.603458404541,NA,NA,NA,NA,NA,NA,NA,NA,NA,NA,NA,NA,NA,NA,NA,NA,NA,NA,NA,NA,NA,NA,NA,NA,NA,NA,NA,NA,NA,NA,NA,NA,NA,NA,NA,NA,NA,NA,NA,NA,NA,NA,NA,NA,NA,NA,NA,NA,NA,NA,NA,NA,NA,NA,NA,NA,NA,NA,NA,NA,NA,NA,NA,NA,NA,NA,NA,NA,NA,NA,NA,NA,NA,NA,NA,NA,NA,NA,NA,NA,NA,NA,NA,NA,NA,NA,NA,NA,NA,NA,NA,NA,NA,NA,NA,NA,NA,NA,NA,NA,NA,NA,NA,NA,NA,NA,NA,NA,NA,NA,NA,NA,NA,NA,NA,NA,NA,NA,NA,NA,NA,NA,NA,NA,NA,NA,NA,NA,NA,NA,NA,NA,NA,NA,NA,NA,NA,NA,NA,NA,NA,NA,NA,NA,NA,NA,NA,NA,NA,NA,NA,NA,NA,NA
1996-08-31,NA,20166.900390625,NA,NA,NA,NA,NA,NA,NA,NA,NA,NA,NA,NA,2.19494533538818,NA,NA,NA,NA,NA,NA,NA,NA,NA,NA,NA,NA,NA,NA,NA,NA,NA,NA,NA,NA,NA,NA,NA,NA,NA,NA,NA,NA,NA,NA,17.3170490264893,NA,NA,NA,NA,NA,NA,NA,NA,NA,NA,NA,NA,NA,NA,NA,NA,NA,NA,NA,NA,NA,NA,NA,NA,NA,NA,NA,NA,NA,NA,NA,NA,NA,NA,NA,NA,NA,NA,NA,NA,NA,NA,NA,NA,NA,NA,NA,NA,NA,NA,NA,NA,NA,NA,NA,NA,NA,NA,NA,NA,NA,NA,NA,NA,NA,NA,NA,NA,NA,NA,NA,NA,NA,NA,NA,NA,NA,NA,NA,NA,NA,NA,NA,NA,NA,NA,NA,NA,NA,NA,NA,NA,NA,NA,NA,NA,NA,NA,NA,NA,NA,NA,NA,NA,NA,NA,NA,NA,NA,NA,NA,NA,NA,NA,NA,NA,NA,NA,NA,NA,NA,NA,NA,NA,NA,NA,NA,NA,NA,NA,NA,NA,NA,NA,NA,NA,NA,NA,NA,NA,NA,NA,NA,NA,NA,NA,NA,NA,NA,NA,NA,NA,NA,NA
1996-09-30,NA,21556.400390625,NA,NA,NA,NA,NA,NA,NA,NA,NA,NA,NA,NA,2.47792291641235,NA,NA,NA,NA,NA,NA,NA,NA,NA,NA,NA,NA,NA,NA,NA,NA,NA,NA,NA,NA,NA,NA,NA,NA,NA,NA,NA,NA,NA,NA,16.9212265014648,NA,NA,NA,NA,NA,NA,NA,NA,NA,NA,NA,NA,NA,NA,NA,NA,NA,NA,NA,NA,NA,NA,NA,NA,NA,NA,NA,NA,NA,NA,NA,NA,NA,NA,NA,NA,NA,NA,NA,NA,NA,NA,NA,NA,NA,NA,NA,NA,NA,NA,NA,NA,NA,NA,NA,NA,NA,NA,NA,NA,NA,NA,NA,NA,NA,NA,NA,NA,NA,NA,NA,NA,NA,NA,NA,NA,NA,NA,NA,NA,NA,NA,NA,NA,NA,NA,NA,NA,NA,NA,NA,NA,NA,NA,NA,NA,NA,NA,NA,NA,NA,NA,NA,NA,NA,NA,NA,NA,NA,NA,NA,NA,NA,NA,NA,NA,NA,NA,NA,NA,NA,NA,NA,NA,NA,NA,NA,NA,NA,NA,NA,NA,NA,NA,NA,NA,NA,NA,NA,NA,NA,NA,NA,NA,NA,NA,NA,NA,NA,NA,NA,NA,NA,NA
1996-10-31,NA,20466.859375,NA,NA,NA,NA,NA,NA,NA,NA,NA,NA,NA,NA,2.87227082252502,NA,NA,NA,NA,NA,NA,NA,NA,NA,NA,NA,NA,NA,NA,NA,NA,NA,NA,NA,NA,NA,NA,NA,NA,NA,NA,NA,NA,NA,NA,16.4264545440674,NA,NA,NA,NA,NA,NA,NA,NA,NA,NA,NA,NA,NA,NA,NA,NA,NA,NA,NA,NA,NA,NA,NA,NA,NA,NA,NA,NA,NA,NA,NA,NA,NA,NA,NA,NA,NA,NA,NA,NA,NA,NA,NA,NA,NA,NA,NA,NA,NA,NA,NA,NA,NA,NA,NA,NA,NA,NA,NA,NA,NA,NA,NA,NA,NA,NA,NA,NA,NA,NA,NA,NA,NA,NA,NA,NA,NA,NA,NA,NA,NA,NA,NA,NA,NA,NA,NA,NA,NA,NA,NA,NA,NA,NA,NA,NA,NA,NA,NA,NA,NA,NA,NA,NA,NA,NA,NA,NA,NA,NA,NA,NA,NA,NA,NA,NA,NA,NA,NA,NA,NA,NA,NA,NA,NA,NA,NA,NA,NA,NA,NA,NA,NA,NA,NA,NA,NA,NA,NA,NA,NA,NA,NA,NA,NA,NA,NA,NA,NA,NA,NA,NA,NA,NA
1996-11-30,NA,21020.359375,NA,NA,NA,NA,NA,NA,NA,NA,NA,NA,NA,NA,2.98387432098389,NA,NA,NA,NA,NA,NA,NA,NA,NA,NA,NA,NA,NA,NA,NA,NA,NA,NA,NA,NA,NA,NA,NA,NA,NA,NA,NA,NA,NA,NA,15.9316806793213,NA,NA,NA,NA,NA,NA,NA,NA,NA,NA,NA,NA,NA,NA,NA,NA,NA,NA,NA,NA,NA,NA,NA,NA,NA,NA,NA,NA,NA,NA,NA,NA,NA,NA,NA,NA,NA,NA,NA,NA,NA,NA,NA,NA,NA,NA,NA,NA,NA,NA,NA,NA,NA,NA,NA,NA,NA,NA,NA,NA,NA,NA,NA,NA,NA,NA,NA,NA,NA,NA,NA,NA,NA,NA,NA,NA,NA,NA,NA,NA,NA,NA,NA,NA,NA,NA,NA,NA,NA,NA,NA,NA,NA,NA,NA,NA,NA,NA,NA,NA,NA,NA,NA,NA,NA,NA,NA,NA,NA,NA,NA,NA,NA,NA,NA,NA,NA,NA,NA,NA,NA,NA,NA,NA,NA,NA,NA,NA,NA,NA,NA,NA,NA,NA,NA,NA,NA,NA,NA,NA,NA,NA,NA,NA,NA,NA,NA,NA,NA,NA,NA,NA,NA,NA
1996-12-31,NA,19361.349609375,NA,NA,NA,NA,NA,NA,NA,NA,NA,NA,NA,NA,2.92387127876282,NA,NA,NA,NA,NA,NA,NA,NA,NA,NA,NA,NA,NA,NA,NA,NA,NA,NA,NA,NA,NA,NA,NA,NA,NA,NA,NA,NA,NA,NA,16.2462387084961,NA,NA,NA,NA,NA,NA,NA,NA,NA,NA,NA,NA,NA,NA,NA,NA,NA,NA,NA,NA,NA,NA,NA,NA,NA,NA,NA,NA,NA,NA,NA,NA,NA,NA,NA,NA,NA,NA,NA,NA,NA,NA,NA,NA,NA,NA,NA,NA,NA,NA,NA,NA,NA,NA,NA,NA,NA,NA,NA,NA,NA,NA,NA,NA,NA,NA,NA,NA,NA,NA,NA,NA,NA,NA,NA,NA,NA,NA,NA,NA,NA,NA,NA,NA,NA,NA,NA,NA,NA,NA,NA,NA,NA,NA,NA,NA,NA,NA,NA,NA,NA,NA,NA,NA,NA,NA,NA,NA,NA,NA,NA,NA,NA,NA,NA,NA,NA,NA,NA,NA,NA,NA,NA,NA,NA,NA,NA,NA,NA,NA,NA,NA,NA,NA,NA,NA,NA,NA,NA,NA,NA,NA,NA,NA,NA,NA,NA,NA,NA,NA,NA,NA,NA,NA
1997-01-31,NA,18330.009765625,NA,NA,NA,NA,NA,NA,NA,NA,NA,NA,NA,NA,2.88954901695251,NA,NA,NA,NA,NA,NA,NA,NA,NA,NA,NA,NA,NA,NA,NA,NA,NA,NA,NA,NA,NA,NA,NA,NA,NA,NA,NA,NA,NA,NA,18.3522319793701,NA,NA,NA,NA,NA,NA,NA,NA,NA,NA,NA,NA,NA,NA,NA,NA,NA,NA,NA,NA,NA,NA,NA,NA,NA,NA,NA,NA,NA,NA,NA,NA,NA,NA,NA,NA,NA,NA,NA,NA,NA,NA,NA,NA,NA,NA,NA,NA,NA,NA,NA,NA,NA,NA,NA,NA,NA,NA,NA,NA,NA,NA,NA,NA,NA,NA,NA,NA,NA,NA,NA,NA,NA,NA,NA,NA,NA,NA,NA,NA,NA,NA,NA,NA,NA,NA,NA,NA,NA,NA,NA,NA,NA,NA,NA,NA,NA,NA,NA,NA,NA,NA,NA,NA,NA,NA,NA,NA,NA,NA,NA,NA,NA,NA,NA,NA,NA,NA,NA,NA,NA,NA,NA,NA,NA,NA,NA,NA,NA,NA,NA,NA,NA,NA,NA,NA,NA,NA,NA,NA,NA,NA,NA,NA,NA,NA,NA,NA,NA,NA,NA,NA,NA,NA
1997-02-28,NA,18557,NA,NA,NA,NA,NA,NA,NA,NA,NA,NA,NA,NA,3.57551312446594,NA,NA,NA,NA,NA,NA,NA,NA,NA,NA,NA,NA,NA,NA,NA,NA,NA,NA,NA,NA,NA,NA,NA,NA,NA,NA,NA,NA,NA,NA,15.6445226669312,NA,NA,NA,NA,NA,NA,NA,NA,NA,NA,NA,NA,NA,NA,NA,NA,NA,NA,NA,NA,NA,NA,NA,NA,NA,NA,NA,NA,NA,NA,NA,NA,NA,NA,NA,NA,NA,NA,NA,NA,NA,NA,NA,NA,NA,NA,NA,NA,NA,NA,NA,NA,NA,NA,NA,NA,NA,NA,NA,NA,NA,NA,NA,NA,NA,NA,NA,NA,NA,NA,NA,NA,NA,NA,NA,NA,NA,NA,NA,NA,NA,NA,NA,NA,NA,NA,NA,NA,NA,NA,NA,NA,NA,NA,NA,NA,NA,NA,NA,NA,NA,NA,NA,NA,NA,NA,NA,NA,NA,NA,NA,NA,NA,NA,NA,NA,NA,NA,NA,NA,NA,NA,NA,NA,NA,NA,NA,NA,NA,NA,NA,NA,NA,NA,NA,NA,NA,NA,NA,NA,NA,NA,NA,NA,NA,NA,NA,NA,NA,NA,NA,NA,NA,NA
1997-03-31,NA,18003.400390625,NA,NA,NA,NA,NA,NA,NA,NA,NA,NA,NA,NA,4.83583784103394,NA,NA,NA,NA,NA,NA,NA,NA,NA,NA,NA,NA,NA,NA,NA,NA,NA,NA,NA,NA,NA,NA,NA,NA,NA,NA,NA,NA,NA,NA,19.0542221069336,NA,NA,NA,NA,NA,NA,NA,NA,NA,NA,NA,NA,NA,NA,NA,NA,NA,NA,NA,NA,NA,NA,NA,NA,NA,NA,NA,NA,NA,NA,NA,NA,NA,NA,NA,NA,NA,NA,NA,NA,NA,NA,NA,NA,NA,NA,NA,NA,NA,NA,NA,NA,NA,NA,NA,NA,NA,NA,NA,NA,NA,NA,NA,NA,NA,NA,NA,NA,NA,NA,NA,NA,NA,NA,NA,NA,NA,NA,NA,NA,NA,NA,NA,NA,NA,NA,NA,NA,NA,NA,NA,NA,NA,NA,NA,NA,NA,NA,NA,NA,NA,NA,NA,NA,NA,NA,NA,NA,NA,NA,NA,NA,NA,NA,NA,NA,NA,NA,NA,NA,NA,NA,NA,NA,NA,NA,NA,NA,NA,NA,NA,NA,NA,NA,NA,NA,NA,NA,NA,NA,NA,NA,NA,NA,NA,NA,NA,NA,NA,NA,NA,NA,NA,NA
1997-04-30,NA,19151.119140625,NA,NA,NA,NA,NA,NA,NA,NA,NA,NA,NA,NA,5.82182359695435,NA,NA,NA,NA,NA,NA,NA,NA,NA,NA,NA,NA,NA,NA,NA,NA,NA,NA,NA,NA,NA,NA,NA,NA,NA,NA,NA,NA,NA,NA,19.3550815582275,NA,NA,NA,NA,NA,NA,NA,NA,NA,NA,NA,NA,NA,NA,NA,NA,NA,NA,NA,NA,NA,NA,NA,NA,NA,NA,NA,NA,NA,NA,NA,NA,NA,NA,NA,NA,NA,NA,NA,NA,NA,NA,NA,NA,NA,NA,NA,NA,NA,NA,NA,NA,NA,NA,NA,NA,NA,NA,NA,NA,NA,NA,NA,NA,NA,NA,NA,NA,NA,NA,NA,NA,NA,NA,NA,NA,NA,NA,NA,NA,NA,NA,NA,NA,NA,NA,NA,NA,NA,NA,NA,NA,NA,NA,NA,NA,NA,NA,NA,NA,NA,NA,NA,NA,NA,NA,NA,NA,NA,NA,NA,NA,NA,NA,NA,NA,NA,NA,NA,NA,NA,NA,NA,NA,NA,NA,NA,NA,NA,NA,NA,NA,NA,NA,NA,NA,NA,NA,NA,NA,NA,NA,NA,NA,NA,NA,NA,NA,NA,NA,NA,NA,NA,NA
1997-05-31,NA,20068.810546875,NA,NA,NA,NA,NA,NA,NA,NA,NA,NA,NA,NA,5.39315462112427,NA,NA,NA,NA,NA,NA,NA,NA,NA,NA,NA,NA,NA,NA,NA,NA,NA,NA,NA,NA,NA,NA,NA,NA,NA,NA,NA,NA,NA,NA,23.2662143707275,NA,NA,NA,NA,NA,NA,NA,NA,NA,NA,NA,NA,NA,NA,NA,NA,NA,NA,NA,NA,NA,NA,NA,NA,NA,NA,NA,NA,NA,NA,NA,NA,NA,NA,NA,NA,NA,NA,NA,NA,NA,NA,NA,NA,NA,NA,NA,NA,NA,NA,NA,NA,NA,NA,NA,NA,NA,NA,NA,NA,NA,NA,NA,NA,NA,NA,NA,NA,NA,NA,NA,NA,NA,NA,NA,NA,NA,NA,NA,NA,NA,NA,NA,NA,NA,NA,NA,NA,NA,NA,NA,NA,NA,NA,NA,NA,NA,NA,NA,NA,NA,NA,NA,NA,NA,NA,NA,NA,NA,NA,NA,NA,NA,NA,NA,NA,NA,NA,NA,NA,NA,NA,NA,NA,NA,NA,NA,NA,NA,NA,NA,NA,NA,NA,NA,NA,NA,NA,NA,NA,NA,NA,NA,NA,NA,NA,NA,NA,NA,NA,NA,NA,NA,NA
1997-06-30,NA,20604.9609375,NA,NA,NA,NA,NA,NA,NA,NA,NA,NA,NA,NA,7.36536026000977,NA,NA,NA,NA,NA,NA,NA,NA,NA,NA,NA,NA,NA,NA,NA,NA,NA,NA,NA,NA,NA,NA,NA,NA,NA,NA,NA,NA,NA,NA,25.6730632781982,NA,NA,NA,NA,NA,NA,NA,NA,NA,NA,NA,NA,NA,NA,NA,NA,NA,NA,NA,NA,NA,NA,NA,NA,NA,NA,NA,NA,NA,NA,NA,NA,NA,NA,NA,NA,NA,NA,NA,NA,NA,NA,NA,NA,NA,NA,NA,NA,NA,NA,NA,NA,NA,NA,NA,NA,NA,NA,NA,NA,NA,NA,NA,NA,NA,NA,NA,NA,NA,NA,NA,NA,NA,NA,NA,NA,NA,NA,NA,NA,NA,NA,NA,NA,NA,NA,NA,NA,NA,NA,NA,NA,NA,NA,NA,NA,NA,NA,NA,NA,NA,NA,NA,NA,NA,NA,NA,NA,NA,NA,NA,NA,NA,NA,NA,NA,NA,NA,NA,NA,NA,NA,NA,NA,NA,NA,NA,NA,NA,NA,NA,NA,NA,NA,NA,NA,NA,NA,NA,NA,NA,NA,NA,NA,NA,NA,NA,NA,NA,NA,NA,NA,NA,NA
1997-07-31,NA,20331.4296875,NA,NA,NA,NA,NA,NA,NA,NA,NA,NA,NA,NA,13.2814655303955,NA,NA,NA,NA,NA,NA,NA,NA,NA,NA,NA,NA,NA,NA,NA,NA,NA,NA,NA,NA,NA,NA,NA,NA,NA,NA,NA,NA,NA,NA,22.8650684356689,NA,NA,NA,NA,NA,NA,NA,NA,NA,NA,NA,NA,NA,NA,NA,NA,NA,NA,NA,NA,NA,NA,NA,NA,NA,NA,NA,NA,NA,NA,NA,NA,NA,NA,NA,NA,NA,NA,NA,NA,NA,NA,NA,NA,NA,NA,NA,NA,NA,NA,NA,NA,NA,NA,NA,NA,NA,NA,NA,NA,NA,NA,NA,NA,NA,NA,NA,NA,NA,NA,NA,NA,NA,NA,NA,NA,NA,NA,NA,NA,NA,NA,NA,NA,NA,NA,NA,NA,NA,NA,NA,NA,NA,NA,NA,NA,NA,NA,NA,NA,NA,NA,NA,NA,NA,NA,NA,NA,NA,NA,NA,NA,NA,NA,NA,NA,NA,NA,NA,NA,NA,NA,NA,NA,NA,NA,NA,NA,NA,NA,NA,NA,NA,NA,NA,NA,NA,NA,NA,NA,NA,NA,NA,NA,NA,NA,NA,NA,NA,NA,NA,NA,NA,NA
1997-08-31,NA,18229.419921875,NA,NA,NA,NA,NA,NA,NA,NA,NA,NA,NA,NA,13.5815334320068,NA,NA,NA,NA,NA,NA,NA,NA,NA,NA,NA,NA,NA,NA,NA,NA,NA,NA,NA,NA,NA,NA,NA,NA,NA,NA,NA,NA,NA,NA,20.7590770721436,NA,NA,NA,NA,NA,NA,NA,NA,NA,NA,NA,NA,NA,NA,NA,NA,NA,NA,NA,NA,NA,NA,NA,NA,NA,NA,NA,NA,NA,NA,NA,NA,NA,NA,NA,NA,NA,NA,NA,NA,NA,NA,NA,NA,NA,NA,NA,NA,NA,NA,NA,NA,NA,NA,NA,NA,NA,NA,NA,NA,NA,NA,NA,NA,NA,NA,NA,NA,NA,NA,NA,NA,NA,NA,NA,NA,NA,NA,NA,NA,NA,NA,NA,NA,NA,NA,NA,NA,NA,NA,NA,NA,NA,NA,NA,NA,NA,NA,NA,NA,NA,NA,NA,NA,NA,NA,NA,NA,NA,NA,NA,NA,NA,NA,NA,NA,NA,NA,NA,NA,NA,NA,NA,NA,NA,NA,NA,NA,NA,NA,NA,NA,NA,NA,NA,NA,NA,NA,NA,NA,NA,NA,NA,NA,NA,NA,NA,NA,NA,NA,NA,NA,NA,NA
1997-09-30,NA,17887.7109375,NA,NA,NA,NA,NA,NA,NA,NA,NA,NA,NA,NA,10.812273979187,NA,NA,NA,NA,NA,NA,NA,NA,NA,NA,NA,NA,NA,NA,NA,NA,NA,NA,NA,NA,NA,NA,NA,NA,NA,NA,NA,NA,NA,NA,20.6587924957275,NA,NA,NA,NA,NA,NA,NA,NA,NA,NA,NA,NA,NA,NA,NA,NA,NA,NA,NA,NA,NA,NA,NA,NA,NA,NA,NA,NA,NA,NA,NA,NA,NA,NA,NA,NA,NA,NA,NA,NA,NA,NA,NA,NA,NA,NA,NA,NA,NA,NA,NA,NA,NA,NA,NA,NA,NA,NA,NA,NA,NA,NA,NA,NA,NA,NA,NA,NA,NA,NA,NA,NA,NA,NA,NA,NA,NA,NA,NA,NA,NA,NA,NA,NA,NA,NA,NA,NA,NA,NA,NA,NA,NA,NA,NA,NA,NA,NA,NA,NA,NA,NA,NA,NA,NA,NA,NA,NA,NA,NA,NA,NA,NA,NA,NA,NA,NA,NA,NA,NA,NA,NA,NA,NA,NA,NA,NA,NA,NA,NA,NA,NA,NA,NA,NA,NA,NA,NA,NA,NA,NA,NA,NA,NA,NA,NA,NA,NA,NA,NA,NA,NA,NA,NA
1997-10-31,NA,16458.939453125,NA,NA,NA,NA,NA,NA,NA,NA,NA,NA,NA,NA,6.58516359329224,NA,NA,NA,NA,NA,NA,NA,NA,NA,NA,NA,NA,NA,NA,NA,NA,NA,NA,NA,NA,NA,NA,NA,NA,NA,NA,NA,NA,NA,NA,13.0371017456055,NA,NA,NA,NA,NA,NA,NA,NA,NA,NA,NA,NA,NA,NA,NA,NA,NA,NA,NA,NA,NA,NA,NA,NA,NA,NA,NA,NA,NA,NA,NA,NA,NA,NA,NA,NA,NA,NA,NA,NA,NA,NA,NA,NA,NA,NA,NA,NA,NA,NA,NA,NA,NA,NA,NA,NA,NA,NA,NA,NA,NA,NA,NA,NA,NA,NA,NA,NA,NA,NA,NA,NA,NA,NA,NA,NA,NA,NA,NA,NA,NA,NA,NA,NA,NA,NA,NA,NA,NA,NA,NA,NA,NA,NA,NA,NA,NA,NA,NA,NA,NA,NA,NA,NA,NA,NA,NA,NA,NA,NA,NA,NA,NA,NA,NA,NA,NA,NA,NA,NA,NA,NA,NA,NA,NA,NA,NA,NA,NA,NA,NA,NA,NA,NA,NA,NA,NA,NA,NA,NA,NA,NA,NA,NA,NA,NA,NA,NA,NA,NA,NA,NA,NA,NA
1997-11-30,NA,16636.259765625,NA,NA,NA,NA,NA,NA,NA,NA,NA,NA,NA,NA,9.05435466766357,NA,NA,NA,NA,NA,NA,NA,NA,NA,NA,NA,NA,NA,NA,NA,NA,NA,NA,NA,NA,NA,NA,NA,NA,NA,NA,NA,NA,NA,NA,13.4382438659668,NA,NA,NA,NA,NA,NA,NA,NA,NA,NA,NA,NA,NA,NA,NA,NA,NA,NA,NA,NA,NA,NA,NA,NA,NA,NA,NA,NA,NA,NA,NA,NA,NA,NA,NA,NA,NA,NA,NA,NA,NA,NA,NA,NA,NA,NA,NA,NA,NA,NA,NA,NA,NA,NA,NA,NA,NA,NA,NA,NA,NA,NA,NA,NA,NA,NA,NA,NA,NA,NA,NA,NA,NA,NA,NA,NA,NA,NA,NA,NA,NA,NA,NA,NA,NA,NA,NA,NA,NA,NA,NA,NA,NA,NA,NA,NA,NA,NA,NA,NA,NA,NA,NA,NA,NA,NA,NA,NA,NA,NA,NA,NA,NA,NA,NA,NA,NA,NA,NA,NA,NA,NA,NA,NA,NA,NA,NA,NA,NA,NA,NA,NA,NA,NA,NA,NA,NA,NA,NA,NA,NA,NA,NA,NA,NA,NA,NA,NA,NA,NA,NA,NA,NA,NA
1997-12-31,NA,15258.740234375,NA,NA,NA,NA,NA,NA,NA,NA,NA,NA,NA,NA,8.29993534088135,NA,NA,NA,NA,NA,NA,NA,NA,NA,NA,NA,NA,NA,NA,NA,NA,NA,NA,NA,NA,NA,NA,NA,NA,NA,NA,NA,NA,NA,NA,14.036169052124,NA,NA,NA,NA,NA,NA,NA,NA,NA,NA,NA,NA,NA,NA,NA,NA,NA,NA,NA,NA,NA,NA,NA,NA,NA,NA,NA,NA,NA,NA,NA,NA,NA,NA,NA,NA,NA,NA,NA,NA,NA,NA,NA,NA,NA,NA,NA,NA,NA,NA,NA,NA,NA,NA,NA,NA,NA,NA,NA,NA,NA,NA,NA,NA,NA,NA,NA,NA,NA,NA,NA,NA,NA,NA,NA,NA,NA,NA,NA,NA,NA,NA,NA,NA,NA,NA,NA,NA,NA,NA,NA,NA,NA,NA,NA,NA,NA,NA,NA,NA,NA,NA,NA,NA,NA,NA,NA,NA,NA,NA,NA,NA,NA,NA,NA,NA,NA,NA,NA,NA,NA,NA,NA,NA,NA,NA,NA,NA,NA,NA,NA,NA,NA,NA,NA,NA,NA,NA,NA,NA,NA,NA,NA,NA,NA,NA,NA,NA,NA,NA,NA,NA,NA,NA
1998-01-31,NA,16628.470703125,NA,NA,NA,NA,NA,NA,NA,NA,NA,NA,NA,NA,9.45738697052002,NA,NA,NA,NA,NA,NA,NA,NA,NA,NA,NA,NA,NA,NA,NA,NA,NA,NA,NA,NA,NA,NA,NA,NA,NA,NA,NA,NA,NA,NA,19.0670528411865,NA,NA,NA,NA,NA,NA,NA,NA,NA,NA,NA,NA,NA,NA,NA,NA,NA,NA,NA,NA,NA,NA,NA,NA,NA,NA,NA,NA,NA,NA,NA,NA,NA,NA,NA,NA,NA,NA,NA,NA,NA,NA,NA,NA,NA,NA,NA,NA,NA,NA,NA,NA,NA,NA,NA,NA,NA,NA,NA,NA,NA,NA,NA,NA,NA,NA,NA,NA,NA,NA,NA,NA,NA,NA,NA,NA,NA,NA,NA,NA,NA,NA,NA,NA,NA,NA,NA,NA,NA,NA,NA,NA,NA,NA,NA,NA,NA,NA,NA,NA,NA,NA,NA,NA,NA,NA,NA,NA,NA,NA,NA,NA,NA,NA,NA,NA,NA,NA,NA,NA,NA,NA,NA,NA,NA,NA,NA,NA,NA,NA,NA,NA,NA,NA,NA,NA,NA,NA,NA,NA,NA,NA,NA,NA,NA,NA,NA,NA,NA,NA,NA,NA,NA,NA
1998-02-28,NA,16831.669921875,NA,NA,NA,NA,NA,NA,NA,NA,NA,NA,NA,NA,11.2153081893921,NA,NA,NA,NA,NA,NA,NA,NA,NA,NA,NA,NA,NA,NA,NA,NA,NA,NA,NA,NA,NA,NA,NA,NA,NA,NA,NA,NA,NA,NA,18.6142749786377,NA,NA,NA,NA,NA,NA,NA,NA,NA,NA,NA,NA,NA,NA,NA,NA,NA,NA,NA,NA,NA,NA,NA,NA,NA,NA,NA,NA,NA,NA,NA,NA,NA,NA,NA,NA,NA,NA,NA,NA,NA,NA,NA,NA,NA,NA,NA,NA,NA,NA,NA,NA,NA,NA,NA,NA,NA,NA,NA,NA,NA,NA,NA,NA,NA,NA,NA,NA,NA,NA,NA,NA,NA,NA,NA,NA,NA,NA,NA,NA,NA,NA,NA,NA,NA,NA,NA,NA,NA,NA,NA,NA,NA,NA,NA,NA,NA,NA,NA,NA,NA,NA,NA,NA,NA,NA,NA,NA,NA,NA,NA,NA,NA,NA,NA,NA,NA,NA,NA,NA,NA,NA,NA,NA,NA,NA,NA,NA,NA,NA,NA,NA,NA,NA,NA,NA,NA,NA,NA,NA,NA,NA,NA,NA,NA,NA,NA,NA,NA,NA,NA,NA,NA,NA
1998-03-31,NA,16527.169921875,NA,NA,NA,NA,NA,NA,NA,NA,NA,NA,NA,NA,9.91174221038818,NA,NA,NA,NA,NA,NA,NA,NA,NA,NA,NA,NA,NA,NA,NA,NA,NA,NA,NA,NA,NA,NA,NA,NA,NA,NA,NA,NA,NA,NA,15.5957412719727,NA,NA,NA,NA,NA,NA,NA,NA,NA,NA,NA,NA,NA,NA,NA,NA,NA,NA,NA,NA,NA,NA,NA,NA,NA,NA,NA,NA,NA,NA,NA,NA,NA,NA,NA,NA,NA,NA,NA,NA,NA,NA,NA,NA,NA,NA,NA,NA,NA,NA,NA,NA,NA,NA,NA,NA,NA,NA,NA,NA,NA,NA,NA,NA,NA,NA,NA,NA,NA,NA,NA,NA,NA,NA,NA,NA,NA,NA,NA,NA,NA,NA,NA,NA,NA,NA,NA,NA,NA,NA,NA,NA,NA,NA,NA,NA,NA,NA,NA,NA,NA,NA,NA,NA,NA,NA,NA,NA,NA,NA,NA,NA,NA,NA,NA,NA,NA,NA,NA,NA,NA,NA,NA,NA,NA,NA,NA,NA,NA,NA,NA,NA,NA,NA,NA,NA,NA,NA,NA,NA,NA,NA,NA,NA,NA,NA,NA,NA,NA,NA,NA,NA,NA,NA
1998-04-30,NA,15641.259765625,NA,NA,NA,NA,NA,NA,NA,NA,NA,NA,NA,NA,9.65449142456055,NA,NA,NA,NA,NA,NA,NA,NA,NA,NA,NA,NA,NA,NA,NA,NA,NA,NA,NA,NA,NA,NA,NA,NA,NA,NA,NA,NA,NA,NA,14.338020324707,NA,NA,NA,NA,NA,NA,NA,NA,NA,NA,NA,NA,NA,NA,NA,NA,NA,NA,NA,NA,NA,NA,NA,NA,NA,NA,NA,NA,NA,NA,NA,NA,NA,NA,NA,NA,NA,NA,NA,NA,NA,NA,NA,NA,NA,NA,NA,NA,NA,NA,NA,NA,NA,NA,NA,NA,NA,NA,NA,NA,NA,NA,NA,NA,NA,NA,NA,NA,NA,NA,NA,NA,NA,NA,NA,NA,NA,NA,NA,NA,NA,NA,NA,NA,NA,NA,NA,NA,NA,NA,NA,NA,NA,NA,NA,NA,NA,NA,NA,NA,NA,NA,NA,NA,NA,NA,NA,NA,NA,NA,NA,NA,NA,NA,NA,NA,NA,NA,NA,NA,NA,NA,NA,NA,NA,NA,NA,NA,NA,NA,NA,NA,NA,NA,NA,NA,NA,NA,NA,NA,NA,NA,NA,NA,NA,NA,NA,NA,NA,NA,NA,NA,NA,NA
1998-05-31,NA,15670.7802734375,NA,NA,NA,NA,NA,NA,NA,NA,NA,NA,NA,NA,9.75745868682861,NA,NA,NA,NA,NA,NA,NA,NA,NA,NA,NA,NA,NA,NA,NA,NA,NA,NA,NA,NA,NA,NA,NA,NA,NA,NA,NA,NA,NA,NA,11.7722692489624,NA,NA,NA,NA,NA,NA,NA,NA,NA,NA,NA,NA,NA,NA,NA,NA,NA,NA,NA,NA,NA,NA,NA,NA,NA,NA,NA,NA,NA,NA,NA,NA,NA,NA,NA,NA,NA,NA,NA,NA,NA,NA,NA,NA,NA,NA,NA,NA,NA,NA,NA,NA,NA,NA,NA,NA,NA,NA,NA,NA,NA,NA,NA,NA,NA,NA,NA,NA,NA,NA,NA,NA,NA,NA,NA,NA,NA,NA,NA,NA,NA,NA,NA,NA,NA,NA,NA,NA,NA,NA,NA,NA,NA,NA,NA,NA,NA,NA,NA,NA,NA,NA,NA,NA,NA,NA,NA,NA,NA,NA,NA,NA,NA,NA,NA,NA,NA,NA,NA,NA,NA,NA,NA,NA,NA,NA,NA,NA,NA,NA,NA,NA,NA,NA,NA,NA,NA,NA,NA,NA,NA,NA,NA,NA,NA,NA,NA,NA,NA,NA,NA,NA,NA,NA
1998-06-30,NA,15830.26953125,NA,NA,NA,NA,NA,NA,NA,NA,NA,NA,NA,NA,8.75428771972656,NA,NA,NA,NA,NA,NA,NA,NA,NA,NA,NA,NA,NA,NA,NA,NA,NA,NA,NA,NA,NA,NA,NA,NA,NA,NA,NA,NA,NA,NA,9.65929794311523,NA,NA,NA,NA,NA,NA,NA,NA,NA,NA,NA,NA,NA,NA,NA,NA,NA,NA,NA,NA,NA,NA,NA,NA,NA,NA,NA,NA,NA,NA,NA,NA,NA,NA,NA,NA,NA,NA,NA,NA,NA,NA,NA,NA,NA,NA,NA,NA,NA,NA,NA,NA,NA,NA,NA,NA,NA,NA,NA,NA,NA,NA,NA,NA,NA,NA,NA,NA,NA,NA,NA,NA,NA,NA,NA,NA,NA,NA,NA,NA,NA,NA,NA,NA,NA,NA,NA,NA,NA,NA,NA,NA,NA,NA,NA,NA,NA,NA,NA,NA,NA,NA,NA,NA,NA,NA,NA,NA,NA,NA,NA,NA,NA,NA,NA,NA,NA,NA,NA,NA,NA,NA,NA,NA,NA,NA,NA,NA,NA,NA,NA,NA,NA,NA,NA,NA,NA,NA,NA,NA,NA,NA,NA,NA,NA,NA,NA,NA,NA,NA,NA,NA,NA,NA
1998-07-31,NA,16378.9697265625,NA,NA,NA,NA,NA,NA,NA,NA,NA,NA,NA,NA,11.4637298583984,NA,NA,NA,NA,NA,NA,NA,NA,NA,NA,NA,NA,NA,NA,NA,NA,NA,NA,NA,NA,NA,NA,NA,NA,NA,NA,NA,NA,NA,NA,10.6654758453369,NA,NA,NA,NA,NA,NA,NA,NA,NA,NA,NA,NA,NA,NA,NA,NA,NA,NA,NA,NA,NA,NA,NA,NA,NA,NA,NA,NA,NA,NA,NA,NA,NA,NA,NA,NA,NA,NA,NA,NA,NA,NA,NA,NA,NA,NA,NA,NA,NA,NA,NA,NA,NA,NA,NA,NA,NA,NA,NA,NA,NA,NA,NA,NA,NA,NA,NA,NA,NA,NA,NA,NA,NA,NA,NA,NA,NA,NA,NA,NA,NA,NA,NA,NA,NA,NA,NA,NA,NA,NA,NA,NA,NA,NA,NA,NA,NA,NA,NA,NA,NA,NA,NA,NA,NA,NA,NA,NA,NA,NA,NA,NA,NA,NA,NA,NA,NA,NA,NA,NA,NA,NA,NA,NA,NA,NA,NA,NA,NA,NA,NA,NA,NA,NA,NA,NA,NA,NA,NA,NA,NA,NA,NA,NA,NA,NA,NA,NA,NA,NA,NA,NA,NA,NA
1998-08-31,NA,14107.8896484375,NA,NA,NA,NA,NA,NA,NA,NA,NA,NA,NA,NA,11.5494356155396,NA,NA,NA,NA,NA,NA,NA,NA,NA,NA,NA,NA,NA,NA,NA,NA,NA,NA,NA,NA,NA,NA,NA,NA,NA,NA,NA,NA,NA,NA,8.95497512817383,NA,NA,NA,NA,NA,NA,NA,NA,NA,NA,NA,NA,NA,NA,NA,NA,NA,NA,NA,NA,NA,NA,NA,NA,NA,NA,NA,NA,NA,NA,NA,NA,NA,NA,NA,NA,NA,NA,NA,NA,NA,NA,NA,NA,NA,NA,NA,NA,NA,NA,NA,NA,NA,NA,NA,NA,NA,NA,NA,NA,NA,NA,NA,NA,NA,NA,NA,NA,NA,NA,NA,NA,NA,NA,NA,NA,NA,NA,NA,NA,NA,NA,NA,NA,NA,NA,NA,NA,NA,NA,NA,NA,NA,NA,NA,NA,NA,NA,NA,NA,NA,NA,NA,NA,NA,NA,NA,NA,NA,NA,NA,NA,NA,NA,NA,NA,NA,NA,NA,NA,NA,NA,NA,NA,NA,NA,NA,NA,NA,NA,NA,NA,NA,NA,NA,NA,NA,NA,NA,NA,NA,NA,NA,NA,NA,NA,NA,NA,NA,NA,NA,NA,NA,NA
1998-09-30,NA,13406.3896484375,NA,NA,NA,NA,NA,NA,NA,NA,NA,NA,NA,NA,10.7778854370117,NA,NA,NA,NA,NA,NA,NA,NA,NA,NA,NA,NA,NA,NA,NA,NA,NA,NA,NA,NA,NA,NA,NA,NA,NA,NA,NA,NA,NA,NA,11.1182565689087,NA,NA,NA,NA,NA,NA,NA,NA,NA,NA,NA,NA,NA,NA,NA,NA,NA,NA,NA,NA,NA,NA,NA,NA,NA,NA,NA,NA,NA,NA,NA,NA,NA,NA,NA,NA,NA,NA,NA,NA,NA,NA,NA,NA,NA,NA,NA,NA,NA,NA,NA,NA,NA,NA,NA,NA,NA,NA,NA,NA,NA,NA,NA,NA,NA,NA,NA,NA,NA,NA,NA,NA,NA,NA,NA,NA,NA,NA,NA,NA,NA,NA,NA,NA,NA,NA,NA,NA,NA,NA,NA,NA,NA,NA,NA,NA,NA,NA,NA,NA,NA,NA,NA,NA,NA,NA,NA,NA,NA,NA,NA,NA,NA,NA,NA,NA,NA,NA,NA,NA,NA,NA,NA,NA,NA,NA,NA,NA,NA,NA,NA,NA,NA,NA,NA,NA,NA,NA,NA,NA,NA,NA,NA,NA,NA,NA,NA,NA,NA,NA,NA,NA,NA,NA
1998-10-31,NA,13564.509765625,NA,NA,NA,NA,NA,NA,NA,NA,NA,NA,NA,NA,10.9838171005249,NA,NA,NA,NA,NA,NA,NA,NA,NA,NA,NA,NA,NA,NA,NA,NA,NA,NA,NA,NA,NA,NA,NA,NA,NA,NA,NA,NA,NA,NA,14.4889478683472,NA,NA,NA,NA,NA,NA,NA,NA,NA,NA,NA,NA,NA,NA,NA,NA,NA,NA,NA,NA,NA,NA,NA,NA,NA,NA,NA,NA,NA,NA,NA,NA,NA,NA,NA,NA,NA,NA,NA,NA,NA,NA,NA,NA,NA,NA,NA,NA,NA,NA,NA,NA,NA,NA,NA,NA,NA,NA,NA,NA,NA,NA,NA,NA,NA,NA,NA,NA,NA,NA,NA,NA,NA,NA,NA,NA,NA,NA,NA,NA,NA,NA,NA,NA,NA,NA,NA,NA,NA,NA,NA,NA,NA,NA,NA,NA,NA,NA,NA,NA,NA,NA,NA,NA,NA,NA,NA,NA,NA,NA,NA,NA,NA,NA,NA,NA,NA,NA,NA,NA,NA,NA,NA,NA,NA,NA,NA,NA,NA,NA,NA,NA,NA,NA,NA,NA,NA,NA,NA,NA,NA,NA,NA,NA,NA,NA,NA,NA,NA,NA,NA,NA,NA,NA
1998-11-30,NA,14883.7001953125,NA,NA,NA,NA,NA,NA,NA,NA,NA,NA,NA,NA,12.3896255493164,NA,NA,NA,NA,NA,NA,NA,NA,NA,NA,NA,NA,NA,NA,NA,NA,NA,NA,NA,NA,NA,NA,NA,NA,NA,NA,NA,NA,NA,NA,12.0741214752197,NA,NA,NA,NA,NA,NA,NA,NA,NA,NA,NA,NA,NA,NA,NA,NA,NA,NA,NA,NA,NA,NA,NA,NA,NA,NA,NA,NA,NA,NA,NA,NA,NA,NA,NA,NA,NA,NA,NA,NA,NA,NA,NA,NA,NA,NA,NA,NA,NA,NA,NA,NA,NA,NA,NA,NA,NA,NA,NA,NA,NA,NA,NA,NA,NA,NA,NA,NA,NA,NA,NA,NA,NA,NA,NA,NA,NA,NA,NA,NA,NA,NA,NA,NA,NA,NA,NA,NA,NA,NA,NA,NA,NA,NA,NA,NA,NA,NA,NA,NA,NA,NA,NA,NA,NA,NA,NA,NA,NA,NA,NA,NA,NA,NA,NA,NA,NA,NA,NA,NA,NA,NA,NA,NA,NA,NA,NA,NA,NA,NA,NA,NA,NA,NA,NA,NA,NA,NA,NA,NA,NA,NA,NA,NA,NA,NA,NA,NA,NA,NA,NA,NA,NA,NA
1998-12-31,NA,13842.169921875,NA,NA,NA,NA,NA,NA,NA,NA,NA,NA,NA,NA,12.5356025695801,NA,NA,NA,NA,NA,NA,NA,NA,NA,NA,NA,NA,NA,NA,NA,NA,NA,NA,NA,NA,NA,NA,NA,NA,NA,NA,NA,NA,NA,NA,13.7173357009888,NA,NA,NA,NA,NA,NA,NA,NA,NA,NA,NA,NA,NA,NA,NA,NA,NA,NA,NA,NA,NA,NA,NA,NA,NA,NA,NA,NA,NA,NA,NA,NA,NA,NA,NA,NA,NA,NA,NA,NA,NA,NA,NA,NA,NA,NA,NA,NA,NA,NA,NA,NA,NA,NA,NA,NA,NA,NA,NA,NA,NA,NA,NA,NA,NA,NA,NA,NA,NA,NA,NA,NA,NA,NA,NA,NA,NA,NA,NA,NA,NA,NA,NA,NA,NA,NA,NA,NA,NA,NA,NA,NA,NA,NA,NA,NA,NA,NA,NA,NA,NA,NA,NA,NA,NA,NA,NA,NA,NA,NA,NA,NA,NA,NA,NA,NA,NA,NA,NA,NA,NA,NA,NA,NA,NA,NA,NA,NA,NA,NA,NA,NA,NA,NA,NA,NA,NA,NA,NA,NA,NA,NA,NA,NA,NA,NA,NA,NA,NA,NA,NA,NA,NA,NA
1999-01-31,NA,14499.25,NA,NA,NA,NA,NA,NA,NA,NA,NA,NA,NA,NA,12.184154510498,NA,NA,NA,NA,NA,NA,NA,NA,NA,NA,NA,NA,NA,NA,NA,NA,NA,NA,NA,NA,NA,NA,NA,NA,NA,NA,NA,NA,NA,NA,15.2414827346802,NA,NA,NA,NA,NA,NA,NA,NA,NA,NA,NA,NA,NA,NA,NA,NA,NA,NA,NA,NA,NA,NA,NA,NA,NA,NA,NA,NA,NA,NA,NA,NA,NA,NA,NA,NA,NA,NA,NA,NA,NA,NA,NA,NA,NA,NA,NA,NA,NA,NA,NA,NA,NA,NA,NA,NA,NA,NA,NA,NA,NA,NA,NA,NA,NA,NA,NA,NA,NA,NA,NA,NA,NA,NA,NA,NA,NA,NA,NA,NA,NA,NA,NA,NA,NA,NA,NA,NA,NA,NA,NA,NA,NA,NA,NA,NA,NA,NA,NA,NA,NA,NA,NA,NA,NA,NA,NA,NA,NA,NA,NA,NA,NA,NA,NA,NA,NA,NA,NA,NA,NA,NA,NA,NA,NA,NA,NA,NA,NA,NA,NA,NA,NA,NA,NA,NA,NA,NA,NA,NA,NA,NA,NA,NA,NA,NA,NA,NA,NA,NA,NA,NA,NA,NA
1999-02-28,NA,14367.5400390625,NA,NA,NA,NA,NA,NA,NA,NA,NA,NA,NA,NA,11.2666244506836,NA,NA,NA,NA,NA,NA,NA,NA,NA,NA,NA,NA,NA,NA,NA,NA,NA,NA,NA,NA,NA,NA,NA,NA,NA,NA,NA,NA,NA,NA,12.7012357711792,NA,NA,NA,NA,NA,NA,NA,NA,NA,NA,NA,NA,NA,NA,NA,NA,NA,NA,NA,NA,NA,NA,NA,NA,NA,NA,NA,NA,NA,NA,NA,NA,NA,NA,NA,NA,NA,NA,NA,NA,NA,NA,NA,NA,NA,NA,NA,NA,NA,NA,NA,NA,NA,NA,NA,NA,NA,NA,NA,NA,NA,NA,NA,NA,NA,NA,NA,NA,NA,NA,NA,NA,NA,NA,NA,NA,NA,NA,NA,NA,NA,NA,NA,NA,NA,NA,NA,NA,NA,NA,NA,NA,NA,NA,NA,NA,NA,NA,NA,NA,NA,NA,NA,NA,NA,NA,NA,NA,NA,NA,NA,NA,NA,NA,NA,NA,NA,NA,NA,NA,NA,NA,NA,NA,NA,NA,NA,NA,NA,NA,NA,NA,NA,NA,NA,NA,NA,NA,NA,NA,NA,NA,NA,NA,NA,NA,NA,NA,NA,NA,NA,NA,NA,NA
1999-03-31,NA,15836.58984375,NA,NA,NA,NA,NA,NA,NA,NA,NA,NA,NA,NA,12.466965675354,NA,NA,NA,NA,NA,NA,NA,NA,NA,NA,NA,NA,NA,NA,NA,NA,NA,NA,NA,NA,NA,NA,NA,NA,NA,NA,NA,NA,NA,NA,14.5302143096924,NA,NA,NA,NA,NA,NA,NA,NA,NA,NA,NA,NA,NA,NA,NA,NA,NA,NA,NA,NA,NA,NA,NA,NA,NA,NA,NA,NA,NA,NA,NA,NA,NA,NA,NA,NA,NA,NA,NA,NA,NA,NA,NA,NA,NA,NA,NA,NA,NA,NA,NA,NA,NA,NA,NA,NA,NA,NA,NA,NA,NA,NA,NA,NA,NA,NA,NA,NA,NA,NA,NA,NA,NA,NA,NA,NA,NA,NA,NA,NA,NA,NA,NA,NA,NA,NA,NA,NA,NA,NA,NA,NA,NA,NA,NA,NA,NA,NA,NA,NA,NA,NA,NA,NA,NA,NA,NA,NA,NA,NA,NA,NA,NA,NA,NA,NA,NA,NA,NA,NA,NA,NA,NA,NA,NA,NA,NA,NA,NA,NA,NA,NA,NA,NA,NA,NA,NA,NA,NA,NA,NA,NA,NA,NA,NA,NA,NA,NA,NA,NA,NA,NA,NA,NA
1999-04-30,NA,16701.529296875,NA,NA,NA,NA,NA,NA,NA,NA,NA,NA,NA,NA,12.5356025695801,NA,NA,NA,NA,NA,NA,NA,NA,NA,NA,NA,NA,NA,NA,NA,NA,NA,NA,NA,NA,NA,NA,NA,NA,NA,NA,NA,NA,NA,NA,20.9316368103027,NA,NA,NA,NA,NA,NA,NA,NA,NA,NA,NA,NA,NA,NA,NA,NA,NA,NA,NA,NA,NA,NA,NA,NA,NA,NA,NA,NA,NA,NA,NA,NA,NA,NA,NA,NA,NA,NA,NA,NA,NA,NA,NA,NA,NA,NA,NA,NA,NA,NA,NA,NA,NA,NA,NA,NA,NA,NA,NA,NA,NA,NA,NA,NA,NA,NA,NA,NA,NA,NA,NA,NA,NA,NA,NA,NA,NA,NA,NA,NA,NA,NA,NA,NA,NA,NA,NA,NA,NA,NA,NA,NA,NA,NA,NA,NA,NA,NA,NA,NA,NA,NA,NA,NA,NA,NA,NA,NA,NA,NA,NA,NA,NA,NA,NA,NA,NA,NA,NA,NA,NA,NA,NA,NA,NA,NA,NA,NA,NA,NA,NA,NA,NA,NA,NA,NA,NA,NA,NA,NA,NA,NA,NA,NA,NA,NA,NA,NA,NA,NA,NA,NA,NA,NA
1999-05-31,NA,16111.650390625,NA,NA,NA,NA,NA,NA,NA,NA,NA,NA,NA,NA,14.5074968338013,NA,NA,NA,NA,NA,NA,NA,NA,NA,NA,NA,NA,NA,NA,NA,NA,NA,NA,NA,NA,NA,NA,NA,NA,NA,NA,NA,NA,NA,NA,20.5759963989258,NA,NA,NA,NA,367.270935058594,NA,NA,NA,NA,NA,NA,NA,NA,NA,NA,NA,NA,NA,NA,NA,NA,NA,NA,NA,NA,NA,NA,NA,NA,NA,NA,NA,NA,NA,NA,NA,NA,NA,NA,NA,NA,NA,NA,NA,NA,NA,NA,NA,NA,NA,NA,NA,NA,NA,NA,NA,NA,NA,NA,NA,NA,NA,NA,NA,NA,NA,NA,NA,NA,NA,NA,NA,NA,NA,NA,NA,NA,NA,NA,NA,NA,NA,NA,NA,NA,NA,NA,NA,NA,NA,NA,NA,NA,NA,NA,NA,NA,NA,NA,NA,NA,NA,NA,NA,NA,NA,NA,NA,NA,NA,NA,NA,NA,NA,NA,NA,NA,NA,NA,NA,NA,NA,NA,NA,NA,NA,NA,NA,NA,NA,NA,NA,NA,NA,NA,NA,NA,NA,NA,NA,NA,NA,NA,NA,NA,NA,NA,NA,NA,NA,826.3251953125,NA,NA,NA
1999-06-30,NA,17529.740234375,NA,NA,NA,NA,NA,NA,NA,NA,NA,NA,NA,NA,20.5609092712402,NA,NA,NA,NA,NA,NA,NA,NA,NA,NA,NA,NA,NA,NA,NA,NA,NA,NA,NA,NA,NA,NA,NA,NA,NA,NA,NA,NA,NA,NA,27.3330631256104,NA,NA,NA,NA,435.494476318359,NA,NA,NA,NA,NA,NA,NA,NA,NA,NA,NA,NA,NA,NA,NA,NA,NA,NA,NA,NA,NA,NA,NA,NA,NA,NA,NA,NA,NA,NA,NA,NA,NA,NA,NA,NA,NA,NA,NA,NA,NA,NA,NA,NA,NA,NA,NA,NA,NA,NA,NA,NA,NA,NA,NA,NA,NA,NA,NA,NA,NA,NA,NA,NA,NA,NA,NA,NA,NA,NA,NA,NA,NA,NA,NA,NA,NA,NA,NA,NA,NA,NA,NA,NA,NA,NA,NA,NA,NA,NA,NA,NA,NA,NA,NA,NA,NA,NA,NA,NA,NA,NA,NA,NA,NA,NA,NA,NA,NA,NA,NA,NA,NA,NA,NA,NA,NA,NA,NA,NA,NA,NA,NA,NA,NA,NA,NA,NA,NA,NA,NA,NA,NA,NA,NA,NA,NA,NA,NA,NA,NA,NA,NA,NA,NA,993.259887695312,NA,NA,NA
1999-07-31,NA,17861.859375,NA,NA,NA,NA,NA,NA,NA,NA,NA,NA,NA,NA,17.0539779663086,NA,NA,NA,NA,NA,NA,NA,NA,NA,NA,NA,NA,NA,NA,NA,NA,NA,NA,NA,NA,NA,NA,NA,NA,NA,NA,NA,NA,NA,NA,28.8572082519531,NA,NA,NA,NA,459.372894287109,NA,NA,NA,NA,NA,NA,NA,NA,NA,NA,NA,NA,NA,NA,NA,NA,NA,NA,NA,NA,NA,NA,NA,NA,NA,NA,NA,NA,NA,NA,NA,NA,NA,NA,NA,NA,NA,NA,NA,NA,NA,NA,NA,NA,NA,NA,NA,NA,NA,NA,NA,NA,NA,NA,NA,NA,NA,NA,NA,NA,NA,NA,NA,NA,NA,NA,NA,NA,NA,NA,NA,NA,NA,NA,NA,NA,NA,NA,NA,NA,NA,NA,NA,NA,NA,NA,NA,NA,NA,NA,NA,NA,NA,NA,NA,NA,NA,NA,NA,NA,NA,NA,NA,NA,NA,NA,NA,NA,NA,NA,NA,NA,NA,NA,NA,NA,NA,NA,NA,NA,NA,NA,NA,NA,NA,NA,NA,NA,NA,NA,NA,NA,NA,NA,NA,NA,NA,NA,NA,NA,NA,NA,NA,NA,NA,1145.88513183594,NA,NA,NA
1999-08-31,NA,17436.560546875,NA,NA,NA,NA,NA,NA,NA,NA,NA,NA,NA,NA,20.4065971374512,NA,NA,NA,NA,NA,NA,NA,NA,NA,NA,NA,NA,NA,NA,NA,NA,NA,NA,NA,NA,NA,NA,NA,NA,NA,NA,NA,NA,NA,NA,29.7716979980469,NA,NA,NA,NA,367.270935058594,NA,NA,NA,NA,NA,NA,NA,NA,NA,NA,NA,NA,NA,NA,NA,NA,NA,NA,NA,NA,NA,NA,NA,NA,NA,NA,NA,NA,NA,NA,NA,NA,NA,NA,NA,NA,NA,NA,NA,NA,NA,NA,NA,NA,NA,NA,NA,NA,NA,NA,NA,NA,NA,NA,NA,NA,NA,NA,NA,NA,NA,NA,NA,NA,NA,NA,NA,NA,NA,NA,NA,NA,NA,NA,NA,NA,NA,NA,NA,NA,NA,NA,NA,NA,NA,NA,NA,NA,NA,NA,NA,NA,NA,NA,NA,NA,NA,NA,NA,NA,NA,NA,NA,NA,NA,NA,NA,NA,NA,NA,NA,NA,NA,NA,NA,NA,NA,NA,NA,NA,NA,NA,NA,NA,NA,NA,NA,NA,NA,NA,NA,NA,NA,NA,NA,NA,NA,NA,NA,NA,NA,NA,NA,NA,NA,1163.77160644531,NA,NA,NA
1999-09-30,NA,17605.4609375,NA,NA,NA,NA,NA,NA,NA,NA,NA,NA,NA,NA,20.5007743835449,NA,NA,NA,NA,NA,NA,NA,NA,NA,NA,NA,NA,NA,NA,NA,NA,NA,NA,NA,NA,NA,NA,NA,NA,NA,NA,NA,NA,NA,NA,25.4532775878906,NA,NA,NA,NA,386.756958007812,NA,NA,NA,NA,NA,NA,NA,NA,NA,NA,NA,NA,NA,NA,NA,NA,NA,NA,NA,NA,NA,NA,NA,NA,NA,NA,NA,NA,NA,NA,NA,NA,NA,NA,NA,NA,NA,NA,NA,NA,NA,NA,NA,NA,NA,NA,NA,NA,NA,NA,NA,NA,NA,NA,NA,NA,NA,NA,NA,NA,NA,NA,NA,NA,NA,NA,NA,NA,NA,NA,NA,NA,NA,NA,NA,NA,NA,NA,NA,NA,NA,NA,NA,NA,NA,NA,NA,NA,NA,NA,NA,NA,NA,NA,NA,NA,NA,NA,NA,NA,NA,NA,NA,NA,NA,NA,NA,NA,NA,NA,NA,NA,NA,NA,NA,NA,NA,NA,NA,NA,NA,NA,NA,NA,NA,NA,NA,NA,NA,NA,NA,NA,NA,NA,NA,NA,NA,NA,NA,NA,NA,NA,NA,NA,NA,1106.39978027344,NA,NA,NA
1999-10-31,NA,17942.080078125,NA,NA,NA,NA,NA,NA,NA,NA,NA,NA,NA,NA,21.3925876617432,NA,NA,NA,NA,NA,NA,NA,NA,NA,NA,NA,NA,NA,NA,NA,NA,NA,NA,NA,NA,NA,NA,NA,NA,NA,NA,NA,NA,NA,NA,27.1298408508301,NA,NA,NA,NA,411.856353759766,NA,NA,NA,NA,NA,NA,NA,NA,NA,NA,NA,NA,NA,NA,NA,NA,NA,NA,NA,NA,NA,NA,NA,NA,NA,NA,NA,NA,NA,NA,NA,NA,NA,NA,NA,NA,NA,NA,NA,NA,NA,NA,NA,NA,NA,NA,NA,NA,NA,NA,NA,NA,NA,NA,NA,NA,NA,NA,NA,NA,NA,NA,NA,NA,NA,NA,NA,NA,NA,NA,NA,NA,NA,NA,NA,NA,NA,NA,NA,NA,NA,NA,NA,NA,NA,NA,NA,NA,NA,NA,NA,NA,NA,NA,NA,NA,NA,NA,NA,NA,NA,NA,NA,NA,NA,NA,NA,NA,NA,NA,NA,NA,NA,NA,NA,NA,NA,NA,NA,NA,NA,NA,NA,NA,NA,NA,NA,NA,NA,NA,NA,NA,NA,NA,NA,NA,NA,NA,NA,NA,NA,NA,NA,NA,NA,1017.28955078125,NA,NA,NA
1999-11-30,NA,18558.23046875,NA,NA,NA,NA,NA,NA,NA,NA,NA,NA,NA,NA,22.2760639190674,NA,NA,NA,NA,NA,NA,NA,NA,NA,NA,NA,NA,NA,NA,NA,NA,NA,NA,NA,NA,NA,NA,NA,NA,NA,NA,NA,NA,NA,NA,29.568473815918,NA,NA,NA,NA,394.743194580078,NA,NA,NA,NA,NA,NA,NA,NA,NA,NA,NA,NA,NA,NA,NA,NA,NA,NA,NA,NA,NA,NA,NA,NA,NA,NA,NA,NA,NA,NA,NA,NA,NA,NA,NA,NA,NA,NA,NA,NA,NA,NA,NA,NA,NA,NA,NA,NA,NA,NA,NA,NA,NA,NA,NA,NA,NA,NA,NA,NA,NA,NA,NA,NA,NA,NA,NA,NA,NA,NA,NA,NA,NA,NA,NA,NA,NA,NA,NA,NA,NA,NA,NA,NA,NA,NA,NA,NA,NA,NA,NA,NA,NA,NA,NA,NA,NA,NA,NA,NA,NA,NA,NA,NA,NA,NA,NA,NA,NA,NA,NA,NA,NA,NA,NA,NA,NA,NA,NA,NA,NA,NA,NA,NA,NA,NA,NA,NA,NA,NA,NA,NA,NA,NA,NA,NA,NA,NA,NA,NA,NA,NA,NA,NA,NA,1130.32153320312,NA,NA,NA
1999-12-31,NA,18934.33984375,NA,NA,NA,NA,NA,NA,NA,NA,NA,NA,NA,NA,23.0647296905518,NA,NA,NA,NA,NA,NA,NA,NA,NA,NA,NA,NA,NA,NA,NA,NA,NA,NA,NA,NA,NA,NA,NA,NA,NA,NA,NA,NA,NA,NA,28.680212020874,NA,NA,NA,NA,564.733642578125,NA,NA,NA,NA,NA,NA,NA,NA,NA,NA,NA,NA,NA,NA,NA,NA,NA,NA,NA,NA,NA,NA,NA,NA,NA,NA,NA,NA,NA,NA,NA,NA,NA,NA,NA,NA,NA,NA,NA,NA,NA,NA,NA,NA,NA,NA,NA,NA,NA,NA,NA,NA,NA,NA,NA,NA,NA,NA,NA,NA,NA,NA,NA,NA,NA,NA,NA,NA,NA,NA,NA,NA,NA,NA,NA,NA,NA,NA,NA,NA,NA,NA,NA,NA,NA,NA,NA,NA,NA,NA,NA,NA,NA,NA,NA,NA,NA,NA,NA,NA,NA,NA,NA,NA,NA,NA,NA,NA,NA,NA,NA,NA,NA,NA,NA,NA,NA,NA,NA,NA,NA,NA,NA,NA,NA,NA,NA,NA,NA,NA,NA,NA,NA,NA,NA,NA,NA,NA,NA,NA,NA,NA,NA,NA,NA,1151.85144042969,NA,NA,NA
2000-01-31,NA,19539.69921875,39.0226058959961,NA,NA,NA,NA,0.543889403343201,NA,NA,NA,8.13063907623291,NA,NA,12.2739381790161,NA,NA,2.66417717933655,NA,5.26155996322632,NA,NA,NA,NA,NA,NA,NA,NA,NA,28.5994834899902,NA,NA,NA,NA,NA,NA,20.6700916290283,NA,NA,NA,NA,24.6082153320312,31.8897171020508,30.2538242340088,NA,28.8850708007812,NA,NA,NA,NA,535.070922851562,2476.1005859375,NA,1060.80358886719,NA,2291.42529296875,354.116455078125,NA,1264.04846191406,86.0874481201172,NA,-0.213015526533127,144.996856689453,5138.54541015625,234.62760925293,NA,824.156799316406,3246.6630859375,215.176910400391,NA,184.686813354492,800.661437988281,416.465240478516,297.691162109375,2519.12377929688,315.094116210938,NA,495.637451171875,2941.46948242188,465.914123535156,370.357757568359,NA,NA,1222.27978515625,2313.71533203125,NA,4019.9619140625,539.9482421875,208.041488647461,NA,268.818695068359,NA,1344.48132324219,1397.56201171875,234.165893554688,2996.33129882812,267.709167480469,NA,1923.20288085938,NA,993.849487304688,677.778076171875,NA,1181.96398925781,1547.09362792969,NA,316.430755615234,NA,506.193572998047,NA,1305.95568847656,NA,NA,815.95556640625,NA,279.732849121094,NA,NA,552.645629882812,1834.35095214844,610.505249023438,62.9954872131348,5882.365234375,296.409545898438,520.649475097656,3499.39575195312,NA,1313.998046875,1504.56652832031,372.561645507812,3915.5947265625,525.758422851562,NA,303.785858154297,435.717102050781,1046.71606445312,426.057983398438,252.355514526367,NA,NA,NA,NA,330.821502685547,727.009460449219,NA,888.857116699219,782.212158203125,893.211059570312,NA,319.718505859375,241.762222290039,NA,108.986686706543,300.716949462891,321.706970214844,769.420104980469,1157.345703125,NA,348.649444580078,332.673919677734,833.727783203125,1354.755859375,848.807434082031,NA,NA,561.501586914062,2363.3564453125,288.967315673828,102.033340454102,NA,NA,NA,1547.99291992188,749.986328125,1051.16613769531,2898.806640625,NA,NA,NA,NA,410.331695556641,NA,220.164962768555,501.724884033203,861.813232421875,1011.17864990234,2363.60815429688,822.086486816406,1511.77905273438,NA,1329.4765625,324.666381835938,NA,350.769622802734,1032.54052734375,NA,1126.13500976562,NA,NA,665.903198242188
2000-02-29,NA,19959.51953125,38.6380805969238,NA,NA,NA,NA,0.431006699800491,NA,NA,NA,7.59572792053223,NA,NA,14.0960035324097,NA,NA,2.00272679328918,NA,4.58808135986328,NA,NA,NA,NA,NA,NA,NA,NA,NA,26.6204090118408,NA,NA,NA,NA,NA,NA,18.9827346801758,NA,NA,NA,NA,26.3075065612793,27.7008094787598,29.4163570404053,NA,20.5882987976074,NA,NA,NA,NA,500.844543457031,2984.91357421875,NA,1045.46008300781,NA,1965.01147460938,381.356018066406,NA,1503.31506347656,80.7734069824219,NA,-0.193851500749588,137.374389648438,7830.11328125,308.720611572266,NA,689.049194335938,3647.32641601562,188.828720092773,NA,161.009002685547,829.953796386719,368.159057617188,293.570892333984,2692.85717773438,330.710998535156,NA,649.939575195312,2704.373046875,434.478912353516,321.81201171875,NA,NA,1279.111328125,1873.54516601562,NA,4290.8720703125,550.340698242188,220.366104125977,NA,292.32763671875,NA,1457.26379394531,1454.86547851562,215.364288330078,2966.51586914062,269.930816650391,NA,2163.1806640625,NA,1159.49169921875,549.59814453125,NA,1156.31994628906,1464.94714355469,NA,349.687377929688,NA,413.208099365234,NA,1188.16345214844,NA,NA,738.427917480469,NA,283.991455078125,NA,NA,514.385803222656,1824.95947265625,564.328186035156,62.0293006896973,6323.54150390625,259.066650390625,581.57666015625,2712.0322265625,NA,1669.42370605469,1546.93676757812,363.276611328125,4013.48388671875,414.540161132812,NA,310.136779785156,438.510192871094,908.470825195312,408.572692871094,202.898880004883,NA,NA,NA,NA,286.602783203125,604.345336914062,NA,905.109619140625,774.532104492188,757.876037597656,NA,306.579406738281,175.827072143555,NA,99.8137893676758,230.813446044922,299.520294189453,598.115478515625,1031.5478515625,NA,317.519989013672,360.443115234375,833.727783203125,1679.15588378906,791.037780761719,NA,NA,452.008728027344,1966.76599121094,235.139999389648,90.0995941162109,NA,NA,NA,1305.66674804688,953.315734863281,1363.88806152344,2861.64208984375,NA,NA,NA,NA,448.046112060547,NA,178.421173095703,441.051055908203,917.577880859375,903.228576660156,1958.79125976562,1274.69580078125,1383.76538085938,NA,1166.39416503906,308.07763671875,NA,299.037414550781,879.571594238281,NA,1178.76391601562,NA,NA,737.672485351562
2000-03-31,NA,20337.3203125,39.4071273803711,NA,NA,NA,NA,0.456661939620972,NA,NA,NA,8.05931568145752,NA,NA,17.401216506958,NA,NA,1.94760572910309,NA,4.41971015930176,NA,NA,NA,NA,NA,NA,NA,NA,NA,30.0406169891357,NA,NA,NA,NA,NA,NA,19.9107799530029,NA,NA,NA,NA,29.3284740447998,31.078971862793,28.5788822174072,NA,22.5344524383545,NA,NA,NA,NA,614.168334960938,2663.46166992188,NA,852.206359863281,NA,2839.04736328125,436.856353759766,NA,2257.22973632812,86.7596893310547,NA,-0.18721778690815,158.405029296875,4481.1748046875,281.450286865234,NA,566.776672363281,3376.97900390625,204.167541503906,NA,197.532196044922,869.711669921875,345.181640625,330.149200439453,3178.00805664062,390.636474609375,NA,648.3056640625,2337.82080078125,404.166351318359,384.111694335938,NA,NA,1483.24633789062,2051.5615234375,NA,5295.8623046875,563.809936523438,190.786834716797,NA,315.262542724609,NA,1344.48132324219,1416.66296386719,239.893310546875,2877.81884765625,272.797821044922,NA,2079.8232421875,NA,1087.59558105469,545.690185546875,NA,1246.59301757812,1474.93115234375,NA,308.167053222656,NA,395.732208251953,NA,1262.69995117188,NA,NA,857.586730957031,NA,274.143585205078,NA,NA,531.390258789062,1971.81652832031,750.647644042969,62.3831443786621,4609.662109375,274.807922363281,624.158813476562,3353.58715820312,NA,1813.00085449219,1428.44934082031,385.328552246094,3589.29541015625,475.710235595703,NA,338.073791503906,508.895294189453,879.674682617188,486.136962890625,225.774856567383,NA,NA,NA,NA,338.914825439453,668.82470703125,NA,907.889831542969,742.038513183594,812.009887695312,NA,314.757934570312,213.412689208984,NA,119.86979675293,263.513854980469,354.645477294922,726.790893554688,1159.21948242188,NA,296.351928710938,365.341156005859,928.406921386719,2224.07348632812,826.355712890625,NA,NA,464.413269042969,2411.91821289062,237.973175048828,109.688690185547,NA,NA,NA,1395.16186523438,779.022766113281,1427.60766601562,2861.64208984375,NA,NA,NA,NA,688.618469238281,NA,194.879379272461,477.222106933594,852.731811523438,958.079467773438,2299.79077148438,1158.31066894531,1054.58801269531,NA,1187.39819335938,369.811187744141,NA,275.359680175781,954.002319335938,NA,1318.79235839844,NA,NA,708.339660644531
2000-04-30,NA,17973.69921875,37.8692207336426,NA,NA,NA,NA,0.431006699800491,NA,NA,NA,8.38026332855225,NA,NA,14.5419111251831,NA,NA,2.14971494674683,NA,5.00900554656982,NA,NA,NA,NA,NA,NA,NA,NA,NA,27.3400745391846,NA,NA,NA,NA,NA,NA,17.4641170501709,NA,0.394555956125259,NA,NA,23.412425994873,26.4846782684326,25.744592666626,NA,17.3105545043945,NA,NA,NA,NA,614.168334960938,2279.5556640625,NA,901.842529296875,NA,2993.10546875,472.522735595703,NA,1710.98034667969,71.3239364624023,NA,-0.180584102869034,159.936325073242,3908.17041015625,258.810729980469,NA,837.667602539062,3836.68383789062,212.384765625,NA,190.630462646484,797.119567871094,373.359802246094,385.796997070312,3095.29248046875,444.993896484375,NA,618.167663574219,2271.02661132812,409.779846191406,415.531707763672,NA,NA,1604.24841308594,2326.48486328125,NA,5138.560546875,548.400329589844,154.305633544922,NA,334.710510253906,NA,1391.96899414062,1572.65515136719,268.778503417969,2147.18090820312,290.686157226562,NA,1937.55444335938,NA,1041.87731933594,710.534057617188,NA,1499.66149902344,1551.69348144531,NA,316.831298828125,NA,405.301879882812,NA,1252.39172363281,NA,NA,936.179443359375,NA,292.774719238281,NA,NA,525.013427734375,2066.01171875,776.9580078125,60.0364227294922,4346.25244140625,285.895294189453,634.154174804688,3032.80908203125,NA,1472.04821777344,1504.201171875,345.8671875,3695.34252929688,500.481475830078,NA,376.771636962891,466.440704345703,974.867736816406,481.468139648438,225.135162353516,NA,NA,NA,NA,335.575714111328,720.2724609375,922.845886230469,902.870483398438,831.248413085938,798.476440429688,NA,278.183929443359,213.981781005859,NA,112.251617431641,260.85205078125,336.530029296875,864.529296875,1178.22265625,NA,292.616424560547,346.934631347656,793.715454101562,1646.86474609375,922.201843261719,NA,NA,430.223419189453,2128.63940429688,278.201721191406,101.766700744629,NA,NA,NA,1370.89855957031,691.499694824219,1662.46337890625,2824.478515625,NA,NA,NA,NA,643.115051269531,NA,198.274505615234,505.225341796875,794.822509765625,938.162475585938,2488.81518554688,975.419372558594,987.532897949219,NA,1306.4228515625,398.721496582031,NA,273.456298828125,922.552001953125,NA,1366.74768066406,NA,NA,612.557861328125
2000-05-31,NA,16332.4501953125,38.63037109375,NA,NA,NA,NA,0.492579072713852,NA,NA,NA,6.21759271621704,NA,NA,13.8986806869507,NA,NA,1.80543756484985,NA,3.95669341087341,NA,NA,NA,NA,NA,NA,NA,NA,NA,26.4440860748291,NA,NA,NA,NA,NA,NA,22.7185382843018,NA,0.515205085277557,NA,NA,18.2641582489014,25.4036598205566,20.004810333252,NA,16.7984066009521,NA,NA,NA,NA,559.270690917969,1790.94836425781,NA,932.60302734375,NA,2889.3525390625,419.136657714844,NA,1543.94482421875,68.1303100585938,NA,-0.171739161014557,152.109664916992,2424.24194335938,223.822402954102,NA,743.092224121094,3202.68359375,236.404525756836,NA,180.158950805664,737.091369628906,387.448822021484,414.243774414062,3199.77416992188,327.065887451172,NA,708.582153320312,2263.60424804688,453.564361572266,384.111694335938,NA,NA,1674.5068359375,2137.23974609375,NA,4771.52001953125,453.223480224609,140.994903564453,NA,352.111358642578,NA,1460.23168945312,1579.02160644531,271.960815429688,1331.55017089844,370.624786376953,NA,1724.15209960938,NA,904.725280761719,656.178344726562,NA,1438.73791503906,1287.13818359375,NA,260.908203125,NA,449.772399902344,NA,1216.31518554688,NA,NA,976.246520996094,NA,355.854339599609,NA,NA,553.921142578125,2053.45166015625,711.987609863281,70.5965728759766,3753.58081054688,316.781372070312,545.305969238281,2793.68383789062,NA,1336.75,1488.38403320312,371.401092529297,2977.4833984375,529.802612304688,NA,393.356384277344,477.613037109375,1064.32592773438,466.878204345703,243.043762207031,NA,NA,NA,NA,367.296783447266,798.958129882812,734.510070800781,985.063293457031,768.033203125,1123.28051757812,NA,297.025054931641,233.33122253418,NA,117.382247924805,272.829956054688,356.735778808594,802.986694335938,1441.10607910156,NA,260.241821289062,373.707885742188,630.162048339844,1461.99609375,978.156372070312,NA,NA,421.67578125,2112.45190429688,320.130462646484,102.985481262207,NA,NA,NA,1385.45678710938,654.753356933594,1224.41760253906,2824.478515625,NA,NA,NA,NA,718.953857421875,NA,173.150741577148,491.223724365234,706.36767578125,1017.83056640625,2622.70727539062,993.893249511719,1191.74487304688,NA,1309.27380371094,548.091613769531,NA,296.931610107422,889.703552246094,NA,1348.76428222656,NA,NA,668.244934082031
2000-06-30,NA,17411.05078125,35.9239501953125,NA,NA,NA,NA,0.446399927139282,NA,NA,NA,7.97864437103271,NA,NA,13.7019920349121,4.68346977233887,NA,2.20355868339539,NA,4.88640737533569,NA,NA,NA,NA,NA,NA,NA,NA,NA,26.1742191314697,NA,NA,NA,NA,NA,NA,20.7747001647949,NA,0.528248369693756,NA,NA,21.981071472168,25.4036598205566,23.6343803405762,NA,19.7650890350342,NA,NA,NA,NA,552.408386230469,1818.50122070312,NA,1069.62719726562,NA,2791.88916015625,455.484680175781,NA,1525.88732910156,75.0498199462891,NA,-0.173950463533401,163.169143676758,2115.70141601562,275.275756835938,NA,689.049194335938,3163.46630859375,297.085968017578,NA,192.7724609375,751.051452636719,437.230102539062,558.554382324219,3029.99169921875,332.593688964844,NA,768.858642578125,2723.74755859375,482.754425048828,405.320068359375,NA,NA,1924.31713867188,2226.68359375,NA,5820.2060546875,540.695739746094,179.941101074219,NA,367.465148925781,NA,1337.47290039062,1683.70043945312,281.507476806641,1625.29699707031,417.022766113281,NA,1863.03369140625,NA,1044.28405761719,714.086547851562,NA,1443.42395019531,1479.04382324219,NA,269.37548828125,NA,435.699432373047,NA,1149.31457519531,NA,NA,961.606811523438,NA,337.755523681641,NA,NA,578.152404785156,2034.61303710938,818.302551269531,78.6144943237305,4412.10546875,377.761871337891,643.039306640625,2601.2177734375,NA,1404.39904785156,1497.54150390625,399.256103515625,3161.02685546875,495.931579589844,NA,404.2001953125,562.801330566406,1088.41125488281,449.370269775391,246.241729736328,NA,NA,NA,NA,410.704559326172,901.853698730469,607.383117675781,1140.66625976562,786.221496582031,1299.2158203125,NA,374.606231689453,266.908020019531,NA,127.021575927734,286.138946533203,491.208282470703,893.835205078125,1361.92431640625,NA,354.875305175781,418.329406738281,673.455627441406,1457.95922851562,976.601623535156,NA,NA,484.357421875,2411.91821289062,354.126556396484,129.798278808594,NA,NA,NA,1361.19299316406,692.836120605469,1794.40502929688,2787.31372070312,NA,NA,NA,NA,794.79296875,NA,205.743759155273,507.558929443359,914.459716796875,1126.34423828125,3111.01904296875,1053.00964355469,1414.24499511719,NA,1332.0810546875,602.298461914062,NA,265.842620849609,929.541076660156,NA,1345.76721191406,NA,NA,787.044067382812
2000-07-31,NA,15727.490234375,31.2487907409668,NA,NA,NA,NA,0.367381989955902,NA,NA,NA,7.51142930984497,NA,NA,20.1659851074219,7.3123984336853,NA,2.33318090438843,NA,5.36207628250122,NA,NA,NA,NA,NA,NA,NA,NA,NA,27.7051906585693,NA,NA,NA,NA,NA,NA,18.223424911499,NA,0.580421090126038,NA,NA,23.5191078186035,19.8635215759277,25.8500862121582,NA,17.8606452941895,NA,NA,NA,NA,530.677795410156,1849.72814941406,NA,915.824462890625,NA,2483.7744140625,452.758575439453,NA,1309.19323730469,69.7271118164062,NA,-0.173213362693787,139.859252929688,1344.35192871094,237.714859008789,NA,574.207641601562,2581.75439453125,256.631652832031,NA,184.20475769043,767.803466796875,389.797058105469,504.567687988281,2829.73266601562,368.524871826172,NA,586.020263671875,2285.8701171875,460.300842285156,400.607208251953,NA,NA,1791.60595703125,1720.14868164062,NA,5103.60302734375,444.158935546875,145.924789428711,NA,351.087768554688,NA,1498.32727050781,1556.14782714844,260.700408935547,1438.90942382812,340.997314453125,NA,1893.51965332031,NA,979.317016601562,758.494995117188,NA,1492.63110351562,1440.66235351562,NA,238.066421508789,NA,391.228790283203,NA,1082.31408691406,NA,NA,839.094482421875,NA,275.208251953125,NA,NA,529.264587402344,2034.61303710938,735.613220214844,75.0944366455078,5064.04248046875,333.412506103516,570.849914550781,2239.61279296875,NA,1160.861328125,1309.41198730469,415.504852294922,2785.78247070312,496.873870849609,NA,401.436004638672,499.957489013672,1056.29772949219,458.124176025391,232.810363769531,NA,NA,NA,NA,365.627227783203,780.7998046875,268.378692626953,1113.05895996094,717.983337402344,1123.28051757812,NA,364.631439208984,244.713226318359,NA,119.714347839355,261.517486572266,459.157745361328,808.847839355469,1523.455078125,NA,290.126098632812,389.325256347656,574.361694335938,1436.96984863281,984.372863769531,NA,NA,427.374145507812,2654.72900390625,309.931610107422,118.829399108887,NA,NA,NA,1346.63439941406,595.291015625,1440.80212402344,2824.478515625,NA,NA,NA,NA,781.141967773438,NA,198.274505615234,466.720947265625,967.278076171875,961.513305664062,2756.59936523438,916.303039550781,1130.78649902344,NA,1339.92077636719,507.135375976562,NA,265.842620849609,859.650573730469,NA,1164.13354492188,NA,NA,738.781677246094
2000-08-31,NA,16861.259765625,33.0941848754883,NA,NA,NA,NA,0.381512075662613,NA,NA,NA,7.52494764328003,NA,NA,19.8304882049561,7.1356635093689,NA,2.21220064163208,NA,5.90096807479858,NA,NA,NA,NA,NA,NA,NA,NA,NA,27.1327381134033,NA,NA,NA,NA,NA,NA,20.0457649230957,NA,0.606507301330566,NA,NA,26.1465854644775,20.4344120025635,31.020112991333,NA,17.5003414154053,NA,NA,NA,NA,530.677795410156,2185.87524414062,NA,882.966857910156,NA,2154.49365234375,431.631225585938,NA,1309.19323730469,67.5980529785156,NA,-0.177635759115219,132.713150024414,2070.15502929688,241.831115722656,NA,567.4521484375,3263.68579101562,237.036651611328,NA,170.639251708984,731.507385253906,384.161407470703,523.255432128906,2747.01733398438,359.311920166016,NA,666.388671875,2293.29174804688,473.772979736328,397.465209960938,NA,NA,1674.5068359375,2047.79553222656,NA,5330.81884765625,421.498016357422,145.431838989258,NA,301.955932617188,NA,822.143615722656,1521.07043457031,282.731506347656,1759.49548339844,385.159240722656,NA,1978.20239257812,NA,919.16259765625,712.310363769531,NA,1359.06823730469,1590.07470703125,NA,222.70735168457,NA,394.043365478516,NA,1030.77551269531,NA,NA,809.044128417969,NA,259.504852294922,NA,NA,491.4296875,1839.94311523438,846.223571777344,84.0900726318359,5808.17431640625,366.674530029297,586.398254394531,2449.5771484375,NA,1350.27941894531,1584.94653320312,439.878051757812,3169.1845703125,551.968566894531,NA,397.608795166016,525.095092773438,1003.54040527344,412.019927978516,220.018524169922,NA,NA,NA,NA,362.288116455078,829.221557617188,277.795471191406,1236.03503417969,694.248413085938,1055.61291503906,NA,351.331848144531,242.436798095703,NA,122.201889038086,259.521331787109,641.009399414062,785.4033203125,1355.58984375,NA,305.068267822266,372.034362792969,639.782897949219,1380.27917480469,937.744873046875,NA,4321.53173828125,444.469268798828,2832.78955078125,303.698913574219,120.657562255859,NA,NA,NA,1264.13793945312,585.269409179688,1699.40747070312,2824.478515625,NA,NA,NA,NA,844.846923828125,NA,213.892013549805,409.547454833984,992.73291015625,865.362243652344,2617.45654296875,866.423645019531,1216.12878417969,NA,1196.66357421875,704.689208984375,NA,276.628631591797,964.486206054688,NA,1117.97546386719,NA,NA,817.486328125
2000-09-30,NA,15747.259765625,25.5895233154297,NA,NA,NA,NA,0.26428747177124,NA,NA,NA,6.94610500335693,NA,NA,17.2385139465332,6.91474342346191,NA,2.04489183425903,NA,5.46385955810547,NA,NA,NA,NA,NA,NA,NA,NA,NA,25.4245452880859,NA,NA,NA,NA,NA,NA,16.2795925140381,NA,0.536150574684143,NA,NA,24.0958709716797,15.3169269561768,31.020112991333,NA,15.3385381698608,NA,NA,NA,NA,489.671691894531,2015.33679199219,NA,880.580749511719,NA,2768.62548828125,447.4970703125,NA,1182.78820800781,56.5382308959961,NA,-0.184269517660141,148.710708618164,1483.9296875,257.781677246094,NA,480.225219726562,2138.73022460938,270.537841796875,NA,161.587265014648,636.010437011719,399.969970703125,572.596801757812,3120.1171875,367.700988769531,NA,602.183471679688,1866.33081054688,464.791381835938,396.258422851562,NA,NA,1632.61254882812,1600.9169921875,NA,4290.8720703125,427.040618896484,133.600082397461,NA,316.725921630859,NA,774.483520507812,1527.44848632812,332.166564941406,1491.81506347656,369.077087402344,NA,1921.46716308594,NA,873.597961425781,706.981384277344,NA,1414.04284667969,1639.68005371094,NA,221.846374511719,NA,425.00390625,NA,989.544006347656,NA,NA,871.105407714844,NA,257.641754150391,NA,NA,514.385803222656,1860.06860351562,737.087463378906,78.7814712524414,5889.78125,447.453887939453,578.619873046875,2595.384765625,NA,1271.80651855469,1375.921875,516.479614257812,3544.4287109375,533.093505859375,NA,353.553253173828,564.004211425781,1023.51403808594,394.798034667969,243.8076171875,NA,NA,NA,NA,399.017944335938,876.532531738281,254.253509521484,1173.48657226562,658.645935058594,1245.08215332031,NA,317.648712158203,229.882965087891,NA,120.647163391113,283.294036865234,621.857543945312,842.641235351562,1588.48864746094,NA,283.900177001953,361.484802246094,609.477355957031,1450.70922851562,922.210754394531,NA,3777.43408203125,465.996337890625,2913.72705078125,351.293548583984,133.454559326172,NA,NA,NA,1277.97106933594,603.759704589844,1804.91381835938,2824.478515625,NA,NA,NA,NA,850.158752441406,NA,217.667556762695,437.550872802734,1053.76940917969,927.186096191406,2913.26635742188,918.150329589844,1176.50524902344,NA,1143.92211914062,719.144409179688,NA,271.176361083984,884.112060546875,NA,1181.58447265625,NA,NA,738.412170410156
2000-10-31,NA,14539.599609375,24.1132068634033,NA,NA,NA,NA,0.249368026852608,NA,NA,NA,7.48877000808716,NA,NA,14.1420440673828,6.03936719894409,NA,2.08207082748413,NA,5.68241500854492,NA,NA,NA,NA,NA,NA,NA,NA,NA,23.4860038757324,NA,NA,NA,NA,NA,NA,13.8498020172119,NA,0.553010582923889,NA,NA,22.2363700866699,13.1846227645874,27.010705947876,NA,13.0223121643066,NA,NA,NA,NA,499.992645263672,1603.443359375,NA,821.594055175781,NA,3378.982421875,422.192718505859,NA,1015.75323486328,52.9645729064941,NA,-0.169527962803841,153.838653564453,962.35009765625,239.258453369141,NA,346.303100585938,1863.7509765625,268.009460449219,NA,173.556701660156,626.225646972656,353.747222900391,646.648376464844,3141.96752929688,348.299896240234,NA,527.499389648438,1445.47668457031,442.113159179688,392.319458007812,NA,NA,1652.18811035156,1341.63977050781,NA,3635.44360351562,437.056732177734,125.712211608887,NA,316.725921630859,NA,644.608459472656,1380.76245117188,324.316314697266,1268.04296875,271.892425537109,NA,2152.314453125,NA,977.368225097656,728.297546386719,NA,1475.21594238281,1344.67529296875,NA,231.131042480469,NA,385.599609375,NA,912.236206054688,NA,NA,897.408630371094,NA,286.919281005859,NA,NA,518.636840820312,2061.83935546875,591.822021484375,72.8580169677734,6074.6611328125,495.763153076172,549.689025878906,2507.90014648438,NA,1252.86486816406,1184.12670898438,579.153625488281,3173.2626953125,588.698608398438,NA,321.955535888672,596.19287109375,1039.21569824219,446.497711181641,236.712692260742,NA,NA,NA,NA,400.687286376953,870.42431640625,120.534973144531,1267.869140625,675.260681152344,1366.88342285156,NA,318.771209716797,259.767761230469,NA,133.706924438477,285.308044433594,672.165283203125,795.334655761719,1426.13781738281,NA,286.390533447266,378.858459472656,581.5771484375,1273.41870117188,948.559692382812,NA,2681.43237304688,451.524322509766,2759.9462890625,424.385345458984,119.438774108887,NA,NA,NA,1178.91284179688,585.647033691406,1778.44934082031,2787.31372070312,NA,NA,NA,NA,859.300415039062,NA,203.977920532227,402.546752929688,1082.50830078125,974.167236328125,2952.81469726562,840.560241699219,1091.16333007812,NA,1218.75793457031,678.18798828125,NA,289.042022705078,761.804443359375,NA,1010.20947265625,NA,NA,637.821228027344
2000-11-30,NA,14648.509765625,22.0218372344971,NA,NA,NA,NA,0.277075588703156,NA,NA,NA,7.19934988021851,NA,NA,15.7325315475464,7.28276586532593,NA,2.19361138343811,NA,5.50757122039795,NA,NA,NA,NA,NA,NA,NA,NA,NA,25.766637802124,NA,NA,NA,NA,NA,NA,12.6349048614502,NA,0.451850205659866,NA,26.2900428771973,22.6230907440186,11.5854263305664,26.0157089233398,NA,11.8899383544922,NA,NA,NA,NA,452.974792480469,1537.24633789062,NA,742.243713378906,NA,3402.89111328125,446.813079833984,NA,988.666564941406,50.937744140625,NA,-0.168053835630417,144.9501953125,850.688537597656,264.985137939453,NA,353.066802978516,1724.07849121094,305.935363769531,NA,164.699295043945,693.321411132812,333.465698242188,638.304626464844,2997.76049804688,358.462280273438,NA,483.765441894531,1314.61010742188,415.617889404297,389.956085205078,NA,NA,1879.2666015625,1227.55834960938,NA,3644.1826171875,399.269439697266,130.149185180664,NA,224.988189697266,NA,820.952209472656,1387.13977050781,315.239379882812,1302.35485839844,311.215576171875,NA,1887.51867675781,NA,1076.31176757812,881.062194824219,NA,1501.0966796875,1225.30053710938,NA,239.033004760742,NA,395.169158935547,NA,1010.15991210938,NA,NA,963.167419433594,NA,313.535186767578,NA,NA,569.650329589844,2143.80859375,647.237976074219,75.0299606323242,4919.15576171875,477.547973632812,599.76171875,2192.95385742188,NA,1260.982421875,1209.14343261719,612.811706542969,3165.10620117188,547.887451171875,NA,348.002288818359,624.18310546875,1083.99426269531,460.01025390625,254.772476196289,NA,NA,NA,NA,382.322631835938,952.885620117188,109.234825134277,1192.36352539062,626.010314941406,1759.35485839844,NA,359.178863525391,297.698425292969,NA,137.127334594727,297.391693115234,665.876892089844,895.860229492188,1585.3046875,NA,277.674255371094,388.386077880859,560.411315917969,1201.36901855469,1014.43206787109,NA,3121.39501953125,518.095092773438,2921.82080078125,383.589996337891,112.735580444336,NA,NA,NA,1178.91284179688,595.709655761719,2011.34143066406,2824.478515625,NA,NA,NA,NA,903.484130859375,NA,232.726470947266,361.708679199219,898.577880859375,992.130615234375,2868.4482421875,912.6083984375,1021.06030273438,NA,1150.33618164062,667.346557617188,NA,274.366760253906,792.555786132812,NA,1183.98950195312,NA,NA,689.234252929688
2000-12-31,NA,13785.6904296875,19.5613899230957,NA,NA,NA,NA,0.245701313018799,NA,NA,NA,7.09081411361694,NA,NA,14.0583810806274,7.94886827468872,NA,2.3980987071991,NA,5.68241500854492,NA,NA,NA,NA,NA,NA,NA,NA,NA,23.6000347137451,NA,NA,NA,NA,NA,NA,11.6872911453247,NA,0.438362091779709,NA,21.0320339202881,25.7168426513672,8.03161144256592,33.4333953857422,NA,12.9057655334473,NA,NA,NA,NA,418.571746826172,1452.66064453125,NA,714.857421875,NA,2816.4462890625,433.135345458984,NA,911.920715332031,43.8971328735352,NA,-0.168053835630417,143.92463684082,583.287109375,273.732147216797,NA,372.681732177734,1370.53344726562,314.784698486328,NA,172.120346069336,615.043395996094,417.893371582031,709.227416992188,2954.06030273438,393.569549560547,NA,473.000213623047,1252.15100097656,415.393310546875,389.168212890625,NA,NA,1722.66076660156,1008.82238769531,NA,3652.92163085938,374.229736328125,133.107070922852,NA,256.250793457031,NA,624.68603515625,1279.5498046875,278.440948486328,1133.77954101562,283.689300537109,NA,1853.57104492188,NA,1153.53588867188,881.062194824219,NA,1576.38659667969,1066.134765625,NA,241.008438110352,NA,399.672546386719,NA,974.082702636719,NA,NA,943.826293945312,NA,310.075012207031,NA,NA,631.291564941406,2093.36596679688,598.278137207031,74.0427398681641,5658.68017578125,455.373229980469,549.689025878906,2268.77416992188,NA,1112.15393066406,1039.86376953125,552.459167480469,3038.6640625,533.093505859375,NA,421.659301757812,652.173400878906,1127.60998535156,407.722930908203,224.457778930664,NA,NA,NA,NA,350.601409912109,1032.29296875,61.2091674804688,1179.14965820312,610.5791015625,1651.0869140625,NA,355.8115234375,282.756011962891,NA,132.638259887695,288.664672851562,598.101379394531,1025.95227050781,1607.58813476562,NA,261.487030029297,368.770477294922,573.880310058594,1275.84741210938,1033.40356445312,NA,2152.955078125,662.814819335938,3156.53759765625,372.824462890625,104.813621520996,NA,NA,NA,1216.82373046875,529.966979980469,2117.20166015625,2824.478515625,NA,NA,NA,NA,938.526611328125,NA,231.357406616211,351.207458496094,792.562377929688,880.895812988281,2486.16479492188,923.692749023438,1014.96435546875,NA,1212.34350585938,720.348937988281,NA,286.489837646484,739.439086914062,NA,1268.77502441406,NA,NA,719.038757324219
2001-01-31,NA,13843.5498046875,25.9586009979248,NA,NA,NA,NA,0.313707739114761,NA,NA,NA,7.09081411361694,NA,NA,17.7421894073486,8.43735027313232,NA,2.37951111793518,NA,6.03209972381592,NA,NA,NA,NA,NA,NA,NA,NA,NA,27.9309692382812,NA,NA,NA,NA,NA,NA,14.4572534561157,NA,0.451850205659866,NA,21.4471416473389,26.6836452484131,12.367262840271,34.8309516906738,NA,17.4150085449219,NA,NA,NA,NA,455.2685546875,1553.79541015625,NA,768.927917480469,4159.5947265625,2515.67309570312,392.329498291016,1150.57348632812,902.892211914062,43.2037239074707,NA,-0.168053835630417,139.309417724609,1021.12023925781,261.383422851562,NA,376.739929199219,1785.18530273438,307.83154296875,NA,168.76887512207,619.236633300781,387.235260009766,594.499328613281,2700.6064453125,412.047027587891,1516.17858886719,540.283386230469,1459.60437011719,426.844696044922,389.956085205078,306.772369384766,NA,1871.43615722656,1216.244140625,NA,4151.0478515625,350.100555419922,118.810417175293,1029.27526855469,240.875717163086,NA,659.524353027344,1388.31079101562,256.852630615234,1060.68029785156,295.486419677734,NA,1795.85827636719,NA,1119.75,957.44482421875,NA,1404.63122558594,1115.53161621094,710.603149414062,256.812408447266,NA,386.162506103516,3267.46264648438,1051.39099121094,1916.08837890625,NA,830.876892089844,12839.1962890625,292.242431640625,319.357330322266,1104.14672851562,520.762390136719,1841.15344238281,555.236572265625,74.0427398681641,4615.4228515625,394.392913818359,476.248748779297,2093.80493164062,692.469177246094,1168.97924804688,1055.70715332031,594.24169921875,3063.13671875,516.286437988281,NA,393.904449462891,568.202514648438,1072.94519042969,505.247222900391,235.422790527344,NA,NA,310.114959716797,514.992736816406,373.974945068359,934.560791015625,110.176498413086,1101.12744140625,669.070678710938,1657.853515625,NA,312.03662109375,240.227676391602,NA,132.795059204102,281.280181884766,600.896118164062,860.380798339844,1588.48864746094,NA,301.332763671875,316.088897705078,571.956298828125,1275.03833007812,1015.48626708984,NA,3241.1484375,642.554016113281,3116.06811523438,401.721160888672,107.251152038574,194.940689086914,NA,NA,1149.56237792969,553.446594238281,1561.43627929688,2712.98559570312,NA,166.683166503906,NA,NA,773.97998046875,NA,206.031295776367,346.540252685547,769.570861816406,846.350891113281,2401.79760742188,918.150329589844,1066.779296875,1216.09069824219,1136.79455566406,579.4111328125,257.736572265625,275.642852783203,720.56884765625,1651.47045898438,1292.82800292969,NA,520.657897949219,715.313415527344
2001-02-28,NA,12883.5400390625,22.1449413299561,NA,NA,NA,NA,0.302738934755325,NA,NA,NA,7.12699460983276,NA,NA,16.8185195922852,7.3049693107605,NA,2.43527984619141,NA,6.03209972381592,NA,NA,NA,NA,NA,NA,NA,NA,NA,26.3345203399658,NA,NA,1468.94848632812,NA,NA,NA,12.8778858184814,NA,0.48557037115097,NA,18.5413970947266,24.3633308410645,11.1234283447266,37.4110260009766,NA,18.5760116577148,NA,NA,NA,NA,467.883026123047,1553.79541015625,NA,719.772827148438,3286.95288085938,2384.56811523438,384.122528076172,1170.80212402344,929.978820800781,40.9635314941406,NA,-0.179109945893288,139.993179321289,769.880249023438,262.927032470703,NA,338.186676025391,1717.53137207031,293.925354003906,NA,159.432708740234,580.097595214844,390.065246582031,560.080932617188,2425.30102539062,424.057373046875,1324.81652832031,460.216278076172,1194.89770507812,417.863189697266,334.810852050781,325.891448974609,NA,1703.08520507812,1268.09948730469,NA,3336.56787109375,340.995269775391,114.866500854492,735.304382324219,230.113189697266,NA,646.309997558594,1221.96984863281,277.950408935547,992.057006835938,307.283386230469,NA,1500.50952148438,NA,1025.63330078125,988.372619628906,NA,1550.505859375,894.620483398438,639.237731933594,267.282409667969,NA,433.447692871094,3136.7646484375,1102.9296875,1951.7919921875,NA,893.540649414062,11147.3466796875,303.421173095703,321.080505371094,1138.39611816406,579.002807617188,1847.45849609375,436.872161865234,82.9278411865234,3268.43188476562,466.460601806641,488.48876953125,2128.798828125,767.859069824219,1247.45300292969,883.091613769531,625.578796386719,2891.830078125,494.15283203125,NA,311.707580566406,564.004211425781,1133.42541503906,508.184875488281,210.267944335938,NA,NA,342.236114501953,425.061218261719,409.035064697266,968.155944824219,132.776840209961,884.047607421875,678.023193359375,1962.35754394531,NA,353.566589355469,277.008972167969,NA,129.345794677734,287.993225097656,533.819458007812,904.730346679688,1607.58813476562,NA,283.900177001953,306.001098632812,515.193786621094,1176.88342285156,1069.7646484375,NA,2733.49877929688,720.702087402344,3391.25366210938,428.351501464844,117.001235961914,180.747192382812,NA,NA,1131.21826171875,540.700378417969,1582.6083984375,2802.17895507812,NA,157.70637512207,NA,NA,833.399536132812,NA,232.726470947266,416.54833984375,761.268493652344,809.042236328125,2132.88061523438,968.02978515625,993.629028320312,1063.58410644531,1044.85314941406,551.705200195312,277.852600097656,278.194915771484,641.592834472656,1351.79943847656,1235.70275878906,NA,449.551330566406,819.6298828125
2001-03-31,NA,12999.7001953125,21.775857925415,NA,NA,NA,NA,0.256669908761978,NA,NA,NA,5.89695453643799,NA,NA,16.8185195922852,5.57309150695801,NA,2.17502117156982,NA,5.55128192901611,NA,NA,NA,NA,NA,NA,NA,NA,NA,26.2227725982666,NA,NA,1177.93029785156,NA,NA,NA,12.8778858184814,NA,0.46871030330658,NA,17.2960796356201,21.0762138366699,10.5193014144897,31.9283676147461,NA,14.8856868743896,NA,NA,NA,NA,500.352325439453,1638.7470703125,NA,757.1484375,3376.14331054688,2625.67578125,435.799163818359,1257.76354980469,1173.75952148438,42.7969703674316,NA,-0.181321248412132,143.067459106445,691.545837402344,231.489501953125,NA,275.283905029297,1810.83227539062,293.953155517578,NA,160.837173461914,601.809631347656,392.782836914062,605.356872558594,2654.00537109375,474.085754394531,1339.33471679688,481.413146972656,1245.13830566406,419.883972167969,379.235260009766,341.408050537109,NA,1578.50512695312,1176.84643554688,NA,3492.12377929688,361.749633789062,110.429595947266,794.456481933594,205.427490234375,NA,764.039123535156,1455.4873046875,296.916076660156,903.255187988281,325.214172363281,NA,1541.95361328125,NA,1122.19177246094,923.913879394531,NA,1589.33154296875,971.551330566406,642.559448242188,273.744903564453,NA,465.668701171875,3136.7646484375,1079.6455078125,2171.576171875,NA,900.412658691406,12634.6875,318.059844970703,310.167236328125,1262.93640136719,555.621459960938,1999.53735351562,443.866516113281,83.0273971557617,3921.14208984375,482.939361572266,482.310852050781,1848.84716796875,679.832580566406,1226.64990234375,952.069702148438,731.195861816406,2911.97485351562,519.375,NA,385.830505371094,540.212341308594,1076.09240722656,492.381072998047,261.729187011719,NA,NA,365.012786865234,493.380706787109,408.931945800781,1055.67224121094,94.1679306030273,909.824829101562,681.007690429688,1800.5107421875,NA,386.571960449219,279.674652099609,NA,128.200256347656,341.266693115234,576.117004394531,971.198181152344,1714.06298828125,NA,276.429168701172,306.4990234375,577.354797363281,1112.71911621094,1047.73815917969,NA,2775.15161132812,701.557861328125,3358.87939453125,451.332855224609,115.553955078125,198.493209838867,NA,NA,1161.21520996094,540.488830566406,1657.64575195312,2921.10522460938,NA,180.298736572266,NA,NA,835.477294921875,NA,289.088073730469,396.712768554688,698.631469726562,862.941284179688,2331.66162109375,934.777038574219,965.196899414062,1063.12292480469,1075.33361816406,584.125366210938,268.967071533203,273.426635742188,627.399597167969,1564.97448730469,1368.37854003906,NA,481.903991699219,825.897583007812
2001-04-30,NA,13934.3203125,22.3909111022949,NA,NA,NA,NA,0.263251304626465,NA,NA,NA,5.7522439956665,NA,NA,16.1516952514648,6.32761907577515,NA,2.04489183425903,NA,5.28901815414429,NA,NA,NA,NA,NA,NA,NA,NA,NA,22.8018112182617,NA,NA,1302.65234375,NA,NA,NA,12.7563953399658,NA,0.563126683235168,NA,17.987922668457,22.3652744293213,9.09775924682617,31.6251220703125,NA,16.5940093994141,NA,NA,NA,NA,472.746795654297,1701.35070800781,NA,845.352661132812,3914.58081054688,3366.67163085938,420.447692871094,1217.19006347656,1313.70788574219,41.9945335388184,NA,-0.200485244393349,159.727188110352,691.545837402344,260.620666503906,NA,337.510223388672,1968.29602050781,322.009368896484,NA,169.986679077148,694.180236816406,391.359741210938,563.463745117188,2614.52416992188,460.196838378906,1329.48693847656,501.754516601562,1267.505859375,450.196411132812,383.185638427734,364.023651123047,NA,1653.11157226562,1338.35583496094,NA,3941.31030273438,417.086853027344,127.191207885742,788.397888183594,254.730178833008,NA,854.738952636719,1551.45385742188,301.344024658203,1191.40075683594,395.225555419922,NA,1402.39440917969,NA,1204.42138671875,1106.54797363281,NA,1624.75512695312,949.564636230469,659.051147460938,311.208831787109,NA,570.745483398438,3064.15502929688,1183.45764160156,2486.57421875,NA,969.496154785156,12591.7099609375,368.363891601562,369.903106689453,1271.11645507812,535.641357421875,1986.88232421875,386.298400878906,95.3720321655273,3934.41186523438,542.906982421875,381.829376220703,2006.32019042969,789.847290039062,1422.91418457031,987.176818847656,748.605041503906,3076.02954101562,547.171142578125,NA,402.754791259766,608.788452148438,1148.57800292969,530.755859375,292.253448486328,NA,NA,419.910797119141,621.351257324219,569.097106933594,1071.10595703125,85.0336532592773,962.084777832031,709.656616210938,2101.73657226562,NA,482.931579589844,370.583435058594,NA,134.013290405273,375.055511474609,685.017028808594,1096.32189941406,1902.73840332031,NA,316.27490234375,358.33349609375,680.957702636719,1340.13598632812,1197.41479492188,NA,2910.525390625,1011.41247558594,4022.56201171875,483.897338867188,144.910949707031,219.525680541992,NA,NA,1460.76416015625,599.794311523438,1684.21008300781,2935.970703125,NA,189.313659667969,NA,NA,1086.42614746094,NA,403.346527099609,472.5546875,757.70703125,956.814697265625,2808.59252929688,979.114379882812,1101.75207519531,1193.01538085938,1203.65698242188,612.173034667969,301.243103027344,295.249359130859,683.027709960938,1608.85241699219,1395.50500488281,NA,554.388610839844,946.028503417969
2001-05-31,NA,13262.1396484375,22.0218372344971,NA,NA,NA,NA,0.269832491874695,NA,NA,NA,5.29735565185547,NA,NA,15.899866104126,6.37281560897827,NA,2.04489159584045,NA,5.13650560379028,NA,NA,NA,NA,NA,NA,NA,NA,NA,17.1002216339111,NA,NA,1371.94250488281,NA,NA,NA,12.6349048614502,NA,0.620697200298309,NA,16.8809776306152,22.3998947143555,8.70683765411377,31.733419418335,NA,16.8759727478027,NA,NA,NA,NA,483.098815917969,1688.46203613281,NA,863.699401855469,3783.609375,2921.06494140625,438.77783203125,1402.22790527344,1092.49914550781,39.3732070922852,NA,-0.190166100859642,162.131713867188,665.061218261719,245.534851074219,NA,392.296539306641,1784.58862304688,322.647125244141,NA,188.767059326172,643.796081542969,397.526641845703,576.03173828125,2654.00537109375,462.974334716797,1395.14038085938,452.257110595703,1150.4482421875,449.073852539062,365.804046630859,397.077087402344,NA,1924.04907226562,1161.73425292969,NA,3402.98510742188,389.189636230469,110.922569274902,721.751342773438,228.024566650391,NA,759.834655761719,1506.66967773438,277.974426269531,1086.89208984375,331.424896240234,NA,1484.08801269531,NA,1211.67687988281,945.39990234375,NA,1669.62475585938,878.106567382812,753.724670410156,287.223937988281,NA,554.09423828125,2766.4521484375,1022.54876708984,1980.66760253906,NA,887.216918945312,12333.8603515625,342.014099121094,413.556213378906,1276.02392578125,552.645629882812,1961.57153320312,367.467712402344,94.1773452758789,4080.37670898438,502.129180908203,390.761138916016,1773.02697753906,722.145812988281,1300.24877929688,926.993530273438,853.061828613281,2842.25122070312,560.03955078125,NA,392.043304443359,740.343017578125,1219.88562011719,489.428985595703,285.758880615234,NA,NA,436.847473144531,559.678588867188,550.354309082031,1086.53979492188,77.5943984985352,999.863098144531,676.82958984375,1937.431640625,NA,374.102020263672,277.937530517578,NA,123.801284790039,361.540008544922,646.374938964844,1141.00891113281,1921.92492675781,NA,334.952484130859,312.696594238281,631.345153808594,1173.63464355469,1224.14270019531,NA,2676.22509765625,815.561218261719,3496.47192382812,460.473602294922,133.043243408203,183.047622680664,NA,NA,1621.01623535156,560.032531738281,1562.01232910156,2831.9111328125,NA,195.460174560547,NA,NA,980.843627929688,NA,311.113830566406,411.881164550781,684.5048828125,834.431640625,2588.67553710938,895.981872558594,1176.23657226562,1055.12939453125,1161.3603515625,704.8525390625,294.281616210938,320.923217773438,613.316650390625,1564.97448730469,1416.60363769531,NA,525.71337890625,889.716613769531
2001-06-30,NA,12969.0498046875,22.0465087890625,NA,NA,NA,NA,0.269832491874695,NA,NA,NA,4.8954873085022,NA,NA,15.1443643569946,6.28242301940918,NA,2.23249626159668,NA,5.13650560379028,NA,NA,NA,NA,NA,NA,NA,NA,NA,19.380859375,NA,NA,1426.48425292969,NA,NA,NA,11.1041393280029,NA,0.574588179588318,NA,14.4478006362915,22.3342037200928,7.53407955169678,30.4337615966797,NA,16.43723487854,NA,NA,NA,NA,504.953094482422,1509.85681152344,NA,864.404846191406,3601.70434570312,2739.28637695312,434.653564453125,1413.90832519531,1142.158203125,34.7725410461426,NA,-0.188691973686218,172.608489990234,601.792175292969,263.741821289062,NA,393.649261474609,1651.18127441406,362.818450927734,NA,202.009567260742,640.996948242188,407.962829589844,604.309753417969,2544.33569335938,507.420257568359,1296.66003417969,419.032836914062,976.72509765625,455.809844970703,376.074890136719,402.730987548828,NA,1814.10327148438,1009.67016601562,NA,2945.05908203125,399.250885009766,118.317459106445,621.0244140625,235.214569091797,NA,788.558471679688,1615.52648925781,330.617340087891,1015.22863769531,322.955627441406,NA,1328.87109375,NA,1301.16247558594,984.791320800781,NA,1700.32531738281,853.371276855469,740.89794921875,329.048767089844,NA,561.558532714844,2635.75390625,981.02392578125,1706.23779296875,NA,890.321960449219,11474.3564453125,373.9716796875,370.4775390625,1267.84362792969,568.800048828125,1961.57153320312,312.589630126953,117.671943664551,3775.17797851562,593.279846191406,390.761138916016,1574.72778320312,739.071228027344,1302.97448730469,919.470275878906,717.268249511719,2854.5556640625,545.1123046875,NA,428.034027099609,727.7470703125,1246.40502929688,541.973205566406,322.128234863281,NA,NA,411.150573730469,555.053100585938,623.621276855469,1169.88220214844,69.2134399414062,890.306335449219,636.881469726562,2108.58276367188,NA,360.498199462891,280.832763671875,NA,130.399780273438,336.536346435547,533.962036132812,1197.61254882812,2161.76586914062,NA,339.933319091797,295.230682373047,634.750061035156,1210.18383789062,1416.58422851562,NA,2436.71826171875,888.639770507812,3253.66137695312,491.895751953125,148.033996582031,151.170349121094,NA,NA,1581.57019042969,559.358703613281,1484.97436523438,2757.58251953125,NA,210.007080078125,NA,NA,1040.52087402344,NA,350.347198486328,389.7119140625,662.030395507812,813.570617675781,2745.001953125,914.455810546875,1272.44592285156,1039.14233398438,1091.10534667969,710.950012207031,296.180114746094,289.472747802734,578.108947753906,1652.73034667969,1621.55810546875,NA,489.869140625,833.405578613281
2001-07-31,NA,11860.76953125,22.7352333068848,NA,NA,NA,NA,0.261057525873184,NA,NA,35.5246925354004,4.93201875686646,NA,NA,16.3828067779541,5.22028493881226,NA,2.13869380950928,NA,4.68985462188721,NA,NA,NA,NA,NA,NA,NA,NA,NA,19.8426494598389,NA,NA,1328.58813476562,NA,NA,NA,12.5001173019409,NA,0.571041524410248,NA,13.8561887741089,20.2978496551514,6.90221452713013,29.6756248474121,NA,14.0700035095215,NA,NA,NA,NA,473.896881103516,1132.392578125,NA,741.624328613281,2750.39233398438,2822.60180664062,403.263305664062,1358.58129882812,1060.89782714844,34.2910690307617,NA,-0.198273986577988,167.971206665039,462.011444091797,227.848007202148,NA,307.073486328125,1585.57153320312,301.604919433594,NA,199.84260559082,606.008239746094,429.309783935547,581.268188476562,2526.78833007812,525.939331054688,1299.9423828125,354.618377685547,868.614135742188,453.564361572266,364.223846435547,406.645294189453,NA,1920.12231445312,867.05078125,NA,2917.09423828125,342.084381103516,94.6539459228516,599.061340332031,236.241683959961,NA,626.616943359375,1352.6826171875,290.766235351562,886.831787109375,289.643859863281,NA,1184.546875,NA,1194.74743652344,1095.80432128906,NA,1579.88525390625,743.436096191406,644.391906738281,290.990142822266,NA,529.403930664062,2650.27612304688,918.736694335938,1460.4443359375,NA,908.951232910156,10013.205078125,358.467498779297,323.378112792969,1205.67883300781,612.161560058594,1847.67407226562,324.964111328125,111.101432800293,3669.02075195312,610.070678710938,386.295379638672,1213.1240234375,679.832580566406,1112.16271972656,782.386047363281,675.485778808594,2768.4267578125,535.952270507812,NA,403.183319091797,689.960327148438,1222.83215332031,495.923065185547,320.179840087891,NA,NA,386.621765136719,337.657348632812,536.723327636719,1203.83679199219,59.2316360473633,779.490234375,613.471252441406,2074.3525390625,NA,386.571960449219,286.044067382812,NA,129.300048828125,280.446990966797,494.617401123047,1158.8837890625,1998.67468261719,NA,260.241821289062,286.779357910156,527.742370605469,1234.55029296875,1384.51135253906,NA,1377.16259765625,961.718872070312,2994.66333007812,490.181610107422,135.54167175293,187.319808959961,NA,NA,1501.44348144531,529.032043457031,1391.99670410156,2705.552734375,NA,204.680053710938,NA,NA,1072.65490722656,NA,351.035614013672,388.545043945312,575.343444824219,814.961486816406,2379.35498046875,895.981872558594,1266.23913574219,929.233215332031,1021.56719970703,569.491821289062,275.928527832031,258.022399902344,517.551940917969,1312.67749023438,1410.57543945312,NA,491.462280273438,705.766967773438
2001-08-31,NA,10713.509765625,22.0465087890625,NA,NA,NA,NA,0.269252061843872,NA,NA,37.3835945129395,5.05753469467163,NA,NA,13.4964799880981,4.45193147659302,NA,2.07325100898743,NA,5.07363700866699,NA,NA,NA,NA,NA,NA,NA,NA,NA,14.5649862289429,NA,NA,1020.91552734375,NA,NA,NA,12.7893190383911,NA,0.56394773721695,NA,14.1052875518799,18.9183826446533,7.98328399658203,29.4590091705322,NA,14.5117740631104,NA,NA,NA,NA,415.234924316406,974.041809082031,NA,687.290161132812,2498.6376953125,1901.39428710938,439.236145019531,1157.560546875,1422.05493164062,28.8879470825195,NA,-0.199748113751411,170.032180786133,339.887481689453,209.120758056641,NA,229.290573120117,1425.92065429688,309.256530761719,NA,197.194061279297,515.036987304688,399.424133300781,582.315795898438,2145.13818359375,397.232025146484,1034.04541015625,308.511260986328,886.508056640625,443.23583984375,327.090362548828,369.677490234375,NA,1501.54357910156,636.592712402344,NA,2536.07153320312,349.401641845703,89.2310638427734,545.289611816406,206.454681396484,NA,606.071899414062,1147.53625488281,328.403503417969,656.912719726562,244.475189208984,NA,1228.11633300781,NA,1068.984375,843.33984375,NA,1657.81750488281,674.726806640625,722.574035644531,285.043518066406,NA,541.461975097656,2454.22827148438,934.308410644531,1083.4013671875,NA,1039.35546875,9317.01171875,316.766540527344,229.753494262695,1194.2275390625,546.694213867188,1910.95104980469,333.572326660156,115.481750488281,2488.03442382812,672.437133789062,316.516540527344,1306.44104003906,713.683044433594,1101.25915527344,671.21337890625,632.542419433594,2514.1416015625,527.643127441406,NA,362.050872802734,596.19287109375,1202.20593261719,469.946228027344,265.6259765625,NA,NA,415.238708496094,308.363006591797,454.936920166016,1234.70397949219,50.8506927490234,688.822509765625,548.042236328125,2170.197265625,NA,428.516723632812,301.678100585938,NA,125.215217590332,265.579742431641,446.139373779297,1149.94580078125,2081.81811523438,NA,229.112518310547,256.354888916016,489.316741943359,1232.08117675781,1245.52514648438,NA,940.323547363281,1049.41381835938,3059.41284179688,396.487335205078,123.049385070801,168.896636962891,NA,NA,1391.732421875,493.314117431641,1559.35595703125,2861.64208984375,NA,175.791305541992,NA,NA,1063.47375488281,NA,366.17822265625,330.205078125,588.828125,785.060974121094,1796.43981933594,862.728698730469,1126.580078125,827.317260742188,909.732543945312,528.02978515625,221.502243041992,277.919555664062,469.669586181641,1222.72778320312,1167.64233398438,NA,422.960266113281,603.656005859375
2001-09-30,NA,9774.6796875,16.0180034637451,NA,NA,NA,NA,0.217742830514908,NA,NA,32.5962677001953,3.58088302612305,NA,NA,11.0216197967529,4.24854230880737,NA,1.75283920764923,NA,4.30353116989136,NA,NA,NA,NA,NA,NA,NA,NA,NA,10.7666692733765,NA,NA,1034.900390625,NA,NA,NA,8.38696956634521,NA,0.533216238021851,NA,13.669361114502,15.305492401123,6.19535827636719,20.7945899963379,NA,13.0864381790161,NA,NA,NA,NA,353.637664794922,810.727111816406,NA,553.935729980469,2264.61157226562,1559.1435546875,421.596221923828,986.894653320312,1259.53405761719,29.4575328826904,NA,-0.193851500749588,138.975799560547,310.4599609375,149.035278320312,NA,249.543472290039,995.899230957031,259.549438476562,NA,153.629409790039,472.501892089844,405.18603515625,519.969299316406,2425.79760742188,355.888885498047,987.196533203125,281.389404296875,767.473266601562,403.268280029297,266.864074707031,312.579132080078,NA,1269.0009765625,507.675048828125,NA,1864.91259765625,287.713165283203,61.623649597168,525.743469238281,200.752563476562,NA,502.139404296875,1025.73120117188,329.793792724609,799.519348144531,244.76057434082,NA,980.558532714844,NA,944.165344238281,814.691467285156,NA,1604.56665039062,621.212951660156,581.479614257812,212.989852905273,NA,476.578338623047,2018.56616210938,778.590576171875,825.697265625,NA,912.123901367188,7999.4912109375,328.795684814453,230.030639648438,1353.69372558594,573.476196289062,1798.88708496094,279.789367675781,104.088356018066,1912.24462890625,646.850891113281,355.08203125,764.034729003906,583.922607421875,798.685302734375,644.538940429688,604.6875,2469.02661132812,481.42236328125,NA,339.855865478516,610.053100585938,1191.744140625,308.695373535156,211.127975463867,NA,NA,309.530822753906,274.643402099609,408.931945800781,1184.72436523438,59.3258094787598,665.124328613281,540.239074707031,1601.97534179688,NA,484.752471923828,311.574920654297,NA,117.202713012695,218.000686645508,398.100708007812,1122.87902832031,2086.44165039062,NA,145.685638427734,218.655685424805,403.710784912109,1148.96435546875,1389.55041503906,NA,1041.33276367188,1068.17077636719,2387.63720703125,281.083221435547,106.184761047363,179.49397277832,NA,NA,1342.06604003906,468.836639404297,1481.16394042969,2712.98559570312,NA,152.275146484375,NA,NA,845.338195800781,NA,370.064239501953,292.867431640625,530.437316894531,728.907958984375,1620.23071289062,738.954040527344,1004.57562255859,619.488708496094,835.461486816406,434.130645751953,199.352081298828,290.426635742188,418.970581054688,1068.07006835938,1085.50622558594,NA,274.008178710938,650.221069335938
2001-10-31,NA,10366.33984375,21.0130863189697,NA,NA,NA,NA,0.248180314898491,NA,NA,38.4176902770996,3.83929562568665,NA,NA,12.9434785842896,4.78286123275757,NA,1.97901248931885,NA,4.62063312530518,NA,NA,NA,NA,NA,NA,NA,NA,NA,10.8780479431152,NA,NA,1048.88537597656,NA,NA,NA,9.12604904174805,NA,0.54432475566864,NA,14.6034851074219,17.4937057495117,7.27642774581909,20.7945899963379,NA,14.2950592041016,NA,NA,NA,NA,343.236541748047,855.049438476562,NA,591.478759765625,2716.07763671875,1806.32434082031,411.700958251953,1172.05334472656,1426.56909179688,27.0923500061035,NA,-0.202696427702904,161.937026977539,385.5,188.393203735352,NA,219.028671264648,1100.96118164062,264.035461425781,NA,174.953369140625,565.039672851562,381.351501464844,602.786987304688,2615.45068359375,407.924987792969,1204.74169921875,298.340515136719,677.050415039062,447.502105712891,279.571838378906,393.989013671875,NA,1395.11254882812,597.823120117188,NA,1940.06860351562,329.604034423828,67.0465240478516,587.282531738281,208.473815917969,NA,697.315368652344,1141.12585449219,306.607055664062,799.519348144531,212.884826660156,NA,991.498779296875,NA,980.573364257812,940.028503417969,NA,1689.89025878906,702.480407714844,654.164672851562,250.213348388672,NA,474.281585693359,2606.70947265625,851.258972167969,1081.78271484375,NA,932.37548828125,9074.6904296875,341.626770019531,273.736450195312,1404.55993652344,563.273559570312,1843.38342285156,294.401153564453,115.520050048828,2551.89282226562,665.241088867188,406.6083984375,711.543762207031,640.340087890625,877.736328125,699.089904785156,633.703125,2612.57446289062,512.062927246094,NA,391.264373779297,614.260498046875,1207.84887695312,356.966278076172,254.402587890625,NA,NA,380.781524658203,322.744781494141,502.645690917969,1184.72436523438,68.7425994873047,656.897338867188,559.447448730469,1547.20678710938,NA,463.030151367188,308.657562255859,NA,114.688987731934,229.581970214844,383.251373291016,1110.86938476562,2153.84912109375,NA,145.685638427734,228.878509521484,389.118774414062,1157.11303710938,1424.69506835938,NA,1369.3525390625,1074.05615234375,2622.35400390625,308.506042480469,105.560134887695,193.403167724609,NA,NA,1415.38232421875,486.452026367188,1670.64636230469,2742.71704101562,NA,157.220489501953,NA,NA,848.412231445312,NA,372.831176757812,305.7021484375,543.375061035156,848.756958007812,1756.361328125,762.970153808594,1070.29626464844,719.406372070312,942.423706054688,487.787384033203,203.782073974609,304.625305175781,447.840728759766,1131.24340820312,1234.35546875,NA,292.328430175781,682.65673828125
2001-11-30,NA,10697.4404296875,25.146764755249,NA,NA,NA,NA,0.273934662342072,NA,NA,52.3891067504883,4.20846033096313,NA,NA,14.6631393432617,5.10171937942505,NA,2.01670718193054,NA,5.20953702926636,NA,NA,NA,NA,NA,NA,NA,NA,NA,13.3341026306152,NA,NA,992.944885253906,NA,NA,NA,12.6929197311401,NA,0.492484390735626,NA,14.3543901443481,20.011739730835,9.85434055328369,25.2428112030029,NA,17.6708641052246,NA,NA,NA,NA,364.038848876953,1072.96704101562,NA,644.605529785156,3166.08764648438,1547.73510742188,380.403259277344,1307.21923828125,1327.25073242188,27.4148597717285,NA,-0.180584102869034,147.780456542969,394.328247070312,170.55094909668,NA,209.535140991211,1431.46813964844,218.534240722656,NA,168.410766601562,653.370727539062,384.688354492188,555.612182617188,2478.72387695312,433.942687988281,1334.93994140625,351.228118896484,760.747497558594,447.277557373047,292.9150390625,383.975982666016,NA,1580.33959960938,745.85546875,NA,2188.25732421875,310.269744873047,51.7638664245605,625.27001953125,166.264266967773,NA,827.835205078125,1336.65563964844,277.253692626953,747.214294433594,235.653198242188,NA,1118.00036621094,NA,1029.11682128906,927.494567871094,NA,1533.46313476562,798.899169921875,723.795532226562,251.606689453125,NA,430.643005371094,3013.32739257812,903.164916992188,1211.02258300781,NA,819.431457519531,10708.994140625,323.18212890625,359.997985839844,1327.44018554688,533.090576171875,1671.75817871094,338.236633300781,101.481132507324,2793.01538085938,560.497436523438,387.56591796875,565.735595703125,572.639221191406,932.25390625,773.782470703125,605.847900390625,2805.3388671875,488.173614501953,NA,365.667602539062,593.223999023438,1147.60571289062,309.887145996094,234.076675415039,NA,NA,331.139678955078,404.982666015625,456.640686035156,1044.79650878906,72.0384902954102,649.303100585938,536.637329101562,1280.21118164062,NA,445.880889892578,263.730194091797,NA,116.102958679199,229.581970214844,397.3935546875,966.756713867188,1733.3515625,NA,113.311050415039,258.411193847656,402.25146484375,1153.0390625,1270.60046386719,NA,1671.33898925781,994.605163574219,2452.38720703125,347.355010986328,106.184761047363,178.169357299805,NA,NA,1397.98510742188,451.221313476562,1611.93347167969,2378.50805664062,NA,152.687301635742,NA,NA,731.601928710938,NA,342.39599609375,322.037353515625,584.128112792969,836.84228515625,1919.18579101562,687.227478027344,948.244750976562,831.314086914062,953.264221191406,523.151977539062,205.680679321289,261.384002685547,521.072448730469,1223.06494140625,1337.2177734375,NA,328.969055175781,753.562438964844
2001-12-31,NA,10542.6201171875,30.1415138244629,NA,NA,NA,NA,0.280294239521027,NA,NA,76.0616760253906,5.09445238113403,NA,NA,16.1795959472656,5.39779996871948,NA,2.07325100898743,NA,5.75314140319824,NA,NA,NA,NA,29764.94140625,NA,13.2861785888672,NA,NA,17.2752151489258,NA,NA,895.049011230469,NA,NA,NA,16.3883285522461,NA,0.510998666286469,NA,16.1914978027344,21.4695491790771,13.5133676528931,27.7781105041504,NA,19.5133686065674,NA,NA,NA,NA,383.685333251953,1106.20910644531,NA,680.0234375,3173.36938476562,1478.01794433594,349.566040039062,1401.03295898438,1331.76550292969,22.9532432556152,NA,-0.176898688077927,146.917266845703,311.931335449219,155.332580566406,NA,166.136291503906,1407.39123535156,224.302001953125,NA,157.264190673828,660.381103515625,393.268859863281,534.645812988281,2615.45068359375,485.978881835938,1290.44189453125,343.769683837891,712.920654296875,441.214996337891,275.759490966797,392.247680664062,NA,1619.75,704.102905273438,NA,2336.82153320312,276.664764404297,38.9461479187012,599.438720703125,174.809158325195,NA,839.328125,1450.41955566406,246.6669921875,696.403869628906,266.959777832031,NA,1150.82250976562,NA,1135.91125488281,1059.99389648438,NA,1500.28149414062,768.596313476562,717.076782226562,285.446228027344,NA,429.49462890625,2868.1064453125,981.02392578125,1483.86169433594,575.460693359375,746.991149902344,11474.5361328125,315.162658691406,410.604797363281,1391.43298339844,544.143493652344,1732.14489746094,334.448333740234,95.0633850097656,2605.4755859375,479.741027832031,387.56591796875,478.250640869141,499.296264648438,915.898498535156,717.55322265625,555.94091796875,2698.70288085938,493.367004394531,NA,405.460845947266,628.284729003906,1119.57153320312,334.916534423828,225.552810668945,NA,NA,292.010345458984,470.15234375,449.825103759766,1091.43920898438,62.2816886901855,579.056945800781,566.144958496094,1396.59387207031,NA,407.009216308594,217.052185058594,NA,111.389717102051,215.956878662109,347.896240234375,939.735412597656,1881.00659179688,NA,89.652702331543,261.250946044922,335.12841796875,1155.48364257812,1276.00744628906,NA,1614.06555175781,835.703918457031,2460.48022460938,397.058624267578,109.307830810547,175.52001953125,NA,NA,1502.3681640625,421.411041259766,1740.0341796875,2244.71655273438,NA,164.226348876953,NA,NA,607.106689453125,NA,307.118835449219,325.537872314453,511.031219482422,848.756958007812,2068.66357421875,593.010559082031,870.006591796875,823.320495605469,946.760009765625,532.907531738281,199.984878540039,276.227996826172,497.131408691406,1286.23828125,1476.3857421875,NA,358.440887451172,788.261108398438
2002-01-31,NA,9997.7998046875,29.9694938659668,NA,NA,NA,NA,0.309042483568192,NA,NA,84.7287063598633,5.31594944000244,NA,NA,17.899263381958,5.1472692489624,NA,2.41251039505005,NA,6.56854677200317,NA,NA,NA,NA,34845.30078125,NA,15.5588092803955,NA,NA,18.1319808959961,NA,NA,909.0341796875,NA,NA,NA,14.4602890014648,NA,0.525810301303864,NA,15.5687484741211,20.011739730835,11.8501844406128,27.337194442749,NA,20.8877906799316,NA,NA,NA,NA,398.709106445312,1069.27355957031,NA,586.520202636719,3160.26245117188,825.205383300781,335.067840576172,1197.97583007812,1291.13537597656,20.8030490875244,NA,-0.169527962803841,143.464447021484,291.332061767578,151.659133911133,NA,160.033325195312,1462.11157226562,214.688995361328,NA,160.414321899414,618.318481445312,338.449493408203,539.88720703125,2390.51342773438,489.695739746094,1242.64758300781,317.325897216797,618.761352539062,444.358520507812,292.279541015625,336.523162841797,NA,1576.39855957031,673.737243652344,NA,1849.1826171875,275.744079589844,38.9461479187012,537.139465332031,154.425048828125,NA,853.246704101562,1363.58728027344,223.973617553711,627.66015625,232.238021850586,NA,1152.19006347656,NA,1019.40753173828,918.542114257812,NA,1374.66552734375,769.9736328125,632.176208496094,290.621551513672,NA,408.823883056641,2613.97021484375,913.546081542969,1455.14099121094,539.915405273438,647.288696289062,11276.7021484375,293.510284423828,421.531127929688,1227.34875488281,501.632293701172,1509.6669921875,319.295440673828,86.0383377075195,2283.97583007812,432.566528320312,352.841766357422,449.089019775391,403.386260986328,784.510986328125,649.574645996094,552.459167480469,2436.21557617188,486.615661621094,NA,391.264373779297,532.920043945312,1079.60827636719,363.521667480469,232.765350341797,NA,NA,307.19482421875,449.204925537109,470.271697998047,1035.46801757812,66.5281524658203,542.984558105469,538.955505371094,1287.05725097656,NA,377.283935546875,200.13151550293,NA,108.247528076172,212.550643920898,352.138763427734,879.6884765625,1681.99279785156,NA,84.6719818115234,211.840454101562,290.379943847656,1108.22058105469,1148.947265625,NA,1629.68579101562,776.851318359375,2533.3232421875,406.770751953125,110.557060241699,188.766830444336,NA,NA,1274.96276855469,413.280853271484,1627.94604492188,2125.791015625,NA,172.468597412109,NA,NA,582.515014648438,NA,284.984069824219,348.873809814453,509.090606689453,788.481872558594,1761.7001953125,537.589233398438,829.322570800781,723.403076171875,847.747680664062,578.02783203125,165.810287475586,275.582641601562,499.948028564453,1217.18859863281,1343.26879882812,NA,426.146453857422,698.497436523438
2002-02-28,NA,10587.830078125,28.2470264434814,NA,NA,NA,NA,0.294668406248093,NA,NA,88.0913772583008,4.98370313644409,NA,NA,16.1795959472656,5.01061582565308,NA,2.39366173744202,NA,6.29674530029297,NA,NA,NA,NA,32992.46875,NA,14.8595409393311,NA,NA,15.2761039733887,NA,NA,867.078796386719,NA,NA,NA,14.3638858795166,NA,0.536918938159943,NA,15.5064716339111,17.228645324707,11.6838684082031,24.581428527832,NA,23.5178527832031,NA,NA,NA,NA,395.242065429688,1122.82958984375,NA,603.520690917969,3575.31884765625,602.456237792969,318.958801269531,1201.06164550781,1489.771484375,22.9532432556152,NA,-0.193851500749588,160.383209228516,265.288665771484,191.541870117188,NA,164.101989746094,1893.30236816406,234.555770874023,NA,180.76904296875,712.258361816406,362.283874511719,528.355834960938,2394.923828125,497.129241943359,1450.30529785156,326.140533447266,655.378784179688,444.807525634766,324.049133300781,333.040374755859,NA,1773.4482421875,836.952270507812,NA,1700.61877441406,318.095428466797,49.2989082336426,634.38671875,167.499725341797,NA,1019.65997314453,1508.30834960938,245.186935424805,663.526306152344,249.31428527832,NA,1108.42736816406,NA,1024.26159667969,975.488037109375,NA,1208.75769042969,942.150329589844,623.624633789062,325.456481933594,NA,379.5400390625,2759.19140625,1048.50170898438,1735.16052246094,534.302917480469,729.076049804688,12799.1826171875,276.669464111328,497.441436767578,1192.89135742188,476.125610351562,1598.658203125,329.036682128906,94.8627777099609,1657.72497558594,506.926544189453,390.926422119141,664.885375976562,513.400451660156,834.122009277344,673.0732421875,629.060607910156,2440.31640625,452.531555175781,NA,381.799987792969,546.663696289062,1139.8515625,422.519348144531,243.911773681641,NA,NA,332.891815185547,558.596801757812,439.601837158203,1072.7822265625,99.0845031738281,537.921875,520.224914550781,1259.67309570312,NA,380.713653564453,200.714920043945,NA,103.062973022461,220.04443359375,314.662231445312,915.716735839844,1515.0771484375,NA,87.1623611450195,226.038879394531,394.468933105469,1222.6015625,1189.49841308594,NA,1551.58581542969,873.957641601562,2784.22802734375,498.751373291016,96.1908798217773,171.296279907227,NA,NA,1427.80908203125,443.091430664062,1718.68420410156,2356.20922851562,NA,158.662857055664,NA,NA,590.199768066406,NA,302.968475341797,334.872222900391,464.456298828125,880.296325683594,1985.91613769531,570.842163085938,844.970153808594,951.215087890625,930.137268066406,625.58740234375,185.429000854492,289.135864257812,540.084716796875,1256.12084960938,1437.0556640625,NA,527.306457519531,800.330017089844
2002-03-31,NA,11024.9404296875,33.2417755126953,NA,NA,NA,NA,0.340186208486557,NA,NA,98.1793670654297,5.46361494064331,NA,NA,16.2817039489746,5.51167869567871,NA,2.60098814964294,NA,6.88564968109131,NA,NA,NA,NA,34606.2265625,NA,14.8158349990845,NA,NA,16.8468341827393,NA,NA,797.152893066406,NA,NA,NA,16.8703384399414,NA,0.592462539672852,NA,15.7244338989258,18.4876651763916,14.7191753387451,26.3726062774658,NA,22.1858520507812,NA,NA,NA,NA,423.507690429688,1237.32873535156,NA,657.35595703125,3595.96240234375,816.890014648438,336.860931396484,1214.56018066406,1435.59802246094,27.2321434020996,NA,-0.192377388477325,163.148452758789,350.546783447266,226.980819702148,NA,233.947036743164,1972.984375,278.171112060547,NA,189.251312255859,762.156494140625,382.791168212891,506.851898193359,2315.18896484375,501.296752929688,1493.95361328125,407.506103515625,752.885131835938,444.134033203125,311.702789306641,358.940093994141,NA,1793.89233398438,915.207763671875,NA,1883.9873046875,327.326049804688,46.8339729309082,649.1552734375,171.32536315918,NA,1066.25598144531,1517.95556640625,258.187316894531,813.703552246094,261.902893066406,NA,1079.43676757812,NA,1015.0498046875,915.874633789062,NA,1306.8251953125,958.652160644531,599.490356445312,302.463775634766,NA,473.957336425781,2635.75390625,994.320434570312,1941.05053710938,600.157348632812,729.151245117188,13438.2119140625,284.688995361328,495.148376464844,1218.12634277344,502.482421875,1555.84826660156,371.789672851562,101.06079864502,1994.12573242188,539.895080566406,360.096862792969,501.580047607422,576.852905273438,935.111755371094,741.768981933594,622.096801757812,2350.08642578125,484.518280029297,NA,356.276550292969,558.163635253906,1117.79748535156,375.085662841797,261.502685546875,NA,NA,357.420623779297,594.284912109375,500.796783447266,997.787231445312,100.028167724609,553.634155273438,532.308959960938,1691.31591796875,NA,367.379943847656,220.584716796875,NA,108.666870117188,241.520950317383,347.438232421875,879.330383300781,1609.43859863281,NA,89.652702331543,237.397537231445,376.449859619141,1214.42309570312,1134.82666015625,NA,1759.85241699219,881.747009277344,2768.03979492188,540.541198730469,98.0172882080078,186.322341918945,NA,NA,1476.10681152344,466.470886230469,1689.74353027344,2229.85107421875,NA,165.863647460938,NA,NA,627.7861328125,NA,306.778778076172,329.038208007812,462.260498046875,929.344970703125,2163.90869140625,613.331909179688,933.893676757812,985.186950683594,1026.98156738281,632.041076660156,200.617752075195,266.199310302734,604.866577148438,1411.65490722656,1462.53515625,NA,497.834594726562,801.485778808594
2002-04-30,NA,11492.5400390625,30.1415138244629,NA,NA,NA,NA,0.344977706670761,NA,NA,84.4683380126953,5.16828441619873,NA,NA,15.3677864074707,6.48731088638306,NA,2.45020580291748,NA,6.52324485778809,NA,NA,NA,NA,34785.53125,NA,15.4714078903198,NA,NA,17.2752151489258,NA,NA,895.049011230469,NA,NA,NA,17.0310077667236,NA,0.588759422302246,NA,16.0358142852783,19.6804141998291,13.7212657928467,30.2672882080078,NA,20.7435607910156,NA,NA,NA,NA,406.103332519531,1274.26391601562,NA,673.648254394531,3786.83447265625,873.05126953125,354.907043457031,1111.69470214844,1363.36694335938,27.286169052124,NA,-0.737078070640564,166.96272277832,287.817321777344,216.423706054688,NA,227.844024658203,2023.3486328125,262.073303222656,NA,197.77619934082,742.506164550781,373.20947265625,525.740600585938,2492.59765625,536.704467773438,1579.88928222656,405.471771240234,764.122375488281,451.319244384766,331.972106933594,368.087890625,NA,1841.30737304688,879.09375,NA,1735.0205078125,362.975402832031,44.8620338439941,619.440246582031,195.992095947266,NA,1095.90747070312,1582.27587890625,249.52326965332,857.080932617188,266.487579345703,NA,1178.81311035156,NA,993.142272949219,1199.48864746094,NA,1292.54284667969,982.100952148438,651.486877441406,307.242767333984,NA,476.865051269531,2860.84619140625,1025.72009277344,1924.27490234375,631.25146484375,727.586547851562,13240.2099609375,316.231903076172,493.421203613281,1206.60412597656,543.718383789062,1603.76953125,378.825042724609,102.273536682129,2190.15795898438,515.6845703125,397.116149902344,484.083190917969,528.305908203125,984.617553710938,735.875061035156,605.847900390625,2592.0673828125,463.018890380859,NA,360.163177490234,526.749328613281,1057.37646484375,388.888824462891,255.559448242188,NA,NA,328.219635009766,656.351257324219,454.009490966797,963.2724609375,103.80281829834,582.270385742188,587.896362304688,1448.70935058594,NA,369.690460205078,198.762115478516,NA,112.950057983398,254.557556152344,391.579956054688,842.944519042969,1602.98767089844,NA,118.291778564453,280.300750732422,431.838684082031,1200.5205078125,1060.26818847656,NA,1801.50561523438,762.993591308594,2946.10180664062,569.354736328125,101.199668884277,188.325729370117,NA,NA,1624.96875,499.157958984375,1770.20751953125,2348.77661132812,NA,196.717224121094,NA,NA,658.711608886719,NA,284.518188476562,362.87548828125,502.031890869141,1004.79235839844,2445.80883789062,622.568786621094,1015.92486572266,1248.96911621094,1169.35693359375,689.834594726562,215.173599243164,261.654388427734,596.347412109375,1447.77551269531,1453.43237304688,NA,469.955932617188,806.78369140625
2002-05-31,NA,11763.7001953125,29.452787399292,NA,NA,NA,NA,0.39289128780365,NA,NA,63.3847236633301,5.26494359970093,NA,NA,15.6720886230469,6.58031606674194,NA,2.28057599067688,NA,6.77278470993042,NA,NA,NA,NA,35203.9140625,4.19890069961548,15.2528791427612,NA,NA,17.1324214935303,NA,NA,881.063720703125,NA,NA,NA,14.5566902160645,NA,0.62315046787262,NA,16.6585597991943,19.5947933197021,11.5175485610962,27.2628173828125,NA,23.9675064086914,NA,NA,NA,NA,393.340026855469,1329.66638183594,NA,665.856201171875,3933.99462890625,855.181701660156,335.472686767578,1076.37341308594,1498.80041503906,30.6361503601074,NA,-0.78867369890213,164.362060546875,287.817321777344,249.151168823242,NA,299.723388671875,1835.0283203125,280.102844238281,NA,200.455429077148,701.8017578125,402.433837890625,504.753112792969,2479.29174804688,493.842590332031,1522.04821777344,408.862121582031,681.716979980469,474.895599365234,311.383422851562,369.830261230469,NA,1849.20983886719,807.815612792969,NA,1621.10498046875,380.105590820312,65.5675506591797,649.917114257812,191.554153442383,NA,1090.46118164062,1537.25134277344,285.912109375,882.509521484375,255.025741577148,NA,1185.66723632812,NA,949.326904296875,1300.65063476562,NA,1382.99694824219,885.545959472656,670.450439453125,310.229461669922,NA,505.942260742188,3165.80883789062,1057.11975097656,1790.07995605469,671.3369140625,860.586364746094,12482.6416015625,316.231903076172,526.815002441406,1255.98754882812,593.031372070312,1856.15600585938,381.530883789062,112.177505493164,1896.10925292969,664.982604980469,379.167541503906,548.238464355469,676.802978515625,1100.13146972656,842.804382324219,670.843139648438,2612.57446289062,486.091400146484,NA,397.302307128906,472.896301269531,1075.50244140625,358.8818359375,265.464782714844,NA,NA,390.709838867188,581.871520996094,495.59814453125,1066.81652832031,118.901390075684,624.270141601562,618.711181640625,1518.02514648438,NA,441.318054199219,222.354034423828,NA,122.151062011719,248.382247924805,375.916717529297,921.78076171875,1799.73217773438,NA,109.575538635254,261.423309326172,447.524108886719,1145.72839355469,1164.97912597656,NA,1916.0517578125,920.342468261719,2857.07104492188,507.69384765625,110.110313415527,194.336151123047,NA,NA,1731.29821777344,486.900085449219,1802.39294433594,2475.13427734375,NA,205.828338623047,NA,NA,804.060791015625,NA,309.561370849609,355.874633789062,505.291931152344,1156.39270019531,2217.60522460938,720.480407714844,1268.32824707031,1338.89538574219,1243.79675292969,719.346374511719,210.74365234375,273.990509033203,576.469116210938,1469.15295410156,1474.67236328125,NA,418.977630615234,821.163818359375
2002-06-30,NA,10621.83984375,25.7667140960693,NA,NA,NA,NA,0.383308410644531,NA,NA,55.3649215698242,4.63016414642334,NA,NA,13.8007793426514,5.97576379776001,NA,2.20518517494202,NA,5.851318359375,NA,NA,NA,NA,36040.68359375,3.9322247505188,15.0220489501953,NA,NA,15.209924697876,NA,NA,901.876342773438,NA,NA,NA,12.8857221603394,NA,0.634619474411011,NA,16.8142490386963,17.6285362243652,9.23066902160645,26.3726062774658,NA,23.2161235809326,NA,NA,NA,NA,368.973785400391,1168.998046875,NA,548.977294921875,3699.41284179688,663.723205566406,331.770904541016,1088.76696777344,1304.6787109375,26.6377811431885,NA,-0.725284993648529,150.31852722168,245.604202270508,221.702270507812,NA,250.899719238281,1710.21154785156,233.741012573242,NA,195.340606689453,722.855834960938,385.186645507812,459.629516601562,2332.92895507812,452.844360351562,1441.07092285156,364.789031982422,626.280639648438,463.668701171875,298.934478759766,373.315124511719,NA,1734.6220703125,708.976806640625,NA,1461.62353515625,336.122680664062,60.6376724243164,574.486938476562,165.339309692383,NA,999.707885742188,1460.900390625,262.395538330078,717.973937988281,245.856246948242,NA,1120.55822753906,NA,942.0244140625,1156.13366699219,NA,1335.38928222656,830.371948242188,591.537963867188,294.498962402344,NA,426.270812988281,3122.2431640625,978.620361328125,1536.06555175781,617.390258789062,766.703979492188,12198.5537109375,268.115447998047,495.724151611328,1201.66540527344,546.694213867188,1763.50769042969,306.307220458984,102.475677490234,1700.07678222656,586.702209472656,348.878936767578,536.573852539062,711.0712890625,968.115539550781,736.717346191406,555.94091796875,2411.60668945312,461.970123291016,NA,361.458770751953,428.8603515625,1144.9873046875,343.278350830078,241.031463623047,NA,NA,362.0927734375,609.801452636719,436.680877685547,1044.85290527344,132.112655639648,528.816040039062,511.0732421875,1254.62390136719,NA,392.796112060547,200.531463623047,NA,119.771507263184,220.25065612793,311.128021240234,864.169555664062,1561.05822753906,NA,84.6719818115234,228.244918823242,380.861267089844,1123.64819335938,1154.0146484375,NA,1744.23254394531,819.401428222656,2509.04272460938,478.304077148438,106.291488647461,200.346557617188,NA,NA,1558.66857910156,442.636627197266,1652.19458007812,2296.74682617188,NA,182.636444091797,NA,NA,717.469970703125,NA,274.779174804688,325.537872314453,421.185241699219,1126.77758789062,2059.205078125,609.63720703125,1025.38989257812,1238.97741699219,1149.84411621094,666.471252441406,205.680679321289,264.900726318359,499.795928955078,1268.646484375,1259.23645019531,NA,380.743835449219,703.8544921875
2002-07-31,NA,9877.9404296875,19.1357288360596,NA,NA,NA,NA,0.404869645833969,NA,NA,51.7418785095215,4.48080444335938,2.83106827735901,NA,16.1858196258545,5.25495290756226,NA,2.14864134788513,NA,5.94346380233765,NA,NA,NA,NA,35502.7578125,3.87922239303589,14.7971668243408,NA,NA,17.0314769744873,NA,NA,901.876342773438,NA,NA,NA,10.3792753219604,NA,0.630796432495117,NA,16.028133392334,16.7471027374268,8.1080207824707,26.0387687683105,NA,20.8919582366943,NA,NA,NA,NA,332.424468994141,999.0966796875,NA,488.766876220703,3273.95849609375,804.126220703125,265.833160400391,923.313842773438,1268.56323242188,26.4756870269775,NA,-0.692853450775146,128.472900390625,199.258193969727,192.669906616211,NA,256.324554443359,1342.32958984375,206.696578979492,NA,157.831192016602,583.899108886719,374.16748046875,417.864196777344,2208.74291992188,464.025573730469,1255.97924804688,310.54541015625,522.150268554688,463.668701171875,298.934478759766,365.03857421875,NA,1849.20983886719,581.627258300781,NA,1253.07043457031,298.621276855469,62.6096572875977,483.056732177734,154.296035766602,NA,1023.94354248047,1309.32824707031,231.947814941406,708.999084472656,228.090438842773,NA,1019.12524414062,NA,903.077575683594,1195.87573242188,NA,1333.00915527344,724.161682128906,505.896423339844,266.024719238281,NA,425.107757568359,3187.59106445312,905.355163574219,1310.80773925781,576.555541992188,747.145263671875,10554.2919921875,265.976959228516,411.664093017578,1186.84997558594,518.636840820312,1725.17016601562,292.236541748047,103.284141540527,1635.85913085938,600.421081542969,336.539215087891,530.741638183594,813.876525878906,880.655334472656,680.305725097656,515.319030761719,2345.9853515625,484.467071533203,NA,341.809478759766,338.264007568359,1109.94262695312,306.670013427734,239.71076965332,NA,NA,312.450988769531,530.667053222656,424.550872802734,972.685607910156,114.183097839355,481.088958740234,480.652191162109,1164.51245117188,NA,411.280792236328,191.684509277344,NA,121.357925415039,208.586303710938,281.225555419922,852.041137695312,1477.2001953125,NA,87.1623611450195,205.935211181641,315.178558349609,1090.11853027344,1184.1669921875,NA,1561.99926757812,742.211669921875,2500.94921875,482.914276123047,101.199668884277,182.315353393555,NA,NA,1314.73571777344,420.164215087891,1547.59033203125,2133.22387695312,NA,197.752578735352,NA,NA,705.099670410156,NA,280.344299316406,275.365295410156,350.770324707031,1095.75219726562,1959.86865234375,593.010559082031,914.963195800781,1193.01538085938,981.450317382812,634.500427246094,272.764251708984,258.408081054688,455.779907226562,1275.28088378906,1189.44750976562,NA,373.575042724609,662.228820800781
2002-08-31,NA,9619.2998046875,18.9083728790283,NA,NA,NA,NA,0.414452224969864,NA,NA,54.5074005126953,4.49591779708862,3.38347125053406,NA,15.2475118637085,4.81316471099854,NA,2.04502296447754,NA,6.14570188522339,NA,NA,NA,NA,33590.1484375,3.55954170227051,13.6727619171143,NA,NA,15.9857740402222,NA,NA,830.298950195312,NA,NA,NA,11.9417066574097,NA,0.60785847902298,NA,14.7539291381836,15.1198587417603,8.1080207824707,22.4779205322266,NA,19.4531917572021,NA,NA,NA,NA,340.546600341797,954.774475097656,NA,448.390411376953,3014.60571289062,880.665283203125,276.475799560547,883.654907226562,1268.56323242188,25.1789245605469,NA,-0.709069013595581,137.661926269531,182.727127075195,167.332443237305,NA,231.912719726562,1197.80456542969,220.862701416016,NA,152.472793579102,600.7421875,385.665740966797,401.913604736328,2222.04809570312,467.752685546875,1229.53747558594,277.999114990234,479.449462890625,464.791381835938,300.849670410156,346.743103027344,NA,1655.59643554688,543.612365722656,NA,1158.43286132812,296.769561767578,70.4974517822266,518.867004394531,176.89860534668,NA,923.973083496094,1309.32824707031,225.264114379883,661.134338378906,230.955841064453,NA,978.003784179688,NA,881.169921875,1116.39208984375,NA,1356.81274414062,743.472412109375,515.683959960938,254.874145507812,NA,401.264526367188,3180.33081054688,873.95556640625,1236.5205078125,562.694274902344,687.686279296875,10209.94140625,252.611343383789,381.149169921875,1259.27941894531,519.912048339844,1734.75537109375,293.318817138672,99.4438323974609,2004.26574707031,506.000396728516,312.420593261719,507.412322998047,773.897033691406,859.752868652344,692.935180664062,544.334655761719,2243.45068359375,459.052398681641,NA,365.129547119141,346.959075927734,1117.79748535156,281.464263916016,224.522598266602,NA,NA,306.026794433594,488.772064208984,407.222320556641,1060.54138183594,101.915481567383,485.543731689453,470.309173583984,1240.76049804688,NA,388.174957275391,184.606979370117,NA,119.295600891113,207.900146484375,261.290588378906,876.298400878906,1399.79235839844,NA,83.4268341064453,199.642700195312,301.944122314453,1100.666015625,1217.060546875,NA,1614.06555175781,745.180603027344,2339.07495117188,499.049743652344,97.3808135986328,166.067901611328,NA,NA,1333.49963378906,422.88818359375,1652.19458007812,1917.67199707031,NA,189.4697265625,NA,NA,675.720458984375,NA,252.518539428711,271.864868164062,333.818634033203,1102.80358886719,1922.28259277344,578.231506347656,918.118530273438,1113.08142089844,985.063842773438,604.98876953125,271.498504638672,257.109436035156,484.177368164062,1245.79431152344,1286.54528808594,NA,297.107757568359,585.78857421875
2002-09-30,NA,9383.2900390625,15.5736331939697,NA,NA,NA,NA,0.383149296045303,NA,NA,55.054084777832,4.23144960403442,3.65967226028442,NA,13.6664581298828,4.43006992340088,NA,1.8177981376648,NA,5.54044246673584,NA,NA,NA,NA,28718.982421875,3.26636409759521,13.0430955886841,NA,NA,14.9400720596313,NA,NA,858.929931640625,NA,NA,NA,10.0718278884888,NA,0.622721910476685,NA,15.8940010070801,13.3705587387085,7.11011219024658,20.3859081268311,NA,18.3719806671143,NA,NA,NA,NA,365.008911132812,943.693969726562,NA,434.212982177734,2979.86401367188,806.20654296875,240.194473266602,887.381652832031,1322.73669433594,22.0162353515625,NA,-0.71938806772232,142.528564453125,173.871215820312,181.362686157227,NA,257.680786132812,1021.32946777344,215.752975463867,NA,156.638427734375,566.628967285156,369.767700195312,417.292053222656,2191.78051757812,460.812255859375,1251.83947753906,266.472320556641,394.047424316406,442.337768554688,317.752380371094,339.4150390625,NA,1814.52551269531,451.42236328125,NA,1028.74475097656,291.196228027344,72.4694366455078,475.780944824219,186.349655151367,NA,877.319885253906,1283.52844238281,245.969055175781,654.407409667969,236.122207641602,NA,869.826171875,NA,886.520751953125,1127.23083496094,NA,1358.00854492188,751.801330566406,438.606781005859,274.192840576172,NA,432.667816162109,3456.25,837.322387695312,1118.96337890625,519.61181640625,764.53369140625,9451.60546875,209.573822021484,361.585662841797,1276.68701171875,547.969665527344,1725.03076171875,257.263793945312,106.892181396484,2128.84887695312,564.912536621094,300.6630859375,530.741638183594,862.423645019531,880.10546875,688.76318359375,562.904663085938,1997.36840820312,481.290283203125,NA,386.367584228516,368.556365966797,1047.76000976562,258.943389892578,232.413345336914,NA,NA,306.026794433594,479.462310791016,400.290832519531,1126.818359375,84.929573059082,446.740081787109,438.062835693359,1157.58129882812,NA,430.494781494141,187.578720092773,NA,124.372009277344,204.833114624023,202.909576416016,910.068481445312,1440.09924316406,NA,78.4461212158203,190.543701171875,329.3935546875,1042.39074707031,1139.654296875,NA,1666.13256835938,749.895080566406,2339.07495117188,523.210571289062,108.200927734375,157.309707641602,NA,NA,1355.09301757812,400.95654296875,1515.83898925781,1925.10473632812,NA,203.745071411133,NA,787.635620117188,698.197937011719,NA,264.076416015625,260.196868896484,324.038665771484,1031.67041015625,2020.93139648438,698.311645507812,900.724182128906,925.236328125,953.264221191406,617.285278320312,327.841949462891,275.650970458984,438.031402587891,1152.85241699219,1287.58935546875,NA,231.791732788086,581.93408203125
2002-10-31,NA,8640.48046875,17.6198081970215,NA,NA,NA,NA,0.375636577606201,NA,NA,59.2478256225586,4.68481969833374,3.67118144035339,NA,14.7244033813477,4.87541913986206,NA,1.9692816734314,NA,6.2388186454773,NA,NA,NA,NA,26298.33984375,3.69205188751221,13.1036386489868,NA,NA,15.4123210906982,NA,NA,773.036865234375,NA,NA,NA,10.7092895507812,NA,0.575426638126373,NA,16.2628536224365,14.1980628967285,7.90012502670288,21.6322116851807,NA,19.6915683746338,NA,NA,NA,NA,347.516418457031,973.241882324219,NA,340.963897705078,2956.5380859375,973.096557617188,233.664993286133,732.946350097656,1250.50524902344,24.4081230163574,NA,-0.674426376819611,133.293869018555,137.561981201172,135.09130859375,NA,244.118637084961,1082.69677734375,168.963195800781,NA,141.930587768555,531.478515625,378.915649414062,378.012481689453,2272.12963867188,410.337921142578,1394.43298339844,210.872573852539,297.408386230469,406.636444091797,313.261077880859,307.131439208984,NA,1507.08630371094,384.615631103516,NA,788.645751953125,247.400207519531,60.6376724243164,437.535064697266,174.340438842773,NA,925.184692382812,1457.67553710938,233.297897338867,554.075134277344,225.730499267578,NA,884.28857421875,NA,825.465393066406,1087.48803710938,NA,1334.099609375,670.264221191406,423.925384521484,261.811187744141,NA,381.492034912109,3223.89697265625,732.657287597656,912.459533691406,474.281677246094,719.745849609375,8365.0126953125,215.454696655273,426.751861572266,1223.83557128906,534.365844726562,1798.91394042969,261.614990234375,118.090423583984,1986.01892089844,489.052917480469,337.823699951172,408.262725830078,631.111328125,775.592590332031,610.168090820312,511.837097167969,1775.89428710938,477.054473876953,NA,402.836486816406,394.080322265625,1062.46508789062,228.015701293945,205.77571105957,NA,1012.65710449219,276.241760253906,501.185424804688,367.366485595703,1133.14880371094,72.4732131958008,398.097808837891,461.182861328125,873.384582519531,NA,411.878784179688,157.804306030273,NA,115.96418762207,181.996887207031,164.463592529297,910.068481445312,1287.65625,NA,52.2974014282227,157.054214477539,280.376617431641,1016.94696044922,1136.87451171875,NA,1457.86584472656,653.908386230469,2023.42114257812,544.625122070312,108.837379455566,114.394859313965,NA,NA,1148.36206054688,365.315856933594,1426.83093261719,188.794067382812,NA,186.904968261719,NA,863.858215332031,668.652893066406,NA,257.772186279297,247.36213684082,256.231903076172,967.057556152344,1980.40441894531,665.058776855469,703.392028808594,903.254577636719,904.842224121094,502.927520751953,347.576141357422,253.442184448242,394.725219726562,1073.72766113281,1333.24829101562,NA,170.458541870117,493.693054199219
2002-11-30,NA,9215.5595703125,19.1357288360596,NA,NA,NA,NA,0.383149296045303,NA,NA,53.2305526733398,4.23144960403442,3.45252156257629,NA,15.3108425140381,4.89885950088501,NA,1.89353954792023,NA,5.58700132369995,NA,NA,NA,NA,26298.33984375,3.41212487220764,11.8927440643311,NA,NA,15.2773914337158,NA,NA,758.721557617188,NA,NA,NA,10.9217748641968,NA,0.587250411510468,NA,16.5646381378174,15.7070360183716,9.52172565460205,23.6915607452393,NA,21.9901905059814,NA,NA,NA,NA,375.50439453125,1000.94348144531,NA,370.860626220703,3198.54418945312,1127.14855957031,234.364517211914,809.541381835938,1209.87512207031,26.2020320892334,NA,-0.695064604282379,134.513534545898,205.162124633789,149.983291625977,NA,273.955383300781,1365.42529296875,202.105987548828,NA,151.980926513672,613.028015136719,365.915863037109,388.571411132812,2298.91357421875,431.836334228516,1382.82653808594,235.960144042969,328.123168945312,437.846954345703,316.629486083984,323.273315429688,NA,1592.66174316406,592.6708984375,NA,916.581604003906,248.798004150391,55.7077827453613,439.064758300781,169.888732910156,NA,993.043518066406,1506.04968261719,218.639114379883,551.080017089844,252.287078857422,NA,865.693786621094,NA,971.997375488281,1087.48803710938,NA,1381.91711425781,812.608825683594,502.226104736328,259.015380859375,NA,380.910491943359,3202.1142578125,779.756530761719,1263.03625488281,463.792053222656,718.960266113281,9710.3125,193.802322387695,462.506774902344,1265.1259765625,521.187561035156,1689.69409179688,294.248748779297,115.647186279297,2162.85620117188,425.298400878906,376.110382080078,402.430541992188,551.151672363281,810.797180175781,688.76318359375,521.121887207031,1747.18469238281,470.171325683594,NA,435.557495117188,471.493957519531,1039.18188476562,263.794738769531,218.428527832031,NA,991.15673828125,286.170074462891,552.390075683594,393.359405517578,1155.30517578125,72.4732131958008,498.582550048828,449.014434814453,914.974182128906,NA,358.357849121094,160.781768798828,NA,125.323822021484,192.376907348633,229.252258300781,879.426391601562,1407.6650390625,NA,52.2974014282227,166.292678833008,274.984771728516,976.728271484375,1150.77270507812,NA,1468.27905273438,620.913024902344,1885.82849121094,565.460876464844,126.022232055664,124.635116577148,NA,NA,1138.27783203125,343.383209228516,1362.09741210938,204.403030395508,NA,196.052703857422,NA,832.098815917969,663.988037109375,NA,219.94694519043,292.867431640625,279.051483154297,1033.80041503906,2139.80932617188,735.259399414062,744.768188476562,953.21337890625,1050.83142089844,502.927520751953,293.466186523438,240.37825012207,381.236389160156,1323.67236328125,1260.19409179688,NA,230.198654174805,600.951538085938
2002-12-31,NA,8578.9501953125,16.1420097351074,NA,NA,NA,NA,0.397679924964905,NA,NA,51.9537124633789,4.15588855743408,3.62514734268188,NA,14.0757989883423,4.59414672851562,NA,1.82726621627808,NA,5.49388360977173,NA,NA,NA,NA,25102.966796875,3.7715573310852,11.9359874725342,NA,NA,13.6953468322754,NA,NA,701.459350585938,NA,NA,NA,8.96690464019775,NA,0.610897898674011,NA,17.2688064575195,13.9237041473389,8.48223686218262,20.9029903411865,NA,21.1403942108154,NA,NA,NA,NA,372.005828857422,915.992309570312,NA,323.880157470703,3010.47973632812,1073.23046875,263.514312744141,688.110168457031,837.432312011719,23.4296188354492,NA,-0.629464626312256,126.324234008789,199.996185302734,136.686904907227,NA,261.0712890625,1176.939453125,188.458938598633,NA,135.802307128906,546.94482421875,382.285888671875,359.639862060547,2214.09887695312,410.337921142578,1377.85266113281,185.784729003906,253.958404541016,414.270690917969,312.298767089844,313.675384521484,NA,1489.65380859375,507.730804443359,NA,778.130432128906,237.615997314453,53.7358207702637,364.102508544922,169.992294311523,NA,895.252197265625,1447.22937011719,191.30924987793,491.180053710938,223.421249389648,NA,805.777282714844,NA,945.133361816406,1015.22985839844,NA,1408.21643066406,725.543579101562,467.969604492188,257.617462158203,NA,388.470550537109,2969.76098632812,727.423889160156,1142.9755859375,418.461761474609,710.317077636719,9606.8251953125,211.494827270508,427.905181884766,1220.53247070312,526.713989257812,1673.63244628906,259.983245849609,108.317443847656,1863.59350585938,389.789611816406,387.371337890625,379.101135253906,551.151672363281,733.787841796875,583.969787597656,550.137756347656,1669.2587890625,444.7568359375,NA,419.088745117188,470.652587890625,1098.61572265625,285.019592285156,214.432891845703,NA,969.656311035156,314.203125,524.460205078125,426.283843994141,1177.46154785156,85.4457397460938,492.182067871094,463.169799804688,748.615173339844,NA,308.327362060547,157.20881652832,NA,130.558898925781,174.384841918945,200.773712158203,897.81201171875,1365.49963378906,NA,51.0522384643555,169.757110595703,258.319091796875,934.86865234375,1178.56921386719,NA,1056.95275878906,566.92041015625,1772.51721191406,535.943664550781,129.841064453125,102.402900695801,NA,NA,1125.67236328125,337.214599609375,1437.61950683594,188.050765991211,NA,203.745071411133,NA,832.098815917969,649.993103027344,NA,208.038909912109,276.532104492188,239.280151367188,1095.57263183594,1964.19360351562,690.922180175781,658.833435058594,827.317260742188,948.92822265625,608.677734375,272.458923339844,246.910202026367,293.204254150391,1302.96704101562,1185.31262207031,NA,210.285293579102,560.634704589844
2003-01-31,NA,8339.9404296875,18.0745048522949,NA,NA,NA,NA,0.412975400686264,NA,NA,51.2272872924805,3.85364484786987,3.08425235748291,NA,13.9620275497437,4.35974931716919,NA,1.72312140464783,NA,4.88862657546997,NA,NA,NA,NA,23907.58203125,4.0779857635498,13.1468839645386,NA,NA,14.231689453125,NA,NA,744.405883789062,NA,NA,NA,9.1368932723999,NA,0.65031087398529,NA,19.1130428314209,13.9922952651978,8.31591701507568,20.3588714599609,NA,21.7986221313477,NA,NA,NA,NA,332.939514160156,869.823486328125,NA,355.912170410156,2874.89892578125,844.719665527344,258.617095947266,584.738037109375,830.66064453125,21.8531551361084,NA,-0.628727495670319,134.1650390625,227.744735717773,155.301788330078,NA,238.693771362305,1183.51416015625,187.159255981445,NA,144.627014160156,551.162841796875,364.471618652344,340.633575439453,2035.54223632812,372.949584960938,1255.15600585938,214.940841674805,247.216064453125,407.983551025391,296.579559326172,290.553375244141,NA,1343.06591796875,503.913421630859,NA,753.594848632812,261.843566894531,58.6657371520996,352.628723144531,172.373397827148,NA,810.598876953125,1356.57531738281,191.557678222656,492.677520751953,231.503723144531,NA,788.5595703125,NA,881.636169433594,991.745971679688,NA,1317.36376953125,700.667724609375,437.383239746094,258.216583251953,NA,389.052032470703,2701.10302734375,737.890441894531,1097.35229492188,358.895538330078,669.458129882812,8149.41796875,211.223007202148,393.880462646484,1189.15234375,523.312866210938,1570.83728027344,268.141754150391,100.784049987793,1713.96154785156,387.368530273438,351.336700439453,349.939514160156,593.987243652344,792.644775390625,561.996826171875,499.070159912109,1431.37890625,459.457702636719,NA,395.252227783203,418.762939453125,1068.59228515625,263.188293457031,216.430770874023,NA,1014.80670166016,275.65771484375,487.220550537109,421.085174560547,1117.32250976562,97.355224609375,521.623474121094,525.743591308594,866.452880859375,NA,288.547912597656,157.20881652832,NA,125.958419799805,176.460906982422,234.235992431641,870.234069824219,1255.22192382812,NA,61.013671875,182.460006713867,278.415924072266,872.4892578125,1167.45056152344,NA,1037.16723632812,644.909729003906,1902.01635742188,528.419494628906,137.478759765625,137.098617553711,NA,NA,1028.60998535156,341.326934814453,1289.27233886719,181.361236572266,NA,205.824142456055,NA,885.2236328125,623.557922363281,NA,205.237014770508,271.864868164062,217.112533569336,1015.33959960938,1891.24597167969,677.990295410156,642.919555664062,947.21826171875,907.010620117188,559.491516113281,331.024963378906,229.927001953125,309.532745361328,1271.90930175781,1108.60522460938,NA,208.692276000977,631.379638671875
2003-02-28,NA,8363.0400390625,15.9146604537964,NA,NA,NA,NA,0.456312119960785,NA,NA,46.6665992736816,3.62695789337158,3.63665580749512,NA,13.1374864578247,4.26599264144897,NA,1.66631531715393,NA,4.84206771850586,NA,NA,NA,NA,23907.58203125,3.71855330467224,11.806245803833,NA,NA,12.27858543396,NA,NA,830.298950195312,NA,NA,NA,8.37194442749023,NA,0.64242821931839,NA,17.604118347168,13.4435749053955,7.77538394927979,19.9054470062256,NA,19.7469921112061,NA,NA,NA,NA,323.610107421875,829.194763183594,NA,348.793975830078,2800.54760742188,813.720947265625,251.154708862305,583.492553710938,622.995239257812,23.2665348052979,NA,-0.60366678237915,137.824081420898,230.549102783203,149.983291625977,NA,251.577774047852,1181.32275390625,209.904296875,NA,155.657943725586,544.132690429688,339.435180664062,334.509399414062,1946.26477050781,403.795074462891,1258.47155761719,214.262771606445,267.442779541016,400.349304199219,283.74755859375,263.941131591797,NA,1497.57800292969,489.597442626953,NA,771.120300292969,258.1162109375,57.1867599487305,344.9794921875,189.662536621094,NA,813.035095214844,1382.47668457031,192.551513671875,498.667449951172,262.101470947266,NA,722.444519042969,NA,915.826843261719,867.086608886719,NA,1303.01818847656,711.7236328125,398.844573974609,269.599731445312,NA,390.796752929688,2940.71704101562,847.789245605469,1018.11297607422,313.940002441406,643.528259277344,7804.470703125,214.485168457031,376.002960205078,1189.15234375,532.66552734375,1602.96057128906,273.580810546875,108.724639892578,1656.14953613281,369.614318847656,362.597381591797,332.442687988281,599.698486328125,764.591491699219,524.812072753906,523.443420410156,1378.06115722656,446.085968017578,NA,413.888000488281,481.591430664062,1098.61572265625,276.529754638672,201.780075073242,NA,975.606567382812,293.762420654297,515.150390625,502.529724121094,1133.14880371094,104.916801452637,486.421752929688,536.7861328125,824.863220214844,NA,275.749359130859,167.927642822266,NA,125.799743652344,178.536880493164,211.453155517578,922.32568359375,1242.24829101562,NA,69.7298812866211,191.12109375,279.886444091797,900.925598144531,1206.36596679688,NA,1022.06805419922,665.906616210938,1772.51721191406,513.371643066406,166.120178222656,148.020797729492,NA,NA,1026.0888671875,343.383209228516,1240.72253417969,193.253799438477,NA,192.726303100586,NA,991.47412109375,601.787658691406,NA,203.836090087891,254.362915039062,248.40803527832,973.447998046875,2018.22912597656,685.380065917969,668.381896972656,1069.11755371094,862.924743652344,539.817260742188,369.856536865234,240.37825012207,342.899780273438,1408.71301269531,1087.29748535156,NA,230.995193481445,613.122619628906
2003-03-31,NA,7972.7099609375,16.0283355712891,NA,NA,NA,NA,0.448664456605911,NA,NA,47.7599639892578,3.47583436965942,3.57557702064514,NA,12.9615564346313,3.89095973968506,NA,1.789395570755,NA,4.79551124572754,NA,NA,NA,NA,23907.58203125,3.6655490398407,11.676510810852,NA,NA,13.1522569656372,NA,NA,858.929931640625,NA,NA,NA,8.2019567489624,NA,0.646369636058807,NA,18.1070957183838,11.8248605728149,7.69222497940063,17.2106533050537,NA,16.8405055999756,NA,NA,NA,NA,309.474853515625,775.638916015625,NA,295.930419921875,2675.34643554688,754.306274414062,281.492645263672,605.919799804688,484.999328613281,22.0362319946289,NA,0.161585062742233,128.217849731445,204.691635131836,154.574554443359,NA,237.337554931641,1017.77526855469,186.375137329102,460.29248046875,141.660552978516,516.935180664062,343.262634277344,335.86669921875,1991.99145507812,370.639801025391,1189.48681640625,223.660507202148,239.724731445312,363.974365234375,279.389526367188,240.873519897461,NA,1548.92785644531,403.630249023438,NA,685.245483398438,252.066345214844,56.2142219543457,354.490417480469,177.473922729492,NA,848.357666015625,1340.38684082031,169.781890869141,484.4111328125,253.414306640625,NA,701.769836425781,NA,891.992614746094,865.264831542969,NA,1244.42492675781,711.833129882812,374.672790527344,272.189422607422,NA,403.060668945312,3231.15795898438,750.837829589844,914.751953125,241.572402954102,576.576416015625,8013.23974609375,204.155029296875,386.118377685547,1174.98107910156,520.705139160156,1548.431640625,246.385864257812,115.27311706543,1202.58142089844,321.69970703125,349.042419433594,332.442687988281,605.409973144531,687.151611328125,499.339691162109,465.411956787109,1246.81726074219,451.969543457031,NA,400.062133789062,450.457611083984,1112.83325195312,267.139465332031,200.377075195312,NA,934.687622070312,291.426361083984,493.820892333984,501.015502929688,1174.56188964844,108.697570800781,476.084899902344,544.147644042969,793.810729980469,NA,257.606475830078,173.35791015625,NA,121.509872436523,183.672744750977,203.493804931641,968.28857421875,1224.39831542969,NA,80.9364624023438,180.139312744141,241.435272216797,913.346496582031,1188.96936035156,NA,866.909606933594,673.704223632812,1780.61047363281,462.739288330078,169.278366088867,160.951370239258,NA,NA,958.955749511719,349.359008789062,1186.94323730469,170.211959838867,NA,178.991638183594,NA,875.12841796875,547.965148925781,NA,188.734451293945,245.028396606445,243.258728027344,831.548706054688,1730.21887207031,689.074768066406,656.9599609375,789.3486328125,826.706909179688,463.449310302734,376.154937744141,225.016082763672,280.70361328125,1396.95983886719,1132.46850585938,NA,191.168472290039,602.070861816406
2003-04-30,NA,7831.419921875,18.112642288208,NA,NA,NA,NA,0.433369100093842,NA,NA,51.9537124633789,3.34779930114746,3.62247061729431,NA,12.7856206893921,4.45056915283203,NA,1.789395570755,NA,4.84206771850586,NA,NA,NA,NA,23907.58203125,3.62579607963562,10.292628288269,NA,NA,12.9869651794434,NA,NA,830.298950195312,NA,NA,NA,8.499436378479,NA,0.732217729091644,NA,17.2688064575195,11.8248605728149,7.48434209823608,16.8425064086914,NA,17.5671272277832,NA,NA,NA,NA,317.108947753906,535.559936523438,NA,285.182312011719,2796.42260742188,896.384765625,293.466094970703,576.439208984375,427.805999755859,22.8564414978027,NA,0.169927790760994,124.189147949219,198.313568115234,134.179260253906,NA,245.474822998047,980.485717773438,173.906387329102,302.899108886719,139.439331054688,502.849731445312,337.436462402344,319.369506835938,1965.01171875,370.639801025391,1172.8505859375,211.348892211914,249.463485717773,377.670989990234,274.227569580078,218.141265869141,NA,1576.74389648438,382.587890625,NA,653.699584960938,225.310653686523,57.2270889282227,320.656311035156,205.927978515625,NA,823.997314453125,1560.54650878906,160.294052124023,422.922454833984,264.457580566406,NA,658.125793457031,NA,744.960754394531,987.312744140625,NA,1297.27709960938,675.825866699219,334.748565673828,282.181701660156,NA,424.895660400391,3209.37451171875,703.249328613281,955.674987792969,267.871154785156,551.301940917969,7754.18994140625,192.737594604492,364.153564453125,1282.70153808594,516.860656738281,1406.19616699219,225.173812866211,138.450820922852,1086.82788085938,319.243957519531,340.005706787109,332.442687988281,651.101196289062,657.106140136719,494.244506835938,396.934753417969,1140.18151855469,468.550659179688,NA,449.226959228516,397.165710449219,1238.89611816406,261.625213623047,184.911727905273,NA,1117.74792480469,277.409790039062,534.323486328125,550.411499023438,1238.39672851562,159.738189697266,429.119842529297,564.392150878906,765.711364746094,NA,298.776489257812,195.629577636719,NA,119.105354309082,201.13215637207,193.426986694336,1067.28308105469,1214.60290527344,NA,118.291778564453,189.466979980469,232.511566162109,852.070129394531,1352.38220214844,NA,754.966247558594,770.814575195312,1618.73693847656,535.957458496094,177.061264038086,149.722244262695,NA,NA,962.776306152344,369.381530761719,1143.48559570312,157.576156616211,NA,185.900100708008,NA,838.373229980469,505.693298339844,NA,220.543716430664,231.026916503906,226.642684936523,779.308410644531,1727.49829101562,805.4599609375,656.9599609375,827.317260742188,844.203430175781,447.253356933594,390.893524169922,277.651458740234,255.447540283203,1405.11608886719,1117.80078125,NA,178.423934936523,649.44189453125
2003-05-31,NA,8424.509765625,20.2724876403809,NA,NA,NA,NA,0.479867041110992,NA,NA,56.1474533081055,3.77108454704285,3.69280934333801,NA,13.6101636886597,5.06528759002686,NA,1.76970863342285,NA,5.16797590255737,NA,NA,NA,NA,19514.5625,3.55954170227051,11.7197580337524,NA,NA,15.513521194458,NA,NA,959.138427734375,NA,NA,NA,9.26438236236572,NA,0.802148520946503,NA,16.698766708374,13.5365428924561,7.65064287185669,17.9009189605713,NA,19.6273136138916,NA,NA,NA,NA,335.900573730469,587.269409179688,NA,333.906921386719,3069.20825195312,1046.21252441406,316.238952636719,552.603698730469,452.97119140625,22.528356552124,NA,0.189906418323517,130.845275878906,237.027008056641,130.958969116211,NA,281.414489746094,1081.38598632812,167.343856811523,330.478729248047,136.230972290039,515.526611328125,348.603485107422,318.100433349609,2108.90307617188,404.419403076172,1251.041015625,234.604095458984,291.415405273438,381.712768554688,271.969177246094,216.392684936523,NA,1613.3017578125,449.540771484375,NA,862.252624511719,237.514984130859,60.7721328735352,354.490417480469,199.904846191406,NA,943.973266601562,1618.82507324219,175.774154663086,449.917572021484,255.739181518555,NA,753.727111816406,NA,811.125,1047.42602539062,NA,1381.36010742188,747.840148925781,351.332427978516,295.371429443359,NA,449.681060791016,3303.76831054688,719.112487792969,924.381103515625,286.655944824219,577.3662109375,7909.61962890625,211.494827270508,425.423828125,1362.24890136719,507.463134765625,1422.35949707031,288.265960693359,148.706420898438,1337.7412109375,347.075469970703,363.72705078125,379.101135253906,693.937133789062,676.023620605469,546.046630859375,413.18359375,1501.10217285156,479.782958984375,NA,491.647827148438,473.176818847656,1210.951171875,278.780853271484,190.290954589844,NA,1100.51867675781,266.313446044922,567.037170410156,562.760498046875,1193.7119140625,174.861297607422,487.665496826172,545.988037109375,744.636657714844,NA,311.715576171875,213.687637329102,NA,124.395301818848,182.974395751953,246.637451171875,1017.78588867188,1407.24194335938,NA,125.762855529785,198.794464111328,261.265716552734,853.726257324219,1332.66003417969,NA,1069.96948242188,710.12060546875,1780.61047363281,552.358276367188,176.412750244141,182.388916015625,NA,NA,981.878784179688,410.807434082031,1347.19458007812,174.671661376953,NA,193.436569213867,NA,819.120361328125,497.865234375,NA,207.113021850586,259.030029296875,235.283020019531,928.872802734375,1771.02600097656,799.917907714844,724.588317871094,999.175476074219,898.150817871094,559.378356933594,435.750152587891,276.335571289062,282.868408203125,1260.52612304688,1087.85424804688,NA,284.363037109375,617.351867675781
2003-06-30,NA,9083.1103515625,21.5984745025635,NA,NA,NA,NA,0.493122935295105,NA,NA,63.2580833435059,3.96348595619202,4.09139823913574,NA,14.7244033813477,5.55706357955933,NA,1.92359578609467,NA,5.77323389053345,NA,NA,NA,NA,21188.09375,3.71855330467224,11.9792327880859,NA,NA,15.1425342559814,NA,NA,960.936157226562,NA,NA,NA,9.47687435150146,NA,0.966691851615906,NA,17.101146697998,13.3370609283447,9.42193794250488,18.0849838256836,NA,22.4821472167969,NA,NA,NA,NA,365.262512207031,624.204528808594,NA,364.718017578125,3209.24829101562,958.382507324219,320.230102539062,541.313415527344,599.385925292969,25.7545051574707,NA,0.201542288064957,145.909149169922,337.444549560547,162.088592529297,NA,315.319885253906,1248.09045410156,204.093856811523,451.257904052734,148.57080078125,577.502380371094,315.102508544922,330.790679931641,1991.99145507812,426.939453125,1375.8125,266.751129150391,368.576721191406,398.552947998047,306.973480224609,229.94450378418,NA,1752.37915039062,508.841613769531,NA,1051.52758789062,260.046081542969,79.0037689208984,362.949096679688,207.174102783203,NA,993.952270507812,1788.86791992188,191.503967285156,554.8984375,267.363708496094,NA,823.696472167969,NA,850.33349609375,1001.88555908203,NA,1282.86328125,824.00927734375,407.840545654297,312.158447265625,NA,487.449645996094,3325.55102539062,872.452575683594,1109.73876953125,347.518676757812,642.132202148438,8729.9423828125,197.08708190918,454.902954101562,1425.22412109375,491.231262207031,1444.98767089844,322.531616210938,144.604217529297,1490.23071289062,437.118499755859,353.560699462891,484.083190917969,753.906921386719,847.950805664062,583.412292480469,454.966247558594,1443.68310546875,486.736419677734,NA,540.595153808594,456.347778320312,1176.17504882812,332.086273193359,219.204406738281,NA,1147.89953613281,304.274780273438,612.213256835938,643.910949707031,1101.15173339844,172.02571105957,564.224731445312,521.515991210938,948.358215332031,NA,335.241271972656,221.512939453125,NA,127.120483398438,194.846740722656,284.747528076172,918.791137695312,1485.60339355469,NA,220.396286010742,199.960433959961,342.074554443359,872.771667480469,1234.048828125,NA,971.042846679688,716.190063476562,1861.54724121094,672.436462402344,188.08708190918,209.611083984375,NA,NA,1095.22131347656,447.400451660156,1341.76208496094,194.740356445312,NA,212.068496704102,NA,1050.15441894531,605.892700195312,NA,235.387817382812,285.866424560547,280.478515625,835.126586914062,2026.74975585938,822.086486816406,846.962951660156,1175.03039550781,925.853515625,573.082397460938,533.153076171875,280.283172607422,343.483032226562,1508.923828125,1199.08410644531,NA,387.912689208984,708.273864746094
2003-07-31,NA,9563.2099609375,22.3563442230225,NA,NA,NA,NA,0.589891672134399,NA,NA,74.9256896972656,4.38677263259888,4.5368800163269,NA,18.4154720306396,6.24555015563965,NA,2.0582480430603,NA,6.14570188522339,NA,NA,NA,NA,25132.849609375,3.7501654624939,11.2440462112427,NA,NA,17.4642162322998,NA,NA,981.444091796875,NA,NA,NA,11.2635822296143,NA,0.956407904624939,NA,17.4897212982178,14.6052198410034,10.9770021438599,21.3062324523926,NA,26.181957244873,NA,NA,NA,NA,358.215515136719,688.841186523438,NA,382.631500244141,3273.43334960938,999.714111328125,317.647674560547,603.410705566406,677.168823242188,27.2855529785156,NA,0.245890364050865,152.915557861328,516.178833007812,181.410354614258,NA,368.890411376953,1550.79113769531,210.000183105469,513.549621582031,165.599655151367,591.587768554688,348.117919921875,344.115325927734,1933.53540039062,436.322723388672,1439.02954101562,291.374206542969,371.5732421875,415.617889404297,322.620666503906,231.693099975586,NA,1744.43151855469,631.269897460938,NA,1300.38903808594,296.658996582031,75.9651641845703,421.390075683594,208.212539672852,NA,1003.09936523438,1883.01953125,198.744689941406,616.387268066406,343.504302978516,NA,987.188598632812,NA,879.739990234375,1091.14465332031,NA,1270.85131835938,927.8759765625,459.434844970703,310.959320068359,5588.1328125,513.41552734375,3514.33837890625,972.916931152344,1112.14587402344,350.89990234375,695.050903320312,9757.5,192.193893432617,516.173217773438,1383.79284667969,492.939910888672,1461.15063476562,360.060668945312,156.705780029297,1552.61193847656,468.224548339844,353.560699462891,519.076965332031,816.732604980469,890.237060546875,580.015502929688,475.857604980469,1419.07482910156,509.777191162109,NA,581.928283691406,443.165069580078,1164.9970703125,362.721618652344,238.704208374023,NA,1328.80627441406,287.338195800781,683.872009277344,615.684753417969,1129.87768554688,247.64143371582,569.371765136719,470.847412109375,1004.55694580078,NA,377.587554931641,241.376800537109,NA,123.754104614258,197.640319824219,309.91455078125,937.352844238281,1417.037109375,NA,254.015975952148,213.368881225586,346.040679931641,996.97998046875,1219.96105957031,NA,968.960144042969,825.439270019531,1885.82849121094,688.251586914062,182.249923706055,213.013900756836,NA,NA,1171.63244628906,449.471649169922,1287.43969726562,200.686630249023,NA,239.702239990234,NA,1166.83801269531,558.924255371094,NA,254.473342895508,274.198547363281,317.698516845703,862.320434570312,2230.7861328125,762.970153808594,792.216369628906,1187.02038574219,1032.29040527344,563.115661621094,738.852905273438,259.22900390625,351.420715332031,1731.36987304688,1323.14880371094,NA,460.397308349609,723.554504394531
2003-08-31,NA,10343.5498046875,25.3879489898682,NA,NA,NA,NA,0.609775900840759,NA,NA,85.3091812133789,4.90991353988647,4.99408674240112,NA,20.012903213501,6.90944766998291,NA,2.13657236099243,NA,6.00250005722046,NA,NA,NA,NA,23220.2421875,4.77410745620728,12.8441600799561,NA,NA,16.5797672271729,NA,NA,922.85009765625,NA,NA,NA,12.8726596832275,NA,1.12095129489899,NA,17.9297122955322,17.2412872314453,12.1204519271851,26.0000514984131,NA,25.7527408599854,NA,NA,NA,NA,378.181762695312,709.155456542969,NA,455.718475341797,3554.97241210938,1263.27490234375,290.17919921875,606.546813964844,931.107360839844,28.1057605743408,NA,0.265649437904358,172.708740234375,507.279327392578,187.851013183594,NA,404.830078125,1803.04064941406,247.406280517578,689.487609863281,183.86247253418,645.112426757812,331.124633789062,377.321319580078,1897.56274414062,445.705932617188,1485.61108398438,327.625,418.019836425781,397.654846191406,351.656494140625,242.184936523438,NA,1772.24694824219,773.783996582031,NA,1524.71496582031,339.374237060547,89.1324768066406,503.668731689453,234.17414855957,NA,990.903442382812,1821.33447265625,234.948135375977,704.870849609375,387.096160888672,NA,1030.83276367188,NA,857.685241699219,1051.06921386719,NA,1184.36572265625,1066.36462402344,476.018798828125,320.152313232422,7700.71923828125,536.430541992188,3637.77685546875,1105.10620117188,1408.23669433594,358.413848876953,826.162902832031,11208.1728515625,203.339508056641,538.137878417969,1363.90576171875,490.804077148438,1422.35949707031,413.362548828125,186.036911010742,1791.74145507812,618.841979980469,345.653686523438,594.897216796875,1102.30334472656,944.763916015625,636.912841796875,516.479614257812,1640.54907226562,553.5185546875,NA,583.016052246094,481.310913085938,1143.26208496094,352.305541992188,259.548797607422,NA,1362.68811035156,269.233459472656,802.264221191406,714.4765625,1133.06909179688,259.928985595703,654.938293457031,515.954650878906,1299.6015625,NA,375.234985351562,229.940063476562,NA,118.624382019043,286.333892822266,378.225311279297,906.417236328125,1322.34997558594,NA,268.958099365234,257.674987792969,373.307434082031,1019.22961425781,1197.42163085938,NA,1223.56604003906,864.890441894531,2063.88916015625,733.939758300781,258.133392333984,221.443389892578,NA,NA,1202.19616699219,452.923828125,1325.46484375,204.403030395508,NA,251.216323852539,NA,1371.03442382812,637.205078125,NA,263.662811279297,316.203399658203,364.223358154297,873.770080566406,2230.7861328125,742.648864746094,837.301696777344,1456.7978515625,1084.05041503906,661.536560058594,826.643432617188,250.017883300781,419.251434326172,1753.61437988281,1313.9814453125,NA,579.877746582031,862.611511230469
2003-09-30,NA,10219.0498046875,25.1984920501709,NA,NA,NA,NA,0.5701465010643,NA,NA,93.0895538330078,5.02681541442871,4.6189432144165,NA,20.7238483428955,8.18538284301758,NA,2.17541837692261,NA,6.33334398269653,NA,NA,NA,NA,25521.34375,4.96253395080566,14.2712907791138,NA,NA,16.3955078125,NA,NA,1054.68591308594,NA,12.1880235671997,NA,12.8726596832275,NA,1.11969709396362,NA,17.5630550384521,17.4550228118896,12.1204519271851,28.8761653900146,NA,24.5509490966797,NA,NA,NA,NA,387.448913574219,720.235961914062,NA,446.339599609375,3461.79614257812,1370.06762695312,327.03857421875,596.601196289062,1029.47961425781,27.8012084960938,NA,0.276626646518707,168.298263549805,700.104858398438,185.704162597656,NA,383.808715820312,1628.45751953125,214.517883300781,1188.77221679688,187.794509887695,592.634460449219,356.824401855469,383.313171386719,1845.38610839844,421.120758056641,1447.357421875,319.417358398438,439.356201171875,404.166351318359,358.287170410156,262.018249511719,NA,1780.75793457031,710.265869140625,NA,1472.13891601562,314.41259765625,88.1195678710938,450.169982910156,224.491073608398,NA,911.631530761719,1772.63562011719,248.030914306641,704.786254882812,340.063079833984,NA,935.963806152344,NA,806.867370605469,1071.10681152344,NA,1306.80749511719,939.10009765625,536.2119140625,331.157592773438,7428.12744140625,601.345336914062,2069.39306640625,1052.23059082031,1282.0458984375,382.082672119141,836.315307617188,10189.158203125,223.99967956543,537.132751464844,1502.1376953125,490.804077148438,1535.59252929688,360.604400634766,223.851669311523,2497.02368164062,712.978088378906,349.525939941406,915.675048828125,1750.54907226562,1005.71154785156,562.920227050781,568.707946777344,1722.57641601562,545.418334960938,NA,580.345581054688,544.139465332031,1199.75439453125,353.184204101562,260.857604980469,NA,1720.60961914062,287.338195800781,755.2119140625,672.008728027344,1193.55944824219,395.092163085938,600.669372558594,528.312866210938,1123.97973632812,NA,447.511779785156,275.629669189453,NA,116.380111694336,281.694000244141,350.901031494141,952.385864257812,1408.55407714844,NA,231.602783203125,247.113540649414,374.298980712891,1130.62963867188,1244.47143554688,NA,1187.11938476562,933.037048339844,2274.3251953125,710.388610839844,250.259338378906,235.155014038086,NA,NA,1182.720703125,453.944061279297,1427.25817871094,232.647796630859,NA,249.931915283203,NA,1423.54260253906,720.182495117188,NA,297.130065917969,283.532897949219,303.076416015625,919.460083007812,2092.04125976562,744.496215820312,806.471801757812,1332.89990234375,1116.85620117188,710.123962402344,778.162902832031,287.828979492188,418.52978515625,1713.65319824219,1220.98510742188,NA,544.033569335938,820.391845703125
2003-10-31,NA,10559.58984375,25.3879489898682,NA,NA,NA,NA,0.643930017948151,NA,NA,87.8211822509766,5.57235956192017,4.7478985786438,NA,21.5724411010742,8.40929698944092,NA,2.35022974014282,NA,6.42787313461304,NA,NA,NA,NA,23728.279296875,6.06232690811157,15.4821872711182,NA,NA,15.9901361465454,NA,NA,952.147155761719,NA,13.1221418380737,NA,14.2978496551514,NA,1.20500767230988,NA,19.6163539886475,18.6011695861816,14.4073305130005,30.0265922546387,NA,24.8771476745605,NA,NA,NA,NA,369.730316162109,707.308654785156,NA,465.057006835938,3528.9296875,1739.93383789062,367.654235839844,527.713989257812,1265.1162109375,26.977071762085,NA,0.287603884935379,200.656539916992,838.049133300781,199.121994018555,NA,404.830078125,1729.41320800781,199.951919555664,1279.11901855469,198.461868286133,577.113220214844,358.779602050781,355.782257080078,1763.77233886719,408.873474121094,1664.8798828125,335.832824707031,518.349914550781,405.064514160156,338.022125244141,264.647094726562,NA,1868.4013671875,785.030883789062,NA,1701.72216796875,360.205505371094,100.274017333984,495.727478027344,217.71989440918,NA,878.093200683594,1727.18334960938,256.298614501953,731.8359375,347.658874511719,398.711273193359,1008.33599853516,NA,797.027465820312,1322.48950195312,NA,1202.93933105469,916.906188964844,568.151245117188,318.536285400391,8236.1669921875,699.8974609375,2120.22021484375,1194.99548339844,1424.49572753906,415.143829345703,835.5224609375,11443.33984375,249.55305480957,619.234680175781,1598.51318359375,474.144836425781,1470.52465820312,391.606689453125,238.061218261719,2343.14477539062,834.945861816406,313.211669921875,939.004577636719,1670.5888671875,1054.88012695312,564.626281738281,587.277954101562,1763.59033203125,582.679565429688,NA,525.801879882812,517.493469238281,1194.72412109375,308.110015869141,268.310760498047,NA,1511.46228027344,317.123138427734,902.189025878906,796.784790039062,1212.86267089844,612.487243652344,610.357360839844,543.142883300781,1053.73107910156,NA,487.76416015625,303.495422363281,NA,114.777122497559,321.032897949219,475.29833984375,949.263305664062,1342.88732910156,NA,247.790115356445,307.571228027344,398.591278076172,1125.64123535156,1258.74304199219,NA,1577.61877441406,1168.59057617188,2290.51318359375,726.306091308594,289.67041015625,242.010833740234,NA,NA,1294.44409179688,449.779357910156,1410.85290527344,234.877624511719,NA,262.123718261719,NA,1639.40686035156,853.259887695312,NA,302.105865478516,336.038940429688,293.106781005859,832.854553222656,2361.36767578125,761.122619628906,881.265808105469,1568.70568847656,1237.87341308594,939.35693359375,922.219665527344,312.97265625,451.723510742188,1787.99816894531,1279.27319335938,NA,569.522827148438,985.237121582031
2003-11-30,NA,10100.5703125,24.0617942810059,NA,NA,NA,NA,0.737836599349976,NA,NA,75.7765197753906,5.45545959472656,5.14648723602295,NA,18.7329158782959,7.91170597076416,NA,2.31138253211975,NA,6.09702730178833,NA,NA,NA,NA,23728.279296875,5.73546648025513,13.406364440918,NA,NA,16.5429172515869,NA,NA,952.147155761719,NA,13.0109367370605,NA,13.7921380996704,NA,1.22633528709412,NA,18.5163669586182,17.595703125,14.4073305130005,29.2035903930664,NA,25.6239814758301,NA,NA,NA,NA,388.630187988281,701.768432617188,NA,464.337158203125,3591.68505859375,1682.63024902344,347.463806152344,585.225341796875,1223.93713378906,28.8451366424561,NA,0.259062945842743,176.739562988281,615.558227539062,176.579956054688,NA,387.199340820312,1700.8818359375,193.330978393555,1359.955078125,182.8330078125,570.058044433594,359.268524169922,390.301574707031,1904.32995605469,422.062835693359,1606.31530761719,295.478118896484,453.650238037109,402.145599365234,331.537231445312,261.141876220703,NA,1800.67712402344,750.524108886719,NA,1391.52136230469,321.021881103516,91.1581954956055,482.600799560547,204.385879516602,NA,887.239685058594,1642.77270507812,239.262237548828,604.1025390625,364.603637695312,352.235809326172,981.892395019531,NA,762.587951660156,1289.69995117188,NA,1207.7705078125,893.324462890625,493.216766357422,310.723052978516,7408.65673828125,613.737976074219,1800.73571777344,1110.39404296875,1381.03662109375,392.977844238281,775.276184082031,11296.298828125,246.83464050293,624.438537597656,1453.94934082031,501.482971191406,1454.2578125,387.255493164062,196.050323486328,1968.94213867188,699.062438964844,357.469787597656,799.028442382812,1522.09204101562,972.188171386719,568.890563964844,564.065307617188,1632.34619140625,557.838745117188,NA,511.620574951172,507.957061767578,1153.22326660156,320.459106445312,271.020843505859,NA,1485.58862304688,315.955169677734,864.662780761719,793.219787597656,1206.42858886719,468.817352294922,578.709228515625,540.671020507812,927.283325195312,NA,413.179046630859,253.821594238281,NA,116.219841003418,299.256042480469,440.783416748047,896.179321289062,1362.58776855469,NA,249.035308837891,306.984313964844,349.510925292969,1047.49475097656,1253.03454589844,NA,1442.24597167969,1085.99389648438,2031.51477050781,738.096618652344,279.160736083984,224.185729980469,NA,NA,1289.306640625,430.344451904297,1517.48767089844,208.862716674805,NA,233.746307373047,NA,1496.4697265625,796.897705078125,NA,267.985717773438,291.700561523438,282.472534179688,886.983032226562,2192.6982421875,781.444091796875,767.449096679688,1510.75329589844,1100.81799316406,862.115478515625,897.138671875,294.445739746094,402.654571533203,1564.96313476562,1225.89331054688,NA,551.998840332031,1094.87841796875
2003-12-31,NA,10676.6396484375,24.0617942810059,NA,NA,NA,NA,0.731129050254822,NA,NA,80.0408248901367,5.72822952270508,4.79479122161865,NA,18.9457759857178,8.35954093933105,NA,2.35022974014282,NA,6.2388186454773,NA,NA,NA,NA,26686.83984375,5.85659742355347,14.0550584793091,NA,NA,16.0269832611084,NA,NA,1025.38928222656,NA,14.7365550994873,NA,13.3783740997314,NA,1.898153424263,NA,18.076379776001,17.6675243377686,15.9624214172363,29.9044780731201,NA,29.7355422973633,NA,NA,NA,NA,427.611358642578,685.147521972656,NA,465.057006835938,3296.87890625,1695.654296875,364.771087646484,635.784851074219,1306.29528808594,28.4055881500244,NA,0.307362943887711,199.777282714844,486.513458251953,189.997802734375,NA,416.357940673828,1786.47534179688,197.30354309082,1545.40368652344,214.090805053711,618.033081054688,383.708465576172,408.937835693359,1927.00061035156,448.441833496094,1646.47387695312,304.369812011719,475.467590332031,407.534484863281,342.075103759766,289.622161865234,NA,1971.98059082031,814.744873046875,NA,1382.7587890625,377.200866699219,103.819038391113,445.537048339844,211.990417480469,NA,882.397521972656,1631.70080566406,242.519195556641,608.610595703125,397.324462890625,352.235809326172,1031.30029296875,NA,851.146789550781,1307.91625976562,NA,1219.84851074219,890.550048828125,544.196899414062,317.734954833984,7632.5712890625,672.75146484375,1960.47790527344,1216.1455078125,1465.54040527344,392.602203369141,805.399353027344,11538.484375,267.392944335938,588.012817382812,1538.69372558594,526.685302734375,1418.47058105469,419.889434814453,208.612442016602,2182.27368164062,772.733947753906,377.896759033203,787.363891601562,1710.56909179688,1019.67974853516,608.977294921875,625.578796386719,1640.54907226562,597.799926757812,NA,507.257080078125,559.846435546875,1180.89050292969,321.076568603516,299.478057861328,NA,1438.15344238281,318.875244140625,891.243835449219,932.256042480469,1228.94848632812,446.403564453125,618.75390625,568.485229492188,1074.8056640625,NA,411.994995117188,290.168426513672,NA,122.151077270508,314.710571289062,454.445617675781,905.546997070312,1382.28698730469,NA,267.712982177734,341.615447998047,361.409240722656,1133.95471191406,1275.86865234375,NA,1504.73278808594,1199.18212890625,2144.82641601562,721.589782714844,350.100433349609,248.181106567383,NA,NA,1431.84997558594,473.379028320312,1580.37426757812,210.34928894043,NA,245.727951049805,NA,1706.50024414062,861.087829589844,NA,290.021545410156,325.537872314453,309.722778320312,940.39013671875,2412.64672851562,849.797241210938,764.197082519531,1464.79125976562,1097.17272949219,990.436096191406,1043.76806640625,290.475646972656,392.552154541016,1613.28759765625,1297.68005371094,NA,561.557312011719,1186.884765625
2004-01-31,NA,10783.6103515625,25.0090465545654,NA,NA,NA,NA,0.731129050254822,NA,NA,93.3414993286133,6.00100326538086,5.06442451477051,NA,22.0024223327637,9.65327262878418,NA,2.42792320251465,NA,6.61692714691162,NA,NA,NA,NA,29466.091796875,6.59492254257202,14.2280416488647,NA,NA,16.3254871368408,NA,NA,1010.74078369141,NA,15.3113031387329,NA,14.527720451355,NA,1.64222288131714,NA,19.4330272674561,20.7557525634766,17.9748573303223,35.0443115234375,NA,29.919361114502,NA,NA,NA,NA,408.711364746094,784.87255859375,NA,484.494323730469,3209.3125,1784.21325683594,395.070098876953,649.056640625,1304.00769042969,26.6474075317383,NA,0.300776571035385,187.994613647461,556.227355957031,202.879013061523,NA,421.782745361328,1648.20971679688,205.910736083984,1493.09802246094,199.454177856445,610.978088378906,366.111694335938,394.537139892578,1995.01184082031,409.815490722656,1741.84899902344,346.092376708984,505.560699462891,409.779846191406,330.726684570312,291.374755859375,NA,1940.10974121094,843.500671386719,NA,1438.84045410156,370.119445800781,103.312606811523,472.562713623047,233.345687866211,NA,939.958557128906,1765.76892089844,270.328674316406,611.616271972656,373.3681640625,381.588775634766,1099.49645996094,NA,883.126159667969,1311.5595703125,NA,1272.990234375,941.875183105469,560.16650390625,321.942077636719,7330.7734375,628.491394042969,1873.345703125,1152.69458007812,1395.52270507812,400.116088867188,922.721313476562,10379.4453125,274.508880615234,603.623779296875,1621.77648925781,506.181549072266,1473.77819824219,413.362548828125,186.371383666992,2038.88732910156,852.1357421875,381.301086425781,746.537719726562,1547.79406738281,967.717956542969,681.474853515625,594.24169921875,1693.86669921875,566.364929199219,NA,483.257781982422,511.603210449219,1231.19458007812,302.553009033203,294.057525634766,NA,1595.55261230469,333.475830078125,874.04443359375,898.388427734375,1328.6796875,480.451232910156,599.377563476562,564.75341796875,997.531982421875,NA,445.144104003906,290.168426513672,NA,123.433502197266,292.231170654297,423.525909423828,980.489013671875,1388.85424804688,NA,252.770797729492,320.484497070312,368.845642089844,1191.31762695312,1295.84899902344,NA,1562.3046875,1199.18212890625,2339.07495117188,665.583862304688,330.394989013672,242.696502685547,NA,NA,1515.32055664062,460.190979003906,1525.69006347656,225.958236694336,NA,267.799377441406,NA,1592.73425292969,850.128601074219,NA,321.298492431641,326.704559326172,321.686370849609,908.634521484375,2590.853515625,823.933776855469,777.204528808594,1634.65112304688,1158.41052246094,888.277770996094,994.248168945312,273.933715820312,363.688018798828,1713.65319824219,1254.73083496094,NA,677.851623535156,1212.18640136719
2004-02-29,NA,11041.919921875,24.0617942810059,NA,NA,NA,NA,0.757959485054016,NA,NA,94.8456649780273,5.72822952270508,6.04917335510254,NA,21.0048236846924,10.2503843307495,NA,2.46676969528198,NA,6.66419267654419,NA,NA,NA,NA,29466.091796875,6.83526039123535,15.3524494171143,NA,NA,16.5797672271729,NA,NA,981.444091796875,NA,17.0585384368896,NA,13.9760341644287,NA,1.78085196018219,NA,19.9830112457275,21.3303031921387,17.1973114013672,35.7451972961426,NA,32.6416893005371,NA,NA,NA,NA,445.329895019531,823.654602050781,NA,513.290466308594,3288.12158203125,1954.88977050781,381.340881347656,671.808532714844,1390.94177246094,27.8012084960938,NA,0.307362943887711,189.577392578125,599.241943359375,200.195526123047,NA,384.486877441406,1446.29858398438,211.869598388672,1564.423828125,209.625335693359,599.689636230469,382.242034912109,413.385101318359,2040.353515625,448.441833496094,1715.07727050781,358.404052734375,495.027954101562,426.619964599609,370.446319580078,294.880065917969,NA,1912.22338867188,779.279846191406,NA,1409.04699707031,401.277465820312,111.415565490723,477.195617675781,236.991744995117,NA,987.721923828125,1742.87927246094,291.624359130859,596.588928222656,387.975708007812,491.662475585938,1108.54321289062,NA,838.846740722656,1455.22717285156,NA,1231.92590332031,951.584777832031,617.288696289062,351.992553710938,6717.44189453125,637.933288574219,1804.36572265625,1131.54431152344,1277.21704101562,397.486236572266,1008.33453369141,11080.0576171875,293.667022705078,619.234680175781,1571.92712402344,508.744781494141,1499.80480957031,414.450347900391,199.551330566406,1986.42810058594,870.144653320312,415.345947265625,723.208435058594,1399.296875,969.394470214844,684.886413574219,591.920349121094,1730.77941894531,567.454345703125,NA,496.348358154297,537.968627929688,1245.02819824219,331.573364257812,336.743469238281,NA,1431.09716796875,333.475830078125,844.336303710938,934.038635253906,1306.15991210938,530.5771484375,605.190551757812,619.487121582031,1060.75622558594,NA,452.247497558594,303.495422363281,NA,133.051651000977,292.231170654297,381.820617675781,983.611328125,1303.48718261719,NA,258.996734619141,316.962677001953,363.887969970703,1307.95324707031,1332.95458984375,NA,1769.0419921875,1162.47229003906,2727.57153320312,715.104736328125,345.502502441406,258.828460693359,NA,NA,1642.45397949219,481.013977050781,1621.38720703125,257.176177978516,NA,268.640014648438,NA,1610.23608398438,919.015441894531,NA,346.888641357422,324.370971679688,336.308471679688,935.337463378906,2758.09423828125,881.20263671875,764.197082519531,1526.73999023438,1239.33129882812,842.181884765625,997.46337890625,290.475646972656,365.131164550781,1836.32238769531,1355.96826171875,NA,618.907897949219,1137.0478515625
2004-03-31,NA,11715.3896484375,22.7352485656738,NA,NA,NA,NA,0.724421262741089,NA,NA,85.0610198974609,5.61132907867432,6.43230724334717,NA,20.2243404388428,9.03442287445068,NA,2.38907623291016,NA,6.33334398269653,NA,NA,NA,NA,29346.55859375,6.78334760665894,14.9632329940796,NA,NA,15.3267965316772,NA,NA,1054.68591308594,NA,16.7366828918457,NA,13.6082401275635,NA,1.67421460151672,NA,20.7163372039795,18.7448043823242,16.053882598877,33.5778732299805,NA,30.9785346984863,NA,NA,NA,NA,461.375091552734,805.186889648438,NA,584.638366699219,3703.05078125,2233.03564453125,391.992767333984,677.142578125,1768.5634765625,32.5539169311523,NA,-0.284646809101105,216.663909912109,723.499694824219,251.183624267578,NA,398.048980712891,1526.70581054688,225.727569580078,2144.87109375,232.702972412109,619.223937988281,374.358581542969,429.3759765625,2122.384765625,454.424621582031,1706.98315429688,406.320037841797,502.699371337891,492.858551025391,386.377685546875,324.882873535156,NA,2094.00366210938,820.158203125,NA,1500.17956542969,444.250061035156,144.829574584961,520.921020507812,236.40966796875,NA,999.968444824219,1762.49816894531,328.837432861328,665.78271484375,387.954711914062,621.304809570312,1120.04504394531,NA,817.470336914062,1645.8359375,NA,1328.17077636719,907.540283203125,708.399536132812,324.549560546875,7788.33837890625,792.080993652344,1927.80334472656,1292.83215332031,1343.83825683594,446.343322753906,1121.73596191406,10742.8330078125,330.341125488281,641.205688476562,1542.72802734375,532.265563964844,1559.22119140625,432.398956298828,228.812347412109,2146.09375,1114.84912109375,408.111755371094,1014.82464599609,2060.4580078125,1063.00708007812,748.070617675781,658.076232910156,1880.74682617188,638.794250488281,NA,490.422973632812,516.699279785156,1253.70471191406,350.537567138672,338.098602294922,NA,1513.12060546875,348.076293945312,894.371032714844,957.131958007812,1280.65539550781,699.869873046875,614.3115234375,698.477966308594,1145.05432128906,NA,532.024536132812,347.537200927734,NA,140.106521606445,341.505279541016,389.015197753906,980.580322265625,1377.3525390625,NA,270.203338623047,360.383972167969,426.412933349609,1426.40283203125,1327.09814453125,NA,1884.18688964844,1353.2490234375,2921.61889648438,693.457641601562,357.899658203125,313.355010986328,NA,NA,1733.82275390625,480.885589599609,1551.96655273438,263.122436523438,NA,302.303131103516,NA,1677.48486328125,1028.33081054688,NA,405.509552001953,371.043151855469,406.010864257812,986.591064453125,3081.60815429688,919.997802734375,889.755920410156,1476.90612792969,1263.22155761719,946.657592773438,1103.58129882812,386.089263916016,383.200317382812,2027.06481933594,1319.30126953125,NA,690.768005371094,1186.83728027344
2004-04-30,NA,11761.7900390625,21.7879886627197,NA,NA,NA,NA,0.697591006755829,NA,NA,79.5407104492188,5.57235956192017,5.55952310562134,NA,18.5952758789062,8.43755435943604,NA,2.37377119064331,NA,6.47513818740845,NA,NA,NA,NA,28569.556640625,6.13154554367065,13.7090883255005,NA,NA,15.0688314437866,NA,NA,1245.11547851562,NA,16.1619338989258,NA,13.7001905441284,NA,1.48058319091797,NA,19.6163539886475,17.2366065979004,12.6235647201538,31.5749816894531,NA,26.9169254302979,NA,NA,NA,NA,474.455322265625,788.566101074219,NA,561.455627441406,3869.51318359375,2256.65161132812,395.306854248047,665.687194824219,1915.56018066406,32.0021438598633,NA,-0.551722526550293,185.309310913086,742.812744140625,250.646896362305,NA,448.228942871094,1476.18139648438,203.021179199219,2499.15673828125,226.72346496582,630.533996582031,433.882171630859,411.095855712891,2035.47705078125,419.396087646484,2008.01721191406,384.282348632812,579.805236816406,481.631652832031,379.041320800781,314.34619140625,NA,2066.02978515625,806.697265625,NA,1519.45751953125,401.5791015625,142.270751953125,561.230285644531,244.778198242188,NA,1143.87133789062,1893.29663085938,305.223358154297,650.719665527344,369.732513427734,611.520446777344,1129.09985351562,NA,876.74365234375,1774.130859375,NA,1369.44860839844,939.505249023438,720.093444824219,349.206512451172,7564.423828125,736.611450195312,1942.32580566406,1228.98876953125,1280.88391113281,430.133087158203,1037.466796875,10950.5908203125,339.372833251953,690.929565429688,1502.744140625,554.156982421875,1726.28125,428.591705322266,223.644958496094,1997.84375,1020.91552734375,419.511627197266,1300.60888671875,2238.13330078125,1005.22888183594,781.451293945312,656.915710449219,1959.45715332031,637.160400390625,NA,468.528991699219,488.30615234375,1229.50939941406,330.613555908203,326.510498046875,NA,1539.02294921875,355.084503173828,958.477905273438,862.490051269531,1329.41125488281,820.928588867188,661.665954589844,680.440673828125,1159.10461425781,NA,459.421600341797,326.159698486328,1350.94128417969,142.047927856445,357.060424804688,432.399719238281,964.81494140625,1416.98889160156,NA,369.817504882812,355.665466308594,416.379699707031,1403.04638671875,1329.98889160156,NA,2213.91943359375,1190.24426269531,2733.9169921875,731.553039550781,313.493530273438,324.398406982422,NA,NA,1676.93334960938,512.293151855469,1551.96655273438,244.540405273438,NA,333.357330322266,NA,1459.32360839844,869.033996582031,NA,332.689178466797,350.040557861328,369.651672363281,987.318664550781,3202.23999023438,958.792907714844,961.986450195312,1511.01928710938,1228.72338867188,842.449890136719,952.916870117188,398.715240478516,394.169921875,1989.80285644531,1356.29138183594,NA,710.755676269531,1152.24719238281
2004-05-31,NA,11236.3701171875,21.2196407318115,NA,NA,NA,NA,0.629466533660889,NA,NA,77.7845840454102,5.55703830718994,6.43230724334717,NA,18.9457759857178,8.7088565826416,NA,2.37377119064331,NA,6.2763524055481,NA,NA,NA,NA,23788.046875,6.23344993591309,13.8388261795044,NA,NA,16.3586540222168,NA,NA,1057.61547851562,NA,14.6262035369873,NA,12.7807121276855,NA,1.62210965156555,NA,19.7996864318848,17.3698673248291,10.8397760391235,31.4571590423584,NA,27.8360404968262,NA,NA,NA,NA,475.644409179688,742.397216796875,NA,549.1396484375,3751.2373046875,2128.07592773438,400.514434814453,721.055053710938,1809.90600585938,30.070987701416,NA,-0.516581118106842,189.360748291016,698.243896484375,249.036682128906,NA,419.748382568359,1339.98620605469,196.342926025391,2264.56176757812,211.2763671875,545.709106445312,429.946838378906,390.264709472656,2090.3662109375,454.424621582031,1942.42895507812,374.640869140625,561.66259765625,468.159576416016,385.562683105469,300.736206054688,NA,2070.02563476562,722.085327148438,NA,1403.78918457031,400.630920410156,129.476623535156,499.215881347656,276.683013916016,NA,1153.05700683594,1782.11853027344,306.479614257812,486.533325195312,390.305816650391,562.598693847656,1053.17651367188,NA,829.819091796875,1638.50476074219,NA,1391.30163574219,903.370788574219,711.477111816406,356.623657226562,6697.97119140625,729.454040527344,1964.10876464844,1186.42626953125,1181.60900878906,427.871490478516,1057.34191894531,10457.162109375,318.025238037109,664.911315917969,1484.41772460938,537.41650390625,1664.04309082031,426.416137695312,212.070007324219,1704.87353515625,960.764831542969,398.991973876953,1108.14208984375,2114.9072265625,948.011169433594,773.748291015625,654.594421386719,1835.17858886719,627.902526855469,NA,435.031402587891,506.016784667969,1238.42358398438,338.084991455078,344.914978027344,NA,1469.95056152344,377.277374267578,922.515502929688,941.060485839844,1267.65393066406,778.368896484375,680.478210449219,671.111206054688,1173.15405273438,NA,429.666229248047,327.991973876953,1427.69885253906,141.400817871094,351.403930664062,380.338348388672,936.43798828125,1400.47375488281,NA,328.7265625,320.275817871094,388.286468505859,1362.17309570312,1341.55419921875,NA,2109.24243164062,1134.88452148438,2758.40014648438,662.504943847656,336.027954101562,316.115814208984,NA,NA,1731.23681640625,508.803497314453,1579.48291015625,240.080627441406,NA,322.794738769531,NA,1406.25659179688,854.839416503906,NA,328.405639648438,305.7021484375,333.292388916016,953.122497558594,3257.07275390625,1006.82507324219,889.755920410156,1362.52612304688,1254.41333007812,832.405944824219,826.076477050781,416.657379150391,351.754516601562,1822.123046875,1294.64147949219,NA,561.249206542969,1106.89514160156
2004-06-30,NA,11858.8701171875,21.1854724884033,0.746874630451202,NA,NA,NA,0.657135605812073,NA,NA,67.2440567016602,5.6752758026123,5.49974298477173,NA,17.7409992218018,8.7088565826416,NA,2.37377119064331,NA,6.51961851119995,3.39010524749756,NA,NA,NA,23788.046875,6.44110441207886,12.6711759567261,NA,NA,17.1513996124268,NA,NA,1180.15539550781,NA,13.6192436218262,NA,11.4934501647949,NA,1.56767642498016,NA,21.2663307189941,17.0729503631592,12.1661901473999,30.1611785888672,NA,29.5279273986816,NA,9.31112098693848,NA,NA,525.587219238281,759.017944335938,NA,544.068359375,3635.2666015625,2317.00366210938,407.386596679688,808.243469238281,1718.03295898438,32.1676750183105,NA,-0.56929361820221,186.718521118164,713.100463867188,262.991424560547,NA,423.138946533203,1344.37939453125,197.678604125977,2369.89013671875,203.552749633789,551.363891601562,417.156585693359,413.434051513672,2190.99584960938,497.973663330078,1920.56640625,369.131439208984,581.317199707031,496.226593017578,414.092498779297,314.785278320312,NA,2341.76733398438,702.855407714844,NA,1345.95532226562,375.502624511719,137.153106689453,483.712005615234,286.097534179688,NA,1259.07727050781,1888.47033691406,328.586242675781,530.215759277344,388.542449951172,518.569213867188,1078.94873046875,NA,844.637451171875,1605.51525878906,NA,1485.99768066406,904.760681152344,769.330505371094,385.289855957031,6522.73291015625,755.101440429688,2156.52661132812,1218.34802246094,1116.2333984375,438.426727294922,1076.42175292969,10214.779296875,331.294738769531,646.409362792969,1547.72631835938,564.029968261719,1723.005859375,450.347625732422,229.432403564453,1955.48608398438,1114.02575683594,418.371673583984,1131.47119140625,2292.58227539062,905.93994140625,792.578491210938,681.288696289062,1918.03112792969,659.488342285156,NA,451.014007568359,527.3818359375,1266.43920898438,381.046173095703,395.357238769531,NA,1476.42602539062,401.222076416016,872.480773925781,1024.98815917969,1257.90270996094,787.826538085938,721.994506835938,675.064270019531,1264.47705078125,NA,482.035614013672,358.531311035156,1673.32458496094,151.431533813477,363.423797607422,443.969085693359,955.356384277344,1453.32177734375,NA,389.740295410156,333.251922607422,393.303161621094,1322.96789550781,1332.88073730469,NA,2533.18432617188,1267.13342285156,2913.45703125,722.029113769531,365.190185546875,388.587860107422,NA,NA,1596.77172851562,549.284362792969,1728.07543945312,259.405944824219,NA,358.918884277344,NA,1577.24816894531,881.651489257812,NA,352.679107666016,338.372619628906,358.878540039062,1000.41467285156,3128.24438476562,1117.66796875,968.553161621094,1292.29260253906,1279.36950683594,893.925842285156,831.870971679688,443.902862548828,371.499603271484,1900.37365722656,1430.27087402344,NA,570.043762207031,1118.42504882812
2004-07-31,NA,11325.7802734375,18.778169631958,0.6687131524086,NA,NA,NA,0.691721796989441,NA,NA,59.954475402832,6.108802318573,5.33235931396484,NA,17.3862380981445,8.73599052429199,NA,2.51109600067139,NA,6.66558313369751,3.21336960792542,NA,NA,NA,23788.046875,6.16554307937622,12.8061447143555,NA,NA,17.0294380187988,NA,NA,1180.15539550781,NA,13.5226850509644,NA,10.7744178771973,NA,1.6874293088913,NA,21.48681640625,17.0729503631592,10.6111135482788,31.1037044525146,NA,31.9687671661377,NA,8.67542171478271,NA,NA,532.721801757812,722.082763671875,NA,492.631896972656,3441.01513671875,2059.8505859375,416.191070556641,794.87890625,1541.17651367188,30.6227474212646,NA,-0.576321840286255,188.832305908203,582.364990234375,230.788345336914,NA,385.843048095703,1197.20080566406,194.339416503906,2020.39172363281,208.037475585938,534.398620605469,418.63232421875,434.690246582031,2383.10766601562,513.12109375,1925.611328125,349.848419189453,521.598022460938,492.858551025391,445.068115234375,305.126556396484,NA,2193.90844726562,626.897094726562,NA,1218.01940917969,368.864929199219,128.96484375,431.775146484375,282.436370849609,NA,1234.51013183594,1786.6572265625,311.001281738281,480.508331298828,386.191162109375,432.467224121094,1033.67309570312,NA,824.879943847656,1400.24389648438,NA,1473.85681152344,892.252502441406,741.019165039062,396.916687011719,5607.60400390625,690.685302734375,1971.36926269531,1202.38708496094,1055.70007324219,392.435424804688,1007.25732421875,9435.685546875,326.062438964844,598.998291015625,1491.08178710938,555.8740234375,1808.17309570312,418.801605224609,239.767211914062,1704.87353515625,1045.63488769531,435.471252441406,1003.16009521484,2235.26708984375,857.137084960938,736.087951660156,670.843139648438,1864.17724609375,615.351379394531,NA,471.813079833984,559.1484375,1292.54467773438,379.800872802734,344.2333984375,NA,1482.90161132812,400.054321289062,728.630920410156,1033.91650390625,1293.65734863281,631.774597167969,687.613586425781,681.946105957031,1159.10461425781,NA,447.519500732422,323.716522216797,1587.35559082031,155.314392089844,373.322509765625,390.461456298828,936.43798828125,1473.13977050781,NA,349.894622802734,288.42529296875,366.715087890625,1347.15808105469,1350.22827148438,NA,2386.63671875,1085.67517089844,2774.72192382812,715.481506347656,369.829620361328,347.175354003906,NA,NA,1440.32690429688,541.607238769531,1799.62109375,240.080627441406,NA,360.186370849609,NA,1571.35180664062,805.9462890625,NA,330.547393798828,308.035705566406,323.865936279297,1007.69067382812,2761.67529296875,1102.88879394531,896.322082519531,1123.73278808594,1157.52490234375,834.917175292969,794.527038574219,396.057159423828,348.097961425781,1803.49206542969,1337.79626464844,NA,466.108612060547,999.279907226562
2004-08-31,NA,11081.7900390625,20.5728855133057,0.638317108154297,NA,NA,NA,0.684804320335388,NA,NA,73.4169464111328,6.21861743927002,5.06932735443115,NA,18.459566116333,9.25146675109863,NA,2.64699983596802,NA,6.56901454925537,3.27763676643372,NA,NA,NA,23788.046875,6.7610559463501,14.2697038650513,NA,NA,17.7205390930176,NA,NA,1120.40063476562,NA,15.7297191619873,NA,11.4695434570312,NA,1.7092022895813,NA,21.6876354217529,20.0421581268311,11.9939937591553,34.1669387817383,NA,31.8806476593018,NA,9.19893836975098,NA,NA,513.696044921875,698.075073242188,NA,498.427703857422,3274.51391601562,2090.212890625,383.114654541016,747.148132324219,1518.2080078125,26.1534862518311,NA,-0.530637800693512,199.577423095703,695.272827148438,243.132827758789,NA,356.684478759766,1234.54443359375,198.346420288086,2116.14477539062,221.740570068359,540.053833007812,437.817596435547,402.593353271484,2259.607421875,515.014587402344,1774.25366210938,364.310577392578,512.526672363281,478.263488769531,439.362182617188,298.101989746094,NA,2277.82788085938,669.203063964844,NA,1228.53491210938,378.347229003906,133.570724487305,418.597137451172,258.376983642578,NA,1274.43200683594,1714.40270996094,303.967315673828,462.432800292969,394.420532226562,513.67724609375,1024.61791992188,NA,849.57666015625,1337.19580078125,NA,1490.853515625,811.643981933594,691.166625976562,357.425537109375,5403.15966796875,679.352661132812,1844.3017578125,1335.39440917969,1062.96411132812,375.094299316406,978.637084960938,9098.0771484375,285.304595947266,607.092895507812,1519.40344238281,529.690002441406,1762.31359863281,394.326171875,244.521255493164,1726.05212402344,986.308044433594,432.051330566406,1038.15393066406,2252.46215820312,845.918029785156,686.444885253906,677.806884765625,1677.75952148438,603.823669433594,NA,455.392700195312,497.583129882812,1279.81030273438,344.933898925781,374.907684326172,NA,1501.67114257812,398.886108398438,750.521179199219,1160.70092773438,1306.65869140625,714.056579589844,651.935607910156,618.130920410156,1145.05432128906,NA,449.899810791016,327.991973876953,1529.01953125,155.476181030273,366.252044677734,358.645965576172,955.356384277344,1496.26037597656,NA,320.010375976562,289.604888916016,356.180145263672,1313.716796875,1390.70629882812,NA,2496.5478515625,1153.33752441406,2905.296875,709.529052734375,464.606811523438,349.58935546875,NA,NA,1468.771484375,526.950317382812,1717.06884765625,235.620941162109,NA,342.018707275391,NA,1757.08386230469,828.027099609375,NA,344.825805664062,343.039825439453,319.826080322266,1025.15209960938,2913.26440429688,1095.49963378906,912.738464355469,1234.099609375,1181.0126953125,900.203308105469,883.3798828125,421.309143066406,340.053771972656,1755.05065917969,1325.46618652344,NA,442.12353515625,924.718505859375
2004-09-30,NA,10823.5703125,18.9530620574951,0.660028278827667,NA,NA,NA,0.713259100914001,NA,NA,69.7439270019531,6.37806701660156,5.66712617874146,NA,19.3665714263916,9.8425989151001,NA,2.78631567955017,NA,6.76657724380493,3.67930912971497,NA,NA,NA,21815.673828125,6.89176559448242,14.2697038650513,NA,NA,19.3059978485107,NA,NA,1147.29028320312,NA,15.9090394973755,NA,10.1785984039307,NA,1.87163925170898,NA,22.6916885375977,19.8936977386475,10.9300127029419,34.6382141113281,NA,33.3521957397461,NA,11.5155935287476,NA,NA,504.846252441406,694.38134765625,NA,486.556457519531,3385.51513671875,1981.73291015625,378.117523193359,852.505798339844,1447.00622558594,24.3889713287354,NA,-0.499010354280472,210.84831237793,759.15478515625,252.257034301758,NA,362.787475585938,1182.81811523438,207.696029663086,1982.08996582031,231.224517822266,561.274536132812,456.081939697266,406.453338623047,2307.732421875,508.134185791016,1953.033203125,361.593780517578,483.815399169922,449.073852539062,426.794982910156,293.475463867188,NA,2135.33642578125,632.143859863281,NA,1154.927734375,390.671997070312,149.435455322266,408.946868896484,263.377868652344,NA,1256.00646972656,1701.26586914062,288.749114990234,438.291442871094,419.261383056641,479.432037353516,1029.97863769531,NA,897.199157714844,1300.54052734375,NA,1391.1025390625,808.008361816406,695.474731445312,362.232269287109,5481.04296875,642.372924804688,1884.23742675781,1393.91735839844,1088.63513183594,335.08154296875,917.288024902344,9149.32421875,308.988098144531,623.281921386719,1446.90600585938,540.850463867188,1607.44677734375,399.221252441406,253.837982177734,1740.59777832031,968.180358886719,407.501983642578,968.166381835938,1991.68054199219,799.284301757812,665.902770996094,709.14404296875,1586.62158203125,577.474853515625,NA,466.877410888672,445.0263671875,1252.84973144531,349.596069335938,356.551330566406,NA,1365.54858398438,405.894409179688,792.737976074219,1193.78686523438,1282.12255859375,678.117126464844,637.664367675781,595.608093261719,1109.93005371094,NA,431.390930175781,337.194610595703,1479.89477539062,157.094009399414,363.112243652344,332.564239501953,955.262634277344,1428.42626953125,NA,351.139770507812,283.04931640625,352.719848632812,1309.53247070312,1364.39208984375,NA,2480.8466796875,1084.17065429688,2880.81372070312,721.487915039062,504.754699707031,330.167633056641,NA,68.7101669311523,1408.68591308594,504.39404296875,1662.10888671875,224.4716796875,NA,352.792541503906,NA,1851.42431640625,795.682739257812,NA,314.457977294922,389.7119140625,319.152740478516,993.761779785156,2764.43090820312,1171.24230957031,904.60595703125,1143.79968261719,1089.60070800781,959.212890625,868.64990234375,385.724487304688,329.084197998047,1814.77941894531,1285.43872070312,NA,427.732666015625,977.018432617188
2004-10-31,NA,10771.419921875,19.1719036102295,0.798981606960297,NA,NA,NA,0.72724461555481,NA,NA,68.522216796875,6.21861743927002,5.23670864105225,NA,20.3612976074219,9.8425989151001,NA,2.74651193618774,NA,6.66779279708862,3.93637681007385,NA,NA,NA,21815.673828125,7.17426586151123,14.4069128036499,NA,NA,20.5255794525146,NA,NA,1012.84228515625,NA,18.0103225708008,NA,10.0296421051025,NA,1.82680952548981,NA,23.2941284179688,19.3012046813965,11.1234645843506,33.9313125610352,NA,32.9468574523926,NA,11.6281223297119,NA,NA,494.079406738281,681.454223632812,NA,487.287109375,3487.75244140625,1783.29577636719,395.012664794922,760.982971191406,1582.51953125,25.0000972747803,NA,-0.491982072591782,207.307647705078,713.100463867188,244.743057250977,NA,345.834747314453,1266.51867675781,199.014282226562,1958.15222167969,223.208068847656,571.195983886719,460.533843994141,442.449188232422,2363.11865234375,487.199798583984,1839.74035644531,342.926391601562,479.258209228516,421.680297851562,416.145538330078,278.075592041016,NA,2067.22924804688,715.142822265625,NA,1030.4970703125,375.902770996094,142.270751953125,392.589080810547,277.018981933594,NA,1179.23400878906,1717.68676757812,283.457885742188,439.802856445312,419.853546142578,468.669250488281,1076.19128417969,NA,897.199157714844,1243.35766601562,NA,1359.37536621094,891.595947265625,765.022399902344,376.496459960938,5042.94921875,646.548156738281,1684.55895996094,1319.43347167969,1149.38452148438,349.814605712891,892.560852050781,9843.1142578125,300.726440429688,648.72216796875,1433.53955078125,503.935211181641,1614.04797363281,400.308990478516,289.952270507812,1704.92956542969,959.940490722656,445.275970458984,1020.65704345703,2089.11547851562,734.324890136719,660.747314453125,675.485778808594,1594.90698242188,600.530090332031,NA,451.497894287109,463.6279296875,1281.86633300781,323.235229492188,331.181335449219,NA,1242.38989257812,393.045928955078,786.483520507812,1134.18798828125,1295.2392578125,751.887145996094,655.268615722656,595.608093261719,976.457153320312,NA,479.323303222656,350.731689453125,1436.91015625,150.78434753418,352.432434082031,339.113677978516,977.552307128906,1405.17272949219,NA,376.043182373047,268.778076171875,328.463897705078,1277.73583984375,1349.75244140625,NA,2658.79614257812,1174.00158691406,2701.27319335938,718.481750488281,473.291229248047,328.780395507812,NA,48.5383682250977,1334.40710449219,520.529113769531,1689.81005859375,215.55224609375,NA,340.751098632812,NA,1677.48486328125,760.812133789062,NA,323.073364257812,358.208251953125,329.925964355469,1014.29711914062,2684.50244140625,1115.82055664062,901.292663574219,1099.65295410156,1072.59887695312,897.69287109375,837.580505371094,454.460968017578,329.084197998047,1766.13623046875,1226.58764648438,NA,445.321563720703,1065.6982421875
2004-11-30,NA,10899.25,20.7038288116455,1.02478158473969,NA,NA,NA,0.769201457500458,NA,NA,63.3200798034668,6.29834127426147,5.2845344543457,NA,21.5182323455811,10.9269523620605,NA,2.66690182685852,NA,6.71718454360962,4.43444967269897,NA,NA,NA,21815.673828125,6.92971277236938,14.7728033065796,1.02240908145905,NA,20.3223152160645,NA,NA,991.928100585938,NA,19.2655754089355,NA,10.0296421051025,NA,1.9725056886673,NA,25.703857421875,22.3684520721436,11.5587320327759,36.8958549499512,NA,41.6263618469238,NA,11.6656293869019,NA,NA,461.778656005859,692.534729003906,NA,487.287109375,3403.04174804688,2050.52514648438,384.304443359375,796.82421875,1642.23693847656,25.6667747497559,NA,-0.509552657604218,230.676177978516,754.697875976562,250.646896362305,NA,344.478546142578,1248.89770507812,197.010803222656,2144.87109375,223.458587646484,565.526489257812,482.29931640625,439.235229492188,2335.42602539062,469.119995117188,1812.68566894531,349.148803710938,492.170074462891,412.923461914062,403.857879638672,292.595336914062,NA,2179.404296875,741.20068359375,NA,997.198852539062,413.540832519531,149.435455322266,421.410034179688,277.018981933594,NA,1145.45336914062,1694.69665527344,303.110900878906,462.472961425781,415.116180419922,463.777160644531,1071.98974609375,NA,897.199157714844,1274.88171386719,NA,1381.34033203125,895.774597167969,806.258544921875,373.482971191406,4556.17822265625,659.669921875,1524.81652832031,1351.35546875,1020.59509277344,345.281311035156,929.252258300781,9851.78515625,335.150268554688,695.554931640625,1405.13647460938,500.071990966797,1637.15209960938,401.940704345703,321.915496826172,1601.49243164062,1043.986328125,430.395416259766,1061.48327636719,2255.3271484375,817.360168457031,622.941284179688,648.791381835938,1686.04443359375,624.134155273438,900.065124511719,436.338226318359,391.194885253906,1289.60339355469,298.757110595703,349.008972167969,NA,1324.49560546875,395.381988525391,838.081787109375,1154.0546875,1354.26293945312,802.958923339844,704.169250488281,617.505187988281,983.482116699219,NA,534.445251464844,393.803955078125,1473.75378417969,152.078643798828,322.529083251953,338.385894775391,999.841674804688,1395.20690917969,1096.02209472656,382.269195556641,302.077972412109,355.751770019531,1380.65747070312,1405.38244628906,NA,2826.28002929688,1260.73498535156,2921.61889648438,652.345397949219,461.910827636719,354.444732666016,NA,57.5526313781738,1395.65405273438,517.021484375,1700.89172363281,217.038833618164,NA,318.358428955078,NA,1745.29174804688,830.553405761719,NA,379.072601318359,358.208251953125,309.053009033203,1040.69970703125,3114.46337890625,1069.63610839844,881.410949707031,1129.7529296875,1136.91027832031,969.257141113281,827.223999023438,437.109985351562,302.757507324219,1758.65222167969,1129.947265625,NA,410.942962646484,1104.25476074219
2004-12-31,NA,11488.759765625,22.1048126220703,0.803324639797211,NA,NA,NA,0.79717218875885,NA,NA,66.0748596191406,6.41792631149292,4.91389942169189,NA,24.3335933685303,11.5942478179932,NA,2.6868040561676,NA,6.81596517562866,4.30591487884521,NA,NA,NA,24206.427734375,7.13631868362427,14.8642740249634,1.02672290802002,NA,22.7614803314209,NA,NA,1186.130859375,NA,21.526683807373,NA,10.1785984039307,NA,1.86043167114258,NA,25.1014270782471,23.2661819458008,11.6070823669434,37.1346702575684,NA,40.2791862487793,NA,12.7534246444702,NA,NA,498.864654541016,731.316650390625,NA,518.701477050781,3353.38330078125,2063.75415039062,405.246154785156,817.944946289062,1711.14208984375,25.5556564331055,NA,-0.5341517329216,234.393890380859,741.327270507812,254.403915405273,NA,374.315246582031,1389.86645507812,194.339416503906,2470.4306640625,230.222381591797,595.291198730469,578.759033203125,474.588470458984,2381.58056640625,505.279541015625,1956.41577148438,347.074768066406,506.600738525391,436.724304199219,449.732086181641,313.275024414062,NA,2371.70483398438,848.327331542969,NA,1116.37194824219,421.163452148438,145.341339111328,449.452239990234,289.610748291016,NA,1256.02197265625,1829.64489746094,313.693267822266,500.256774902344,424.591003417969,481.388946533203,1138.50793457031,NA,926.940856933594,1253.62133789062,NA,1391.1025390625,933.38916015625,856.726501464844,376.094604492188,4867.7109375,694.859985351562,1691.81958007812,1335.39440917969,1139.66455078125,362.658752441406,957.169799804688,10172.6611328125,349.470550537109,720.995056152344,1398.453125,523.6806640625,1729.57250976562,412.818634033203,328.142150878906,1694.2294921875,1100.84167480469,456.722747802734,1213.1240234375,2934.50537109375,843.908996582031,677.93212890625,661.557983398438,1698.47241210938,655.423217773438,906.635009765625,480.059875488281,399.368347167969,1341.18762207031,313.820526123047,348.323272705078,NA,1445.49353027344,383.701568603516,878.735229492188,1110.70959472656,1377.21618652344,1106.55432128906,726.989440917969,635.697326660156,990.507080078125,NA,528.453918457031,397.495788574219,1504.45727539062,158.064727783203,341.752685546875,343.479919433594,1018.94708251953,1375.27563476562,1187.94677734375,377.288391113281,305.051147460938,373.943511962891,1354.7177734375,1440.51684570312,NA,2913.5302734375,1235.95434570312,2913.45703125,669.781188964844,441.158294677734,357.219268798828,NA,60.3262596130371,1481.66088867188,540.171569824219,1867.10205078125,220.755218505859,NA,327.859008789062,NA,1724.65490722656,878.104248046875,NA,369.021453857422,364.042266845703,318.479400634766,1088.37097167969,3130.8994140625,1123.21057128906,914.546447753906,1262.19299316406,1215.26733398438,919.036254882812,912.017578125,457.130187988281,326.890319824219,1818.52172851562,1224.72912597656,NA,441.324096679688,1056.4453125
2005-01-31,NA,11387.58984375,22.7613468170166,0.790297627449036,NA,NA,NA,0.888078093528748,NA,NA,57.2036590576172,6.29834127426147,5.67908239364624,NA,23.1750049591064,10.8157415390015,NA,2.72660851478577,NA,6.86535787582397,4.16131401062012,NA,NA,NA,24206.427734375,6.72310781478882,14.5441236495972,1.10006022453308,NA,21.1353721618652,NA,NA,1344.48071289062,NA,24.1909923553467,NA,10.0792942047119,NA,1.93888378143311,NA,25.703857421875,21.3959102630615,10.5431175231934,34.6271820068359,NA,40.7043266296387,NA,13.0910167694092,NA,NA,482.116149902344,709.155456542969,NA,502.628997802734,3471.68627929688,1865.31555175781,390.892669677734,746.90283203125,1667.50268554688,24.2778663635254,NA,-0.502524495124817,215.274124145508,727.956726074219,262.991424560547,NA,358.718811035156,1330.39477539062,187.661117553711,2389.04125976562,240.744018554688,581.117309570312,544.132568359375,513.155395507812,2270.80932617188,516.698364257812,1804.23095703125,352.605804443359,457.232147216797,447.277557373047,440.721313476562,311.075012207031,NA,2235.4921875,835.780883789062,NA,1041.01257324219,423.069305419922,154.553115844727,422.189117431641,314.269561767578,NA,1252.94323730469,1786.63305664062,324.527770996094,539.551940917969,455.384307861328,513.67724609375,1076.19128417969,NA,921.983825683594,1275.61486816406,NA,1364.25695800781,973.789611816406,842.570983886719,380.514617919922,5101.361328125,713.946533203125,1619.20983886719,1340.71484375,1171.25439453125,387.213653564453,1044.11279296875,10493.5400390625,356.079895019531,673.583984375,1401.79479980469,538.274963378906,1590.94262695312,391.606689453125,333.123413085938,1644.29382324219,1193.12841796875,431.539825439453,1230.62060546875,3140.837890625,768.781860351562,640.985107421875,754.408386230469,1706.7578125,663.656921386719,944.411437988281,474.567230224609,367.802093505859,1296.05126953125,306.916412353516,379.864471435547,NA,1402.28039550781,414.654602050781,861.535583496094,1168.50256347656,1403.44921875,1049.80798339844,738.073669433594,660.268371582031,1067.78100585938,NA,547.626708984375,407.956298828125,1492.17602539062,168.095474243164,343.888671875,336.202819824219,996.657348632812,1358.666015625,1209.16003417969,378.533660888672,304.456512451172,354.741058349609,1387.35131835938,1434.66088867188,NA,2449.89453125,1251.4423828125,3182.76879882812,658.357666015625,470.613433837891,368.317260742188,NA,71.2316207885742,1446.47668457031,559.112854003906,1861.56176757812,229.674682617188,NA,362.606018066406,NA,1689.27758789062,905.049377441406,NA,369.021453857422,383.877868652344,323.192657470703,1056.83459472656,3025.61157226562,1167.54711914062,984.1318359375,1302.326171875,1207.87487792969,893.925842285156,958.621765136719,457.797576904297,329.815582275391,1870.9072265625,1133.04479980469,NA,521.27392578125,1055.67346191406
2005-02-28,NA,11740.599609375,24.0744209289551,0.885827839374542,NA,NA,NA,0.971990406513214,NA,NA,71.2730484008789,5.93957328796387,5.72690534591675,NA,23.9198112487793,11.0659761428833,NA,2.70670652389526,NA,6.71718454360962,4.20951461791992,NA,NA,NA,26746.607421875,6.98663425445557,14.9557476043701,1.13025784492493,NA,22.1516876220703,NA,NA,1201.06958007812,NA,28.4821815490723,NA,10.3275537490845,NA,2.20786213874817,NA,25.703857421875,22.2936420440674,11.8489084243774,34.7465858459473,NA,49.0713310241699,NA,13.6536684036255,NA,NA,486.901336669922,736.856872558594,NA,484.364807128906,3700.9892578125,1847.95837402344,365.534851074219,745.622741699219,1667.50268554688,25.1667671203613,NA,-0.537666320800781,252.274353027344,672.98828125,296.267883300781,NA,364.143707275391,1477.97241210938,188.328872680664,2441.70581054688,267.048065185547,605.212463378906,563.919250488281,577.433654785156,2312.34838867188,533.826416015625,1919.21411132812,379.56982421875,522.550903320312,446.379333496094,438.263641357422,301.835266113281,NA,2091.267578125,875.350280761719,NA,1189.97888183594,451.178558349609,171.953155517578,447.894226074219,343.125732421875,NA,1228.93115234375,1826.3359375,327.299346923828,557.688049316406,464.266876220703,513.67724609375,1095.79638671875,NA,978.988464355469,1233.70812988281,NA,1359.37536621094,958.465270996094,835.800903320312,397.189727783203,5666.01611328125,711.560668945312,1619.20983886719,1532.24621582031,1244.15454101562,388.724792480469,1014.59967041016,11039.896484375,374.531097412109,733.715209960938,1503.71264648438,553.298583984375,1637.15209960938,411.730865478516,337.482147216797,1694.2294921875,1101.66540527344,424.671875,1248.11779785156,3169.49487304688,815.100646972656,671.91748046875,926.181213378906,1789.60974121094,637.663757324219,1029.81909179688,505.326141357422,392.604125976562,1344.41149902344,306.288848876953,394.263580322266,NA,1378.47607421875,455.536041259766,892.807312011719,1296.73095703125,1380.49548339844,892.809753417969,751.113708496094,670.348754882812,1187.20373535156,NA,516.470764160156,407.956298828125,1707.09851074219,175.375839233398,351.008483886719,356.578735351562,1003.02557373047,1368.6318359375,1272.7998046875,373.552947998047,329.431427001953,360.299743652344,1422.53527832031,1463.93969726562,NA,2560.53466796875,1198.78259277344,3166.44702148438,676.39501953125,524.837768554688,379.462280273438,NA,73.7531051635742,1446.47668457031,559.112854003906,1955.74768066406,234.134399414062,NA,382.217926025391,NA,1898.59460449219,889.199096679688,NA,369.021453857422,414.214660644531,327.232604980469,1044.36645507812,3191.85473632812,1102.88879394531,1070.28479003906,1392.62609863281,1301.75476074219,1000.64465332031,987.102172851562,449.789581298828,349.560607910156,1814.77941894531,1205.52490234375,NA,535.665161132812,1163.63146972656
2005-03-31,NA,11668.9501953125,22.5424957275391,0.981358170509338,NA,NA,NA,0.930034339427948,NA,NA,68.522216796875,5.93957328796387,5.47582960128784,NA,23.1750049591064,11.2327976226807,NA,2.74651193618774,NA,7.11231136322021,3.95244526863098,NA,NA,NA,27732.798828125,6.69359159469604,13.6522665023804,1.11300218105316,NA,20.769495010376,NA,NA,1287.7138671875,NA,25.3321666717529,NA,9.45864582061768,NA,2.17423987388611,NA,26.1858081817627,20.6478042602539,11.2443733215332,34.1207962036133,NA,44.6481246948242,NA,12.9034614562988,NA,NA,482.116088867188,790.812805175781,NA,490.577667236328,3630.62231445312,1733.12841796875,394.002655029297,758.749877929688,1667.50268554688,26.2263240814209,NA,3.95201110839844,248.005844116211,657.674072265625,293.50927734375,NA,360.749298095703,1352.43249511719,192.985122680664,2443.63305664062,250.192169189453,576.851684570312,589.116394042969,537.795593261719,2378.55151367188,514.501159667969,2011.12915039062,386.576446533203,491.396484375,452.44189453125,440.639984130859,308.868896484375,NA,2170.95336914062,795.772338867188,NA,1141.04040527344,441.180755615234,178.07666015625,449.098968505859,340.184600830078,NA,1213.53857421875,1902.43347167969,318.098907470703,560.667175292969,480.808624267578,492.080444335938,1111.58264160156,NA,974.709167480469,1337.07067871094,NA,1414.29504394531,939.051025390625,843.691589355469,385.738128662109,4877.14453125,744.855773925781,1579.27416992188,1468.20715332031,1120.20922851562,380.764709472656,996.919372558594,10535.8056640625,382.517456054688,770.482177734375,1538.76672363281,564.436218261719,1639.76330566406,399.221252441406,375.297302246094,1717.07348632812,1073.53747558594,417.369720458984,1253.95007324219,3062.0810546875,852.865051269531,661.562255859375,907.611572265625,1869.04064941406,633.239379882812,1064.22644042969,550.917053222656,416.560516357422,1402.82775878906,331.738250732422,395.587646484375,NA,1497.49682617188,444.439575195312,878.735229492188,1259.47692871094,1428.27221679688,884.297790527344,747.227783203125,658.378295898438,1215.30310058594,NA,534.983825683594,409.146636962891,1686.85559082031,175.552780151367,344.923461914062,344.198394775391,1060.60949707031,1463.42724609375,1325.88122558594,355.507751464844,316.25830078125,360.771087646484,1474.72290039062,1525.77307128906,NA,2428.82055664062,1252.96240234375,3010.61157226562,668.057250976562,501.432098388672,369.696685791016,NA,100.03946685791,1543.68347167969,580.235900878906,2035.89880371094,232.647796630859,NA,391.171081542969,NA,1789.29309082031,889.932434082031,NA,395.942626953125,399.04638671875,324.849548339844,1047.31384277344,3130.8994140625,1112.12609863281,1128.23596191406,1460.16186523438,1292.88452148438,1023.38262939453,961.92041015625,465.457061767578,341.407470703125,1776.76635742188,1146.060546875,NA,459.712524414062,1122.57434082031
2005-04-30,NA,11008.900390625,22.7173938751221,0.93793511390686,NA,NA,NA,1.02093982696533,NA,NA,72.3449783325195,5.70039415359497,5.43717527389526,NA,24.5835075378418,10.7887239456177,NA,2.70359349250793,NA,7.06292247772217,3.82390999794006,NA,NA,NA,27613.255859375,6.7315411567688,12.9662199020386,1.10437452793121,NA,20.3223152160645,NA,NA,1326.55444335938,NA,24.8040180206299,NA,9.135910987854,NA,2.14997053146362,NA,24.699800491333,21.9195919036865,10.0594568252563,35.9293212890625,NA,41.1837310791016,NA,13.0910167694092,NA,NA,463.991638183594,725.992004394531,NA,456.69384765625,3390.91918945312,1658.35559082031,392.806518554688,765.262634277344,1557.25439453125,24.7165031433105,NA,3.62267661094666,256.7548828125,627.915100097656,281.551513671875,NA,329.497955322266,1199.70263671875,188.922317504883,2376.15625,252.215942382812,551.276977539062,668.3251953125,520.654418945312,2378.55151367188,487.674255371094,1869.66809082031,387.272888183594,441.035949707031,437.397888183594,411.759094238281,290.778076171875,NA,2106.62866210938,716.388793945312,NA,1017.77984619141,427.259002685547,177.041229248047,403.719573974609,328.599334716797,NA,1240.62951660156,1813.10107421875,296.622894287109,489.447357177734,441.437164306641,460.712738037109,1081.33068847656,NA,862.816833496094,1203.4375,NA,1340.6337890625,867.677368164062,881.957275390625,360.196533203125,4623.533203125,712.207885742188,1739.01647949219,1441.11804199219,966.7890625,380.764709472656,904.908325195312,9597.7431640625,368.197174072266,706.758117675781,1446.57495117188,544.154663085938,1613.15417480469,399.221252441406,363.211273193359,1623.28356933594,992.233764648438,436.915771484375,1154.80041503906,2993.14038085938,761.324279785156,662.426879882812,875.11376953125,1760.08288574219,613.882568359375,1026.33605957031,468.279541015625,412.051086425781,1376.728515625,304.515472412109,374.840026855469,NA,1529.95678710938,433.343292236328,895.934509277344,1210.12170410156,1391.90454101562,831.334350585938,717.7578125,643.887573242188,1208.27844238281,NA,481.847808837891,380.054534912109,1603.28674316406,165.101318359375,335.601135253906,333.213348388672,1060.60949707031,1306.03344726562,1454.88586425781,336.730895996094,303.080871582031,339.819641113281,1397.28344726562,1490.22119140625,NA,2028.4072265625,1146.99060058594,2796.74340820312,632.192443847656,463.485748291016,369.696685791016,NA,142.211120605469,1506.86633300781,549.846130371094,1957.59484863281,221.498550415039,NA,392.237060546875,NA,1741.41967773438,808.740173339844,NA,359.161102294922,388.545043945312,288.603149414062,988.841735839844,3222.3330078125,1077.02575683594,1048.12438964844,1433.97961425781,1244.83581542969,934.613464355469,878.020568847656,433.934783935547,309.493255615234,1705.244140625,1042.66613769531,NA,472.504638671875,1058.40502929688
2005-05-31,NA,11276.58984375,24.9063034057617,0.963989078998566,NA,NA,NA,0.964395046234131,NA,NA,82.8989944458008,5.66931867599487,4.40619897842407,NA,27.2300472259521,10.8456602096558,NA,2.80447316169739,NA,7.26471996307373,3.94882702827454,NA,NA,NA,25700.65625,6.65775394439697,13.6293964385986,1.12163007259369,NA,20.6881904602051,NA,NA,1359.41955566406,NA,24.37961769104,NA,10.526159286499,NA,2.31179666519165,NA,24.8202934265137,21.907299041748,11.0509214401245,35.8087501525879,NA,40.6319618225098,NA,13.0535039901733,NA,NA,466.408020019531,751.92041015625,NA,480.265075683594,3481.53857421875,1532.84423828125,384.433624267578,754.190795898438,1619.26879882812,24.8283348083496,NA,3.64801025390625,256.933319091797,581.788696289062,286.443328857422,NA,338.329833984375,1345.7919921875,189.59944152832,2477.37158203125,246.650619506836,571.168395996094,702.978942871094,522.797302246094,2434.40844726562,511.627105712891,2067.37255859375,412.348083496094,455.533569335938,448.624725341797,407.633117675781,284.159332275391,NA,2134.77099609375,791.900146484375,NA,1061.80151367188,418.137634277344,178.594268798828,438.927764892578,301.742553710938,NA,1320.67004394531,1952.06237792969,307.234558105469,527.330078125,486.177398681641,429.345184326172,1141.13122558594,NA,840.438354492188,1237.3994140625,NA,1323.4462890625,943.249145507812,967.128356933594,356.978668212891,5072.23046875,727.322631835938,1630.10119628906,1376.10559082031,1134.8203125,392.568359375,937.712341308594,10032.0302734375,363.790924072266,680.109741210938,1466.68994140625,519.125915527344,1673.02368164062,430.767272949219,384.049468994141,1565.56652832031,974.811767578125,446.114044189453,1213.1240234375,3064.953125,781.793090820312,720.367736816406,853.061828613281,1923.51892089844,590.101745605469,978.561157226562,469.381317138672,421.070007324219,1376.728515625,288.055114746094,416.335174560547,NA,1549.43273925781,415.822631835938,955.350463867188,1197.32556152344,1408.43530273438,775.533874511719,749.192443847656,670.978820800781,1088.85559082031,NA,449.241577148438,341.677612304688,1689.95080566406,161.018646240234,346.357635498047,404.982330322266,1079.89331054688,1242.40661621094,1397.55017089844,355.507751464844,318.055297851562,352.594940185547,1286.173828125,1493.18395996094,NA,1791.32055664062,1125.1728515625,2813.19384765625,648.605285644531,437.736602783203,344.585266113281,NA,150.342864990234,1456.90026855469,489.066040039062,2058.27099609375,231.904495239258,NA,423.786590576172,NA,1636.69494628906,770.531921386719,NA,349.064178466797,364.042266845703,268.086334228516,967.377502441406,3258.35107421875,1117.66796875,1104.86975097656,1494.40014648438,1271.44714355469,886.424438476562,839.647766113281,496.30859375,328.790252685547,1799.35205078125,1105.57495117188,NA,491.692626953125,1040.62365722656
2005-06-30,NA,11584.009765625,26.2599048614502,1.02478158473969,NA,NA,NA,1.02197086811066,NA,NA,83.9669952392578,5.83246278762817,4.11163234710693,NA,27.2300472259521,11.4719142913818,NA,2.5663332939148,NA,7.21391820907593,4.04632997512817,NA,NA,NA,26955.80078125,6.49752807617188,14.0867576599121,1.19496703147888,NA,21.8593215942383,NA,NA,1389.296875,NA,24.7238540649414,NA,11.4198923110962,NA,2.65856552124023,NA,25.7841815948486,23.2140483856201,11.4619798660278,37.0144195556641,NA,40.1155815124512,NA,14.8109617233276,NA,NA,479.699554443359,707.471923828125,NA,496.470520019531,3633.5458984375,1538.18481445312,412.472442626953,752.23681640625,1722.62646484375,26.5618495941162,NA,3.77467584609985,269.253326416016,647.258544921875,304.923461914062,NA,348.520477294922,1299.30908203125,196.370880126953,2419.53442382812,265.623657226562,598.163879394531,732.682312011719,526.011169433594,2560.08618164062,524.082397460938,2181.5634765625,409.56201171875,444.088104248047,443.909484863281,416.710021972656,290.336700439453,NA,2231.25732421875,792.868103027344,NA,1056.51904296875,426.778717041016,197.230239868164,442.057250976562,337.024993896484,NA,1320.77233886719,1942.84045410156,314.561676025391,574.305114746094,513.6181640625,456.791900634766,1184.04663085938,NA,887.681579589844,1248.47399902344,NA,1399.56274414062,986.633117675781,1026.99584960938,350.543029785156,4877.14453125,768.43505859375,1626.470703125,1397.7763671875,1125.07934570312,421.887329101562,976.917114257812,10509.748046875,366.159454345703,680.689208984375,1436.51770019531,532.934509277344,1739.54565429688,411.186981201172,377.381225585938,1688.21435546875,1032.05615234375,435.766082763672,1207.29089355469,3274.64624023438,754.501403808594,733.339782714844,958.67919921875,1998.95141601562,619.966430664062,1051.04724121094,469.381317138672,403.314086914062,1455.02587890625,292.486785888672,420.484802246094,NA,1720.38977050781,439.767486572266,994.440673828125,1252.16528320312,1372.06799316406,840.792175292969,743.953186035156,681.083923339844,1131.00476074219,NA,495.131713867188,369.531707763672,1615.66735839844,160.202133178711,377.192749023438,396.926635742188,1121.6748046875,1272.54528808594,1526.55505371094,373.032806396484,316.25830078125,350.550964355469,1346.77893066406,1576.13818359375,NA,2081.09301757812,1165.69140625,2780.29174804688,667.449340820312,445.867980957031,382.252380371094,NA,151.288421630859,1544.99829101562,508.148132324219,2086.236328125,222.241806030273,NA,435.673034667969,NA,1639.6875,792.819763183594,NA,372.863983154297,379.210815429688,292.022583007812,1036.21118164062,3251.47021484375,1171.24230957031,1128.23596191406,1504.47009277344,1320.97473144531,965.048950195312,860.460266113281,490.272613525391,332.501037597656,1833.23107910156,1079.41528320312,NA,527.670043945312,1059.95166015625
2005-07-31,NA,11899.599609375,25.3541584014893,1.05951952934265,NA,NA,NA,0.985986173152924,NA,NA,102.935050964355,6.56661891937256,3.93980288505554,NA,29.6316299438477,13.8061513900757,NA,2.8539400100708,NA,7.67113780975342,4.2250828742981,NA,NA,NA,26955.80078125,6.56958866119385,14.2697038650513,1.19496703147888,NA,24.6834678649902,NA,NA,1508.80651855469,NA,28.3029880523682,NA,11.1964550018311,NA,3.21339702606201,NA,26.1054744720459,25.7814350128174,12.0907211303711,38.702392578125,NA,45.5257530212402,NA,14.546483039856,NA,NA,513.532287597656,687.099609375,NA,503.836669921875,3943.40600585938,1759.83325195312,458.489959716797,767.867858886719,1701.95458984375,27.2328815460205,NA,3.72400999069214,286.751220703125,685.945373535156,317.968383789062,NA,368.222412109375,1345.7919921875,190.953704833984,2443.63305664062,274.224853515625,605.267883300781,792.089050292969,551.722412109375,2676.45239257812,553.783325195312,2362.224609375,413.044555664062,479.950744628906,452.44189453125,448.066589355469,289.454284667969,NA,2199.09497070312,871.283752441406,NA,1012.49743652344,455.102691650391,216.383804321289,427.191772460938,331.758911132812,NA,1360.98376464844,1849.69104003906,323.657379150391,563.697998046875,632.925659179688,474.436096191406,1288.87316894531,NA,867.789916992188,1346.66833496094,NA,1355.36633300781,1119.58374023438,1025.76147460938,359.593109130859,3843.19018554688,763.598266601562,1782.58312988281,1538.6376953125,1185.96057128906,415.414215087891,1000.11981201172,11091.6923828125,351.202819824219,710.813293457031,1356.0595703125,514.379211425781,1709.61096191406,419.889434814453,383.841156005859,1778.39709472656,1030.39709472656,420.818878173828,1148.96813964844,3268.89990234375,757.344543457031,685.776306152344,987.694213867188,2091.14575195312,633.348815917969,1072.46350097656,500.232635498047,392.604125976562,1546.37255859375,305.781707763672,452.297698974609,NA,1681.43774414062,450.863952636719,966.295959472656,1317.97241210938,1352.23034667969,815.256286621094,825.814514160156,667.132568359375,1201.25329589844,NA,491.508819580078,391.196075439453,1649.71435546875,165.754531860352,377.192749023438,413.038024902344,1140.95874023438,1259.15051269531,1605.39123535156,400.572143554688,302.481872558594,337.264678955078,1422.53527832031,1608.72729492188,NA,2123.24194335938,1162.57446289062,2862.54907226562,710.000854492188,467.551513671875,378.067199707031,NA,141.832870483398,1445.06640625,525.10986328125,2142.16845703125,222.985153198242,NA,446.377593994141,NA,1741.41967773438,767.347839355469,NA,386.566955566406,386.211517333984,309.119995117188,1133.91149902344,3028.3837890625,1149.07373046875,1371.90795898438,1516.55419921875,1301.01574707031,985.338500976562,997.691589355469,486.248321533203,348.829254150391,1836.99633789062,1073.18627929688,NA,585.233947753906,1074.64123535156
2005-08-31,NA,12413.599609375,25.7355060577393,1.30268847942352,NA,NA,NA,0.957198143005371,NA,NA,95.5597457885742,6.42215490341187,3.39976787567139,NA,27.9798240661621,13.5784177780151,NA,2.81459045410156,NA,7.31342124938965,4.32258558273315,NA,NA,NA,33052.23046875,6.92221164703369,13.5379228591919,1.1459801197052,NA,23.6205234527588,NA,NA,1404.23547363281,NA,28.4114475250244,NA,11.8985300064087,NA,2.9128634929657,NA,26.7565650939941,25.9198017120361,10.8574666976929,37.9307556152344,NA,47.6697540283203,NA,14.8109617233276,NA,NA,543.739868164062,685.24755859375,NA,497.207183837891,3791.3984375,2267.57568359375,501.134613037109,755.493469238281,2071.74487304688,26.8414440155029,NA,4.10401296615601,324.425384521484,834.740356445312,359.277038574219,NA,396.076904296875,1381.20764160156,210.590728759766,2959.34985351562,294.209838867188,633.684326171875,792.089050292969,552.793640136719,2778.85693359375,567.196838378906,2455.96362304688,413.044555664062,500.552703857422,484.999786376953,461.269134521484,290.778076171875,NA,2375.98803710938,836.432495117188,NA,1037.1494140625,501.669189453125,238.125732421875,449.88134765625,333.865295410156,NA,1348.61096191406,1853.01721191406,358.777069091797,575.820251464844,730.757446289062,509.724853515625,1354.30163574219,NA,885.1953125,1520.90856933594,NA,1460.94702148438,1164.36706542969,1127.59680175781,385.939239501953,3472.52709960938,808.942565917969,1989.52172851562,1744.51184082031,1132.38525390625,435.214019775391,1056.12658691406,11864.72265625,377.515380859375,725.875305175781,1418.07958984375,501.433319091797,1746.19799804688,445.996490478516,407.388427734375,1821.6845703125,1173.09301757812,451.862915039062,1376.42907714844,3547.53344726562,855.707763671875,662.426879882812,1079.38427734375,2120.48071289062,677.990173339844,1144.94958496094,480.399627685547,404.159545898438,1536.58569335938,304.515472412109,475.1201171875,NA,1928.22961425781,518.026306152344,1099.20056152344,1477.00646972656,1365.455078125,831.334350585938,889.338562011719,703.913330078125,1250.42749023438,NA,534.983825683594,422.764221191406,1953.03845214844,177.022552490234,362.133728027344,463.5693359375,1137.74426269531,1326.12634277344,1698.56164550781,425.60791015625,309.669555664062,382.744354248047,1425.88012695312,1599.84008789062,NA,2023.13842773438,1252.96240234375,2977.70874023438,702.706115722656,489.912689208984,451.637145996094,NA,131.242721557617,1447.69616699219,575.995361328125,2343.52124023438,231.161239624023,NA,444.236724853516,NA,1914.96301269531,826.252014160156,NA,426.954437255859,413.047973632812,289.287017822266,1150.93469238281,3162.2353515625,1136.14208984375,1368.56994628906,1558.84875488281,1302.494140625,1060.15869140625,1102.40356445312,529.17236328125,339.923004150391,1840.76049804688,1066.95776367188,NA,693.966125488281,1123.34753417969
2005-09-30,NA,13574.2998046875,26.2944469451904,1.64138734340668,NA,NA,NA,0.965432822704315,NA,6.5,107.976959228516,6.50448799133301,3.05610871315002,NA,30.952507019043,15.4531307220459,NA,2.81459045410156,NA,7.2619161605835,4.38758611679077,NA,NA,NA,35741.828125,6.72927379608154,13.9038124084473,1.08823692798615,NA,25.2171688079834,NA,NA,1434.11315917969,NA,32.7026329040527,NA,13.0628051757812,NA,3.08066558837891,NA,28.5444259643555,26.934455871582,13.1603164672852,38.702392578125,NA,51.6019401550293,NA,14.9692239761353,NA,NA,632.733276367188,690.803588867188,840.589050292969,533.793823242188,5049.62646484375,2315.99291992188,521.613708496094,855.295593261719,2457.61376953125,31.368278503418,NA,768.44677734375,402.402008056641,937.408752441406,426.747436523438,NA,434.801452636719,1340.28137207031,272.210601806641,3479.88842773438,362.160003662109,705.721069335938,889.902404785156,498.157165527344,3171.5166015625,619.182373046875,2656.3046875,508.472534179688,573.014282226562,844.258972167969,546.061462402344,287.217895507812,NA,2452.92504882812,854.391357421875,NA,1082.93200683594,580.507995605469,274.380096435547,499.996337890625,385.504974365234,NA,1503.26843261719,2039.31689453125,432.538482666016,665.979187011719,927.401550292969,521.48779296875,1360.11767578125,NA,933.079345703125,1683.33581542969,NA,1601.08874511719,1289.37561035156,1265.22888183594,423.334655761719,3687.12158203125,897.817199707031,457.44482421875,2307.95629882812,1152.802734375,500.851013183594,1250.66613769531,13141.0703125,398.011413574219,781.783447265625,1486.67712402344,515.242126464844,1875.97473144531,442.111297607422,432.136413574219,1862.5595703125,1399.70825195312,494.445587158203,1708.87158203125,4515.56396484375,1008.37738037109,687.505798339844,1421.76940917969,2288.10791015625,776.200927734375,1268.98852539062,555.927795410156,435.443817138672,1634.45703125,327.587585449219,546.371154785156,NA,2060.388671875,586.940612792969,1003.65924072266,1674.42834472656,1535.76135253906,820.930969238281,1005.98742675781,792.695495605469,1608.69616699219,NA,655.908813476562,487.789123535156,2092.32006835938,178.002380371094,436.108245849609,512.678527832031,1287.44018554688,1446.97229003906,2056.90771484375,523.247375488281,374.521850585938,459.824523925781,1519.58813476562,1659.12524414062,NA,1891.42346191406,1465.02770996094,2895.45166015625,796.696533203125,561.34228515625,512.650451660156,NA,127.08228302002,1586.7548828125,626.202453613281,2735.41430664062,223.728393554688,NA,502.041076660156,NA,2208.19189453125,962.502014160156,NA,538.57666015625,219.358840942383,330.320709228516,1221.47766113281,3321.18334960938,1152.76843261719,1518.80126953125,1492.38598632812,1361.77917480469,1334.0751953125,1416.60815429688,621.116943359375,347.344909667969,2083.076171875,1112.01159667969,NA,694.765686035156,1374.09777832031
2005-10-31,NA,13606.5,25.6531181335449,1.39821887016296,NA,NA,NA,0.943656146526337,NA,6.5,99.8700561523438,6.29864740371704,2.68790245056152,NA,29.0492839813232,15.0755176544189,NA,2.83710670471191,NA,7.10740900039673,4.03007936477661,NA,NA,NA,36757.921875,6.8086576461792,13.2635059356689,1.03493559360504,NA,25.1282157897949,NA,NA,1431.12512207031,NA,31.8255367279053,NA,10.916335105896,NA,2.79629611968994,NA,27.9538516998291,24.9808559417725,12.0146636962891,35.3988227844238,NA,46.7939071655273,NA,14.438663482666,NA,NA,646.118103027344,696.359680175781,818.022888183594,527.8544921875,4713.45654296875,2189.56811523438,611.962280273438,851.366271972656,2457.61376953125,30.6936893463135,NA,882.446960449219,404.198547363281,974.607421875,432.757934570312,NA,451.106567382812,1291.38208007812,296.587768554688,3720.87817382812,362.669738769531,789.837463378906,914.759765625,452.090881347656,2983.85278320312,611.466613769531,2860.63671875,484.692779541016,585.271301269531,853.239929199219,546.061462402344,286.332733154297,NA,2436.78784179688,811.671752929688,NA,1008.9755859375,625.087829589844,281.655364990234,455.185455322266,370.718475341797,NA,1459.96411132812,2019.35656738281,480.176116943359,612.761474609375,922.602600097656,482.278137207031,1495.91735839844,NA,915.615234375,1771.93200683594,NA,1704.86291503906,1278.13891601562,1337.43969726562,401.160064697266,3033.58422851562,939.534301757812,423.802001953125,2237.52612304688,1196.76525878906,458.030212402344,1375.09106445312,13401.98046875,400.781097412109,794.580505371094,1659.8984375,487.624481201172,1862.55078125,426.809631347656,535.723571777344,1742.2763671875,1556.15600585938,480.550140380859,1953.82897949219,4004.25903320312,1011.240234375,651.824951171875,1291.779296875,2418.01879882812,806.333923339844,1167.26867675781,569.190490722656,397.395355224609,1667.08093261719,371.649047851562,584.603210449219,NA,1906.56384277344,574.092346191406,1101.04040527344,1506.43127441406,1519.10473632812,713.112854003906,1000.72723388672,814.890869140625,1889.69091796875,NA,730.002319335938,528.23095703125,2256.36303710938,182.41162109375,464.989654541016,550.981994628906,1378.24182128906,1389.63330078125,2164.41137695312,564.556396484375,374.521850585938,491.965454101562,1865.71630859375,1725.01098632812,NA,1901.96118164062,1609.33508300781,3101.09423828125,742.599914550781,494.858428955078,540.0009765625,NA,187.975845336914,1483.357421875,637.575073242188,2560.57348632812,226.701538085938,NA,532.013549804688,NA,2148.34985351562,1010.46710205078,NA,567.571655273438,422.382385253906,325.533386230469,1387.22863769531,3496.86328125,1154.6162109375,1740.57263183594,1431.96557617188,1413.125,1336.61145019531,1436.19226074219,693.793884277344,336.212036132812,2071.73510742188,1153.40625,NA,721.948608398438,1322.14208984375
2005-11-30,NA,14872.150390625,29.3530864715576,1.36348080635071,NA,NA,NA,0.900102376937866,NA,6.5,120.913497924805,6.81579160690308,2.88428020477295,NA,33.9576034545898,16.3245468139648,NA,2.92717337608337,NA,7.46792888641357,4.25758361816406,NA,NA,NA,36757.921875,7.04388904571533,12.2344408035278,1.11488735675812,NA,30.0204372406006,NA,NA,1395.27233886719,NA,36.8240623474121,NA,11.4682865142822,NA,2.8673894405365,NA,28.0522785186768,24.9808559417725,14.1884670257568,36.3248481750488,NA,45.398021697998,NA,14.9692239761353,NA,NA,704.524169921875,824.149108886719,851.872253417969,599.868530273438,5396.41162109375,2283.71435546875,651.715881347656,864.46435546875,2595.42407226562,30.4688243865967,NA,836.002380371094,441.025360107422,1434.38415527344,494.502288818359,NA,426.648834228516,1615.89489746094,341.956207275391,4072.72143554688,376.177429199219,888.210510253906,800.414855957031,468.160675048828,3087.06787109375,648.115966796875,3050.87524414062,562.327392578125,671.0703125,943.054870605469,612.451904296875,282.349731445312,NA,2630.43994140625,1058.28015136719,NA,1276.62731933594,689.534973144531,309.197357177734,537.732055664062,350.651092529297,NA,1592.96887207031,2232.27099609375,490.311584472656,644.692138671875,1002.98541259766,568.539306640625,1708.10388183594,NA,958.02783203125,1971.27490234375,NA,1862.99499511719,1380.67114257812,1596.0400390625,450.549102783203,4087.04736328125,1007.85272216797,439.292297363281,2210.43725585938,1419.02197265625,470.264678955078,1410.41137695312,13984.6748046875,396.072570800781,1001.66003417969,1732.21423339844,513.516052246094,1892.75439453125,548.130676269531,510.611541748047,1745.92163085938,1662.67321777344,536.1318359375,2257.1103515625,4236.9326171875,1148.09606933594,713.613586425781,1555.24206542969,2585.64575195312,795.173522949219,1217.294921875,680.818237304688,414.869476318359,1663.81884765625,408.686187744141,649.250305175781,NA,1934.72900390625,508.681976318359,1291.09191894531,1631.96728515625,1609.05212402344,822.822387695312,1089.49084472656,814.890869140625,2156.63647460938,NA,730.002319335938,526.364318847656,2343.02685546875,186.16764831543,592.067443847656,677.678588867188,1274.46850585938,1548.15893554688,2400.919921875,575.822387695312,405.3291015625,606.014343261719,2034.55944824219,1713.03161621094,NA,2133.779296875,1606.19787597656,3290.28637695312,757.968139648438,487.319091796875,552.624389648438,NA,177.007431030273,1744.50256347656,602.035583496094,2600.05395507812,224.4716796875,NA,585.535949707031,NA,2274.01879882812,1143.17102050781,NA,571.9208984375,408.964111328125,339.211212158203,1442.47912597656,3848.22290039062,1108.43127441406,1864.89953613281,1875.04919433594,1521.76953125,1531.90344238281,1521.05798339844,660.147338867188,483.165710449219,2090.63720703125,1313.9677734375,NA,910.630737304688,1496.61901855469
2005-12-31,NA,16111.4296875,30.8330745697021,1.44164168834686,NA,NA,NA,0.979950547218323,NA,6.5,133.505065917969,6.85735416412354,2.93337345123291,NA,36.0611801147461,18.6773681640625,NA,3.01724004745483,NA,7.51943302154541,4.63134002685547,NA,NA,NA,36757.921875,6.79558801651001,12.8976173400879,1.15930533409119,NA,29.9314861297607,NA,NA,1529.72045898438,NA,39.1243057250977,NA,11.4069585800171,NA,2.98587656021118,NA,27.9538516998291,24.6558284759521,17.6841735839844,37.2594146728516,NA,45.1699409484863,NA,13.983907699585,NA,NA,744.678649902344,892.673889160156,902.646057128906,590.217041015625,5936.05322265625,3101.43994140625,611.93896484375,935.847900390625,2871.04370117188,30.1315250396729,NA,857.113586425781,468.870269775391,2222.998046875,537.6689453125,NA,461.976501464844,1647.01220703125,352.113311767578,4511.3232421875,386.117126464844,893.913818359375,855.101745605469,487.443908691406,2993.23657226562,649.080444335938,2987.4619140625,584.009094238281,687.923400878906,1133.91101074219,675.522888183594,284.562438964844,NA,2783.74829101562,1154.39916992188,NA,1292.47509765625,738.960144042969,328.944488525391,591.190673828125,368.606231689453,NA,1527.33850097656,2317.57470703125,606.871459960938,892.53369140625,1170.349609375,701.851867675781,1609.083984375,NA,972.997009277344,2214.91577148438,NA,2003.83178710938,1405.95288085938,1854.640625,440.469757080078,3774.91015625,1114.86547851562,417.267242431641,2275.44995117188,1531.37158203125,552.465576171875,1966.70886230469,14654.337890625,398.565368652344,1162.20471191406,1900.39074707031,520.85205078125,2120.95922851562,444.297424316406,560.835693359375,1891.71911621094,2134.51245117188,532.658142089844,2770.35498046875,4067.45532226562,1294.11303710938,748.424194335938,1792.01013183594,2585.64575195312,828.096313476562,1347.36145019531,685.239196777344,468.137420654297,1654.03149414062,408.686187744141,688.872619628906,NA,2383.20434570312,534.378845214844,1443.44689941406,1899.65417480469,1745.6376953125,1078.66271972656,1177.59692382812,876.5400390625,2620.27856445312,NA,823.529968261719,540.67431640625,2420.40576171875,186.984100341797,694.596069335938,704.196594238281,1319.86938476562,1659.46484375,3081.77758789062,563.304626464844,482.045837402344,693.106262207031,2228.7294921875,1683.08422851562,NA,2379.53540039062,1678.35131835938,3948.3427734375,734.608337402344,507.195617675781,721.637573242188,NA,253.029907226562,1826.69030761719,584.976867675781,2791.8154296875,238.594039916992,NA,660.509033203125,NA,2369.76611328125,1333.43322753906,NA,628.460632324219,433.467010498047,435.640197753906,1642.57409667969,4268.6337890625,1102.88879394531,2100.1123046875,1987.833984375,1562.697265625,1850.20532226562,1795.24084472656,665.53076171875,466.837493896484,2052.83251953125,1295.15161132812,NA,951.405151367188,1558.65515136719
2006-01-31,NA,16649.8203125,31.3264102935791,1.73691761493683,NA,NA,NA,1.00172746181488,NA,6.5,110.219276428223,6.81579160690308,3.92752933502197,NA,43.0730743408203,21.9887523651123,NA,3.06227397918701,NA,7.46792888641357,5.59010934829712,NA,NA,NA,46261.1796875,6.69104099273682,12.8061447143555,1.12821280956268,NA,29.6201667785645,NA,NA,1556.60986328125,NA,40.8957023620605,NA,11.1309833526611,NA,3.57831192016602,NA,27.7569942474365,25.7856960296631,16.4797687530518,39.4482421875,NA,52.3591804504395,NA,11.3690280914307,NA,NA,739.811157226562,1055.65161132812,953.419738769531,613.974304199219,5706.04296875,2853.97021484375,575.658020019531,1055.69396972656,3146.66381835938,30.5812530517578,NA,950.002563476562,492.223907470703,1763.22119140625,544.225952148438,NA,421.213897705078,1998.19750976562,359.561798095703,4626.99853515625,429.953582763672,950.941345214844,904.817077636719,520.654418945312,3115.21850585938,642.329345703125,3311.57348632812,667.938720703125,792.10791015625,1113.70336914062,685.481567382812,305.362640380859,NA,3106.50048828125,1398.09460449219,NA,1338.25769042969,777.725708007812,325.306854248047,661.158752441406,353.819702148438,NA,1483.7890625,2378.03271484375,625.875915527344,886.451599121094,1298.72204589844,623.432800292969,1803.58850097656,NA,1002.93566894531,2281.36279296875,NA,2013.71472167969,1450.89855957031,1873.15588378906,481.795013427734,3765.15600585938,1191.04357910156,426.464447021484,2351.29809570312,1714.54992675781,519.967529296875,2187.46069335938,15628.396484375,407.705413818359,1241.31396484375,2018.11364746094,525.598876953125,2268.62084960938,463.970977783203,586.994018554688,1935.45776367188,2213.56884765625,561.606811523438,2688.70190429688,4978.0361328125,1311.29138183594,909.422241210938,1977.71032714844,2543.73901367188,1026.16235351562,1445.74609375,685.239196777344,499.139923095703,1719.27990722656,391.444671630859,777.153930664062,NA,2697.35400390625,543.72314453125,1559.67651367188,1962.42260742188,1815.5966796875,946.195251464844,1278.85278320312,933.27587890625,2697.55151367188,NA,936.492248535156,586.715698242188,2590.63940429688,192.209899902344,707.592712402344,854.46435546875,1368.51342773438,1629.10864257812,3167.7802734375,530.758056640625,482.649688720703,713.842468261719,2047.22253417969,1716.02673339844,NA,2086.0947265625,1875.9892578125,3898.98803710938,811.450256347656,516.791259765625,645.897338867188,NA,233.740615844727,2102.4169921875,664.585144042969,2825.654296875,243.053802490234,NA,645.497436523438,NA,2519.373046875,1311.04907226562,NA,671.227722167969,437.550872802734,460.944427490234,1679.90490722656,4753.51416015625,1101.04162597656,2153.87548828125,2501.40869140625,1573.859375,1998.576171875,2115.11962890625,713.981811523438,521.759704589844,2090.63720703125,1263.7919921875,NA,1123.29748535156,1725.37658691406
2006-02-28,NA,16205.4296875,30.0437450408936,1.82376408576965,NA,NA,NA,1.0307629108429,NA,6.5,115.738868713379,6.81579160690308,3.80479454994202,NA,41.2700080871582,23.1797008514404,NA,3.06227397918701,NA,7.72544479370117,5.86636447906494,NA,NA,NA,46261.1796875,7.13536834716797,13.3092422485352,1.15930533409119,NA,34.6013298034668,NA,NA,1239.91015625,NA,37.7609558105469,7240.7060546875,11.7442626953125,NA,3.60200905799866,NA,29.184211730957,25.3832740783691,15.8628797531128,39.9155349731445,NA,53.3171348571777,NA,10.2321243286133,NA,NA,760.496643066406,1024.16723632812,987.269226074219,609.519836425781,5670.6552734375,2750.50512695312,516.398986816406,1130.35241699219,2939.94897460938,28.4450645446777,NA,1009.11401367188,488.631195068359,1606.98645019531,533.844116210938,NA,406.946868896484,1740.36560058594,372.427490234375,4511.3232421875,407.780395507812,888.210510253906,994.304443359375,512.083984375,3049.53515625,665.476196289062,3269.2978515625,653.950256347656,717.799987792969,1078.2080078125,710.377746582031,302.707214355469,NA,3130.70678710938,1294.20825195312,NA,1269.58361816406,770.457092285156,301.922241210938,572.32275390625,375.999389648438,NA,1418.46520996094,2458.64453125,615.740112304688,825.631652832031,1250.73266601562,541.092468261719,1754.07751464844,NA,935.574157714844,2070.84765625,NA,2045.83630371094,1390.50280761719,1919.44470214844,467.684112548828,3813.92724609375,1132.39868164062,348.045440673828,2530.08447265625,1738.97387695312,509.26220703125,1978.74951171875,14393.427734375,435.679809570312,1074.95190429688,1917.20812988281,535.092407226562,2120.95922851562,445.936828613281,567.113647460938,2103.12451171875,2271.82104492188,521.078430175781,2420.41479492188,4934.94873046875,1285.52380371094,905.071044921875,1834.95385742188,2430.5908203125,996.410278320312,1270.65563964844,744.921203613281,452.636108398438,1764.95288085938,402.300567626953,799.398193359375,NA,2482.94677734375,515.690307617188,1580.09545898438,1582.12219238281,1775.61999511719,955.6572265625,1158.52954101562,980.44970703125,2514.90502929688,NA,833.247131347656,542.541015625,2714.4443359375,186.494216918945,650.552185058594,963.482055664062,1443.10083007812,1592.00671386719,2888.2705078125,506.974243164062,466.944030761719,725.765747070312,1852.99572753906,1844.80395507812,NA,1920.701171875,1775.60095214844,3504.15454101562,823.744873046875,500.341583251953,619.807067871094,NA,197.809631347656,1972.50744628906,628.334899902344,3051.25634765625,231.161239624023,NA,576.873229980469,NA,2585.19995117188,1168.75244140625,NA,595.841552734375,413.047973632812,498.558563232422,1534.31359863281,4624.5888671875,1163.85278320312,1844.73803710938,2193.26391601562,1532.93200683594,1977.01879882812,1893.16271972656,662.165893554688,523.244079589844,2464.91040039062,1357.87060546875,NA,1023.36029052734,1667.2177734375
2006-03-31,NA,17059.66015625,31.6717376708984,2.26667857170105,NA,NA,NA,1.14690494537354,NA,10.25,129.537796020508,6.77423191070557,3.93980288505554,NA,40.2683143615723,27.1591663360596,NA,3.01724004745483,NA,8.03446197509766,6.50012636184692,NA,NA,NA,44587.640625,6.02455043792725,12.577465057373,1.1770726442337,NA,33.5784149169922,NA,NA,1224.97143554688,NA,42.2926559448242,6195.9287109375,12.5721836090088,NA,3.86267995834351,NA,30.1192874908447,25.4297161102295,18.0366802215576,39.0797805786133,NA,58.2072715759277,NA,10.5731964111328,NA,NA,789.192016601562,1011.75115966797,1017.87164306641,622.630432128906,5957.60986328125,3115.9755859375,516.398986816406,1165.12719726562,2993.126953125,28.5510692596436,NA,990.353820800781,485.626922607422,1541.28381347656,555.243408203125,NA,427.328277587891,1812.02355957031,381.917144775391,4661.484375,437.639709472656,913.626037597656,1033.51342773438,580.998474121094,3172.32055664062,708.89306640625,3368.0302734375,702.489562988281,763.066650390625,1051.14013671875,775.151794433594,303.380096435547,NA,3333.66650390625,1366.82043457031,NA,1462.037109375,819.191833496094,322.791229248047,625.997985839844,410.032318115234,NA,1527.33850097656,2616.50830078125,686.740966796875,862.973876953125,1353.2021484375,564.344421386719,1856.75903320312,NA,983.658569335938,2119.09301757812,NA,2164.333984375,1600.97082519531,2268.00390625,545.504455566406,4672.3046875,1235.32092285156,390.159301757812,2519.46337890625,1899.66088867188,555.38427734375,2243.93017578125,15980.095703125,462.546325683594,1107.52648925781,1956.74719238281,542.428283691406,2097.17456054688,487.494995117188,669.524536132812,2180.81274414062,2717.33984375,522.105529785156,2368.35717773438,4955.34423828125,1524.77136230469,911.322937011719,1649.25305175781,2522.78588867188,985.744689941406,1213.49438476562,767.997192382812,547.103393554688,1706.22985839844,444.755340576172,887.120056152344,NA,2660.92041015625,539.051208496094,1569.10046386719,1485.46264648438,1727.08239746094,1012.42901611328,1231.12951660156,1021.24847412109,2634.17822265625,NA,896.591125488281,598.521667480469,2865.82153320312,218.225479125977,698.967895507812,983.42919921875,1397.26525878906,1686.42736816406,2981.97436523438,547.2607421875,509.811401367188,830.670532226562,1925.07971191406,1784.607421875,NA,2203.47119140625,1778.8056640625,3554.158203125,868.646850585938,482.249664306641,695.960876464844,NA,239.413909912109,2177.767578125,614.833923339844,2921.59008789062,228.931396484375,NA,624.052307128906,NA,2905.55078125,1271.84521484375,NA,623.839294433594,423.549224853516,511.416015625,1646.25646972656,4930.09033203125,1271.00085449219,2170.97583007812,2522.83251953125,1595.41040039062,2101.23974609375,2030.69250488281,707.396118164062,609.258605957031,2523.919921875,1450.14135742188,NA,1063.37292480469,1628.59948730469
2006-04-30,NA,16906.23046875,33.5957183837891,2.71827697753906,NA,NA,NA,1.14690494537354,NA,12,128.502914428711,7.47463846206665,3.84161567687988,NA,43.3735847473145,32.8393783569336,NA,3.11769938468933,NA,8.39498233795166,6.98180532455444,NA,NA,NA,44587.640625,6.8478627204895,14.1324939727783,1.21704840660095,NA,44.207878112793,NA,NA,1105.46203613281,NA,46.4883155822754,7835.8330078125,13.6147546768188,NA,4.13372611999512,NA,30.1685009002686,27.0548667907715,22.266788482666,43.9182281494141,NA,64.2925872802734,NA,9.8910551071167,NA,NA,817.420959472656,1061.87451171875,1012.21746826172,633.094848632812,5817.43017578125,2929.1796875,596.21728515625,1121.083984375,2878.00659179688,28.83376121521,NA,964.85107421875,499.217132568359,1308.97412109375,567.875122070312,NA,476.922760009766,1829.87561035156,384.645080566406,4700.20947265625,442.525177001953,940.791809082031,1143.35571289062,635.095092773438,3290.51440429688,786.686157226562,3268.76220703125,696.864135742188,729.255187988281,994.748291015625,745.14599609375,303.824279785156,NA,3212.29541015625,1278.16711425781,NA,1409.00061035156,833.855041503906,343.751617431641,660.775695800781,432.282196044922,NA,1726.42175292969,2925.51782226562,647.3896484375,803.510986328125,1467.72692871094,521.900817871094,1952.61474609375,NA,968.641662597656,2104.24780273438,NA,2206.5283203125,1521.84069824219,2116.39086914062,560.62939453125,4096.8017578125,1175.37170410156,397.17822265625,2320.5576171875,1789.21569824219,544.222900390625,2002.64733886719,15073.91796875,451.190307617188,1014.45709228516,1973.61511230469,611.904052734375,2070.1142578125,523.768615722656,598.16455078125,2144.03735351562,2517.2900390625,554.810180664062,2268.94482421875,4529.19970703125,1495.72802734375,929.689331054688,1738.15673828125,2602.40844726562,989.673950195312,1178.0517578125,723.604064941406,544.270141601562,1738.85375976562,457.609283447266,898.994812011719,NA,2673.94262695312,526.202514648438,1499.9912109375,1520.91931152344,1847.81042480469,870.499694824219,1193.50256347656,1076.07214355469,2867.2294921875,NA,785.584655761719,544.167297363281,2719.41552734375,221.521926879883,773.649963378906,971.625183105469,1390.73608398438,1716.966796875,2981.97436523438,518.258544921875,511.63427734375,830.670532226562,1869.95666503906,1808.80529785156,NA,2352.8583984375,1605.3408203125,3521.01904296875,930.160522460938,496.821228027344,720.640380859375,NA,195.540267944336,2029.6474609375,567.649108886719,2967.15087890625,224.4716796875,NA,673.376159667969,NA,2703.69189453125,1287.88317871094,NA,573.61181640625,420.048797607422,450.598846435547,1657.5322265625,4506.86962890625,1335.65954589844,2231.84423828125,2407.51440429688,1527.99853515625,2117.87573242188,2037.2421875,696.585693359375,552.304443359375,2455.50024414062,1424.9208984375,NA,1120.98205566406,1402.38366699219
2006-05-31,NA,15467.330078125,29.6984119415283,2.9180223941803,NA,NA,NA,1.10561800003052,NA,12,121.775932312012,7.33061504364014,3.70660638809204,NA,41.0696716308594,30.6951179504395,NA,2.88845729827881,NA,7.86459636688232,7.11291837692261,NA,NA,NA,46320.9453125,7.23991584777832,12.9433536529541,1.12377107143402,NA,40.471996307373,NA,NA,845.528991699219,NA,43.5311889648438,6612.51708984375,12.1428899765015,NA,4.03703117370605,NA,29.7747821807861,26.6926517486572,19.4173374176025,39.973030090332,NA,58.6634407043457,NA,8.52677059173584,NA,NA,727.823791503906,930.068420410156,865.191162109375,565.823791503906,5570.17041015625,2650.33862304688,585.332885742188,1271.89697265625,2624.7421875,31.038688659668,NA,837.337707519531,428.547698974609,1215.15710449219,520.643798828125,NA,476.922760009766,1762.92919921875,338.26953125,4390.41064453125,406.526519775391,896.468811035156,1001.05993652344,662.143371582031,3432.34692382812,711.81005859375,3034.77270507812,639.202087402344,633.967956542969,872.942626953125,648.460327148438,290.942840576172,NA,2969.55297851562,1106.70581054688,NA,1180.94396972656,711.171630859375,318.075012207031,573.831604003906,422.746551513672,NA,1424.68615722656,2606.4326171875,581.381286621094,724.227294921875,1347.1748046875,464.523223876953,1714.75048828125,NA,918.582214355469,1773.95178222656,NA,1988.10900878906,1403.14575195312,1983.3427734375,524.329650878906,3891.96166992188,1067.58374023438,396.694244384766,2315.03271484375,1570.77941894531,510.353179931641,1765.38598632812,13583.951171875,457.006805419922,977.229248046875,1889.27331542969,573.066711425781,1890.84033203125,499.586212158203,566.682250976562,1919.70373535156,2250.55712890625,513.929321289062,1970.70703125,3861.19360351562,1266.2861328125,810.745056152344,1664.61975097656,2363.5400390625,884.138610839844,1223.62097167969,676.991638183594,573.735961914062,1745.37866210938,427.401947021484,724.364990234375,NA,2504.65161132812,479.480987548828,1350.77734375,1468.6669921875,1871.28515625,751.279113769531,1056.197265625,1138.54553222656,2521.18383789062,NA,669.69873046875,494.811370849609,2426.60327148438,235.037399291992,716.369506835938,922.195434570312,1279.73876953125,1611.77685546875,2700.38330078125,490.517364501953,436.894378662109,724.929748535156,1688.47351074219,1869.30078125,NA,2048.74755859375,1340.41198730469,3446.45678710938,838.822265625,485.025268554688,677.627563476562,NA,155.070602416992,1874.85546875,548.34619140625,2898.81030273438,221.498550415039,NA,642.280700683594,NA,2948.36889648438,1174.01110839844,NA,470.245239257812,432.300170898438,350.389068603516,1503.4306640625,4167.7333984375,1450.19750976562,2012.04125976562,2213.294921875,1384.18713378906,1876.015625,1768.66748046875,681.721618652344,496.100128173828,2295.85522460938,1377.63366699219,NA,972.158264160156,1251.57312011719
2006-06-30,NA,15505.1796875,30.9780502319336,2.84854650497437,NA,NA,NA,1.09814774990082,NA,12,103.492279052734,7.66960382461548,3.89070987701416,NA,40.0679664611816,29.3733177185059,1.14773750305176,3.02600240707397,NA,8.23407459259033,7.70292854309082,NA,NA,NA,45783.015625,7.01775026321411,12.8061447143555,1.12821280956268,NA,44.3273429870605,NA,NA,1015.82995605469,NA,45.364990234375,5554.51416015625,11.8975782394409,NA,4.01285696029663,NA,28.7904968261719,26.7243957519531,18.8004531860352,39.3030891418457,NA,61.0355262756348,NA,8.04969215393066,NA,NA,735.188171386719,937.494018554688,904.775268554688,565.076293945312,5688.93359375,2531.22265625,567.755187988281,1288.57983398438,2785.91040039062,31.717134475708,NA,905.344970703125,414.051208496094,1145.91125488281,551.948303222656,NA,477.602203369141,1785.24462890625,336.905487060547,4690.52880859375,415.526214599609,889.319763183594,1041.00244140625,681.618286132812,3366.15844726562,705.975646972656,2885.8701171875,644.827819824219,681.611694335938,850.386047363281,623.45556640625,286.056823730469,NA,3212.29541015625,1135.93212890625,NA,1078.40710449219,737.565734863281,319.647186279297,586.478088378906,404.73486328125,NA,1379.16052246094,2852.52294921875,630.8876953125,754.720947265625,1371.28491210938,476.313079833984,1714.75048828125,NA,961.132202148438,1863.02062988281,NA,2109.72924804688,1452.60168457031,1729.62353515625,499.121520996094,3579.82446289062,1108.15539550781,420.897735595703,2392.384765625,1575.68798828125,544.992553710938,1954.39086914062,14106.748046875,447.446166992188,948.145080566406,1923.01037597656,546.74365234375,2026.14172363281,478.151733398438,576.126953125,1857.18432617188,2350.58154296875,490.56884765625,2111.05395507812,3959.09130859375,1250.64245605469,774.887023925781,1688.01806640625,2267.154296875,881.893432617188,1255.68798828125,679.211242675781,577.986022949219,1670.34375,429.972869873047,757.893920898438,NA,2417.83471679688,488.241271972656,1280.09729003906,1451.87182617188,1807.56762695312,643.412902832031,1106.36657714844,1152.12365722656,2556.4951171875,NA,640.422180175781,491.687438964844,2881.396484375,235.037399291992,719.994995117188,931.786193847656,1201.38708496094,1611.77685546875,2779.80639648438,467.819732666016,453.908447265625,717.564575195312,1937.80139160156,1869.30078125,NA,2059.4189453125,1318.3349609375,3645.2900390625,776.687316894531,459.351501464844,661.40966796875,NA,187.597610473633,1726.73486328125,551.205871582031,2932.98120117188,213.32243347168,NA,644.542358398438,NA,2966.71899414062,1071.36511230469,NA,466.605560302734,417.1318359375,337.258178710938,1687.60107421875,4089.50561523438,1476.06079101562,2025.56713867188,2120.23120117188,1325.76342773438,1909.28747558594,1804.6953125,722.935729980469,466.873687744141,2197.02661132812,1415.46325683594,NA,1064.17321777344,1267.89782714844
2006-07-31,NA,15456.8095703125,29.0684452056885,2.57758665084839,NA,NA,NA,1.09964156150818,NA,12,102.974822998047,7.66960382461548,4.62466526031494,NA,38.8659400939941,29.6670589447021,1.12006139755249,2.911381483078,NA,8.23407459259033,8.52239227294922,NA,NA,NA,45006.0390625,6.79406929016113,11.8456840515137,1.15042161941528,NA,42.5446128845215,NA,NA,950.099853515625,NA,47.2467956542969,5620.6396484375,11.0389909744263,NA,4.25942945480347,NA,29.6763591766357,26.7243957519531,16.8616523742676,40.5437202453613,NA,56.3278579711914,NA,8.01902484893799,NA,NA,743.779541015625,980.191833496094,916.084716796875,548.632263183594,5095.1181640625,2525.80859375,575.049743652344,1432.05187988281,2808.93505859375,33.8655319213867,NA,943.598754882812,425.829437255859,940.40625,567.325866699219,NA,505.456665039062,1626.80493164062,319.855590820312,4661.484375,449.210601806641,949.370239257812,1095.92346191406,681.618286132812,3498.53564453125,735.148071289062,2843.32641601562,632.87353515625,683.1484375,902.266540527344,655.12841796875,279.838134765625,NA,2993.8271484375,1081.37585449219,NA,1120.83605957031,793.775024414062,319.123077392578,600.705261230469,438.639282226562,NA,1304.10424804688,2801.67602539062,618.19384765625,794.363037109375,1389.36779785156,381.207672119141,1693.44958496094,NA,966.13818359375,1985.48962402344,NA,2117.17504882812,1350.86352539062,1859.57751464844,565.671020507812,3414.00146484375,1131.16625976562,398.388580322266,2464.21142578125,1538.87255859375,591.178344726562,1910.15551757812,12782.333984375,466.101196289062,944.655029296875,2142.2998046875,556.668640136719,2015.99365234375,492.44140625,587.670532226562,2052.09692382812,2375.58813476562,532.617614746094,2099.35864257812,3627.96826171875,1186.50671386719,821.240173339844,1805.00915527344,2342.58642578125,917.429931640625,1245.56188964844,732.482604980469,616.23486328125,1722.54174804688,453.110382080078,736.239624023438,NA,2222.49731445312,524.450561523438,1308.369140625,1410.81652832031,1911.52783203125,515.676452636719,992.165222167969,1088.72204589844,2281.07153320312,NA,587.968505859375,462.948364257812,2837.78637695312,242.784072875977,698.242858886719,1054.25378417969,1263.41491699219,1625.35021972656,2512.65625,522.041442871094,433.248596191406,673.900634765625,2031.08654785156,1681.76599121094,NA,2006.0654296875,1211.10180664062,3653.57543945312,767.988098144531,461.433166503906,612.050537109375,NA,159.98747253418,1760.09558105469,594.816162109375,3012.71215820312,156.832870483398,NA,643.464416503906,NA,2801.5625,1140.33056640625,NA,445.495513916016,420.632171630859,331.729278564453,1721.42736816406,4140.2373046875,1306.1015625,1917.35754394531,1804.62414550781,1352.72827148438,2069.24853515625,1765.39221191406,758.069030761719,436.897644042969,2197.02661132812,1456.44580078125,NA,1061.77319335938,1187.05090332031
2006-08-31,NA,16140.759765625,30.8189277648926,2.95276045799255,NA,NA,NA,1.12055885791779,NA,12,117.461280822754,7.69682931900024,4.32028198242188,NA,45.1215515136719,31.1357269287109,1.10052573680878,3.00894594192505,NA,8.34032154083252,8.38131713867188,NA,NA,NA,46560.02734375,6.43065166473389,11.2053756713867,1.150963306427,NA,44.0864219665527,NA,NA,1033.75634765625,NA,43.1519508361816,6546.3916015625,11.4108219146729,NA,4.24009132385254,NA,29.1667518615723,27.2798194885254,19.8579730987549,42.0820960998535,NA,56.6654205322266,NA,8.78566932678223,NA,NA,781.827819824219,943.063293457031,904.775268554688,556.854309082031,5274.23681640625,2983.19873046875,632.18994140625,1610.22424316406,3039.17504882812,33.5263023376465,NA,918.096008300781,433.077728271484,911.367858886719,540.964233398438,NA,526.517272949219,1722.76123046875,335.541473388672,4593.7177734375,436.868225097656,956.518981933594,1115.89501953125,701.093078613281,3673.46215820312,775.989562988281,3027.6826171875,680.690551757812,723.107543945312,941.78857421875,681.800476074219,298.494018554688,NA,2904.82104492188,1088.19543457031,NA,1207.46240234375,775.690307617188,328.555358886719,638.644592285156,466.186676025391,NA,1563.67443847656,2969.47290039062,667.700134277344,826.381530761719,1292.92553710938,346.230865478516,1782.20483398438,NA,1076.26843261719,2193.31665039062,NA,2151.92333984375,1315.53747558594,1927.6484375,607.012268066406,3862.69873046875,1157.81066894531,447.521453857422,2707.31787109375,1668.95300292969,601.570190429688,2034.81921386719,13671.0830078125,479.466247558594,994.679931640625,2142.2998046875,549.332702636719,2117.46948242188,499.586212158203,648.536376953125,2199.20068359375,2884.0478515625,555.977966308594,2163.68408203125,3956.212890625,1323.52355957031,886.834594726562,1738.15673828125,2443.16284179688,984.090698242188,1226.99609375,772.436340332031,597.81884765625,1836.72570800781,436.399963378906,674.77001953125,NA,2376.62646484375,520.946472167969,1324.07580566406,1670.21228027344,2095.9736328125,481.613403320312,1000.08636474609,1044.53283691406,2415.25219726562,NA,663.599365234375,507.931274414062,2713.18579101562,235.696716308594,678.665954589844,1023.26806640625,1410.32409667969,1699.99975585938,2678.72241210938,480.429382324219,471.529846191406,735.977111816406,2009.76342773438,1923.74597167969,NA,1803.32507324219,1330.95043945312,3802.70068359375,828.880615234375,529.433776855469,605.930541992188,NA,163.76969909668,1772.10498046875,614.833923339844,3183.56591796875,165.752288818359,NA,674.721374511719,NA,2923.90087890625,1252.59912109375,NA,506.641906738281,449.218933105469,325.509399414062,1751.49633789062,4340.3447265625,1361.52307128906,2015.42248535156,1996.8203125,1309.28503417969,2117.87573242188,1696.61059570312,738.475708007812,496.849243164062,2094.39770507812,1453.29357910156,NA,1082.57604980469,1298.21557617188
2006-09-30,NA,16127.580078125,31.667631149292,3.11603116989136,NA,NA,NA,1.13549971580505,NA,12,122.942810058594,8.20994853973389,5.54763650894165,NA,49.0134391784668,34.0411987304688,1.09075736999512,3.05559635162354,NA,8.71456432342529,9.22109889984131,NA,NA,NA,46560.02734375,7.37063121795654,12.5545969009399,1.12785160541534,NA,45.7728042602539,4.46479558944702,NA,971.013854980469,NA,43.1087455749512,6209.1533203125,11.7594861984253,NA,4.14216089248657,NA,29.6528701782227,26.5498237609863,18.0660572052002,42.1565322875977,NA,59.238224029541,NA,8.83649730682373,NA,NA,794.278442382812,887.370483398438,862.552062988281,517.337768554688,5297.63525390625,3021.33959960938,617.600952148438,1625.92590332031,2854.98291015625,33.0222473144531,NA,875.597961425781,405.742553710938,1092.30126953125,505.445129394531,NA,503.135986328125,1957.79956054688,335.628784179688,4433.97802734375,390.744293212891,1081.80615234375,1150.47375488281,731.77734375,3513.14892578125,778.195556640625,3177.68994140625,702.604309082031,750.914916992188,862.360229492188,695.453369140625,295.612701416016,NA,2843.46997070312,1141.77734375,NA,1147.3544921875,727.705810546875,310.056762695312,649.753356933594,475.960906982422,NA,1491.7451171875,3132.18310546875,683.005187988281,834.097106933594,1237.96154785156,349.374938964844,1786.12915039062,NA,1081.99096679688,2148.78295898438,NA,2061.36352539062,1313.35314941406,2020.47204589844,606.21630859375,3960.24145507812,1238.3486328125,452.404998779297,2708.31567382812,1786.8857421875,634.009704589844,2080.23168945312,13657.265625,479.466247558594,1034.23425292969,2130.99853515625,551.945739746094,2149.32250976562,522.728759765625,655.432067871094,2227.69775390625,2897.81665039062,559.603332519531,2070.1201171875,3869.83325195312,1217.51867675781,888.635925292969,1567.68408203125,2451.5439453125,1009.51165771484,1228.79077148438,774.950866699219,617.215148925781,1778.00268554688,434.879638671875,681.319946289062,NA,2324.48950195312,508.097869873047,1104.76684570312,1646.40661621094,1997.46496582031,438.088439941406,1060.38513183594,1009.94964599609,2549.43286132812,NA,662.617736816406,521.116088867188,2663.34497070312,226.961074829102,648.365966796875,957.765258789062,1356.72692871094,1724.00073242188,2823.12768554688,487.995239257812,462.502166748047,731.626586914062,2039.5068359375,1875.83605957031,NA,1846.00720214844,1347.26293945312,3960.11206054688,832.770935058594,523.77587890625,591.7568359375,NA,149.397308349609,1762.04833984375,598.515319824219,3284.69506835938,171.698547363281,NA,674.721374511719,NA,2863.89697265625,1307.30151367188,NA,494.044555664062,431.716705322266,295.7919921875,1786.26159667969,4106.4169921875,1474.21362304688,2073.98828125,2172.83227539062,1375.64001464844,1996.14477539062,1738.91027832031,713.924072265625,484.109741210938,2219.97216796875,1490.162109375,NA,930.498718261719,1212.45593261719
2006-10-31,NA,16399.390625,32.3572235107422,3.23761606216431,NA,NA,NA,1.0549293756485,NA,12,127.05396270752,8.72307300567627,5.14260864257812,1.3422122001648,52.4188346862793,36.760913848877,1.09075736999512,3.26552391052246,NA,9.463059425354,8.90823841094971,NA,NA,NA,44109.5,7.20650768280029,12.3945198059082,1.22492122650146,NA,45.2909736633301,4.93648624420166,NA,985.952514648438,NA,44.3568840026855,5541.2890625,11.7594861984253,NA,4.23618793487549,NA,30.7871246337891,27.1235103607178,18.0660572052002,42.1813468933105,NA,64.3382034301758,NA,8.49722480773926,NA,NA,857.375,900.365539550781,834.178649902344,506.825958251953,5044.43701171875,3015.89086914062,583.56005859375,1605.17541503906,2947.07861328125,33.5346717834473,NA,939.355102539062,413.053253173828,1143.67736816406,514.835815429688,NA,498.350677490234,1960.04211425781,358.278472900391,4409.77490234375,415.458465576172,1100.45788574219,1278.30480957031,760.1748046875,3579.88354492188,811.51904296875,3227.6767578125,720.257629394531,735.495727539062,851.013366699219,747.40283203125,295.166839599609,NA,2680.98657226562,1151.51904296875,NA,1064.26416015625,759.817626953125,315.857177734375,643.398681640625,502.521331787109,NA,1526.14599609375,3188.11547851562,732.60888671875,892.254516601562,1280.44067382812,357.627868652344,1746.83483886719,NA,1089.52221679688,2044.86926269531,NA,2041.39807128906,1445.82775878906,2039.03723144531,670.87939453125,3648.10424804688,1277.70959472656,452.892333984375,2652.58935546875,1712.94567871094,659.524597167969,2257.61645507812,13963.0908203125,464.152282714844,1042.37805175781,2130.99853515625,587.093322753906,2094.736328125,505.599090576172,724.979370117188,2398.48803710938,3240.20971679688,620.865051269531,2081.81518554688,3964.85131835938,1208.73876953125,922.037109375,1597.76708984375,2451.5439453125,1044.53674316406,1297.15161132812,828.395690917969,666.990600585938,1800.83898925781,436.821044921875,718.546691894531,NA,2059.453125,508.097869873047,1052.68481445312,1838.7705078125,2014.33471679688,492.021636962891,1098.18505859375,996.5009765625,2782.48364257812,NA,685.932067871094,480.40380859375,2663.34497070312,217.566207885742,614.817199707031,926.654663085938,1389.65734863281,1706.93151855469,3119.15966796875,510.692840576172,456.996185302734,704.548889160156,1878.04577636719,1979.70983886719,NA,2000.73046875,1264.64758300781,3794.41625976562,881.868408203125,584.157409667969,609.474060058594,NA,156.583526611328,1724.3857421875,647.432250976562,3445.76489257812,165.752288818359,NA,689.811096191406,353.949981689453,2907.19653320312,1275.10229492188,NA,507.950775146484,436.383972167969,315.833953857422,1725.71044921875,3796.39306640625,1418.7919921875,2165.93920898438,1974.56640625,1313.7626953125,1981.9609375,1831.12524414062,710.5341796875,534.319274902344,2300.21337890625,1464.79772949219,NA,1001.08837890625,1253.86071777344
2006-11-30,NA,16274.330078125,34.7442207336426,3.73437452316284,NA,NA,NA,1.0579434633255,NA,12,129.598922729492,9.05584716796875,5.94039011001587,1.51577401161194,57.2836875915527,40.9450836181641,1.22750902175903,3.3821485042572,NA,9.94423007965088,9.86328220367432,NA,NA,NA,44109.5,8.23600959777832,13.9266834259033,1.33123505115509,NA,47.8928031921387,6.0831823348999,NA,914.246887207031,NA,47.1651916503906,8067.27001953125,13.407711982727,NA,4.89932918548584,NA,31.7593536376953,29.3944759368896,21.8555221557617,44.4936065673828,NA,71.9471206665039,NA,8.17337036132812,NA,NA,868.510009765625,850.242065429688,839.853332519531,516.5869140625,5176.87939453125,2781.59423828125,573.834106445312,1854.18530273438,2808.93505859375,33.3638572692871,NA,884.099060058594,394.776641845703,1083.3662109375,516.493041992188,NA,529.113220214844,2004.89416503906,345.23779296875,4124.1796875,411.035919189453,1097.58837890625,1285.82434082031,777.650146484375,3603.71850585938,803.677795410156,3256.24072265625,743.560119628906,729.328063964844,837.397338867188,735.672302246094,271.535583496094,NA,2997.83032226562,1180.74584960938,NA,977.637756347656,802.304260253906,310.584075927734,625.923583984375,499.334075927734,NA,1585.56555175781,3111.84375,691.908386230469,890.723754882812,1277.40637207031,358.413848876953,1611.08935546875,NA,1157.3037109375,2026.31323242188,NA,2026.42504882812,1502.80603027344,1961.68420410156,670.87939453125,3618.84155273438,1229.26501464844,427.312133789062,2897.78588867188,1942.15930175781,638.262023925781,2305.99462890625,13884.44921875,464.987579345703,1047.03149414062,2114.08569335938,607.0537109375,2128.85229492188,489.574737548828,636.464538574219,2472.74462890625,3081.53930664062,596.124938964844,2005.79431152344,3535.82885742188,1188.25122070312,918.52099609375,1666.291015625,2522.78588867188,989.174682617188,1386.02124023438,808.35400390625,638.547546386719,1885.6611328125,388.932525634766,715.737182617188,NA,2181.10888671875,480.649169921875,882.235229492188,2000.9599609375,1936.73083496094,497.698822021484,1218.21569824219,1045.1728515625,2627.1162109375,NA,672.434387207031,457.229187011719,2625.96484375,216.247604370117,627.944946289062,755.545776367188,1373.19201660156,1805.93310546875,2974.75415039062,654.443298339844,456.996185302734,704.548889160156,1776.0703125,2126.35522460938,NA,1867.34814453125,1156.61218261719,3521.01904296875,888.79248046875,581.349060058594,634.986877441406,NA,145.993286132812,1671.927734375,655.345520019531,3555.06274414062,160.549285888672,NA,685.499938964844,382.564575195312,3303.0703125,1228.41284179688,NA,442.078430175781,410.714324951172,300.629730224609,1767.33959960938,3855.57861328125,1581.361328125,2159.12841796875,2061.560546875,1309.98962402344,1952.30261230469,1817.95166015625,677.3125,601.764770507812,2368.9892578125,1395.04553222656,NA,1021.14221191406,1456.97814941406
2006-12-31,NA,17225.830078125,35.805118560791,4.81126308441162,NA,NA,NA,1.0971268415451,NA,12,131.948165893555,9.74581241607666,7.31502532958984,1.87061214447021,56.5539588928223,51.1664161682129,1.39356434345245,3.59207487106323,NA,10.3719367980957,14.1445055007935,NA,NA,NA,44468.09765625,8.13156700134277,13.9495487213135,1.53692221641541,NA,50.5909843444824,6.70126152038574,NA,914.246887207031,NA,49.6086578369141,9126.8974609375,12.8371744155884,NA,5.45359802246094,NA,32.731575012207,30.6578845977783,21.7380218505859,45.0989608764648,NA,75.4231262207031,NA,7.75699472427368,NA,NA,984.805725097656,946.776123046875,834.178649902344,557.133056640625,5743.646484375,3094.89794921875,601.416076660156,2068.38745117188,2808.93505859375,33.3638572692871,NA,892.599975585938,409.397827148438,1034.22387695312,539.693908691406,NA,551.672058105469,2103.56958007812,371.319427490234,4114.4990234375,463.065856933594,1143.50085449219,1441.22570800781,812.600463867188,3894.49487304688,924.706665039062,3313.36767578125,766.862609863281,720.076354980469,839.666931152344,790.973327636719,277.777740478516,NA,3363.41918945312,1328.82629394531,NA,1005.92413330078,879.866882324219,318.493682861328,638.6328125,497.209197998047,NA,1668.02172851562,3432.14404296875,738.968444824219,912.150085449219,1465.52770996094,372.561737060547,1696.82312011719,NA,1227.59545898438,1911.26574707031,NA,1984,1669.46838378906,2131.86157226562,678.962219238281,3394.49291992188,1253.48718261719,425.119445800781,3811.70336914062,2062.92846679688,667.256530761719,2483.37915039062,14749.4990234375,530.419921875,1060.99169921875,2097.17358398438,682.5556640625,2190.26245117188,522.728759765625,672.292114257812,2673.23754882812,3190.10327148438,637.358581542969,1900.53381347656,3933.17700195312,1318.87463378906,986.201538085938,1634.53601074219,2585.64575195312,979.005920410156,1486.85363769531,832.849365234375,665.568664550781,2094.4541015625,395.403961181641,774.035827636719,NA,2246.28173828125,464.880462646484,940.630249023438,2214.06860351562,2135.802734375,525.605224609375,1233.46875,1203.89233398438,2846.04321289062,NA,640.53076171875,483.535491943359,2451.52368164062,236.850479125977,650.553771972656,775.545471191406,1458.810546875,1737.65649414062,3227.462890625,704.882202148438,476.573089599609,708.796447753906,1827.05773925781,2175.23681640625,NA,1907.27026367188,1153.43469238281,3487.88061523438,902.010925292969,653.666687011719,645.617370605469,NA,144.10221862793,1767.42834472656,733.037414550781,3762.1552734375,157.576156616211,NA,810.895080566406,372.611663818359,3791.72729492188,1226.80297851562,NA,435.490966796875,437.550872802734,315.142822265625,1952.77746582031,4053.1220703125,1730.99987792969,2196.58935546875,2162.71655273438,1386.958984375,1969.06518554688,2107.7705078125,682.058410644531,623.497131347656,2590.60424804688,1540.890625,NA,1104.56579589844,1474.16467285156
2007-01-31,NA,17383.419921875,35.7520713806152,5.27154779434204,NA,NA,NA,1.18453502655029,NA,12,140.561981201172,9.48707866668701,6.79953670501709,1.75104641914368,54.7296524047852,50.5985527038574,1.25681304931641,3.68537664413452,NA,10.1046190261841,12.4320163726807,NA,NA,NA,44766.953125,8.26585006713867,13.7666053771973,1.64000844955444,NA,49.3291053771973,6.85577964782715,NA,971.013854980469,NA,49.9302940368652,6564.60546875,13.090744972229,NA,4.73601865768433,NA,34.1359024047852,32.9448394775391,22.0611534118652,47.6969566345215,NA,80.4501266479492,NA,9.23745441436768,NA,NA,983.56884765625,1030.31518554688,828.504028320312,608.190979003906,5274.26171875,2596.3359375,662.659973144531,2372.95581054688,2831.958984375,34.2748107910156,NA,915.977416992188,445.951477050781,1262.06591796875,582.228576660156,NA,583.801818847656,1912.947265625,425.541656494141,4211.31103515625,501.567779541016,1124.84948730469,1453.75805664062,733.961853027344,3751.48950195312,934.5439453125,3127.70434570312,771.805541992188,697.718566894531,823.781494140625,811.0830078125,275.102569580078,NA,3241.556640625,1176.84899902344,NA,1078.40710449219,924.82373046875,342.749847412109,677.554504394531,515.270080566406,NA,1646.03234863281,3252.85229492188,796.203491210938,944.289855957031,1547.45166015625,355.269836425781,1714.68432617188,NA,1250.18920898438,1948.37780761719,NA,2088.81494140625,1588.27392578125,2141.14379882812,701.190246582031,3092.10986328125,1235.32092285156,423.9013671875,3967.73852539062,1870.68371582031,726.79150390625,2781.70581054688,15029.1103515625,515.662841796875,993.516418457031,2181.73681640625,659.991882324219,2354.01928710938,560.303344726562,668.077209472656,2361.35986328125,3499.0927734375,604.371643066406,1959.01159667969,3803.60791015625,1442.24426269531,974.774841308594,1651.24926757812,2497.64135742188,962.421142578125,1577.43237304688,859.571899414062,608.682373046875,2205.37548828125,408.346740722656,892.740112304688,NA,2424.41967773438,472.472747802734,932.738647460938,2368.7138671875,2102.06127929688,602.315063476562,1225.51062011719,1193.59741210938,3199.15014648438,NA,684.704833984375,459.734619140625,2532.51391601562,251.025238037109,668.786865234375,780.730590820312,1544.42944335938,1836.65808105469,3386.30981445312,761.625793457031,490.643829345703,783.658081054688,1882.29455566406,2346.3232421875,NA,1803.43591308594,1286.88952636719,3686.71411132812,949.220397949219,733.005249023438,578.291625976562,NA,168.308349609375,1745.90710449219,758.934692382812,3560.81640625,189.537353515625,NA,810.895080566406,372.922637939453,4138.1162109375,1304.08129882812,NA,475.746490478516,474.888519287109,349.697875976562,1933.85522460938,4506.61767578125,1705.13671875,1934.36083984375,2102.02319335938,1427.70764160156,2029.67211914062,2232.91918945312,736.975708007812,598.767150878906,2468.33447265625,1667.71337890625,NA,1115.79650878906,1536.66247558594
2007-02-28,NA,17604.119140625,36.7599143981934,4.61151790618896,NA,NA,NA,1.10918307304382,NA,12,137.970397949219,9.27145957946777,7.8059663772583,1.66233730316162,55.9458541870117,48.1179428100586,1.21774065494537,3.96527910232544,NA,11.013503074646,11.6581010818481,NA,NA,NA,52357.61328125,7.84808349609375,13.9038124084473,1.49006497859955,NA,51.5546188354492,6.45728445053101,NA,982.96484375,NA,54.2123680114746,6213.05126953125,12.8054761886597,NA,4.53311729431152,NA,33.5417671203613,30.6259002685547,22.9424266815186,46.738468170166,NA,84.5738906860352,NA,8.25048065185547,NA,NA,992.229187011719,1145.41345214844,828.504028320312,623.959167480469,5428.12646484375,2655.498046875,719.00439453125,2101.85595703125,2647.76611328125,35.7551422119141,NA,941.48046875,504.436645507812,1338.01306152344,630.287231445312,NA,633.705200195312,1928.64526367188,459.172912597656,4017.68627929688,554.118103027344,1064.58911132812,1356.00524902344,832.260314941406,3880.19384765625,869.617980957031,2927.75927734375,836.769897460938,633.728881835938,868.3720703125,772.539733886719,312.555755615234,NA,3436.53662109375,1079.427734375,NA,1110.22888183594,1052.28344726562,391.789428710938,673.582824707031,481.273010253906,NA,1564.35974121094,3314.32421875,831.816589355469,918.27197265625,1599.03356933594,353.304840087891,1707.53979492188,NA,1277.80395507812,1844.22192382812,NA,2266.00244140625,1507.07946777344,2017.37890625,656.734313964844,3121.37280273438,1280.73742675781,425.850219726562,4485.99658203125,1757.3095703125,695.477661132812,2975.21630859375,13805.810546875,540.165222167969,894.630187988281,2401.60131835938,634.824401855469,2360.84252929688,545.384216308594,693.367248535156,2339.08276367188,3941.69848632812,611.440307617188,1964.85974121094,3803.60791015625,1512.74072265625,947.527099609375,1657.93432617188,2501.83227539062,1006.7880859375,1597.94018554688,884.067504882812,651.347045898438,2296.72192382812,418.053802490234,826.715087890625,NA,2419.24951171875,505.177856445312,954.834167480469,2523.35913085938,2243.77392578125,583.374328613281,1171.13195800781,1178.15441894531,3347.45556640625,NA,770.599853515625,499.194061279297,2669.57495117188,276.737609863281,623.569030761719,617.028869628906,1531.25732421875,1911.76281738281,3487.39379882812,774.235534667969,531.021057128906,796.931518554688,2017.62060546875,2437.97534179688,NA,1830.76062011719,1429.8779296875,3835.84008789062,863.614318847656,827.08837890625,577.195617675781,NA,158.096405029297,1610.05432128906,777.63818359375,3468.77514648438,194.740356445312,NA,763.1953125,415.844543457031,4509.24755859375,1537.52807617188,NA,521.12548828125,559.481811523438,383.56201171875,1899.79504394531,4483.94287109375,1889.87561035156,1978.63330078125,1962.42736816406,1350.73803710938,2727.29174804688,2232.91918945312,766.129150390625,586.027404785156,2491.25952148438,1661.37231445312,NA,1034.77856445312,1366.3564453125
2007-03-31,NA,17287.650390625,36.0172958374023,4.42914199829102,NA,NA,NA,1.14535212516785,NA,52.5,148.784317016602,9.22833633422852,9.47516441345215,1.68933606147766,53.9999122619629,45.428108215332,1.26658093929291,4.1985297203064,NA,11.2273559570312,12.6131429672241,NA,NA,NA,50684.078125,7.71379995346069,13.6293964385986,1.53692221641541,NA,51.5546188354492,6.41662073135376,NA,968.026306152344,NA,54.6684150695801,8349.4208984375,12.1081466674805,NA,4.58260726928711,NA,34.6220169067383,31.6334362030029,23.0599269866943,45.922477722168,NA,94.8377075195312,NA,7.30205965042114,NA,NA,942.518127441406,1111.99816894531,758.053344726562,688.638122558594,5184.7421875,2510.1044921875,730.028259277344,2334.64624023438,2463.57373046875,35.7042007446289,NA,931.172302246094,504.944213867188,1354.74169921875,650.358947753906,NA,646.6650390625,1861.22180175781,525.153686523438,3707.14721679688,576.837036132812,1037.99682617188,1456.88427734375,795.089233398438,3716.26416015625,812.44091796875,2816.24243164062,861.537658691406,607.495849609375,820.383056640625,737.905700683594,313.883972167969,NA,3342.41943359375,1025.04028320312,NA,1124.5087890625,1056.10327148438,380.981994628906,683.073364257812,489.356903076172,NA,1479.54479980469,3242.60693359375,882.533508300781,921.264709472656,1515.77819824219,320.247009277344,1707.16979980469,NA,1213.1298828125,1754.62377929688,NA,2302.08569335938,1573.60083007812,1907.75024414062,619.909973144531,2779.97265625,1182.65698242188,451.915649414062,4646.4716796875,1785.97778320312,692.786437988281,3127.0927734375,13866.123046875,526.243408203125,889.329772949219,2272.79321289062,588.395141601562,2371.53637695312,568.045715332031,637.25390625,2359.24072265625,3739.67553710938,603.193359375,1859.54418945312,3359.8505859375,1453.78198242188,981.773803710938,1717.42541503906,2325.64111328125,1043.19201660156,1630.15625,902.712951660156,602.993591308594,2229.93237304688,398.855590820312,730.17529296875,NA,2549.78393554688,558.323608398438,878.064453125,2486.95532226562,2231.52661132812,531.287475585938,1194.97253417969,1095.14953613281,3489.16528320312,NA,743.65380859375,478.544769287109,2552.87426757812,250.821899414062,624.993530273438,619.287170410156,1516.2041015625,1867.05529785156,3639.31127929688,750.152221679688,529.175720214844,763.889953613281,1966.32446289062,2491.94189453125,NA,1759.71643066406,1398.05932617188,3859.6162109375,805.304443359375,791.099365234375,530.877319335938,NA,142.967559814453,1667.81713867188,787.80078125,3286.5087890625,182.104476928711,NA,715.495666503906,427.3525390625,4352.48291015625,1482.58251953125,NA,531.783447265625,589.318176269531,391.477386474609,1824.57214355469,4702.1884765625,1708.83142089844,1876.318359375,1830.9736328125,1399.03259277344,2954.07275390625,2110.27368164062,708.712524414062,554.563110351562,2413.71166992188,1693.29748535156,NA,1119.203125,1416.73376464844
2007-04-30,NA,17400.41015625,36.441650390625,4.66362571716309,NA,NA,NA,1.19056332111359,NA,157.5,163.662704467773,9.26759147644043,11.9175987243652,1.6584804058075,53.878288269043,45.7053070068359,1.26332497596741,4.2534122467041,NA,11.4412088394165,13.782244682312,NA,NA,NA,50684.078125,7.83316087722778,13.2635059356689,1.55566453933716,NA,50.3500862121582,7.86422109603882,NA,917.234741210938,NA,53.8427276611328,8315.6181640625,12.1081466674805,NA,4.48472690582275,NA,34.0818901062012,32.7529220581055,22.619291305542,46.5327377319336,NA,95.558464050293,NA,8.0654239654541,NA,NA,913.805358886719,1191.82421875,712.455810546875,688.638122558594,5151.59521484375,2263.2080078125,749.626525878906,2576.6318359375,2417.52563476562,34.1568260192871,NA,950.393920898438,473.558258056641,1160.2490234375,660.381774902344,NA,648.039306640625,1888.32751464844,511.3701171875,3536.19873046875,565.0380859375,1121.72985839844,1474.49816894531,788.481628417969,3740.3017578125,816.394409179688,2664.98657226562,828.183349609375,585.053344726562,790.675964355469,716.004699707031,302.689788818359,NA,3309.81079101562,1048.55895996094,NA,1135.18444824219,1028.70446777344,385.238677978516,715.029968261719,517.07666015625,NA,1529.80517578125,3457.7568359375,897.837097167969,905.885192871094,1751.09094238281,328.125152587891,1671.2294921875,NA,1253.40002441406,1642.626953125,NA,2440.009765625,1689.7919921875,1997.85583496094,692.840454101562,2877.51538085938,1155.12463378906,479.4384765625,4354.6650390625,1860.39440917969,642.873718261719,3022.0478515625,13515.3046875,544.341735839844,891.663879394531,2238.87060546875,640.8994140625,2261.552734375,576.383117675781,618.199768066406,2374.22021484375,3722.943359375,623.379028320312,1630.76721191406,3148.77661132812,1370.87768554688,1031.26013183594,1700.58813476562,2304.3828125,1010.201171875,1781.95849609375,940.792541503906,665.568664550781,2210.19848632812,387.776184082031,805.80810546875,NA,2497.57006835938,539.051208496094,844.720153808594,2888.13891601562,2051.51025390625,459.312683105469,1135.62390136719,1164.64196777344,3346.751953125,NA,733.771362304688,477.285491943359,2389.5908203125,291.185882568359,605.921264648438,576.063781738281,1492.97998046875,1863.62316894531,3508.03393554688,806.001159667969,524.241638183594,723.091857910156,2013.34533691406,2368.88330078125,NA,2049.359375,1327.67651367188,3876.28784179688,774.699279785156,925.5439453125,476.720672607422,NA,148.640869140625,1654.2578125,811.651672363281,3315.59326171875,175.414947509766,NA,689.477661132812,487.070007324219,4133.9228515625,1413.13684082031,NA,549.43603515625,567.57861328125,434.196685791016,1961.70031738281,4591.64892578125,1773.490234375,1920.91162109375,2083.734375,1442.04504394531,2908.625,2493.95947265625,678.728698730469,534.811645507812,2505.955078125,1683.73083496094,NA,1108.75122070312,1391.63122558594
2007-05-31,NA,17875.75,36.1764221191406,5.85341453552246,NA,NA,NA,1.23878908157349,NA,230,204.774185180664,10.4873504638672,11.7132844924927,1.5774849653244,56.7971992492676,52.8325424194336,1.24704492092133,4.44245290756226,NA,12.8870525360107,14.9792251586914,NA,NA,NA,49668.0078125,7.47507333755493,13.1949033737183,1.65875148773193,NA,52.0364456176758,8.24207592010498,NA,926.197937011719,NA,59.0753021240234,9633.947265625,12.1715421676636,NA,5.13403034210205,NA,33.4877510070801,33.1017112731934,22.3255424499512,46.1513252258301,NA,108.842132568359,NA,8.58422756195068,NA,NA,911.308959960938,1301.35302734375,797.950500488281,673.569396972656,5069.7001953125,2586.9150390625,608.765197753906,2897.00659179688,2716.837890625,32.8386917114258,NA,1033.68688964844,547.407409667969,1200.48937988281,740.006103515625,NA,714.698669433594,1976.4189453125,509.302581787109,4205.34130859375,629.276733398438,1178.03259277344,1595.27612304688,735.622802734375,3927.79760742188,846.045532226562,2837.85009765625,789.861206054688,643.094360351562,804.387084960938,719.374084472656,285.226959228516,NA,3627.74853515625,1019.16015625,NA,1103.15759277344,1100.93786621094,452.815277099609,682.274230957031,507.481292724609,NA,1495.25134277344,3667.78295898438,976.908630371094,893.580810546875,1974.17932128906,328.51904296875,1847.33703613281,NA,1268.5009765625,1698.62561035156,NA,2357.2548828125,1666.8408203125,2025.8193359375,688.788757324219,2892.14697265625,1116.57995605469,507.452758789062,4775.541015625,1694.19860839844,650.859680175781,3022.0478515625,13436.3720703125,540.721801757812,862.486389160156,2120.14306640625,610.091186523438,2316.54467773438,614.178588867188,635.13671875,2123.31616210938,3848.43530273438,640.002563476562,1777.41943359375,3261.54223632812,1474.50793457031,1056.88647460938,1801.61352539062,2444.68701171875,1019.30194091797,1937.21179199219,1032.63159179688,594.460693359375,2012.85961914062,381.259002685547,720.279541015625,NA,2475.81420898438,603.877380371094,960.630981445312,3171.43872070312,2037.92333984375,392.546539306641,1232.98229980469,1212.25732421875,2955.11083984375,NA,612.711364746094,426.912414550781,2584.275390625,302.481201171875,602.986938476562,625.248962402344,1502.93298339844,1942.56176757812,3478.86083984375,752.690734863281,481.685577392578,752.080078125,1893.65649414062,2128.91821289062,NA,2191.4482421875,1282.8876953125,3909.63256835938,863.327331542969,1043.71362304688,496.673187255859,NA,136.537780761719,1741.03747558594,881.036010742188,3292.32666015625,179.874664306641,NA,672.132263183594,435.128295898438,4621.0009765625,1353.38171386719,NA,518.5439453125,625.746520996094,387.975891113281,1992.17346191406,4594.48291015625,1494.53466796875,1972.36352539062,1874.12805175781,1346.96508789062,3603.31860351562,2692.41821289062,738.696533203125,533.292114257812,2413.71166992188,1690.1083984375,NA,1062.11682128906,1210.42077636719
2007-06-30,NA,18138.359375,39.5143661499023,5.46260929107666,NA,NA,NA,1.16724836826324,NA,33.25,200.467224121094,10.0046701431274,11.1437177658081,1.67669177055359,69.0809707641602,67.0870208740234,1.26332497596741,4.324303150177,NA,11.8131322860718,18.3391990661621,NA,NA,NA,53433.44140625,7.63919687271118,13.7208681106567,1.59315085411072,3.15649437904358,59.4243240356445,9.75550842285156,NA,934.232116699219,NA,58.8064727783203,7031.09130859375,12.5836000442505,NA,5.77830123901367,NA,33.865837097168,33.526927947998,26.2912559509277,47.905834197998,NA,110.112113952637,NA,8.13160514831543,NA,NA,973.727416992188,1175.11596679688,775.151977539062,659.254150390625,5251.0400390625,2405.85864257812,546.207336425781,3060.60278320312,2647.76611328125,31.3486251831055,NA,1080.67260742188,596.332580566406,1189.31115722656,795.130493164062,NA,627.4228515625,2050.95849609375,545.140014648438,4166.2666015625,643.69775390625,1271.87109375,1529.85498046875,720.205505371094,3826.83837890625,893.577331542969,2945.88989257812,810.441711425781,702.68310546875,804.387084960938,812.033447265625,287.913543701172,NA,3660.3583984375,1052.47863769531,NA,1135.18444824219,1120.86450195312,540.079223632812,741.394104003906,507.481292724609,NA,1666.99719238281,3728.9404296875,882.533508300781,899.732849121094,2188.09936523438,329.700744628906,1757.486328125,NA,1386.79406738281,1709.82495117188,NA,2382.33178710938,1824.63098144531,2016.49829101562,709.047546386719,3160.38989257812,1078.03515625,478.209747314453,4870.939453125,1771.09497070312,724.730285644531,2706.91430664062,14383.5830078125,532.090576171875,846.147033691406,2204.94897460938,616.599853515625,2192.81176757812,662.534851074219,603.379943847656,2115.82739257812,3363.1982421875,636.4404296875,1730.49047851562,3105.404296875,1426.14025878906,1161.16186523438,1936.31384277344,2470.1962890625,935.687377929688,1951.01184082031,1077.43151855469,571.706359863281,1917.47863769531,384.517608642578,706.849365234375,NA,2675.96826171875,669.287536621094,987.623901367188,3182.84765625,1983.5791015625,393.020141601562,1224.31323242188,1191.78259277344,3204.33666992188,NA,637.417419433594,423.134399414062,2615.67553710938,304.825012207031,668.273681640625,683.377014160156,1519.52185058594,1970.01770019531,3675.77734375,847.887756347656,499.571472167969,704.840393066406,1906.48034667969,2012.01257324219,NA,2175.05346679688,1334.07470703125,3909.63256835938,842.285827636719,1066.35681152344,543.703857421875,NA,133.890274047852,1796.63146972656,840.561706542969,3129.455078125,172.441833496094,NA,780.764343261719,429.218719482422,4789.60400390625,1330.77124023438,NA,525.899047851562,665.112915039062,396.379669189453,2003.60107421875,4722.18310546875,1450.19750976562,2147.30444335938,1913.17260742188,1387.71350097656,3473.47021484375,2837.95458984375,745.511169433594,529.493957519531,2513.64208984375,1817.6640625,NA,1128.8515625,1297.49645996094
2007-07-31,NA,17248.890625,36.2261505126953,6.28764533996582,NA,NA,NA,1.21974384784698,NA,72,249.465759277344,10.1363048553467,14.0658464431763,1.8741774559021,66.1620407104492,78.9152069091797,1.36860191822052,4.30067253112793,NA,12.0816087722778,22.4771099090576,NA,NA,NA,51939.2265625,7.75855827331543,14.3761396408081,1.64000844955444,3.10012793540955,67.784912109375,11.6166219711304,NA,921.979858398438,NA,65.1959762573242,7943.78125,12.001033782959,NA,5.88903427124023,NA,35.0272750854492,36.3072166442871,25.2631072998047,51.0080070495605,NA,130.712249755859,NA,7.24196672439575,NA,NA,898.825256347656,1171.40344238281,723.855163574219,642.678527832031,4993.6533203125,1851.71618652344,506.751861572266,3994.46142578125,2486.59790039062,29.5147151947021,NA,1010.19409179688,653.565795898438,1124.48071289062,836.891906738281,NA,542.896179199219,1947.05456542969,580.97705078125,4112.5400390625,736.778137207031,1274.7587890625,1527.33801269531,724.610412597656,3730.68603515625,853.862915039062,2722.60766601562,900.569519042969,609.817565917969,763.253723144531,756.43798828125,276.719329833984,NA,3798.9443359375,909.404357910156,NA,1044.44104003906,1160.71740722656,613.5087890625,718.225769042969,539.465515136719,NA,1591.22485351562,3233.810546875,800.911804199219,769.00244140625,2322.5634765625,292.673431396484,1563.408203125,NA,1306.25415039062,1425.35217285156,NA,2216.82250976562,1854.7548828125,1787.81665039062,704.995666503906,3335.96728515625,958.729187011719,458.796417236328,5050.51318359375,1624.74353027344,756.674255371094,2472.583984375,13909.9775390625,471.3916015625,927.843994140625,2086.220703125,626.580139160156,2254.67895507812,575.271423339844,660.542236328125,2025.95080566406,2986.72045898438,581.820495605469,1513.4462890625,3062.03295898438,1360.77551269531,1016.23742675781,2020.50061035156,2232.10522460938,851.373107910156,2078.66479492188,1099.83142089844,541.556579589844,1739.87329101562,363.662384033203,704.022033691406,NA,2667.26586914062,623.150085449219,997.150756835938,3563.11572265625,1762.80395507812,347.562377929688,1297.66564941406,1092.19775390625,3254.18237304688,NA,604.064331054688,398.577392578125,2455.53247070312,269.384124755859,699.083374023438,552.21630859375,1360.27038574219,1849.89453125,3872.69287109375,825.040649414062,526.091918945312,683.904357910156,1872.28356933594,1839.73034667969,NA,2000.1748046875,1350.07104492188,3751.24658203125,811.043090820312,1165.42102050781,508.787048339844,NA,137.672485351562,1753.24182128906,867.303527832031,2925.86572265625,172.441833496094,NA,734.965515136719,440.415710449219,5126.81201171875,1196.72497558594,NA,524.428039550781,638.085327148438,400.58154296875,1935.03723144531,4540.5615234375,1298.71203613281,1704.80895996094,1802.2041015625,1319.79931640625,3778.61547851562,3155.48779296875,686.224670410156,493.029296875,2444.45922851562,1648.65307617188,NA,1170.6611328125,1277.10009765625
2007-08-31,NA,16569.08984375,34.9442977905273,7.03452062606812,NA,NA,NA,1.15798473358154,NA,55,235.583114624023,8.86081695556641,13.9544095993042,1.97485649585724,72.1519088745117,86.9826278686523,1.31596338748932,4.10721778869629,NA,11.2821664810181,26.9145221710205,NA,NA,NA,45245.09375,7.400475025177,13.4098768234253,1.75434041023254,2.89882111549377,64.3825759887695,11.9847536087036,NA,830.088195800781,NA,59.5265502929688,9566.3408203125,12.1321954727173,NA,5.73803234100342,NA,36.9837493896484,37.4847373962402,22.8744087219238,52.991382598877,NA,140.677398681641,NA,6.86738300323486,NA,NA,843.896911621094,1035.88452148438,632.660888671875,563.568054199219,5009.25341796875,1878.81591796875,512.9169921875,3653.63671875,2106.70092773438,30.832836151123,NA,956.801330566406,601.871337890625,994.818908691406,699.358764648438,NA,615.05322265625,1870.2568359375,488.627166748047,3580.15747070312,631.898864746094,1209.7939453125,1617.92175292969,695.978454589844,3807.609375,758.547668457031,2895.4716796875,965.858947753906,612.139343261719,711.926391601562,683.994995117188,292.839019775391,NA,4239.1669921875,834.927185058594,NA,973.26953125,998.814819335938,502.832458496094,648.719970703125,579.978698730469,NA,1464.93701171875,3414.32568359375,772.8544921875,861.282836914062,2181.98657226562,337.972808837891,1451.99255371094,NA,1268.5009765625,1181.19787597656,NA,2314.62426757812,1616.63464355469,1541.7353515625,634.090881347656,3111.61865234375,939.762573242188,412.597290039062,4556.6845703125,1684.27648925781,778.636047363281,2504.90600585938,13471.4541015625,478.074005126953,948.851867675781,2204.94897460938,635.692443847656,2261.552734375,547.480407714844,607.614013671875,2179.48876953125,3170.77587890625,637.6279296875,1431.3212890625,2793.12890625,1218.16174316406,936.705810546875,1784.77563476562,2389.4150390625,862.266174316406,1975.16284179688,1106.55102539062,479.550689697266,1779.34106445312,316.738189697266,634.750793457031,NA,2627.6181640625,570.588256835938,857.422729492188,3243.69018554688,1953.00988769531,406.278656005859,1228.98132324219,933.120971679688,2677.40112304688,NA,595.417114257812,376.539184570312,2113.26513671875,260.565521240234,649.201293945312,513.464416503906,1426.62536621094,1918.53698730469,3318.40966796875,799.654724121094,536.576904296875,616.265380859375,2094.56298828125,1901.26000976562,NA,2601.32006835938,1183.71154785156,3851.27954101562,710.300537109375,1058.57312011719,536.997131347656,NA,122.165405273438,1575.6123046875,812.374267578125,2803.7119140625,196.22688293457,NA,665.176452636719,394.383636474609,4720.912109375,1167.6552734375,NA,542.816162109375,636.910217285156,364.865295410156,1839.80871582031,4117.7216796875,1189.71643066406,1721.95959472656,1664.52172851562,1276.03234863281,2986.53393554688,2699.03369140625,636.478332519531,537.090515136719,2336.84130859375,1632.70874023438,NA,1137.69592285156,1127.2685546875
2007-09-30,NA,16785.689453125,35.4458961486816,8.71933078765869,NA,NA,NA,1.15984892845154,NA,36.5,247.362289428711,9.56968021392822,14.3630123138428,2.10264134407043,72.4464111328125,146.151443481445,1.37189173698425,4.27534914016724,NA,11.9873027801514,35.6094779968262,NA,NA,NA,44049.71484375,7.14682769775391,13.127067565918,1.93748605251312,2.50425934791565,66.214599609375,13.9685764312744,NA,704.502990722656,NA,61.5907783508301,11222.7041015625,12.5912485122681,NA,7.55477428436279,NA,38.4984397888184,41.8677787780762,25.0812873840332,66.6206588745117,NA,164.039535522461,NA,6.96742391586304,NA,NA,854.864135742188,1036.45422363281,575.664428710938,578.864379882812,4978.27685546875,1834.54357910156,467.790222167969,4072.52416992188,2060.65234375,31.0415916442871,NA,990.782104492188,676.972290039062,947.872192382812,781.684875488281,NA,589.064636230469,1660.27893066406,519.893676757812,3199.1845703125,737.866760253906,1152.32897949219,1593.50268554688,768.070861816406,3925.80078125,771.013977050781,2845.85327148438,1026.228515625,630.835876464844,680.822875976562,733.738403320312,299.582214355469,NA,4523.16259765625,706.504943847656,NA,992.841674804688,1115.34521484375,564.199279785156,667.44580078125,619.917724609375,NA,1603.85363769531,3233.810546875,816.251831054688,791.439514160156,2372.16333007812,342.69970703125,1562.23901367188,NA,1340.94323730469,1211.81066894531,NA,2284.88720703125,1693.34558105469,1628.11279296875,690.462646484375,3218.91577148438,917.125061035156,413.429260253906,4669.26220703125,1599.72033691406,785.784851074219,2665.62475585938,13813.330078125,487.262390136719,944.183349609375,2076.3583984375,624.844360351562,2376.66259765625,563.563293457031,648.680297851562,2364.8583984375,3387.52124023438,660.377197265625,1155.61572265625,2590.72802734375,1149.99108886719,957.080017089844,1992.5419921875,2351.15063476562,829.013977050781,1957.01232910156,1061.88854980469,503.727233886719,1746.45141601562,332.165313720703,673.197631835938,NA,2366.1640625,623.150085449219,847.895751953125,3566.75341796875,1830.88940429688,426.639831542969,1227.11828613281,982.913330078125,2570.59008789062,NA,492.375762939453,337.558135986328,2220.02734375,288.518981933594,672.924255371094,545.743591308594,1348.58679199219,1891.31005859375,3281.94384765625,835.194885253906,576.181213378906,594.483215332031,1944.64599609375,1849.37243652344,NA,2716.08447265625,1075.45458984375,3734.57446289062,746.83544921875,1202.55126953125,473.905090332031,NA,114.600975036621,1618.07214355469,858.692443847656,3196.94946289062,185.07763671875,NA,639.005554199219,404.466125488281,5121.5107421875,1216.59655761719,NA,462.399230957031,592.386413574219,371.868560791016,1955.54052734375,4384.478515625,1198.95349121094,1771.24084472656,1422.03564453125,1251.26416015625,3642.521484375,3050.97583007812,609.357849121094,597.10498046875,2343.13134765625,1560.33166503906,NA,1155.18493652344,1103.13024902344
2007-10-31,NA,16737.630859375,35.5573654174805,11.4636631011963,NA,NA,NA,1.33133220672607,NA,40.5,266.293090820312,9.92411518096924,18.0528221130371,2.82675552368164,72.4464111328125,157.20491027832,1.66798388957977,4.41946172714233,NA,11.6618547439575,35.5431022644043,NA,NA,NA,48771.47265625,7.04238605499268,14.7767868041992,1.96640348434448,2.50425934791565,68.0466232299805,16.136474609375,NA,692.250732421875,NA,62.8725204467773,12507.23046875,9.71544742584229,NA,9.93293952941895,NA,39.192684173584,49.6623268127441,27.2531242370605,74.554069519043,NA,168.609191894531,NA,6.52704477310181,NA,NA,828.386047363281,1049.47973632812,653.720520019531,590.971313476562,5167.64599609375,1831.77673339844,490.723510742188,4899.32958984375,2150.44677734375,30.5213508605957,NA,969.336608886719,660.233947753906,1193.78234863281,807.460632324219,NA,599.435546875,1530.28479003906,459.666290283203,3140.57495117188,780.181762695312,1065.25122070312,1689.46643066406,727.99755859375,3478.8037109375,858.901428222656,3027.34887695312,994.87158203125,699.202270507812,681.974609375,787.9638671875,307.679016113281,NA,4727.64453125,653.221069335938,NA,1014.19293212891,996.274475097656,523.517150878906,558.081176757812,599.609802246094,NA,1600.69641113281,2965.61572265625,808.575439453125,808.443176269531,2341.435546875,402.573669433594,1587.61193847656,NA,1388.92431640625,1346.9541015625,NA,2388.28686523438,1813.36987304688,1442.30847167969,763.570739746094,3062.84692382812,999.721130371094,437.690368652344,4285.3330078125,1699.54675292969,813.920532226562,2770.953125,13505.9755859375,529.584716796875,1000.20404052734,2025.30078125,561.492126464844,2286.58422851562,524.985961914062,682.709594726562,2561.30053710938,3379.13623046875,610.039794921875,1196.67846679688,2645.66625976562,1224.02978515625,858.439758300781,2093.85766601562,2512.71264648438,841.0537109375,2058.1767578125,1068.6376953125,556.631469726562,1723.16516113281,392.020843505859,687.430053710938,NA,2287.72729492188,590.444946289062,887.591247558594,3610.83544921875,1748.75573730469,530.340393066406,1242.54077148438,1037.87866210938,1951.0849609375,NA,506.087432861328,366.745361328125,2157.22607421875,241.929885864258,652.264343261719,554.001098632812,1495.82702636719,1984.49548339844,3012.09521484375,720.958435058594,543.895385742188,596.65673828125,1961.779296875,1830.72302246094,NA,2792.59350585938,1114.20947265625,3692.8935546875,860.385559082031,1126.99072265625,519.073303222656,NA,174.359893798828,1534.63818359375,910.95458984375,2837.8076171875,192.510498046875,NA,710.975219726562,416.040191650391,4209.20263671875,1208.48571777344,NA,443.163604736328,560.989990234375,378.171447753906,2120.41870117188,4461.10009765625,1121.36315917969,1504.86254882812,1397.3759765625,1270.3154296875,3316.130859375,3110.798828125,629.257995605469,603.942077636719,2161.40405273438,1447.96240234375,NA,1239.94653320312,1138.63879394531
2007-11-30,34.2098007202148,15680.669921875,33.7739219665527,10.1609725952148,NA,NA,NA,1.47163617610931,NA,44,176.687347412109,8.98873424530029,14.7344722747803,2.39306139945984,60.66650390625,144.677658081055,1.3291232585907,4.08319854736328,NA,10.7397537231445,28.5904674530029,NA,NA,NA,48771.47265625,6.98270463943481,13.3156061172485,1.87001132965088,2.37542247772217,58.1013488769531,14.7048454284668,NA,627.926574707031,NA,52.2201461791992,8924.078125,8.82390975952148,NA,7.70853662490845,NA,40.6442642211914,47.952091217041,23.1546478271484,82.9406204223633,NA,144.861663818359,NA,5.1587233543396,NA,NA,786.777648925781,1118.32873535156,625.023376464844,588.701354980469,5029.03564453125,2019.93493652344,477.407440185547,4591.83984375,2189.58715820312,29.191822052002,NA,834.230102539062,591.420776367188,1137.89379882812,652.244506835938,NA,543.432922363281,1553.09069824219,370.363677978516,2906.13012695312,669.104919433594,953.50146484375,1585.92687988281,772.523254394531,3449.65307617188,751.039672851562,2802.29443359375,905.076904296875,603.644470214844,639.351318359375,767.629516601562,303.180816650391,NA,4654.03173828125,621.645385742188,NA,923.449584960938,828.97265625,452.322937011719,521.894226074219,600.678894042969,NA,1335.4921875,2996.56103515625,726.694641113281,780.619018554688,2058.7421875,419.905731201172,1620.23413085938,NA,1237.40539550781,1264.82275390625,NA,2315.15063476562,1670.20849609375,1403.78076171875,733.109130859375,3023.82983398438,900.60595703125,452.048950195312,3754.60546875,1629.66796875,789.804504394531,2406.35424804688,11257.90625,536.54541015625,965.191223144531,1991.26135253906,527.646362304688,2328.15844726562,440.004241943359,682.709594726562,2485.74609375,2808.95971679688,592.062377929688,1261.205078125,2717.95166015625,1187.01013183594,884.210815429688,1908.11254882812,2619.00366210938,811.814514160156,1667.47180175781,1021.39270019531,605.838195800781,1896.1474609375,361.76416015625,583.53271484375,NA,2366.1640625,534.963073730469,911.408630371094,3164.27197265625,1889.06677246094,537.916748046875,1146.65148925781,1130.99670410156,1801.54919433594,NA,453.733520507812,355.958801269531,2012.78308105469,253.41081237793,661.118591308594,411.372039794922,1475.74890136719,1874.05395507812,2654.72802734375,654.955200195312,495.466186523438,605.35107421875,2128.83081054688,1908.42712402344,NA,2442.83618164062,1059.30639648438,3601.19604492188,820.805236816406,937.376953125,491.828918457031,NA,157.339965820312,1489.50183105469,910.95458984375,2884.908203125,196.970184326172,NA,658.633605957031,390.3896484375,3806.52880859375,1255.52746582031,NA,353.643035888672,524.854187011719,280.126953125,2036.06225585938,4370.28955078125,1034.53601074219,1414.91650390625,1282.29797363281,1232.97534179688,2976.68383789062,2638.861328125,651.216918945312,523.41650390625,2238.73413085938,1342.01391601562,NA,1174.55895996094,975.299560546875
2007-12-31,33.3419609069824,15307.7802734375,33.1608695983887,10.4215116500854,NA,NA,NA,1.48098993301392,NA,44.25,177.10807800293,9.25705623626709,12.7781286239624,2.16459774971008,57.7215309143066,135.589263916016,1.24029541015625,3.98231983184814,NA,10.7939949035645,27.744197845459,NA,NA,NA,43392.2734375,6.87826204299927,13.5748481750488,1.95550048351288,2.41568398475647,58.1013488769531,13.0891542434692,NA,646.304931640625,NA,55.0428619384766,9701.5537109375,9.21252822875977,NA,7.12424421310425,NA,34.3674697875977,47.4587707519531,22.769323348999,85.0488586425781,NA,139.807022094727,NA,6.11025762557983,NA,NA,761.560607910156,1153.68334960938,600.917907714844,630.319030761719,5358.96923828125,2208.09326171875,398.127624511719,4544.0078125,1927.11328125,32.3133239746094,NA,806.350769042969,569.102905273438,1032.82299804688,611.899475097656,NA,575.236877441406,1564.49401855469,332.981140136719,2608.19067382812,625.467590332031,1018.80987548828,1686.94104003906,765.844604492188,3192.14331054688,753.438720703125,2584.49877929688,832.385498046875,584.999206542969,751.093933105469,776.102172851562,303.180816650391,NA,5120.25244140625,627.56591796875,NA,921.670227050781,797.320922851562,424.487823486328,514.656982421875,628.46826171875,NA,1263.45080566406,2713.01293945312,621.784301757812,768.252990722656,1868.23156738281,393.90771484375,1678.22863769531,NA,1194.47497558594,1223.01000976562,NA,2325.23828125,1573.32189941406,1175.72082519531,684.370483398438,2599.51831054688,882.862731933594,432.491485595703,3907.04907226562,1564.78112792969,739.5625,2183.54370117188,11696.984375,529.363342285156,955.854431152344,1621.94165039062,551.511840820312,2328.15844726562,465.163360595703,644.426818847656,2765.2978515625,2318.43920898438,583.6728515625,1179.08020019531,2477.96215820312,1136.67016601562,880.655944824219,2043.20043945312,2597.74536132812,692.565063476562,1548.86499023438,1039.39099121094,561.751159667969,1733.14501953125,343.34716796875,538.700439453125,NA,2335.66064453125,530.874755859375,949.516357421875,2733.04150390625,1789.82263183594,521.849243164062,1191.57897949219,1068.76989746094,1659.13439941406,NA,454.979949951172,356.593383789062,1811.81823730469,255.740264892578,645.623718261719,426.385620117188,1475.74890136719,1915.46887207031,2414.05224609375,644.800903320312,461.938446044922,552.097717285156,2163.09692382812,1812.07373046875,25.815465927124,2247.74047851562,975.336853027344,3442.810546875,798.09521484375,782.691955566406,483.942596435547,NA,136.916000366211,1503.17932128906,866.677185058594,2590.53100585938,189.537353515625,NA,594.415100097656,370.682434082031,3561.14892578125,1192.26403808594,NA,361.041442871094,508.267486572266,267.521301269531,2028.39404296875,4282.9404296875,1053.00964355469,1352.64624023438,1290.51782226562,1252.02648925781,2493.62548828125,2206.8056640625,624.454650878906,544.687438964844,2064.7392578125,1325.96118164062,NA,1230.25988769531,968.986755371094
2008-01-31,30.2427997589111,13592.4697265625,33.3837928771973,8.0332498550415,NA,NA,NA,1.36874687671661,NA,42.5,131.884490966797,7.77235078811646,10.5989103317261,1.78898799419403,49.9173469543457,98.8671340942383,1.03961110115051,3.57880306243896,NA,9.43796634674072,18.0204544067383,NA,NA,NA,41240.58203125,7.63919687271118,15.0831632614136,1.78439450263977,1.65876996517181,42.1365547180176,11.0848731994629,NA,612.611206054688,NA,51.9609184265137,8011.38818359375,7.93237638473511,NA,5.49438190460205,NA,39.0148239135742,41.3414115905762,19.6516761779785,78.6727600097656,NA,125.948104858398,NA,6.32258224487305,NA,NA,733.821350097656,971.327026367188,592.882629394531,601.56494140625,4417.97607421875,2177.65576171875,349.605743408203,3587.3740234375,1929.41564941406,29.3652362823486,NA,859.964538574219,517.028442382812,867.392333984375,545.218017578125,NA,496.418365478516,1450.46337890625,301.136871337891,2432.35766601562,561.995361328125,811.274719238281,1409.1513671875,710.187438964844,3133.8388671875,667.044250488281,2108.98022460938,689.853637695312,536.055114746094,607.095581054688,650.70556640625,282.488891601562,NA,3901.5341796875,460.806945800781,NA,775.768798828125,736.529724121094,389.693634033203,425.396179199219,618.848876953125,NA,1144.60510253906,2389.53881835938,621.784301757812,726.516723632812,1573.248046875,321.428771972656,1631.10827636719,NA,1050.53186035156,960.936828613281,NA,2216.79443359375,1356.41162109375,1121.65771484375,543.231567382812,2092.29516601562,906.724060058594,365.897277832031,3602.1640625,1150.50036621094,563.715515136719,2284.82153320312,10467.572265625,522.36865234375,822.805114746094,1673,490.763244628906,2224.22338867188,379.063385009766,529.578247070312,2417.74682617188,2192.66552734375,552.511413574219,985.499938964844,2110.74975585938,943.526123046875,752.689819335938,1705.48107910156,2308.63427734375,682.800903320312,1512.23718261719,800.915893554688,568.862060546875,1769.73718261719,279.545013427734,544.393371582031,NA,2418.4541015625,421.078887939453,824.07861328125,2480.05297851562,1697.42248535156,431.711517333984,1040.70336914062,1110.45263671875,1495.35681152344,NA,425.063507080078,383.24267578125,1796.11840820312,214.142913818359,530.518127441406,388.851623535156,1361.97265625,1773.96643066406,1947.28662109375,568.643310546875,403.575286865234,509.712280273438,2201.6474609375,1672.205078125,38.1668319702148,2118.49536132812,1007.63262939453,3526.17163085938,657.293029785156,732.080749511719,467.452667236328,NA,160.743927001953,1458.04284667969,769.411865234375,2578.75537109375,192.510498046875,NA,529.589782714844,285.597473144531,3089.26586914062,1072.22680664062,NA,402.472473144531,455.545196533203,233.205673217773,1921.03088378906,3782.93090820312,1054.85717773438,1231.5654296875,1089.13122558594,1173.53662109375,2269.068359375,1638.48718261719,540.050170898438,429.976257324219,1712.8828125,1068.47412109375,NA,901.705993652344,811.960815429688
2008-02-29,30.1734733581543,13603.01953125,34.3312530517578,8.63248538970947,NA,NA,NA,1.32509648799896,NA,69.75,149.763534545898,7.75446319580078,13.9861888885498,2.1452362537384,55.3655624389648,93.0333709716797,1.09882926940918,3.67968273162842,NA,9.77425956726074,20.1444149017334,NA,NA,NA,37056.75390625,8.42997550964355,16.332239151001,1.88216924667358,2.01307034492493,46.7428092956543,11.2689428329468,NA,581.980590820312,NA,50.9528045654297,8450.8310546875,8.38957405090332,NA,6.04791975021362,NA,44.4654197692871,39.1707382202148,20.4573574066162,71.731071472168,NA,125.762199401855,NA,6.00802564620972,NA,NA,724.995300292969,928.528930664062,542.949768066406,579.621154785156,4808.4296875,2181.5009765625,303.821105957031,3642.03979492188,1777.45715332031,26.2437362670898,NA,840.66357421875,608.158996582031,927.752258300781,631.511535644531,NA,442.489898681641,1505.1982421875,345.441925048828,2178.37646484375,616.211181640625,833.044006347656,1340.96643066406,725.771240234375,2847.17846679688,654.989501953125,1945.63452148438,694.842407226562,585.776184082031,612.257934570312,669.345764160156,273.492462158203,NA,3909.71362304688,521.984741210938,NA,816.6923828125,773.7080078125,434.123046875,462.387237548828,611.367126464844,NA,1109.01513671875,2514.7548828125,557.814819335938,762.069763183594,1677.72155761719,370.667175292969,1620.23413085938,NA,1002.55090332031,968.775024414062,NA,2115.91650390625,1434.49938964844,996.753112792969,580.800964355469,2097.17236328125,660.770690917969,323.564056396484,3161.77368164062,1245.3359375,604.913757324219,2114.67553710938,9844.0849609375,546.71044921875,816.969543457031,1701.93286132812,548.474365234375,2231.15283203125,422.672393798828,572.114929199219,2636.8544921875,1532.76965332031,551.313110351562,1014.83013916016,2116.53271484375,1010.70635986328,768.685729980469,2009.42749023438,2261.86669921875,633.574462890625,1716.30981445312,697.426818847656,511.12255859375,1703.20593261719,303.881866455078,504.542327880859,NA,2271.70751953125,421.663024902344,819.315002441406,2665.9619140625,1615.28869628906,477.254791259766,1052.10327148438,1149.53002929688,1481.11560058594,NA,408.858825683594,321.060943603516,1701.91589355469,202.32926940918,482.557464599609,392.605072021484,1405.47521972656,1649.71936035156,1874.3544921875,620.684143066406,360.734191894531,537.42578125,2090.10302734375,1641.123046875,37.2766418457031,2045.44396972656,897.827026367188,3626.20483398438,625.4990234375,773.424987792969,402.939880371094,NA,169.06477355957,1570.20007324219,737.473999023438,2225.5009765625,192.510498046875,NA,464.764526367188,270.582580566406,2982.30517578125,986.254211425781,NA,374.358489990234,420.594360351562,211.495849609375,1832.83972167969,3437.21020507812,1113.97338867188,1404.53820800781,957.613464355469,1260.40869140625,2944.04467773438,1947.57275390625,463.194152832031,515.819702148438,1809.54748535156,1098.01147460938,NA,943.683532714844,868.774047851562
2008-03-31,29.9516105651855,12525.5400390625,35.1672401428223,7.68586349487305,NA,NA,NA,1.17855596542358,NA,55.25,168.273666381836,8.04961681365967,13.5503053665161,2.09876918792725,51.2425689697266,82.0413055419922,1.09553956985474,3.89104914665222,NA,10.3817663192749,18.2361679077148,NA,NA,NA,37056.75390625,8.75822067260742,16.2615375518799,1.91150176525116,1.52188098430634,47.004524230957,11.0439729690552,NA,490.089111328125,NA,50.6791763305664,8214.2080078125,8.54959297180176,NA,4.96646976470947,NA,45.8424186706543,36.3422927856445,20.7375984191895,62.3953094482422,NA,110.592666625977,NA,6.05520963668823,NA,NA,635.57470703125,740.903442382812,497.379150390625,449.375457763672,4480.41162109375,2452.09692382812,280.431060791016,3551.85034179688,1510.37805175781,25.1180553436279,NA,795.681030273438,565.834106445312,808.993103027344,557.041748046875,NA,421.056823730469,1393.87622070312,296.894592285156,1826.77001953125,540.441162109375,754.590576171875,1266.49975585938,663.794921875,2463.74365234375,575.721069335938,1723.78234863281,619.468017578125,510.353210449219,581.994323730469,550.28271484375,264.464447021484,NA,3524.21484375,514.920532226562,NA,676.128784179688,669.686462402344,392.396179199219,401.789154052734,557.796203613281,NA,1078.50903320312,2394.75610351562,509.264923095703,677.846923828125,1713.21618652344,408.907806396484,1578.77416992188,NA,895.995056152344,898.442260742188,NA,2103.81298828125,1383.92114257812,860.935180664062,512.346740722656,1880.62707519531,617.996643066406,337.098571777344,2885.32080078125,1081.42907714844,528.482116699219,1967.31774902344,9265.73046875,574.96923828125,707.10693359375,1760.83618164062,438.258941650391,1975.97973632812,329.304321289062,453.066040039062,2853.35888671875,1481.87231445312,469.777709960938,979.396484375,1762.84814453125,898.475158691406,748.829040527344,1881.37353515625,2095.123046875,533.963134765625,1654.64965820312,684.011596679688,487.272583007812,1649.98083496094,277.123718261719,445.892761230469,NA,2463.92846679688,363.260864257812,674.427429199219,2342.5263671875,1392.57800292969,566.443542480469,852.838073730469,1227.68493652344,1401.9287109375,NA,355.783355712891,267.720458984375,1659.46704101562,206.368270874023,481.37744140625,341.422241210938,1343.43640136719,1521.79016113281,1653.54125976562,638.90478515625,327.100341796875,474.592468261719,2008.55895996094,1566.30493164062,39.0570220947266,2197.16650390625,830.160339355469,3701.42065429688,546.768920898438,701.034851074219,418.131439208984,NA,155.065078735352,1597.5986328125,694.592102050781,2039.54284667969,192.510498046875,NA,403.015594482422,243.640823364258,2818.13061523438,828.385681152344,NA,341.432830810547,394.988952636719,218.072326660156,2034.18078613281,3140.06201171875,1108.43127441406,1414.95104980469,881.19482421875,1208.59020996094,2442.01318359375,1672.28540039062,468.245758056641,448.234954833984,1572.54931640625,1062.4990234375,NA,768.445739746094,793.954284667969
2008-04-30,33.307300567627,13849.990234375,37.1736068725586,8.95381546020508,NA,NA,NA,1.27832782268524,NA,45,166.170272827148,8.97185039520264,12.9438591003418,2.38918900489807,51.9788208007812,100.50594329834,1.3126734495163,4.25133085250854,NA,11.0651998519897,24.7367610931396,NA,NA,NA,36817.67578125,9.47439670562744,17.1099662780762,1.88705825805664,1.45746266841888,47.8943557739258,13.3345737457275,NA,483.962921142578,NA,55.7533340454102,6929.681640625,8.50387382507324,NA,5.94541215896606,NA,45.0391654968262,39.927173614502,21.9286136627197,70.6801681518555,NA,114.701080322266,NA,5.94511651992798,NA,NA,673.939453125,892.070373535156,661.630004882812,533.015625,5172.4111328125,2700.37475585938,359.807830810547,3963.55688476562,2060.65234375,26.1694984436035,NA,953.519958496094,627.869140625,940.169006347656,614.2177734375,NA,460.466064453125,1552.58483886719,335.922821044922,2702.61938476562,652.810119628906,940.673828125,1284.2666015625,644.636108398438,2710.6123046875,667.795959472656,2121.57885742188,763.196044921875,518.963562011719,719.345031738281,616.932006835938,280.287048339844,784.058715820312,4255.34619140625,568.703308105469,NA,873.629455566406,712.530090332031,448.066711425781,440.750427246094,549.215026855469,NA,1206.88806152344,2713.01293945312,674.216430664062,663.854736328125,1951.76538085938,363.517517089844,1787.0849609375,NA,1012.75354003906,1147.25329589844,NA,2103.81298828125,1595.59692382812,1187.58422851562,535.774169921875,2058.1552734375,733.205627441406,325.112976074219,3336.68823242188,1288.13623046875,465.591918945312,2455.0830078125,10649.8583984375,570.772399902344,911.147583007812,1743.74060058594,453.880035400391,1965.48803710938,398.072448730469,476.629760742188,2830.53295898438,2192.86669921875,517.2421875,1179.99572753906,2160.439453125,1090.23046875,855.293518066406,1966.12072753906,2095.123046875,572.765319824219,1785.46569824219,774.609252929688,571.442993164062,1646.65344238281,296.396026611328,524.41015625,NA,2394.02978515625,416.406677246094,690.447143554688,2781.87133789062,1375.30078125,616.730712890625,904.197631835938,1204.88989257812,1627.10900878906,NA,439.051818847656,322.161163330078,2104.53442382812,208.558303833008,482.121490478516,346.733306884766,1248.92297363281,1560.00866699219,1996.16711425781,647.885375976562,370.504150390625,566.3251953125,2042.89318847656,1531.70764160156,41.059944152832,2197.16650390625,898.795593261719,3440.04516601562,611.797180175781,763.97607421875,498.430206298828,NA,160.398986816406,1597.5986328125,686.566345214844,2207.5048828125,182.104476928711,NA,440.592346191406,279.981597900391,3634.24072265625,898.504943847656,NA,366.033874511719,413.569549560547,269.720916748047,1926.1025390625,3540.06982421875,1176.78442382812,1428.92553710938,950.596923828125,1220.02087402344,2489.40478515625,2198.43481445312,566.459899902344,489.194244384766,1666.2001953125,1163.04052734375,NA,855.271240234375,899.761657714844
2008-05-31,32.1009101867676,14338.5400390625,36.560546875,11.4463167190552,NA,NA,NA,1.26130795478821,NA,48,159.859954833984,8.89609622955322,11.6930618286133,2.25753164291382,50.6535835266113,84.2896423339844,1.34253239631653,4.23227071762085,NA,11.1807622909546,21.7596454620361,NA,NA,NA,38969.37109375,9.25058937072754,17.0628318786621,1.86261355876923,1.38477885723114,45.4342155456543,11.5434370040894,NA,490.089111328125,NA,48.2789154052734,7977.58447265625,8.64103412628174,NA,5.82920217514038,NA,43.260555267334,40.3404579162598,22.3489646911621,64.9325256347656,NA,127.017013549805,NA,5.87048053741455,NA,NA,686.727783203125,985.383117675781,623.459045410156,576.356384277344,4922.197265625,2544.15478515625,410.320343017578,4068.22827148438,2088.28149414062,29.9080009460449,NA,940.546630859375,684.264587402344,833.168701171875,690.641235351562,NA,505.406463623047,1658.390625,370.769653320312,2772.6875,691.604125976562,972.908630371094,1299.49487304688,670.556945800781,3016.72875976562,714.33935546875,2158.41186523438,857.337951660156,668.468627929688,717.016967773438,657.946899414062,286.616180419922,785.952758789062,4468.9345703125,549.779846191406,NA,996.400207519531,794.136779785156,508.061065673828,451.302490234375,563.159729003906,NA,1143.33410644531,2968.66235351562,672.929504394531,679.401672363281,2069.490234375,357.991668701172,1754.19323730469,NA,984.8330078125,1145.74072265625,NA,2065.74633789062,1671.50842285156,1261.01708984375,594.851623535156,2409.3095703125,809.594116210938,342.592163085938,3765.201171875,1368.80212402344,529.49658203125,2308.75341796875,11681.34375,516.493041992188,917.0107421875,1760.83618164062,444.767700195312,1923.52026367188,404.222412109375,550.5341796875,2929.44873046875,2277.20727539062,542.799926757812,1085.59594726562,2192.59741210938,1079.97912597656,908.07861328125,2254.25830078125,2216.32788085938,645.736206054688,1895.06896972656,779.139099121094,608.375,1546.85656738281,328.295196533203,615.893859863281,NA,2411.50463867188,445.023712158203,802.584655761719,3092.91162109375,1385.66687011719,515.207336425781,919.740478515625,1136.50415039062,1736.06750488281,NA,542.506530761719,344.578033447266,2231.69653320312,222.035415649414,514.114074707031,357.355255126953,1292.80432128906,1716.35705566406,2428.1728515625,728.710632324219,393.778533935547,580.057739257812,1982.80798339844,1487.67492675781,37.6104621887207,2073.5400390625,996.845825195312,3414.74975585938,621.75048828125,842.833435058594,450.685028076172,NA,152.398147583008,1677.7548828125,747.124145507812,2291.48583984375,176.158233642578,NA,471.356842041016,357.087127685547,3800.01318359375,903.39697265625,NA,398.089782714844,448.333374023438,254.656692504883,1995.58190917969,3965.79150390625,1062.24670410156,1624.57312011719,1041.02966308594,1229.16540527344,2328.79809570312,2439.72583007812,546.402038574219,493.058258056641,1775.458984375,1259.04150390625,NA,978.612121582031,795.545227050781
2008-06-30,28.8996315002441,13481.3798828125,36.2261505126953,10.5055227279663,NA,NA,NA,1.22618293762207,NA,55.5,147.239440917969,8.60412120819092,9.47573947906494,2.11176609992981,44.0273895263672,71.5769958496094,1.20179617404938,3.98819446563721,NA,10.3164386749268,19.4013767242432,NA,NA,NA,38252.140625,8.74329948425293,14.6118144989014,1.76972794532776,1.11596858501434,44.2303085327148,10.118577003479,NA,465.58447265625,NA,43.0175361633301,6828.271484375,7.36087894439697,NA,5.24732112884521,NA,45.0391654968262,35.3610000610352,19.1262302398682,54.7835845947266,NA,120.631317138672,NA,5.1770544052124,NA,NA,640.690124511719,865.942626953125,544.225341796875,582.439331054688,4943.69873046875,2806.38134765625,426.635437011719,4144.9873046875,1839.62158203125,30.3753108978271,NA,895.141296386719,657.946716308594,801.382019042969,640.258361816406,NA,453.552124023438,1407.67687988281,352.649383544922,2482.40625,627.393493652344,964.117736816406,1149.74841308594,659.286987304688,2666.1767578125,734.816284179688,1808.49865722656,822.843383789062,616.807373046875,705.377136230469,623.767822265625,286.616180419922,693.153503417969,4403.21533203125,445.202026367188,NA,989.283020019531,711.510131835938,479.415069580078,404.224090576172,581.395263671875,NA,1039.12878417969,2877.28125,584.149169921875,645.198547363281,1834.0400390625,322.863464355469,1673.79296875,NA,926.453979492188,991.462585449219,NA,2195.17211914062,1513.84643554688,961.588623046875,511.328338623047,2580.009765625,624.883911132812,300.142639160156,3285.26635742188,1131.84558105469,505.151977539062,1975.44714355469,10253.130859375,554.544616699219,832.580139160156,2000.1728515625,435.655303955078,1948.00207519531,355.58154296875,533.396850585938,2822.923828125,1779.59606933594,547.668151855469,961.696350097656,1847.62841796875,953.435852050781,894.658386230469,2271.2080078125,2233.6435546875,573.923522949219,1804.9111328125,813.113098144531,599.785949707031,1653.30688476562,345.573944091797,549.622131347656,NA,2385.29272460938,416.406677246094,653.601745605469,2941.279296875,1478.96655273438,508.565765380859,910.955322265625,1087.36096191406,1561.73388671875,NA,468.069732666016,308.070678710938,2075.92333984375,218.497711181641,423.344482421875,350.526794433594,1313.05712890625,1810.166015625,2107.892578125,655.5830078125,349.745758056641,536.11376953125,1862.63806152344,1629.20861816406,34.7173538208008,1966.77331542969,826.892211914062,3347.29858398438,581.937255859375,721.291870117188,410.897430419922,NA,155.446075439453,1615.56469726562,793.819580078125,2249.49560546875,165.752288818359,NA,440.972534179688,297.677978515625,3411.0849609375,898.504943847656,NA,374.979797363281,370.414581298828,236.723190307617,1875.92419433594,3702.3251953125,1006.82507324219,1310.13989257812,898.019592285156,1192.58752441406,2143.1787109375,1994.00756835938,514.586303710938,469.101013183594,1752.04614257812,1242.8251953125,NA,844.722290039062,772.474487304688
2008-07-31,28.4252986907959,13376.8095703125,33.2245216369629,12.1170673370361,NA,NA,NA,1.16231942176819,NA,51.75,145.466873168945,8.75922966003418,7.53321170806885,2.33760261535645,44.0273895263672,73.1558532714844,1.23989367485046,4.11511421203613,NA,10.7929267883301,18.2473258972168,NA,NA,NA,38252.140625,6.72241449356079,12.891393661499,1.7501722574234,0.84715861082077,44.9783554077148,11.7499389648438,NA,401.260375976562,NA,44.8561363220215,6929.681640625,6.53792333602905,NA,5.3979868888855,NA,44.5801658630371,37.0768966674805,18.4956970214844,60.5829772949219,NA,123.299011230469,NA,5.84684133529663,NA,NA,595.931396484375,768.897338867188,561.575805664062,593.084594726562,4623.11083984375,3378.25854492188,433.164337158203,3684.43334960938,1952.44018554688,32.3029747009277,NA,882.168151855469,595.911560058594,890.026550292969,611.387268066406,NA,429.353424072266,1403.07666015625,334.528991699219,2632.55200195312,597.963439941406,974.373962402344,1281.72839355469,728.033020019531,2838.98413085938,710.39013671875,1642.75,769.663818359375,616.024536132812,770.560546875,481.070251464844,306.055480957031,681.790283203125,3811.73852539062,444.205993652344,NA,1055.11682128906,748.743225097656,428.609039306641,366.074523925781,598.558471679688,NA,1130.04443359375,2613.79345703125,635.616088867188,693.393981933594,1672.94128417969,324.8369140625,1688.41137695312,NA,862.998168945312,998.269226074219,NA,2146.95483398438,1258.37561035156,1049.58166503906,482.807708740234,2853.12963867188,641.789733886719,326.860900878906,3542.37451171875,1088.99169921875,490.951049804688,2138.03637695312,9521.3994140625,569.373474121094,905.284362792969,1877.08544921875,481.650787353516,1961.99011230469,363.408782958984,458.421478271484,2602.26391601562,1897.67358398438,570.791931152344,925.706420898438,1982.10778808594,955.254455566406,833.821411132812,1859.34008789062,2155.72583007812,596.350891113281,1640.50732421875,824.437927246094,605.512023925781,1673.2666015625,386.777008056641,497.037048339844,NA,2577.513671875,400.054321289062,498.211273193359,2741.04663085938,1506.61047363281,518.053771972656,891.357788085938,1081.45825195312,1518.15112304688,NA,444.098358154297,299.10400390625,2171.294921875,225.404693603516,404,371.770843505859,1316.4326171875,1778.89636230469,2092.99560546875,601.699401855469,348.487731933594,519.634887695312,1952.76550292969,1632.35375976562,36.7202758789062,2124.11499023438,859.575439453125,3338.86743164062,557.385803222656,625.0712890625,457.919006347656,NA,160.780014038086,1547.84594726562,882.102661132812,2327.47827148438,164.265701293945,NA,406.129730224609,299.257965087891,3372.82983398438,973.516540527344,NA,325.032196044922,386.597534179688,238.157852172852,1856.62390136719,3457.2333984375,966.182312011719,1051.60583496094,834.927001953125,1133.91076660156,1837.76281738281,1930.33251953125,500.753295898438,445.143615722656,1499.97033691406,1144.2294921875,NA,744.102294921875,727.128356933594
2008-08-31,26.68141746521,13072.8701171875,34.8207130432129,11.6728038787842,NA,NA,NA,1.1782853603363,NA,81,166.605026245117,8.33891582489014,8.53764247894287,2.14346241950989,47.1196174621582,65.7743377685547,1.17408919334412,4.01833915710449,NA,10.6343984603882,19.3010215759277,NA,NA,NA,35741.828125,6.15093326568604,12.6085844039917,1.75993633270264,0.733117997646332,48.6267852783203,10.9032831192017,NA,419.638702392578,NA,43.2767639160156,8315.6181640625,6.69137001037598,NA,5.21615028381348,NA,45.153923034668,37.7497940063477,17.8242931365967,55.7156257629395,NA,99.5501174926758,NA,5.75228261947632,NA,NA,630.459533691406,791.292297363281,485.233917236328,615.135070800781,4349.4384765625,3123.796875,453.504241943359,3586.740234375,1542.61145019531,31.6604290008545,NA,806.491882324219,569.593872070312,813.0224609375,503.262420654297,NA,442.489898681641,1435.27819824219,366.588012695312,2352.27978515625,502.984710693359,898.182434082031,1314.72326660156,743.810974121094,2829.10864257812,728.710083007812,1653.79968261719,671.2099609375,595.673095703125,751.079284667969,487.906036376953,324.138549804688,683.684204101562,3055.96337890625,461.137817382812,NA,907.435974121094,701.8193359375,369.155059814453,392.048858642578,655.410827636719,NA,1190.8681640625,2608.5234375,593.155944824219,701.167419433594,1434.39245605469,331.941589355469,1662.82934570312,NA,769.083557128906,954.405822753906,NA,2207.86206054688,1199.98254394531,852.705444335938,471.603393554688,2716.56982421875,676.227172851562,336.599243164062,2988.16528320312,1031.01293945312,505.151977539062,1979.51196289062,9953.388671875,566.575500488281,864.24169921875,1943.75769042969,432.617889404297,2168.33203125,357.81787109375,405.081695556641,2556.60986328125,1859.72021484375,603.652099609375,757.557250976562,1780.3896484375,887.974609375,825.769470214844,2016.96826171875,2194.68432617188,611.596984863281,1552.11791992188,808.583557128906,708.577880859375,1783.04333496094,418.676116943359,558.266418457031,NA,2662.71313476562,400.638214111328,528.648681640625,2542.75830078125,1579.17687988281,578.778015136719,854.865417480469,1072.93310546875,1365.60925292969,NA,428.958648681641,325.363616943359,1843.85192871094,229.110931396484,360.103149414062,388.462677001953,1343.43640136719,1837.96154785156,1809.95703125,529.854858398438,324.584228515625,468.550262451172,1991.53540039062,1638.64404296875,45.8447151184082,2090.3984375,820.355163574219,3406.31884765625,558.049377441406,565.747497558594,430.154174804688,NA,153.541137695312,1369.56726074219,875.536254882812,2615.4140625,172.441833496094,NA,377.722869873047,307.790130615234,2971.150390625,916.4423828125,NA,345.905792236328,372.212585449219,184.357116699219,1984.00183105469,3364.96362304688,1156.46301269531,904.869689941406,980.040100097656,1181.15686035156,1845.66137695312,1735.95922851562,417.755584716797,374.044219970703,1506.21350097656,1181.8515625,NA,624.007202148438,636.436279296875
2008-09-30,23.31223487854,11259.8603515625,31.0371379852295,9.66926383972168,NA,NA,NA,1.03836762905121,NA,33,147.73974609375,7.73932695388794,12.1668481826782,1.81461369991302,38.6648445129395,60.0352096557617,1.0217000246048,3.56137180328369,NA,9.40304470062256,14.7693090438843,NA,NA,NA,32574.0859375,5.55701732635498,10.6289167404175,1.62033772468567,0.635369002819061,46.7455596923828,7.5249171257019,NA,297.116455078125,NA,34.2085647583008,5002.89208984375,5.15688371658325,NA,4.1562933921814,NA,42.8589324951172,29.2364826202393,12.3844118118286,40.5957794189453,NA,86.7880020141602,NA,5.59372425079346,NA,NA,567.797180175781,595.072814941406,520.356201171875,548.17626953125,4071.92993164062,2961.01123046875,427.388854980469,3049.31274414062,1465.51330566406,27.7144260406494,NA,813.7939453125,410.612548828125,601.260375976562,357.140502929688,NA,407.228942871094,1075.67297363281,312.813079833984,2212.14404296875,347.309112548828,723.305480957031,1006.07104492188,615.79541015625,2635.0576171875,633.030639648438,1538.16455078125,500.380859375,459.759216308594,702.963500976562,438.5,324.643829345703,665.81640625,2865.14453125,438.677398681641,NA,782.885925292969,498.451568603516,256.134185791016,350.462066650391,586.270812988281,NA,1254.89331054688,2013.04223632812,507.302917480469,648.032165527344,1049.59460449219,266.026885986328,1327.23449707031,NA,686.803588867188,796.346435546875,NA,2008.90930175781,1141.67663574219,796.365173339844,392.233001708984,2082.54077148438,618.622741699219,288.745178222656,2236.14013671875,768.456237792969,436.212371826172,1639.97570800781,9581.08984375,514.814453125,756.358093261719,1708.32312011719,436.950286865234,1994.88256835938,291.175201416016,293.375518798828,2001.57348632812,1876.00341796875,538.9853515625,802.986877441406,1607.90490722656,808.287841796875,710.026428222656,1524.69079589844,1883.01306152344,559.408874511719,1200.29028320312,690.448547363281,612.141906738281,1563.48962402344,348.859344482422,471.637878417969,NA,2732.78393554688,306.61083984375,428.394775390625,1743.57043457031,1524.48205566406,554.108947753906,772.309631347656,903.07373046875,1176.74853515625,122.236885070801,398.782104492188,337.376373291016,1735.76428222656,239.5556640625,365.715118408203,307.573913574219,1233.52526855469,1582.04052734375,1623.74792480469,367.781921386719,280.278686523438,407.914855957031,1879.69946289062,1581.955078125,32.2248268127441,2219.64379882812,899.169677734375,3161.80615234375,468.920989990234,465.441741943359,375.380584716797,NA,130.681335449219,1144.43664550781,805.42724609375,2495.54345703125,160.549285888672,NA,314.473175048828,269.782745361328,2059.28686523438,816.737365722656,NA,369.977355957031,335.752685546875,197.269302368164,1829.44152832031,2641.22290039062,1032.68823242188,887.4013671875,708.741394042969,1094.69848632812,1385.23266601562,1707.12121582031,373.391998291016,304.824310302734,1290.248046875,949.519348144531,NA,477.885406494141,530.230285644531
2008-10-31,18.3526248931885,8576.98046875,28.3767986297607,9.58215045928955,NA,NA,NA,0.556383728981018,NA,18.2999992370605,134.556884765625,5.08268022537231,12.3184595108032,1.40256130695343,27.6177539825439,48.8471183776855,0.765409052371979,2.43385171890259,NA,7.28736400604248,10.7535343170166,NA,NA,NA,18319.185546875,3.06773352622986,9.42697811126709,1.21151423454285,0.448016673326492,42.7550926208496,4.74953556060791,NA,297.116455078125,NA,23.8778285980225,4455.2783203125,4.60346221923828,NA,2.96135926246643,NA,40.500617980957,24.5925407409668,10.8025999069214,33.9161224365234,NA,62.4535331726074,NA,2.25489544868469,NA,NA,483.535034179688,416.738739013672,348.4580078125,345.854919433594,3623.626953125,2879.619140625,346.531402587891,2214.46606445312,888.612854003906,23.1642932891846,NA,639.72021484375,305.434814453125,425.314514160156,290.535583496094,NA,402.389221191406,740.967895507812,217.42610168457,1161.12548828125,251.649520874023,749.930236816406,878.397094726562,456.991149902344,2424.25341796875,491.674224853516,1308.93334960938,433.035827636719,297.3056640625,637.243713378906,321.796844482422,315.562805175781,510.332092285156,1795.87609863281,276.688659667969,NA,503.537933349609,437.766082763672,203.593826293945,276.594146728516,432.441925048828,NA,1082.02563476562,1760.09448242188,431.763580322266,500.894439697266,660.461364746094,251.423004150391,1117.982421875,NA,547.655517578125,699.544616699219,NA,1771.21350097656,938.121704101562,624.178039550781,287.119445800781,951.043273925781,536.598571777344,251.674697875977,1872.1171875,582.661682128906,323.515594482422,1392.75524902344,8035.7529296875,448.504028320312,603.913818359375,1371.8095703125,366.093414306641,1991.35180664062,182.975799560547,199.703536987305,1319.271484375,1317.01391601562,479.783538818359,587.637939453125,1093.37536621094,549.830932617188,508.191467285156,946.125,1592.98596191406,565.859069824219,837.328125,420.193786621094,477.038543701172,1630.02087402344,224.984130859375,350.089202880859,NA,2680.23120117188,228.936065673828,347.918243408203,976.320373535156,1465.17700195312,458.752838134766,530.323791503906,699.767333984375,849.873596191406,131.133758544922,352.915802001953,303.832214355469,1157.17578125,163.241470336914,338.680725097656,210.929718017578,1172.18981933594,1501.53833007812,1303.46691894531,217.561141967773,231.756561279297,297.921569824219,1583.76574707031,1623.333984375,21.0863399505615,1320.54760742188,733.88134765625,3144.94287109375,331.675842285156,278.381317138672,338.134704589844,NA,124.585464477539,993.337951660156,591.922546386719,1921.99548339844,165.009017944336,NA,236.576110839844,178.050216674805,1583.31921386719,624.853210449219,NA,354.968200683594,236.787612915039,137.012512207031,1536.88708496094,1747.35986328125,814.697021484375,496.944732666016,433.236572265625,880.233093261719,959.416809082031,743.696105957031,327.941680908203,202.434600830078,1109.7548828125,673.916076660156,NA,346.733337402344,358.850830078125
2008-11-30,16.4273834228516,8512.26953125,24.1202926635742,7.40439033508301,NA,NA,NA,0.520800948143005,NA,18.6000003814697,100.917640686035,4.42489099502563,11.2003221511841,1.50557422637939,22.2322883605957,39.3356285095215,0.848530352115631,2.55802822113037,NA,7.3769154548645,9.82940292358398,NA,NA,NA,18050.2265625,3.65593194961548,9.40340995788574,1.27134156227112,0.415433615446091,36.7693748474121,5.13775825500488,NA,373.69287109375,NA,20.3302364349365,3515.54565429688,4.07519626617432,NA,3.31984043121338,NA,39.0860786437988,24.745080947876,8.91214466094971,32.8473243713379,NA,53.6789817810059,NA,1.87512350082397,NA,NA,388.902191162109,345.968231201172,303.589721679688,336.693206787109,3106.8046875,3073.27661132812,413.326721191406,2089.94677734375,802.543090820312,24.5234203338623,NA,503.725250244141,225.789306640625,582.904724121094,277.329437255859,NA,428.662109375,599.0068359375,271.431945800781,1241.203125,229.908782958984,538.411437988281,893.717712402344,442.138824462891,2313.83227539062,427.141876220703,1024.44763183594,370.759796142578,326.484222412109,633.72314453125,272.422454833984,325.551818847656,433.066864013672,2060.0966796875,249.925323486328,NA,476.848724365234,434.654022216797,182.796630859375,270.848815917969,475.471130371094,NA,1025.68322753906,1488.70251464844,379.248321533203,538.461608886719,716.857604980469,244.713150024414,845.880981445312,NA,588.506408691406,641.312255859375,NA,1878.55932617188,868.795043945312,373.493865966797,263.192840576172,904.22265625,498.404388427734,239.318054199219,1716.10754394531,460.820861816406,369.497619628906,1158.58959960938,7541.24560546875,465.571197509766,540.590881347656,1387.26147460938,441.761474609375,1927.7978515625,182.975799560547,196.450988769531,1659.65356445312,1186.58227539062,479.783538818359,784.697204589844,1043.67651367188,419.383270263672,537.02490234375,1041.41809082031,1917.64294433594,455.619140625,928.966979980469,452.551391601562,596.298217773438,1719.83874511719,192.173919677734,403.948974609375,NA,2978.03442382812,209.07942199707,258.98779296875,999.988830566406,1500.06237792969,495.282257080078,490.787963867188,759.44775390625,813.554504394531,180.045425415039,352.915802001953,350.922973632812,1134.9228515625,181.098693847656,346.941192626953,216.298858642578,1236.93322753906,1484.0380859375,1519.47058105469,152.810806274414,257.932922363281,270.284973144531,1647.42578125,1671.07946777344,29.5987644195557,1562.17993164062,621.485229492188,2925.724609375,213.268203735352,282.800109863281,290.664398193359,NA,118.870498657227,1000.33325195312,595.603881835938,1970.80725097656,164.265701293945,NA,200.401733398438,188.879684448242,1499.13464355469,623.213073730469,NA,376.731597900391,242.251892089844,129.12174987793,1383.978515625,1545.51916503906,914.455810546875,440.151031494141,347.009918212891,776.086303710938,1208.25305175781,722.737609863281,316.753845214844,226.664276123047,993.104858398438,652.261535644531,NA,340.995391845703,402.299163818359
2008-12-31,17.8757171630859,8859.5595703125,26.2485427856445,8.7110481262207,NA,NA,NA,0.617844820022583,NA,42,100.235771179199,3.96357131004333,12.0341882705688,1.61651158332825,22.1632480621338,47.4607009887695,0.73423844575882,2.47855567932129,NA,7.2313928604126,12.6017980575562,NA,NA,NA,20142.140625,4.51710653305054,11.2652387619019,1.29857790470123,0.407287806272507,36.1993141174316,5.93072366714478,NA,385.945098876953,NA,22.639289855957,3900.90356445312,3.73811197280884,NA,3.52765417098999,NA,39.83056640625,24.8467750549316,9.10504913330078,34.5873985290527,NA,69.9453506469727,NA,1.21843445301056,NA,NA,376.586944580078,360.798156738281,319.905548095703,263.399444580078,3562.93994140625,3643.02514648438,437.626220703125,2387.80297851562,874.655517578125,27.6553287506104,NA,567.914855957031,235.887878417969,717.662414550781,254.362121582031,NA,439.032989501953,715.576416015625,277.04296875,1289.75024414062,244.855606079102,602.014892578125,753.2763671875,479.840515136719,2328.88891601562,392.876251220703,1150.63635253906,399.725402832031,338.313262939453,715.872497558594,253.777557373047,335.994934082031,533.225402832031,1911.47229003906,287.756286621094,NA,507.096466064453,404.570465087891,183.891189575195,286.443237304688,448.577911376953,NA,857.312438964844,1489.78881835938,377.954833984375,560.375793457031,700.565246582031,288.129943847656,822.959350585938,NA,497.868682861328,674.587890625,NA,1760.99047851562,927.796752929688,323.483734130859,251.12727355957,816.43408203125,541.607788085938,245.874694824219,1675.66027832031,463.095886230469,346.711883544922,1180.61938476562,8035.7529296875,430.597442626953,403.390991210938,1334.03747558594,424.703369140625,1913.67456054688,184.108795166016,204.90754699707,1751.85656738281,1112.89782714844,447.715637207031,791.187072753906,1257.08911132812,449.752349853516,574.869140625,1187.76123046875,1991.232421875,456.205535888672,979.278381347656,399.001800537109,661.113342285156,1729.81848144531,160.033325195312,461.447937011719,NA,3070.0029296875,261.057250976562,277.359130859375,1069.021484375,1587.27514648438,541.794677734375,464.885192871094,779.175109863281,820.818298339844,166.974212646484,394.960113525391,341.891876220703,1176.25024414062,177.055557250977,339.431732177734,223.968978881836,1410.716796875,1431.53662109375,1333.26062011719,146.335739135742,248.994613647461,290.736053466797,1639.68334960938,1741.10583496094,34.3835334777832,1863.17651367188,806.608093261719,2984.74462890625,215.286590576172,303.420928955078,309.652557373047,NA,116.203567504883,956.962097167969,683.950439453125,2257.58203125,157.576156616211,NA,208.008941650391,181.55387878418,1512.08605957031,736.37548828125,NA,390.239837646484,238.609085083008,147.055267333984,1423.76538085938,1491.16052246094,883.05029296875,472.097503662109,361.731536865234,755.257019042969,1253.49584960938,701.102600097656,384.579742431641,238.388229370117,945.025817871094,737.567443847656,NA,291.813323974609,468.276306152344
2009-01-31,16.5208549499512,7994.0498046875,23.7655792236328,8.43229484558105,NA,NA,NA,0.614610016345978,NA,43,109.100143432617,4.15186548233032,13.9103841781616,1.3272830247879,20.368091583252,43.8495559692383,0.71692168712616,2.55802822113037,NA,6.64929628372192,11.5264453887939,NA,NA,NA,22144.39453125,3.55844116210938,9.52124786376953,1.35459542274475,0.39914208650589,30.0425662994385,5.31947946548462,NA,385.945098876953,NA,19.139705657959,4658.09814453125,3.67270755767822,NA,3.0237033367157,NA,38.0437850952148,24.7111740112305,8.2948522567749,37.4785995483398,NA,59.0422401428223,NA,2.04127287864685,NA,NA,379.179718017578,334.141845703125,297.179870605469,224.462219238281,3251.671875,3238.86938476562,443.467987060547,1984.52978515625,849.067199707031,26.0007343292236,NA,529.836242675781,232.648620605469,633.047119140625,256.658813476562,NA,394.092559814453,777.900817871094,241.974182128906,1136.10131835938,260.889343261719,630.118774414062,666.458068847656,466.130767822266,2133.14184570312,426.680999755859,1217.09155273438,304.138885498047,324.906982421875,571.524658203125,287.614562988281,311.476409912109,455.00634765625,1746.33447265625,248.51676940918,NA,435.925079345703,431.023193359375,178.965560913086,284.8017578125,332.399383544922,NA,749.421569824219,1331.12866210938,307.848266601562,456.596588134766,593.412658691406,228.846267700195,812.607788085938,NA,511.911102294922,551.316833496094,NA,1571.85632324219,805.368774414062,255.115356445312,252.149856567383,614.520263671875,512.805541992188,229.73518371582,1554.31970214844,562.439270019531,336.448028564453,988.064880371094,7205.6875,393.385314941406,507.756683349609,1105.6884765625,342.911865234375,1560.59838867188,194.305587768555,178.237060546875,1406.86413574219,895.230590820312,424.281494140625,835.43701171875,1055.37048339844,365.847991943359,529.816650390625,1128.20288085938,1653.58874511719,458.201110839844,772.641967773438,337.704467773438,558.849670410156,1586.77600097656,177.442840576172,362.462371826172,NA,2785.337890625,232.440231323242,274.595306396484,1039.43603515625,1489.5966796875,506.62548828125,471.020263671875,758.635681152344,769.971008300781,174.985610961914,308.323547363281,277.383972167969,941.000549316406,147.574356079102,296.627227783203,192.521347045898,1315.30615234375,1288.03283691406,1236.431640625,138.565704345703,239.41796875,278.575988769531,1375.5791015625,1572.40612792969,31.2789974212646,1510.43957519531,667.765747070312,2866.70385742188,185.011856079102,245.977203369141,273.8671875,NA,126.490432739258,860.426452636719,602.965881347656,2031.82421875,144.940322875977,NA,191.046798706055,189.1982421875,1479.70751953125,646.173583984375,NA,309.190032958984,226.466079711914,119.796257019043,1190.50231933594,1417.19384765625,790.6806640625,386.906982421875,338.597564697266,688.911560058594,1139.05798339844,611.859130859375,358.708038330078,218.066558837891,844.139282226562,734.286376953125,NA,272.960174560547,333.908294677734
2009-02-28,15.7334680557251,7568.419921875,26.5736980438232,7.83123159408569,NA,NA,NA,0.598436057567596,NA,43,138.19352722168,3.69054675102234,14.3652200698853,1.25992810726166,24.0619621276855,40.3351516723633,0.751555740833282,2.22523617744446,NA,5.59145450592041,12.534592628479,NA,NA,NA,17572.07421875,3.46094942092896,8.90849494934082,1.25274586677551,0.415433615446091,31.7527770996094,4.74953556060791,NA,398.197296142578,NA,14.2335662841797,4671.61962890625,3.94438672065735,NA,2.87303853034973,NA,40.1283760070801,21.6434707641602,9.41369342803955,32.6599273681641,NA,46.6333274841309,NA,2.27863121032715,NA,6.04688882827759,412.236297607422,313.1171875,264.548370361328,189.342193603516,3656.9072265625,2814.23779296875,428.228515625,1998.6787109375,737.408996582031,25.1143474578857,NA,491.757690429688,237.03108215332,537.239501953125,257.233062744141,NA,357.448883056641,770.976013183594,194.982131958008,940.912170410156,250.018966674805,652.30615234375,600.067687988281,363.536346435547,2002.64392089844,492.641326904297,1346.26696777344,284.587066650391,265.761352539062,522.355712890625,324.213806152344,291.952453613281,452.144744873047,1791.74755859375,241.675064086914,NA,414.573669433594,431.541870117188,169.661514282227,305.320678710938,325.945007324219,NA,874.109680175781,1366.08764648438,259.47216796875,384.4365234375,640.409362792969,223.162643432617,853.275024414062,NA,474.890228271484,454.184783935547,NA,1495.18017578125,958.77197265625,129.14030456543,315.954132080078,480.886474609375,406.362457275391,227.969955444336,1508.09436035156,628.162353515625,319.204742431641,821.619567871094,7973.94140625,345.261291503906,476.095123291016,1021.56030273438,296.111419677734,1318.38732910156,185.241775512695,174.550857543945,1077.23828125,809.688049316406,405.780822753906,1007.12646484375,885.809204101562,255.414886474609,527.113525390625,1153.72814941406,1467.45202636719,387.296142578125,736.705017089844,300.333709716797,462.635284423828,1573.46960449219,212.261779785156,346.449981689453,NA,2280.95849609375,275.07373046875,289.390014648438,998.016357421875,1374.47570800781,480.961578369141,526.233764648438,630.760803222656,602.901916503906,138.301895141602,262.457305908203,266.417694091797,708.929260253906,127.35871887207,281.608154296875,165.675735473633,1199.45007324219,1218.03112792969,1273.67321777344,125.615669250488,201.111053466797,189.033645629883,1286.08435058594,1543.75927734375,25.5038967132568,1356.68200683594,578.510009765625,2951.01904296875,205.867721557617,230.511520385742,257.572814941406,NA,123.823463439941,825.449645996094,564.682373046875,1854.87817382812,138.250778198242,NA,189.038101196289,240.797836303711,1395.52258300781,626.493347167969,NA,278.421142578125,204.00163269043,121.948295593262,1128.87060546875,1269.26135253906,689.074768066406,315.914825439453,286.020294189453,647.252807617188,1317.36804199219,780.880981445312,325.843841552734,264.181030273438,860.690795898438,740.848266601562,NA,317.224029541016,270.345031738281
2009-03-31,17.9892082214355,8109.52978515625,30.3868370056152,10.0002851486206,NA,NA,NA,0.566088259220123,NA,33,145.012298583984,3.97769474983215,13.5124034881592,1.59670114517212,26.4785175323486,47.2027626037598,0.890091180801392,2.40405035018921,NA,5.4403338432312,15.5422220230103,NA,NA,NA,19693.87109375,4.02964925765991,9.639084815979,1.28839313983917,0.505036950111389,35.5722312927246,5.59206104278564,NA,404.323364257812,NA,17.7859668731689,4184.8515625,5.58452701568604,NA,3.21073794364929,NA,38.4955940246582,22.6264896392822,12.6930561065674,37.5900459289551,NA,62.1189117431641,NA,2.84828948974609,NA,5.90516471862793,408.930908203125,375.064849853516,279.99951171875,205.308334350586,3990.52807617188,3159.30053710938,421.624694824219,2072.82690429688,793.23828125,22.3584671020508,NA,526.0068359375,247.68815612793,563.358459472656,278.746887207031,NA,323.140563964844,841.115417480469,211.025787353516,983.105407714844,274.359344482422,712.784423828125,676.125549316406,385.368988037109,1749.19921875,478.822265625,1466.12719726562,319.345855712891,290.274780273438,514.026672363281,339.201568603516,286.943450927734,438.928009033203,2228.07690429688,294.957641601562,NA,469.731536865234,444.415374755859,168.411071777344,314.103881835938,392.175323486328,NA,910.289001464844,1516.68005371094,278.673522949219,422.856536865234,680.767456054688,205.171417236328,795.618591308594,NA,545.580261230469,499.991424560547,NA,1324.4267578125,985.708251953125,204.675918579102,334.660278320312,583.306518554688,510.414093017578,250.805572509766,1525.02038574219,617.828796386719,319.354858398438,905.135131835938,8361.54296875,329.033508300781,504.238647460938,958.45263671875,303.984375,1374.39770507812,209.941253662109,206.788635253906,1155.2763671875,925.234680175781,379.442077636719,778.005493164062,889.974670410156,305.387390136719,589.092834472656,1168.83068847656,1571.34191894531,443.305206298828,680.612060546875,360.035827636719,489.227905273438,1442.88488769531,215.609771728516,394.294738769531,NA,2425.99072265625,284.418029785156,325.970153808594,975.8134765625,1216.72802734375,448.644073486328,564.315002441406,690.391540527344,844.254638671875,132.820373535156,311.400665283203,310.859741210938,761.356811523438,140.859344482422,298.442626953125,209.87971496582,1060.80407714844,1103.73413085938,1481.8916015625,154.105804443359,228.496643066406,238.185028076172,1194.84167480469,1399.40515136719,28.5082836151123,1670.22631835938,627.794494628906,3262.58813476562,235.469665527344,232.459411621094,285.779693603516,NA,101.847473144531,951.161499023438,615.774475097656,1797.45166015625,148.656753540039,NA,195.287261962891,237.410507202148,1406.85522460938,680.301208496094,NA,309.451568603516,206.274642944336,160.338623046875,1138.56127929688,1535.5400390625,291.886779785156,426.329498291016,349.113006591797,703.924865722656,1252.16516113281,872.341430664062,342.072692871094,281.309387207031,917.947448730469,772.918090820312,NA,353.79638671875,323.122863769531
2009-04-30,20.9543113708496,8828.259765625,32.6333389282227,12.0212440490723,NA,NA,NA,0.646957993507385,NA,24.3999996185303,156.60417175293,4.54068660736084,19.2831268310547,1.76706886291504,33.0032119750977,59.4652061462402,1.00438261032104,2.99606370925903,NA,6.43660926818848,16.2983245849609,NA,NA,NA,23758.15625,4.92332220077515,12.1136665344238,1.30367076396942,0.570202827453613,41.1588973999023,5.7903037071228,NA,474.773773193359,NA,24.3748264312744,6355.02490234375,6.2385721206665,NA,3.56402134895325,NA,39.1796875,27.3551712036133,13.7347326278687,43.7376937866211,NA,71.5441055297852,NA,3.67112731933594,NA,7.74757623672485,504.610443115234,474.932006835938,314.705322265625,263.196014404297,3746.7822265625,2913.2314453125,463.533355712891,1897.85327148438,790.912170410156,22.0587539672852,NA,569.932434082031,291.057647705078,695.2275390625,306.738189697266,NA,309.151763916016,1035.21899414062,227.313079833984,1077.23254394531,288.828735351562,711.290344238281,637.659545898438,387.005920410156,1800.64624023438,588.444641113281,1289.12817382812,377.277038574219,334.014892578125,529.495056152344,401.41162109375,283.745086669922,516.102111816406,2198.97875976562,311.714294433594,NA,580.047302246094,449.687194824219,196.571533203125,332.385009765625,401.898712158203,NA,943.237487792969,1586.59802246094,322.812133789062,408.613616943359,775.56591796875,195.178482055664,1064.29809570312,NA,641.858947753906,596.263244628906,NA,1435.44079589844,1051.125,297.651733398438,378.418914794922,1006.64270019531,553.592956542969,249.784957885742,1913.52392578125,748.498840332031,364.022766113281,1053.80078125,8494.2666015625,346.380493164062,637.920593261719,1008.62396240234,316.231323242188,1325.69543457031,255.955841064453,252.255905151367,1135.73522949219,1003.83215332031,403.314178466797,781.569091796875,952.272827148438,363.380218505859,692.729614257812,1066.1513671875,1575.67114257812,504.676666259766,725.74560546875,364.821105957031,492.423736572266,1355.23266601562,263.820648193359,433.355651855469,NA,2439.17431640625,299.602600097656,371.4921875,1138.11059570312,1319.00329589844,473.357452392578,655.732666015625,717.556762695312,1123.16003417969,131.555419921875,365.445404052734,314.761810302734,944.017822265625,150.284317016602,327.909088134766,262.543365478516,1078.02478027344,1068.35791015625,1587.74084472656,211.086059570312,254.886383056641,284.375274658203,1133.14440917969,1399.40515136719,29.0090160369873,1799.86450195312,714.617126464844,3042.82861328125,343.112976074219,281.23779296875,279.099182128906,NA,123.790397644043,1054.95031738281,645.55810546875,1657.02575683594,142.710479736328,NA,231.443359375,233.871810913086,1754.46948242188,693.511108398438,NA,357.11767578125,228.989364624023,196.711715698242,1373.41394042969,1733.76965332031,556.063049316406,621.118103027344,452.164489746094,815.112182617188,1463.74279785156,912.899658203125,342.778015136719,297.810821533203,1147.03784179688,799.501770019531,NA,379.602844238281,413.334838867188
2009-05-31,23.6002101898193,9522.5,35.7074890136719,15.0748491287231,NA,NA,NA,0.769882440567017,NA,29,181.833587646484,5.7038950920105,29.0905170440674,2.00230360031128,42.4622955322266,78.6072235107422,1.20525979995728,3.68902945518494,NA,8.20187473297119,18.0625762939453,NA,NA,NA,23907.58203125,6.95439529418945,14.8710565567017,1.53283178806305,0.760517477989197,42.9831123352051,8.55609893798828,NA,581.980590820312,NA,25.1799125671387,9566.3408203125,6.54043769836426,NA,4.61868143081665,NA,38.5577850341797,33.5479774475098,15.5094432830811,52.2685661315918,NA,77.9762802124023,NA,4.58826875686646,NA,7.79481744766235,499.367614746094,468.361785888672,351.76416015625,243.128311157227,4279.57080078125,3193.2412109375,441.182098388672,1860.82543945312,853.7197265625,23.7371387481689,NA,613.857788085938,346.763397216797,778.206176757812,401.792175292969,NA,348.320343017578,1007.48956298828,241.475784301758,1192.27661132812,338.358062744141,744.164978027344,704.523254394531,416.002105712891,1939.55297851562,568.795349121094,1504.11010742188,399.725402832031,392.865112304688,547.343139648438,395.329559326172,287.400390625,538.289794921875,2435.92016601562,345.631439208984,NA,660.115112304688,501.351165771484,237.984146118164,334.046997070312,431.06884765625,NA,936.776794433594,1694.16345214844,413.962005615234,448.177337646484,881.180236816406,201.12663269043,1018.15411376953,NA,707.328491210938,685.547302246094,NA,1466.421875,1138.84240722656,386.753448486328,435.530944824219,952.994140625,583.882751464844,256.163665771484,2110.6748046875,852.527404785156,365.692596435547,1284.60217285156,8980.916015625,366.245666503906,641.438537597656,1055.33581542969,310.107818603516,1500.44934082031,245.027374267578,288.979461669922,1375.701171875,1239.62609863281,405.826904296875,848.679321289062,1038.30383300781,441.732086181641,678.183837890625,1319.42651367188,1714.19140625,548.768859863281,823.233581542969,425.206909179688,546.169006347656,1395.6875,251.098403930664,515.899719238281,NA,2535.86352539062,338.731994628906,433.272094726562,1371.41320800781,1230.83471679688,497.120361328125,743.026123046875,793.75146484375,1288.99584960938,187.635147094727,379.599975585938,281.594757080078,876.125854492188,165.021392822266,355.864471435547,338.440765380859,1036.69458007812,1103.73413085938,1610.42297363281,211.086059570312,302.516754150391,332.791320800781,1127.93041992188,1367.16088867188,36.2195434570312,1899.35498046875,784.743041992188,2983.66186523438,384.151916503906,328.491790771484,272.418487548828,NA,128.418075561523,1219.87536621094,743.099243164062,2028.37463378906,137.50749206543,NA,239.924392700195,256.390380859375,2085.68798828125,711.67431640625,NA,324.583740234375,270.735412597656,216.754104614258,1290.10485839844,2065.13842773438,589.315979003906,569.664489746094,529.978881835938,953.704650878906,1793.74987792969,1082.69323730469,407.665954589844,304.097045898438,1151.00170898438,871.942138671875,NA,420.393371582031,397.752716064453
2009-06-30,22.7736015319824,9958.4404296875,32.3377304077148,15.7814836502075,NA,NA,NA,0.698026716709137,NA,27,178.196899414062,5.7038950920105,29.4221706390381,2.21566390991211,40.7584457397461,79.3965911865234,1.32375884056091,3.40369057655334,NA,8.44344615936279,17.6257152557373,NA,NA,NA,25581.119140625,6.43444108963013,14.4704113006592,1.52773916721344,0.743802726268768,42.4700469970703,9.59451484680176,NA,670.809265136719,NA,25.1058254241943,8586.044921875,5.53421688079834,NA,4.46801614761353,NA,40.734432220459,31.2017211914062,14.622091293335,52.4310684204102,NA,76.84228515625,NA,4.27019214630127,NA,10.6292963027954,481.018218994141,473.993347167969,351.76416015625,232.322631835938,4249.373046875,3563.759765625,471.689453125,1939.23767089844,914.201110839844,23.4973735809326,NA,586.404357910156,344.643218994141,844.140808105469,391.878509521484,NA,358.112426757812,1079.12316894531,283.256195068359,1181.81811523438,318.880187988281,669.449584960938,779.648193359375,404.076324462891,1934.40881347656,551.901428222656,1470.68530273438,442.449645996094,418.31396484375,540.203979492188,430.952880859375,295.168029785156,489.091125488281,2585.56665039062,353.303100585938,NA,674.349487304688,517.69384765625,236.327590942383,344.0185546875,460.238861083984,NA,984.253662109375,1729.263671875,439.557220458984,493.754516601562,949.257019042969,243.874008178711,969.032409667969,NA,785.635620117188,741.446899414062,NA,1499.98364257812,1153.70971679688,375.131500244141,445.802917480469,855.451171875,670.240661621094,270.451629638672,2145.4658203125,1040.28662109375,447.723114013672,1323.20568847656,9193.2734375,391.011383056641,693.035095214844,1025.92468261719,334.164123535156,1507.61169433594,261.132415771484,313.461791992188,1446.8310546875,1513.01025390625,429.699066162109,805.324768066406,1094.6689453125,502.192657470703,660.911254882812,1321.13781738281,1696.87622070312,583.923461914062,752.825500488281,520.684753417969,542.392333984375,1436.142578125,261.811828613281,587.388488769531,NA,3006.11865234375,332.891815185547,477.981170654297,1272.00634765625,1216.72802734375,552.250366210938,746.462890625,902.389221191406,1258.84411621094,195.224899291992,387.320617675781,307.608093261719,895.523803710938,166.049545288086,371.731048583984,375.615020751953,1060.80407714844,1128.49719238281,2011.13830566406,200.725982666016,316.033477783203,319.991668701172,1368.63671875,1438.09777832031,43.530216217041,1863.17651367188,778.064208984375,2848.42504882812,394.243530273438,303.340423583984,302.109954833984,NA,117.620162963867,1386.22155761719,812.345947265625,2146.95654296875,138.250778198242,NA,239.478057861328,266.362945556641,2131.59887695312,804.142639160156,NA,317.774291992188,251.090179443359,247.188720703125,1255.19445800781,2319.19750976562,716.785522460938,588.040771484375,702.432250976562,1036.70373535156,1813.71032714844,1082.69323730469,445.047271728516,322.955657958984,1109.78125,827.414794921875,NA,534.440795898438,533.07080078125
2009-07-31,26.1342391967773,10356.830078125,36.9830856323242,18.250337600708,NA,NA,NA,0.800677716732025,NA,25,221.715270996094,6.70932817459106,40.6509170532227,2.2895188331604,45.3763961791992,96.1705169677734,1.3847451210022,3.9845597743988,NA,10.1689443588257,23.1201038360596,NA,NA,NA,32438.3671875,6.80011510848999,15.8608884811401,1.78236186504364,0.760517477989197,51.8212852478027,9.85411739349365,NA,581.980590820312,NA,33.2307662963867,7673.3544921875,7.32025861740112,NA,4.78493452072144,NA,40.9210052490234,35.053783416748,18.6484622955322,63.8597602844238,NA,93.945198059082,NA,5.11309671401978,NA,13.1803274154663,522.959777832031,502.151489257812,332.940582275391,245.443832397461,4031.51049804688,3476.07885742188,444.772308349609,1838.318359375,942.11572265625,23.4374370574951,NA,603.974426269531,364.303955078125,903.795837402344,412.871948242188,NA,351.117980957031,1146.13537597656,268.385101318359,1124.2958984375,330.288665771484,762.096801757812,707.36328125,402.20556640625,1970.42163085938,632.819519042969,1735.80322265625,502.553314208984,494.660186767578,528.305236816406,485.690795898438,289.685028076172,468.832977294922,2859.919921875,416.897735595703,NA,590.722961425781,493.970642089844,241.297149658203,380.580932617188,519.659362792969,NA,1068.0615234375,1931.74096679688,454.444122314453,504.832244873047,985.521728515625,246.25325012207,1116.39660644531,NA,793.337829589844,714.273376464844,NA,1401.87817382812,1155.19653320312,386.753448486328,490.999450683594,949.092407226562,630.928466796875,271.472137451172,2197.65283203125,1258.49304199219,489.468658447266,1295.27954101562,9449.87109375,424.276947021484,798.573364257812,987.863098144531,397.147857666016,1536.26000976562,286.4404296875,317.833801269531,1575.02136230469,1665.93432617188,453.571319580078,830.268493652344,978.972351074219,511.446685791016,692.729614257812,1238.99487304688,1753.150390625,537.5361328125,731.161682128906,619.808471679688,569.119689941406,1426.02844238281,255.785507202148,627.923583984375,NA,2979.74975585938,293.178375244141,495.864868164062,1170.57043457031,1223.78137207031,577.914367675781,810.38671875,946.505615234375,1206.07800292969,179.2021484375,343.570098876953,275.091369628906,898.756469726562,189.697479248047,358.131103515625,388.006408691406,1084.9130859375,1068.35791015625,1844.80395507812,218.856140136719,314.746063232422,311.644104003906,1463.35522460938,1470.34301757812,54.1123352050781,1971.71142578125,717.956420898438,2231.4072265625,463.538848876953,272.091857910156,291.717987060547,NA,129.574996948242,1373.42602539062,811.601257324219,2103.26831054688,119.668678283691,NA,262.912445068359,254.46028137207,2498.88916015625,766.164611816406,NA,294.319458007812,260.912841796875,227.146469116211,1225.04418945312,2459.84545898438,705.701293945312,610.092407226562,723.463073730469,1085.25024414062,1896.21154785156,1154.18518066406,433.056884765625,302.525451660156,1200.94165039062,825.420776367188,NA,560.247009277344,608.520751953125
2009-08-31,25.111743927002,10492.5302734375,37.1714515686035,20.1172409057617,NA,NA,NA,0.763038814067841,NA,22.1000003814697,224.771774291992,6.17869567871094,46.0520935058594,2.17052960395813,44.5732727050781,89.9334259033203,1.35245847702026,4.01230049133301,NA,9.72285270690918,19.5387496948242,NA,NA,NA,31460.9375,5.99721097946167,14.4939794540405,1.63205742835999,0.760517477989197,53.6502647399902,9.12939262390137,NA,778.016235351562,NA,32.2626876831055,8788.8642578125,6.7919921875,NA,4.44723463058472,NA,40.967227935791,32.1997604370117,18.5301856994629,56.8183860778809,NA,85.0126342773438,NA,6.04347515106201,NA,15.5896348953247,522.959777832031,472.116149902344,349.4111328125,253.16227722168,4240.74462890625,3178.15771484375,487.070434570312,1834.68823242188,932.810791015625,24.9359855651855,NA,608.367126464844,363.340301513672,935.192993164062,384.880737304688,NA,370.002868652344,1169.24267578125,272.634002685547,1192.27661132812,337.245086669922,821.869262695312,696.778686523438,464.173248291016,1929.26416015625,608.959228515625,1595.26806640625,501.105010986328,497.841125488281,542.072448730469,470.05126953125,287.400390625,506.455413818359,2726.90014648438,468.378997802734,NA,597.840148925781,502.405639648438,255.653442382812,366.454498291016,529.382934570312,NA,1105.09289550781,1953.63049316406,459.145385742188,501.667358398438,1067.595703125,251.011749267578,1108.95434570312,NA,712.463806152344,766.291259765625,NA,1569.69067382812,1128.435546875,461.650665283203,456.074737548828,892.517517089844,668.307189941406,252.081314086914,2116.4736328125,1408.19262695312,463.377716064453,1267.35327148438,9600.287109375,456.132995605469,784.501586914062,1088.20703125,415.080780029297,1690.24438476562,311.173217773438,330.293487548828,1432.76159667969,1673.62292480469,468.648406982422,753.655822753906,1162.90051269531,507.745239257812,704.547790527344,1300.60217285156,1818.08190917969,538.741333007812,727.550964355469,576.513000488281,662.375183105469,1442.88488769531,269.177429199219,566.752563476562,NA,3176.42138671875,310.699035644531,458.4716796875,1207.08715820312,1315.47680664062,534.190490722656,826.195739746094,911.078369140625,1432.2177734375,179.2021484375,335.849456787109,272.490081787109,903.605895996094,197.580169677734,411.019683837891,379.487335205078,1109.02233886719,1139.11022949219,1867.486328125,279.721374511719,288.356414794922,319.435211181641,1358.97509765625,1396.18054199219,48.2037086486816,2206.869140625,681.223815917969,2425.81005859375,437.30078125,311.724273681641,319.617095947266,NA,116.463241577148,1306.60327148438,841.384765625,2128.23266601562,124.128387451172,NA,244.834487915039,247.382995605469,2131.59887695312,754.606079101562,NA,290.536437988281,259.685028076172,309.542633056641,1299.62622070312,2423.93505859375,702.006469726562,654.195373535156,675.091979980469,1064.10913085938,1909.5185546875,1298.54443359375,413.30859375,339.457153320312,1264.35754394531,891.215209960938,NA,559.414733886719,656.087158203125
2009-09-30,27.5428371429443,10133.23046875,40.4993057250977,22.0016021728516,NA,NA,NA,0.85092282295227,NA,17.2999992370605,252.045288085938,6.49154424667358,60.5025825500488,2.39619946479797,51.8013610839844,93.5973892211914,1.46366858482361,4.06932306289673,NA,9.76943016052246,20.7178134918213,NA,NA,NA,36958.9609375,7.04996824264526,17.1099662780762,1.68923163414001,0.735445499420166,55.7840843200684,9.34572696685791,NA,646.304931640625,NA,39.5973625183105,7369.125,7.92399168014526,NA,4.61417198181152,NA,42.0567779541016,34.6818923950195,20.856315612793,61.8556594848633,NA,96.6128845214844,NA,5.1361289024353,NA,16.062047958374,470.380645751953,500.741180419922,286.794097900391,213.026763916016,4143.8720703125,3238.015625,476.047302246094,1663.99951171875,728.104248046875,25.288854598999,NA,576.132690429688,353.098205566406,884.957214355469,350.939697265625,NA,354.542175292969,1324.96166992188,242.12028503418,930.812561035156,328.460754394531,831.789367675781,802.179382324219,440.261566162109,1968.98205566406,575.287841796875,1632.47180175781,492.415405273438,469.013793945312,517.980224609375,460.955352783203,290.613311767578,482.458587646484,2697.6640625,503.711395263672,NA,501.758728027344,492.240051269531,251.946182250977,354.368255615234,535.400634765625,NA,1046.6220703125,1986.46447753906,399.329956054688,459.8037109375,1074.96655273438,241.891311645508,988.141418457031,NA,693.699096679688,666.914001464844,NA,1682.13989257812,1198.74670410156,353.824645996094,431.386627197266,778.392333984375,605.794555664062,237.353439331055,1901.92687988281,1519.79162597656,451.332092285156,1164.35192871094,9794.7197265625,462.898834228516,853.687866210938,1123.44494628906,396.619537353516,1608.744140625,298.519256591797,297.638397216797,1451.29296875,1411.5869140625,471.140991210938,685.951599121094,987.871826171875,343.186004638672,762.697265625,1314.93359375,1956.60241699219,488.121337890625,629.847412109375,545.560546875,622.619262695312,1483.71936035156,233.688827514648,555.609497070312,NA,3374.9482421875,294.346405029297,447.091217041016,1085.00854492188,1329.50854492188,568.409118652344,811.579833984375,919.768310546875,1371.91394042969,173.435958862305,299.643341064453,258.202789306641,785.603698730469,191.582489013672,412.866119384766,342.574859619141,1096.83520507812,1214.97192382812,1723.83312988281,246.051239013672,297.285186767578,260.286773681641,1322.36340332031,1425.20056152344,60.2546348571777,2019.94848632812,602.284545898438,2180.693359375,408.371704101562,253.799926757812,349.698577880859,NA,121.476547241211,1223.86926269531,853.984497070312,2152.9404296875,98.1134414672852,NA,247.066284179688,240.657379150391,2020.09997558594,714.886413574219,NA,269.597900390625,231.267883300781,293.211853027344,1260.39538574219,2169.57153320312,707.548645019531,610.092407226562,715.050720214844,967.798950195312,1970.20483398438,1327.87426757812,396.103179931641,325.995056152344,1343.56579589844,879.857482910156,NA,540.681274414062,651.986450195312
2009-10-31,26.4345436096191,10034.740234375,37.673770904541,23.9208564758301,NA,NA,NA,0.843976736068726,NA,16.1000003814697,218.658737182617,6.38400173187256,68.6043548583984,2.58083748817444,52.2029266357422,93.1310806274414,1.64303910732269,3.97082948684692,NA,9.94408893585205,23.4465007781982,NA,NA,NA,35920.4453125,6.76256036758423,17.3927764892578,1.5281046628952,0.768874704837799,55.966983795166,11.0061101913452,NA,658.557067871094,NA,37.3648567199707,7977.58447265625,8.15039253234863,NA,5.05662679672241,NA,41.8388710021973,35.369556427002,20.6197605133057,64.834716796875,NA,94.9211807250977,NA,5.10417890548706,NA,14.1157054901123,482.238861083984,525.259704589844,294.529266357422,230.007095336914,3936.46166992188,4309.75146484375,458.359008789062,1688.22143554688,735.082946777344,22.7964458465576,NA,528.490905761719,384.402587890625,975.560974121094,346.811065673828,NA,339.127349853516,1211.65759277344,232.150634765625,956.959106445312,342.169738769531,736.856811523438,668.5693359375,424.817840576172,1921.60034179688,599.21484375,1563.16918945312,511.242797851562,437.852783203125,483.046691894531,446.113922119141,281.876586914062,423.004211425781,2630.8486328125,416.72509765625,NA,469.731536865234,478.936187744141,255.839447021484,375.311950683594,522.394958496094,NA,994.648559570312,1931.74096679688,395.912322998047,421.913116455078,1161.88464355469,222.302032470703,964.987670898438,NA,678.226196289062,636.635009765625,NA,1512.88415527344,1148.1162109375,388.044952392578,460.214416503906,670.119750976562,634.795104980469,241.485733032227,2046.890625,1298.68469238281,420.045349121094,1157.7548828125,9351.115234375,455.287231445312,913.492919921875,1052.03198242188,377.648834228516,1471.05871582031,307.14697265625,291.923034667969,1325.99011230469,1520.69897460938,430.283233642578,650.911560058594,1011.60455322266,406.486053466797,709.592163085938,1304.63391113281,1839.72595214844,480.889831542969,618.95654296875,664.758728027344,577.790771484375,1338.08239746094,243.732818603516,534.783264160156,NA,3238.18603515625,264.561340332031,451.15576171875,1097.24548339844,1279.60717773438,593.122497558594,777.706420898438,1000.64929199219,1326.68591308594,187.038757324219,280.101440429688,226.66650390625,779.137939453125,181.986206054688,397.687255859375,348.024871826172,1055.05078125,1147.07592773438,1746.51452636719,256.411254882812,297.285186767578,276.027587890625,1196.83923339844,1320.59887695312,60.3881645202637,1929.50317382812,609.051635742188,2138.43237304688,452.101776123047,257.610748291016,307.58447265625,NA,120.319610595703,1187.87341308594,797.653015136719,2070.13525390625,86.9641952514648,NA,246.396789550781,218.897521972656,1987.30603027344,661.685485839844,NA,268.070556640625,212.047241210938,302.119537353516,1345.763671875,2334.16040039062,683.532653808594,632.143737792969,834.927001953125,902.809143066406,1948.81884765625,1505.65869140625,405.364501953125,307.005065917969,1229.74475097656,853.623107910156,NA,608.266479492188,615.081604003906
2009-11-30,27.6000328063965,9345.5498046875,38.3644485473633,25.0026149749756,NA,NA,NA,0.903020024299622,NA,16.1000003814697,238.408538818359,7.06722259521484,64.1981353759766,2.68751788139343,54.6122970581055,92.065185546875,1.56770396232605,4.3440670967102,NA,10.9687719345093,24.3560638427734,NA,NA,NA,35431.73828125,6.28917980194092,17.2042350769043,1.52290725708008,0.877519965171814,55.1134490966797,11.3576555252075,NA,581.980590820312,NA,38.9799652099609,7064.89501953125,7.94914817810059,NA,5.05662679672241,NA,41.8388710021973,34.3468933105469,20.1466484069824,63.1604461669922,NA,110.797149658203,NA,4.96039867401123,NA,15.5896348953247,453.251892089844,438.502258300781,286.794097900391,180.609603881836,3752.81909179688,4469.37353515625,420.418762207031,1585.46020507812,662.970336914062,22.7964458465576,NA,550.650024414062,379.152770996094,928.465148925781,349.760192871094,NA,327.2158203125,1091.41735839844,200.817428588867,847.144165039062,320.067291259766,706.719482421875,666.225402832031,402.246520996094,1895.27709960938,561.76416015625,1697.92504882812,441.725402832031,410.686676025391,465.700378417969,421.669342041016,282.796203613281,442.497528076172,2564.03369140625,388.808532714844,NA,387.884399414062,452.328582763672,253.614730834961,343.4775390625,529.981567382812,NA,893.299560546875,1822.2939453125,391.706115722656,391.53662109375,1085.1923828125,204.854141235352,829.799987792969,NA,607.309204101562,540.363464355469,NA,1588.39868164062,1063.23583984375,386.107849121094,422.120574951172,529.657897949219,560.037719726562,222.631927490234,1861.33642578125,1265.64599609375,385.164916992188,1109.10278320312,8623.6123046875,433.016265869141,886.521911621094,1088.60900878906,357.795867919922,1536.27807617188,259.406890869141,254.113708496094,1143.58679199219,1284.43225097656,407.300689697266,548.761108398438,901.840881347656,386.006530761719,629.934814453125,1157.00415039062,1748.82153320312,459.195678710938,488.267761230469,601.721313476562,545.56103515625,1470.04431152344,229.671310424805,566.022277832031,NA,3194.06958007812,214.919631958008,450.3427734375,985.073547363281,1268.91430664062,663.460754394531,706.503173828125,943.83203125,1047.78039550781,183.212951660156,217.567230224609,189.217254638672,646.58740234375,172.218597412109,348.355804443359,315.324493408203,1096.83520507812,1147.07592773438,1587.74084472656,191.660995483398,273.216156005859,261.411041259766,1206.42810058594,1444.81335449219,57.7509880065918,1863.17651367188,510.926849365234,1918.67224121094,421.154388427734,191.302642822266,266.222198486328,NA,110.524368286133,1009.33245849609,699.260803222656,2019.17749023438,68.3821029663086,NA,225.640518188477,172.130111694336,1862.68920898438,630.097473144531,NA,228.356338500977,194.686645507812,244.961761474609,1374.75708007812,2259.34692382812,635.500427246094,477.783142089844,647.751770019531,835.470397949219,1895.35266113281,1391.95935058594,405.364501953125,341.820007324219,1148.55773925781,774.247619628906,NA,539.846923828125,504.366821289062
2009-12-31,28.752857208252,10546.4404296875,40.4993057250977,29.4866828918457,NA,NA,NA,1.00374150276184,NA,13.6000003814697,262.390472412109,7.55087280273438,64.9088287353516,2.64238429069519,60.8364944458008,92.8646087646484,1.5067173242569,4.7069354057312,NA,11.4578237533569,22.9075012207031,NA,NA,NA,36470.25390625,6.7456521987915,18.5240135192871,1.64470028877258,0.961093425750732,60.9662170410156,11.0061101913452,NA,536.034912109375,NA,36.6881904602051,7707.158203125,8.65350246429443,NA,4.90914154052734,NA,43.2189674377441,35.369556427002,22.7487545013428,63.9300308227539,NA,121.858276367188,NA,5.19204521179199,NA,16.062047958374,511.225830078125,503.570404052734,268.943908691406,219.201400756836,4148.193359375,4979.5908203125,452.036193847656,1628.76672363281,615.283020019531,22.1885356903076,NA,560.621398925781,448.178070068359,973.318420410156,402.253601074219,NA,345.433441162109,1368.89562988281,232.150634765625,868.061279296875,366.790344238281,788.090026855469,815.201416015625,463.070465087891,2016.3642578125,649.162902832031,1894.28295898438,496.035888671875,476.204772949219,457.027221679688,485.400115966797,281.416839599609,461.016082763672,3056.79614257812,486.516357421875,NA,425.249389648438,501.818725585938,284.204254150391,385.364929199219,606.931884765625,NA,1061.67895507812,2169.904296875,409.582641601562,462.201873779297,1236.02001953125,220.795135498047,989.635131835938,NA,719.487182617188,583.840759277344,NA,1528.50830078125,1285.11572265625,404.832214355469,469.480560302734,747.178588867188,640.595336914062,229.346939086914,2180.2568359375,1466.4208984375,387.067535400391,1218.77648925781,9342.244140625,485.746520996094,1000.26892089844,1083.3837890625,386.031311035156,1576.13427734375,324.977630615234,300.496002197266,1313.30078125,1494.06555175781,441.774444580078,557.07568359375,922.607116699219,422.621429443359,748.047485351562,1203.35302734375,1913.31494140625,505.597320556641,517.309936523438,683.097045898438,588.924560546875,1435.85754394531,301.318054199219,632.219543457031,NA,3057.30688476562,251.128829956055,539.761047363281,997.310607910156,1322.37976074219,672.975463867188,794.989196777344,1003.62896728516,1108.08410644531,188.314010620117,243.623123168945,207.613372802734,613.934814453125,194.324249267578,381.749328613281,376.053680419922,1093.35327148438,1114.9150390625,1769.19702148438,224.036102294922,301.838836669922,261.411041259766,1318.87683105469,1451.35119628906,56.9164237976074,2239.20678710938,537.99560546875,2129.9794921875,544.944030761719,201.21076965332,254.189559936523,NA,108.750450134277,1081.32446289062,743.5634765625,2178.41918945312,49.8000030517578,NA,260.234283447266,175.377853393555,2393.94995117188,615.134704589844,NA,254.323287963867,244.288360595703,295.438781738281,1434.35400390625,2651.53125,648.432189941406,588.040771484375,851.751647949219,926.299377441406,1843.22424316406,1664.14953613281,394.678314208984,397.207489013672,1290.23742675781,883.893249511719,NA,644.144958496094,665.928344726562
2010-01-31,26.9247722625732,10198.0400390625,38.6156158447266,25.3341236114502,NA,NA,NA,0.965536892414093,NA,17.8999996185303,244.521560668945,7.04748249053955,54.0117111206055,2.33875679969788,54.0099487304688,88.134765625,1.34528350830078,4.24557399749756,NA,10.5728693008423,20.4820003509521,NA,NA,NA,30911.142578125,5.91723871231079,17.6284484863281,1.59695065021515,1.17002689838409,59.1372146606445,9.76758289337158,NA,578.917663574219,NA,34.2186012268066,6895.87841796875,8.07492446899414,NA,4.63524103164673,NA,38.3655014038086,32.4602851867676,20.0283737182617,55.1348304748535,NA,104.987739562988,NA,5.14411878585815,NA,16.3927383422852,459.839813232422,567.6953125,278.463989257812,240.041030883789,4500.35888671875,4281.24755859375,418.782928466797,1857.04382324219,682.7431640625,23.1611881256104,NA,540.678405761719,425.234436035156,1032.07666015625,417.588684082031,NA,333.872253417969,1276.40295410156,225.029525756836,915.124450683594,372.665802001953,712.746826171875,851.664306640625,447.151672363281,2090.06958007812,641.857238769531,1863.48205566406,511.967041015625,444.244750976562,476.300903320312,465.320373535156,285.095428466797,441.522979736328,2802.06298828125,455.767639160156,NA,416.352935791016,542.262268066406,293.10302734375,419.712768554688,548.406127929688,NA,944.802795410156,1961.79272460938,403.5361328125,449.252014160156,1163.16247558594,271.632019042969,1062.08410644531,NA,746.048767089844,700.298645019531,NA,1580.5869140625,1289.58325195312,439.052429199219,422.326446533203,738.399719238281,614.816955566406,233.221145629883,1907.72546386719,1278.35290527344,427.655609130859,1210.5302734375,9697.1240234375,497.946868896484,1041.3115234375,1156.53845214844,378.090087890625,1576.13427734375,337.056365966797,303.793365478516,1184.826171875,1384.09399414062,426.452728271484,670.510131835938,952.272827148438,424.483306884766,750.794250488281,1132.97143554688,1748.82153320312,515.239074707031,568.133239746094,621.20556640625,546.147033691406,1407.82373046875,284.578155517578,604.699279785156,NA,3017.60131835938,247.040802001953,564.960754394531,1154.35119628906,1304.55773925781,703.435485839844,821.949401855469,928.861694335938,1055.31811523438,213.39421081543,246.228759765625,209.584442138672,605.529174804688,181.472106933594,376.436737060547,378.389373779297,1107.28137207031,1113.12854003906,1761.63659667969,248.641326904297,292.731597900391,254.665054321289,1310.15979003906,1499.07568359375,56.8830451965332,2125.0263671875,592.1337890625,2222.95532226562,495.159088134766,244.653991699219,289.159393310547,NA,115.421989440918,1137.47875976562,711.103332519531,2143.3857421875,0.743283629417419,NA,275.634063720703,187.719253540039,2072.57006835938,608.484619140625,NA,262.724273681641,233.747909545898,282.077239990234,1496.3671875,2736.08984375,628.111083984375,661.545837402344,933.772277832031,970.147827148438,1686.83728027344,1313.40344238281,388.979034423828,379.799926757812,1437.48840332031,870.440063476562,NA,624.954223632812,598.679504394531
2010-02-28,27.2270431518555,10126.0302734375,36.9202842712402,26.5554637908936,NA,NA,NA,1.00026869773865,NA,16,237.468078613281,6.90929889678955,57.2334632873535,2.25259184837341,50.9982414245605,86.5359649658203,1.35245847702026,4.40108966827393,NA,10.852331161499,19.9430027008057,NA,NA,NA,29780.986328125,5.88342618942261,16.7328872680664,1.61817312240601,1.2285281419754,57.0033988952637,10.340874671936,NA,557.476196289062,NA,35.9077987670898,7200.1083984375,7.77305793762207,NA,4.56676578521729,NA,39.4880790710449,33.3947792053223,20.1072254180908,59.2575836181641,NA,107.320793151855,NA,4.74472808837891,NA,16.5344619750977,438.758392333984,575.239562988281,267.158782958984,226.147903442383,4215.169921875,4308.05615234375,445.541473388672,1777.03662109375,664.3662109375,23.5259265899658,NA,555.081726074219,431.650848388672,1043.73815917969,422.307250976562,NA,332.120544433594,1269.4658203125,234.999069213867,899.436584472656,385.815368652344,720.281372070312,839.944274902344,427.193756103516,2119.0244140625,642.901000976562,1714.09545898438,527.898132324219,461.023803710938,489.657531738281,420.447113037109,292.452758789062,444.251861572266,2856.349609375,427.041961669922,NA,439.483642578125,515.122436523438,295.327697753906,393.742462158203,522.394958496094,NA,1017.27935791016,2050.58666992188,394.3349609375,441.098205566406,1140.1552734375,263.701141357422,922.414733886719,NA,728.770812988281,722.915710449219,NA,1593.60656738281,1292.56140136719,440.343719482422,388.968658447266,843.74609375,613.527954101562,212.817443847656,1925.12072753906,1242.7724609375,412.012329101562,1150.33349609375,9839.078125,483.476501464844,1013.16827392578,1172.21435546875,399.266632080078,1646.42614746094,315.199523925781,280.492279052734,1321.2314453125,1355.74169921875,427.091186523438,637.845764160156,949.30615234375,407.106719970703,724.241638183594,1115.80529785156,1766.13671875,523.073303222656,584.469299316406,628.999267578125,531.790161132812,1438.59228515625,271.186187744141,581.641967773438,NA,3152.55078125,277.993835449219,532.445068359375,1168.62731933594,1379.40942382812,652.034301757812,738.302734375,825.804748535156,1198.5400390625,205.105010986328,270.981872558594,226.009490966797,620.400695800781,180.786651611328,371.883087158203,366.710632324219,1121.20947265625,1116.70202636719,1738.95422363281,288.786468505859,301.188262939453,246.794494628906,1270.91247558594,1539.60864257812,48.0701866149902,1944.24035644531,622.586303710938,2273.66870117188,474.303161621094,245.416152954102,283.797393798828,135.840560913086,127.261161804199,1111.56127929688,695.250549316406,2207.08276367188,0.743283629417419,NA,263.58203125,211.752532958984,2167.67211914062,626.772521972656,NA,262.724273681641,249.868606567383,314.738861083984,1585.76257324219,2678.71069335938,659.516540527344,764.453125,855.957763671875,920.035461425781,1686.83728027344,1253.45227050781,385.416870117188,383.756286621094,1532.20654296875,829.406860351562,NA,585.738037109375,599.49951171875
2010-03-31,29.0263519287109,11089.9404296875,38.6156158447266,27.1835842132568,NA,NA,NA,0.962063789367676,NA,13.6999998092651,259.098785400391,7.05735301971436,73.5501708984375,2.42902421951294,55.2146301269531,86.3361053466797,1.48519289493561,4.51513338088989,NA,11.1900110244751,22.536937713623,NA,NA,NA,33354.703125,6.08630228042603,18.1940689086914,1.68183851242065,1.47924828529358,61.2710456848145,12.0748910903931,NA,554.413146972656,NA,39.2664375305176,7402.92822265625,8.47741317749023,NA,4.78272581100464,NA,41.0068473815918,35.2637557983398,22.8670425415039,64.6833801269531,NA,108.761528015137,NA,5.03228998184204,NA,17.0068740844727,496.741363525391,675.199096679688,295.244812011719,269.370788574219,4832.94580078125,4667.0615234375,456.712371826172,2360.51245117188,732.324523925781,24.325216293335,NA,589.3408203125,480.646545410156,1035.2958984375,487.555938720703,NA,339.127349853516,1435.49340820312,277.017822265625,1008.80444335938,442.676544189453,825.73388671875,906.877136230469,423.042572021484,2213.22045898438,691.363159179688,2003.25793457031,625.037780761719,493.168182373047,551.96435546875,488.765716552734,300.270538330078,511.300598144531,3207.93383789062,473.980285644531,NA,499.979431152344,580.297790527344,325.721435546875,447.741912841797,541.472045898438,NA,1042.09094238281,2402.98803710938,420.150115966797,503.010955810547,1257.76501464844,272.305877685547,1071.84936523438,NA,833.612060546875,839.183044433594,NA,1707.70495605469,1483.67822265625,540.5283203125,426.245788574219,923.731262207031,691.010803222656,238.525207519531,2137.12573242188,1463.84460449219,455.974822998047,1266.75390625,11275.7431640625,497.379364013672,1171.47546386719,1248.23754882812,412.038055419922,1738.64562988281,357.762908935547,324.052459716797,1451.24523925781,1537.26098632812,440.534576416016,708.204528808594,1066.43701171875,430.105102539062,839.662536621094,1182.88439941406,1770.46557617188,562.845825195312,673.607421875,691.159301757812,526.023376464844,1485.45751953125,324.084259033203,637.404296875,NA,3143.69482421875,275.07373046875,593.489929199219,1375.00378417969,1486.51538085938,643.467346191406,798.516723632812,928.861694335938,1304.71545410156,207.868087768555,302.484252929688,275.297546386719,728.615600585938,189.786346435547,416.314849853516,421.439849853516,1178.94177246094,1163.43481445312,1973.60180664062,331.665069580078,330.494140625,278.300720214844,1317.27075195312,1543.68395996094,57.1776733398438,2067.93579101562,705.716857910156,2256.76440429688,538.889221191406,284.286437988281,300.962585449219,140.463638305664,124.835990905762,1231.7333984375,728.465698242188,2173.96728515625,0.743283629417419,NA,312.682922363281,232.412368774414,2482.96166992188,655.193359375,NA,300.539489746094,298.936004638672,354.081115722656,1655.20385742188,3180.02490234375,683.836303710938,942.158203125,919.050476074219,1001.71118164062,1877.35522460938,1525.7470703125,402.338317871094,453.391906738281,1730.39855957031,993.353393554688,NA,714.600280761719,669.085388183594
2010-04-30,29.2422733306885,11057.400390625,38.8039817810059,28.5096092224121,NA,NA,NA,1.14266777038574,NA,15.3999996185303,251.104843139648,7.55087280273438,67.7051010131836,2.36747741699219,59.6317977905273,87.4473266601562,1.51607573032379,4.63444519042969,NA,11.8304376602173,22.8569717407227,NA,NA,NA,33293.62109375,6.01867723464966,18.1469345092773,1.61817312240601,1.49596273899078,63.7096862792969,11.154899597168,NA,627.926574707031,NA,42.052131652832,7200.1083984375,8.04976844787598,NA,4.79326152801514,NA,40.6106491088867,34.2234687805176,24.5229263305664,60.7514266967773,NA,104.253425598145,NA,6.55795192718506,NA,20.0775604248047,486.129913330078,616.732299804688,297.654937744141,322.627410888672,4865.39599609375,4127.119140625,442.68359375,2356.76611328125,739.434631347656,23.6152191162109,NA,629.40625,440.233154296875,948.5341796875,489.341796875,NA,319.158081054688,1437.80834960938,272.007080078125,992.445129394531,402.381988525391,828.775512695312,852.151977539062,395.741638183594,2178.26025390625,673.555480957031,2036.00915527344,613.395690917969,535.877258300781,588.126647949219,485.255798339844,306.718109130859,533.762451171875,3002.45825195312,496.888610839844,554.559204101562,555.137268066406,616.465148925781,313.948394775391,468.822021484375,522.444519042969,NA,1027.72607421875,2416.86254882812,463.038848876953,551.455017089844,1223.11267089844,287.900543212891,1035.87109375,315.713653564453,838.789733886719,855.002075195312,NA,1655.16015625,1670.63342285156,564.001220703125,410.956390380859,1263.18054199219,663.501342773438,246.118133544922,1956.60583496094,1705.69714355469,516.129089355469,1328.02172851562,12022.125,480.355590820312,1137.46875,1344.66027832031,393.794555664062,1687.29333496094,349.135192871094,313.221282958984,1479.41711425781,1676.38391113281,430.123077392578,688.432250976562,1093.78149414062,408.880676269531,874.687194824219,1150.12219238281,1770.46557617188,541.754333496094,708.291748046875,660.287475585938,503.83447265625,1450.08911132812,354.885681152344,620.945434570312,NA,3263.24438476562,306.026794433594,604.117248535156,1450.82385253906,1439.61096191406,693.916748046875,812.452453613281,908.654724121094,1449.68371582031,206.167709350586,315.693237304688,279.277801513672,812.178283691406,181.806289672852,414.027587890625,397.201263427734,1150.78820800781,1235.69775390625,2264.28735351562,397.211456298828,348.891418457031,277.169342041016,1422.232421875,1446.33447265625,74.8354949951172,2029.87561035156,736.549133300781,2518.78540039062,553.690185546875,307.151306152344,325.756744384766,142.627639770508,133.223419189453,1258.00256347656,750.357421875,2102.2626953125,0.743283629417419,NA,310.004638671875,257.032257080078,2232.35717773438,660.220397949219,NA,290.521514892578,314.570831298828,362.988830566406,1607.09692382812,3388.40258789062,640.507934570312,1053.00048828125,1125.15356445312,1035.02209472656,1889.50231933594,1395.20544433594,430.408355712891,438.252197265625,1737.59521484375,1092.68859863281,NA,698.720336914062,662.509582519531
2010-05-31,26.5001354217529,9768.7001953125,37.7993431091309,26.2753982543945,NA,NA,NA,1.26796853542328,NA,16.7999992370605,245.932220458984,6.97809553146362,61.8679618835449,2.43960523605347,49.9943428039551,80.8871078491211,1.50226855278015,4.38692331314087,NA,10.7607297897339,21.2149524688721,NA,NA,NA,30116.9765625,5.62982940673828,17.2985038757324,1.53859055042267,1.42961394786835,61.2710456848145,10.7543678283691,NA,591.169799804688,NA,34.6285552978516,7369.125,7.59696960449219,NA,4.567542552948,NA,40.8747940063477,32.3635368347168,21.2899990081787,56.874870300293,NA,89.5765151977539,NA,5.55631065368652,NA,19.2744579315186,435.063171386719,531.106384277344,265.720306396484,287.123016357422,4421.9072265625,3676.20874023438,418.782928466797,2015.80224609375,640.606323242188,22.7508754730225,NA,570.539306640625,402.566009521484,980.45166015625,449.456329345703,NA,288.678649902344,1224.79968261719,241.943161010742,894.291259765625,364.623413085938,696.475402832031,744.264709472656,388.976867675781,2041.1103515625,580.326171875,1660.93395996094,543.542663574219,471.410858154297,512.869995117188,430.850860595703,318.691925048828,443.127349853516,2516.0263671875,416.202606201172,461.048248291016,457.276519775391,532.794372558594,284.235382080078,372.275085449219,471.341552734375,NA,963.738159179688,2078.3349609375,367.465972900391,546.610534667969,1096.69409179688,255.911544799805,870.221618652344,295.059478759766,701.580078125,752.180114746094,NA,1544.81604003906,1437.31359863281,452.505035400391,377.484924316406,910.0751953125,569.838317871094,216.269790649414,1857.61083984375,1558.03967285156,449.980865478516,1151.66918945312,10493.8173828125,436.377380371094,976.815856933594,1302.5849609375,343.958374023438,1481.15002441406,304.846282958984,286.032623291016,1225.06689453125,1405.05163574219,381.97021484375,689.630554199219,984.403564453125,353.322875976562,730.902770996094,986.311889648438,1688.21899414062,495.352752685547,596.9365234375,547.398193359375,487.266906738281,1446.62182617188,350.868072509766,560.34716796875,NA,3218.966796875,290.258209228516,531.361511230469,1327.87243652344,1432.39453125,604.440551757812,749.045043945312,827.151916503906,1190.26647949219,190.652008056641,283.991760253906,246.77278137207,711.440612792969,162.723571777344,361.416259765625,350.287689208984,1090.96130371094,1176.08081054688,2011.85009765625,369.681884765625,314.724945068359,230.785888671875,1255.16809082031,1396.66625976562,68.5459442138672,1704.46130371094,616.645874023438,2315.93017578125,446.719604492188,281.999908447266,281.508728027344,123.446655273438,136.539321899414,1133.95336914062,671.094177246094,1978.40808105469,0.743283629417419,NA,294.381683349609,223.87744140625,2021.32238769531,609.949768066406,NA,245.825912475586,264.539672851562,302.119537353516,1438.31494140625,2911.24755859375,621.669555664062,945.853332519531,904.328979492188,884.329162597656,1747.78955078125,1283.31262207031,399.459228515625,416.737945556641,1539.28686523438,886.533874511719,NA,600.09716796875,522.774353027344
2010-06-30,26.6603488922119,9382.6396484375,38.0505027770996,22.8291568756104,NA,NA,NA,1.04760909080505,NA,20.2999992370605,212.780807495117,6.81859636306763,55.6964454650879,2.41846561431885,45.777946472168,82.9160232543945,1.53711485862732,4.67130947113037,NA,11.6643934249878,21.7906150817871,NA,NA,NA,29017.3671875,6.00177097320557,17.0156936645508,1.61286699771881,1.29426574707031,63.100025177002,10.9987888336182,NA,597.131286621094,NA,36.0658531188965,8315.6181640625,7.21963834762573,NA,4.69605541229248,NA,42.1954536437988,32.9838066101074,20.2255020141602,59.4777069091797,NA,88.0438232421875,NA,4.94519805908203,NA,20.0775604248047,408.534912109375,449.441253662109,244.028854370117,250.074844360352,4471.6650390625,3882.99462890625,415.870086669922,1956.6025390625,601.501525878906,22.4730472564697,NA,526.445068359375,365.683746337891,1065.8642578125,419.690979003906,NA,297.437072753906,1124.08410644531,221.184814453125,801.590393066406,296.996185302734,634.887634277344,723.677856445312,384.144805908203,2054.55639648438,546.532043457031,1486.2626953125,509.343902587891,452.070739746094,500.164276123047,434.536315917969,341.258453369141,378.106384277344,2295.45434570312,381.941345214844,430.149200439453,414.573669433594,484.211273193359,258.44677734375,358.783752441406,465.361450195312,NA,929.515441894531,1877.27526855469,331.195922851562,532.884704589844,1038.29797363281,285.101440429688,840.9892578125,241.161972045898,669.996459960938,747.434509277344,NA,1557.95239257812,1516.58239746094,423.815887451172,363.021728515625,755.957458496094,527.264343261719,205.011138916016,1723.67651367188,1446.02380371094,405.239624023438,1032.44592285156,10635.9853515625,430.449615478516,875.968139648438,1286.80676269531,359.087127685547,1535.43701171875,282.701721191406,283.380096435547,1113.18518066406,1319.50427246094,389.128082275391,653.681091308594,960.097045898438,305.255920410156,669.149230957031,856.987731933594,1712.02722167969,460.400817871094,596.9365234375,488.419311523438,545.253601074219,1498.6337890625,321.405914306641,514.711364746094,NA,3387.220703125,255.217025756836,480.514373779297,1217.21643066406,1461.25915527344,610.151794433594,729.534973144531,763.340087890625,1091.07763671875,160.470748901367,268.14111328125,235.495544433594,633.822875976562,162.029647827148,326.342071533203,305.719818115234,1126.1533203125,1174.27429199219,1659.9677734375,353.950836181641,306.840393066406,213.816284179688,1291.90478515625,1458.25524902344,82.1004257202148,1530.6533203125,613.220153808594,2392.00122070312,421.154388427734,278.951263427734,270.065307617188,91.8191070556641,139.270156860352,1034.71435546875,646.200866699219,1926.25915527344,0.743283629417419,NA,264.474853515625,220.594757080078,1833.36950683594,606.598327636719,NA,235.807907104492,255.784194946289,283.561828613281,1606.28149414062,2580.62768554688,685.720153808594,956.937255859375,860.164001464844,819.293212890625,1511.6015625,1143.79235839844,387.943420410156,396.020599365234,1552.08093261719,776.312438964844,NA,555.800231933594,457.838409423828
2010-07-31,28.8602638244629,9537.2998046875,41.1932525634766,26.187931060791,NA,NA,NA,1.06205892562866,NA,44,219.506744384766,7.1774697303772,51.1585731506348,2.51148295402527,51.8013610839844,86.3652191162109,1.58744859695435,4.75557279586792,NA,11.8070793151855,21.7906150817871,NA,NA,NA,31460.9375,6.65718412399292,18.5240135192871,1.65531086921692,1.35348045825958,69.9206848144531,12.0753879547119,1.43495142459869,532.576477050781,NA,40.8617935180664,7876.1748046875,7.39572477340698,NA,4.71211862564087,NA,44.836799621582,34.2060966491699,22.1003723144531,63.1881141662598,NA,97.0890350341797,NA,5.15426349639893,NA,19.4161815643311,404.555572509766,510.171478271484,258.489868164062,271.686279296875,4305.08544921875,3713.54565429688,396.966979980469,1808.9765625,634.207275390625,22.1643524169922,NA,529.578552246094,366.664611816406,1162.06652832031,401.236419677734,NA,294.634368896484,1074.30432128906,231.921875,768.872375488281,312.212310791016,654.656555175781,724.459228515625,388.735290527344,2132.54370117188,570.10205078125,1603.22985839844,547.908569335938,495.585571289062,505.539794921875,434.711944580078,332.508209228516,378.500427246094,2687.95434570312,378.494995117188,410.634002685547,414.573669433594,495.547210693359,260.128631591797,360.891754150391,493.08740234375,NA,1016.94488525391,2122.50439453125,338.873352050781,507.048004150391,1165.35766601562,265.908111572266,855.980224609375,241.161972045898,698.991455078125,731.615844726562,NA,1463.37194824219,1527.05187988281,443.376617431641,373.972412109375,805.704345703125,558.048645019531,202.392944335938,1717.85327148438,1331.46179199219,366.920593261719,1008.43487548828,10165.052734375,437.304718017578,954.53564453125,1234.21203613281,364.426788330078,1499.49011230469,299.669616699219,290.45361328125,1072.13488769531,1344.5634765625,381.449615478516,568.600646972656,932.752563476562,300.262054443359,710.625549316406,727.663513183594,1716.35583496094,465.182983398438,668.130859375,533.575012207031,521.289794921875,1452.16955566406,319.397094726562,512.467163085938,NA,3298.666015625,273.321624755859,489.506530761719,1198.77368164062,1417.96276855469,630.141235351562,703.75390625,785.110778808594,1159.7470703125,182.787872314453,272.103729248047,244.78271484375,625.2353515625,158.906997680664,353.028930664062,317.448181152344,1122.63391113281,1156.20849609375,1652.31762695312,332.975921630859,296.984802246094,211.5537109375,1247.29614257812,1418.52062988281,89.9034957885742,1617.55737304688,592.665283203125,2476.52416992188,446.719604492188,281.23779296875,243.363906860352,104.793556213379,152.533981323242,1040.5517578125,675.990356445312,1921.69592285156,0.743283629417419,NA,250.190948486328,211.074996948242,1764.12255859375,623.355224609375,NA,251.990875244141,278.923614501953,244.219497680664,1576.92810058594,2693.89282226562,699.84912109375,886.737426757812,919.050476074219,828.810791015625,1552.09094238281,1214.24328613281,380.026184082031,380.084106445312,1672.02551269531,814.413452148438,NA,544.099304199219,420.849731445312
2010-08-31,27.9309234619141,8824.0595703125,38.8827209472656,24.893404006958,NA,NA,NA,1.08383226394653,NA,26.5,221.025817871094,6.98766279220581,42.2834358215332,2.38886833190918,51.5131912231445,83.7093200683594,1.51388394832611,4.56598234176636,NA,11.249514579773,21.7906150817871,NA,NA,NA,29689.345703125,6.62209320068359,19.4271812438965,1.67709136009216,1.32810270786285,76.8811264038086,11.6680269241333,1.43903958797455,522.893371582031,NA,37.8538360595703,7369.125,6.77073526382446,NA,4.5193510055542,NA,46.0112991333008,35.7202949523926,19.3762722015381,60.3637733459473,NA,94.2419815063477,NA,5.43569707870483,NA,18.8020439147949,379.353790283203,446.612182617188,241.618621826172,262.424194335938,3762.08251953125,3357.94750976562,376.488525390625,1752.02453613281,592.732482910156,22.3804359436035,NA,504.509796142578,353.127990722656,1083.84606933594,408.380004882812,NA,283.77392578125,912.232727050781,216.889862060547,703.4365234375,307.985626220703,591.548034667969,679.376098632812,405.647369384766,2076.0703125,584.833312988281,1444.15478515625,487.514862060547,468.993225097656,475.845123291016,398.909973144531,343.100524902344,370.816070556641,2400.28979492188,323.149963378906,382.174163818359,380.767211914062,519.838806152344,242.749389648438,337.282104492188,452.313995361328,NA,958.439147949219,1930.8310546875,360.847290039062,424.370056152344,1094.12731933594,241.916397094727,800.513916015625,195.329391479492,660.158569335938,709.469665527344,NA,1429.21740722656,1349.07043457031,412.079437255859,344.219818115234,676.947692871094,516.129516601562,208.93864440918,1613.03491210938,1067.97009277344,349.580749511719,1045.6923828125,9205.4130859375,452.728942871094,859.551025390625,1188.63049316406,366.651611328125,1432.73217773438,253.079879760742,265.696441650391,1088.23303222656,1385.17663574219,377.805572509766,498.499328613281,905.408081054688,295.267974853516,658.089050292969,655.242065429688,1582.16430664062,441.529632568359,591.460144042969,462.155212402344,433.717712402344,1493.77917480469,316.049163818359,504.23779296875,NA,3250.61694335938,247.624771118164,440.457824707031,1081.97033691406,1414.35461425781,605.392333984375,629.197570800781,790.553405761719,1136.85717773438,173.435958862305,260.215698242188,212.277587890625,527.80029296875,148.324829101562,338.541900634766,285.390655517578,1115.59545898438,1127.30297851562,1713.51513671875,365.749267578125,272.674072265625,192.887237548828,1197.33923339844,1465.53930664062,70.0594711303711,1445.65209960938,568.6845703125,2569.49951171875,431.918670654297,238.556701660156,228.326309204102,81.7389450073242,148.632843017578,934.015747070312,627.868896484375,1975.14868164062,0.743283629417419,NA,251.976409912109,217.312118530273,1636.18286132812,643.463439941406,NA,229.642959594727,248.904968261719,247.188720703125,1539.4208984375,2510.21826171875,737.526062011719,768.505798339844,773.937255859375,774.878540039062,1450.86791992188,1152.771484375,340.440155029297,308.370086669922,1426.53918457031,730.726989746094,NA,486.429809570312,429.891540527344
2010-09-30,30.7407264709473,9369.349609375,40.9291763305664,29.6691608428955,NA,NA,NA,1.12410986423492,NA,24.3999996185303,222.291732788086,7.08835315704346,59.5655822753906,2.44383335113525,53.5646018981934,104.928504943848,1.57583332061768,4.74022197723389,NA,11.0091419219971,26.8851222991943,NA,NA,NA,29933.712890625,7.26770210266113,19.9993324279785,1.70976161956787,1.38731753826141,82.5760269165039,11.6389284133911,1.64344847202301,532.576477050781,NA,37.873592376709,7673.3544921875,7.21343660354614,NA,4.93972587585449,NA,49.1723899841309,43.2035942077637,22.1882495880127,74.2086715698242,NA,106.395622253418,NA,6.1665530204773,NA,22.5813503265381,400.244659423828,489.116424560547,237.895263671875,283.234771728516,3935.05249023438,3410.142578125,402.742889404297,1569.40258789062,576.379699707031,22.8606510162354,NA,509.550598144531,393.816284179688,1227.69995117188,460.398406982422,NA,284.309783935547,977.526672363281,221.868728637695,665.265441894531,355.675231933594,625.348022460938,731.417358398438,417.422210693359,2109.740234375,626.047546386719,1609.875,526.074401855469,476.125549316406,484.767272949219,438.183227539062,360.624908447266,382.942169189453,2648.87109375,337.70263671875,426.083648681641,395.001556396484,589.426635742188,267.740112304688,376.573760986328,483.361236572266,NA,999.853454589844,2195.79174804688,375.658599853516,430.810424804688,1255.32495117188,230.64030456543,851.408203125,198.279968261719,719.683959960938,708.678771972656,NA,1338.4501953125,1602.64526367188,415.991577148438,364.007995605469,696.456298828125,550.188659667969,205.740859985352,1653.7978515625,1228.30395507812,341.338104248047,1129.33325195312,9810.2978515625,477.007873535156,877.140808105469,1083.89855957031,367.092254638672,1513.35583496094,267.747009277344,274.527618408203,1199.17980957031,1499.19506835938,400.113220214844,448.769073486328,853.584289550781,254.608489990234,732.589538574219,682.66552734375,1631.94506835938,454.872497558594,635.534362792969,506.991180419922,452.060577392578,1425.42138671875,358.7392578125,576.875610351562,NA,3099.63208007812,287.143218994141,540.746704101562,1085.63830566406,1383.66455078125,581.595458984375,715.586975097656,806.201354980469,1220.78637695312,174.073593139648,269.461975097656,222.899505615234,574.040649414062,159.7744140625,356.445892333984,328.778656005859,1073.04516601562,1096.05834960938,1812.96008300781,424.886993408203,305.58447265625,192.277481079102,1178.90466308594,1385.04772949219,78.3334121704102,1580.13146972656,597.930297851562,2611.76098632812,493.903472900391,242.367446899414,217.601669311523,83.0364074707031,144.146575927734,968.680786132812,631.688049316406,1946.67797851562,0.743283629417419,NA,279.651397705078,237.547821044922,1696.53796386719,623.328186035156,NA,240.838851928711,268.321807861328,274.654144287109,1548.01635742188,2605.11694335938,747.77392578125,816.470458984375,904.328979492188,808.189514160156,1737.25,1253.49609375,354.322692871094,344.975067138672,1533.05712890625,812.056274414062,NA,564.095642089844,466.880218505859
2010-10-31,31.7281436920166,9202.4501953125,41.4573020935059,31.0511569976807,NA,NA,NA,1.28888142108917,18.5796966552734,25,194.948348999023,6.9977331161499,44.6144790649414,2.63832592964172,52.8807983398438,117.15185546875,1.79652750492096,4.82592105865479,NA,11.2014389038086,28.3278331756592,NA,NA,NA,30544.6015625,7.04635095596313,19.5052013397217,1.68253660202026,1.55650246143341,80.0449600219727,12.8028211593628,1.67206597328186,561.626098632812,NA,38.4119606018066,7132.50146484375,7.5780143737793,NA,5.13665962219238,NA,50.2963333129883,43.3505363464355,23.198802947998,73.5441207885742,NA,97.0236968994141,NA,6.34435796737671,0.552589118480682,24.8016929626465,381.687683105469,509.772705078125,229.333404541016,282.458740234375,4322.9228515625,3053.46997070312,369.924896240234,1558.84924316406,571.6396484375,22.9233684539795,NA,513.170959472656,384.671600341797,1164.314453125,425.446716308594,NA,308.506378173828,1061.61499023438,211.063400268555,638.000549316406,362.261993408203,626.886352539062,658.77587890625,419.14306640625,2073.98193359375,620.5537109375,1488.83752441406,553.184143066406,446.875579833984,464.196807861328,443.494506835938,361.551940917969,390.732849121094,2362.89404296875,311.271881103516,449.664489746094,398.560028076172,558.75,287.026458740234,387.662200927734,445.717956542969,NA,948.578979492188,2097.13598632812,405.807342529297,403.711364746094,1277.34802246094,225.202178955078,890.553405761719,191.9853515625,698.861328125,749.807373046875,NA,1321.18835449219,1756.42687988281,478.585968017578,406.917877197266,590.134582519531,569.183227539062,197.234771728516,1473.27746582031,1193.75805664062,330.025451660156,1172.57751464844,10959.7314453125,464.154296875,925.219421386719,1075.07202148438,345.075744628906,1520.05224609375,264.295928955078,278.768249511719,1153.62109375,1524.39929199219,397.326385498047,384.659301757812,896.7255859375,263.431610107422,745.588684082031,726.960693359375,1582.16430664062,459.118011474609,629.95947265625,489.364776611328,414.783355712891,1433.15625,376.304718017578,540.632019042969,NA,3144.03930664062,280.617309570312,498.513824462891,1067.02770996094,1383.66455078125,590.162353515625,721.913330078125,751.093811035156,1159.7470703125,172.16064453125,253.374725341797,220.213973999023,544.645080566406,150.580017089844,357.212463378906,294.956939697266,1083.73962402344,1093.86193847656,1698.21569824219,409.052825927734,314.220550537109,187.142456054688,1090.24560546875,1366.92041015625,83.6139450073242,1445.01806640625,597.930297851562,2577.95190429688,481.030883789062,242.367446899414,221.953750610352,77.6470184326172,143.56135559082,961.263793945312,601.898620605469,1845.97692871094,0.743283629417419,NA,275.857238769531,224.608749389648,1669.29187011719,608.125061035156,NA,242.397735595703,262.626220703125,256.096435546875,1389.41467285156,2366.34033203125,706.865051269531,715.8095703125,963.215148925781,805.810241699219,1741.33825683594,1188.21704101562,361.598388671875,354.602233886719,1493.58239746094,776.869506835938,NA,527.2158203125,434.823333740234
2010-11-30,31.9459590911865,9937.0400390625,41.853385925293,30.2114562988281,NA,NA,NA,1.24860382080078,18.096061706543,23.7000007629395,197.733337402344,7.04807567596436,44.9966125488281,2.60294938087463,49.461784362793,122.164764404297,1.67969751358032,5.31868886947632,NA,11.1173105239868,30.4154987335205,NA,NA,NA,33049.25,6.76966333389282,19.3491611480713,1.68798196315765,1.96254658699036,85.7398529052734,11.6971225738525,1.65571320056915,564.853881835938,NA,37.9131050109863,9126.8974609375,7.86446952819824,NA,5.27888870239258,NA,51.9822463989258,42.1749229431152,27.6803932189941,72.1331329345703,NA,91.8896713256836,NA,6.82119417190552,0.541195452213287,24.9906578063965,429.882537841797,563.023986816406,242.176193237305,307.290313720703,4576.44873046875,3839.31103515625,396.704467773438,1724.6845703125,608.848510742188,23.770055770874,NA,535.571228027344,420.653839111328,1305.92004394531,467.629791259766,NA,340.53125,1226.28796386719,216.826232910156,725.24853515625,374.289672851562,629.193969726562,751.1572265625,445.201385498047,2139.9970703125,635.97802734375,1561.6181640625,607.403625488281,436.313140869141,506.824768066406,483.860534667969,351.354309082031,383.341674804688,2534.98706054688,350.104644775391,455.356475830078,411.015106201172,598.191345214844,308.014556884766,439.265075683594,486.089172363281,NA,1013.65783691406,2223.97900390625,395.401977539062,442.890686035156,1501.466796875,239.917114257812,906.361938476562,236.440963745117,731.917419433594,807.545715332031,NA,1327.82751464844,1807.6875,466.197418212891,419.562744140625,793.999206542969,618.962219238281,214.512756347656,1613.03491210938,1247.49621582031,367.226745605469,1174.24072265625,11850.7666015625,465.582458496094,987.369750976562,1140.38891601562,371.136108398438,1563.94970703125,310.022888183594,303.319549560547,1271.58630371094,1566.11584472656,398.122711181641,306.169616699219,909.051879882812,303.765594482422,792.942321777344,747.805480957031,1612.46545410156,482.164947509766,678.27490234375,546.186767578125,452.652282714844,1415.57604980469,418.867004394531,572.345031738281,NA,3272.82006835938,307.314483642578,575.526672363281,1189.03271484375,1332.55322265625,610.151794433594,769.712768554688,793.275085449219,1319.97497558594,176.198989868164,280.186859130859,233.641677856445,627.877685546875,156.30485534668,357.97900390625,291.024200439453,1115.82421875,1073.72717285156,1981.25122070312,492.182952880859,330.828399658203,216.81135559082,1077.95617675781,1327.98071289062,91.6860733032227,1639.75903320312,657.028076171875,2501.88110351562,531.844055175781,269.382995605469,254.516235351562,97.3082733154297,164.62744140625,1038.40234375,643.145690917969,1920.001953125,0.743283629417419,NA,267.822662353516,258.449340820312,1768.30712890625,625.017517089844,NA,261.883026123047,304.393371582031,265.004150390625,1444.76049804688,2856.138671875,692.594665527344,835.111267089844,1148.28735351562,835.948852539062,1772.6767578125,1325.025390625,354.322692871094,397.924682617188,1674.8427734375,814.815979003906,NA,607.68115234375,474.277923583984
2010-12-31,34.3854942321777,10228.919921875,46.8705177307129,29.5466995239258,NA,NA,NA,1.31451261043549,17.6124229431152,22.7999992370605,211.405014038086,7.20917558670044,39.0257225036621,2.4952118396759,53.5646018981934,121.066070556641,1.65547108650208,5.35618209838867,NA,10.9370279312134,29.4989585876465,NA,NA,NA,36728.34765625,7.89486503601074,20.8055458068848,1.6982501745224,1.90333211421967,90.1692276000977,11.4177856445312,1.59439051151276,561.626098632812,NA,46.3393363952637,9126.8974609375,8.48945999145508,NA,5.55787706375122,NA,52.0524826049805,44.0485420227051,29.657564163208,72.5263977050781,NA,102.137428283691,NA,8.1951322555542,0.54689222574234,26.1622428894043,429.882537841797,554.685607910156,268.472991943359,336.001831054688,5096.49951171875,3749.41748046875,397.181243896484,1795.54138183594,685.398864746094,23.0488033294678,NA,549.147033691406,436.955108642578,1263.66320800781,495.350006103516,NA,333.770446777344,1200.5947265625,219.707702636719,834.308349609375,384.026336669922,676.883605957031,790.8994140625,436.842895507812,2197.7607421875,682.398620605469,1560.03625488281,624.255432128906,459.063079833984,537.80419921875,496.076477050781,348.573211669922,406.513916015625,2429.53857421875,373.485656738281,486.255798339844,434.145843505859,629.415649414062,323.897399902344,487.029724121094,498.636779785156,NA,1037.87365722656,2409.71337890625,431.954071044922,458.889129638672,1591.50305175781,251.91291809082,867.969848632812,259.455627441406,764.192626953125,803.591064453125,1470.09729003906,1402.18591308594,1880.0556640625,520.967590332031,414.587677001953,793.023742675781,653.676391601562,231.79069519043,1700.38354492188,1261.57043457031,393.332794189453,1252.41235351562,12394.2978515625,452.845825195312,969.779968261719,1200.4091796875,380.122436523438,1627.9365234375,324.977630615234,319.166229248047,1404.19592285156,1685.18225097656,410.729766845703,291.789794921875,1038.47607421875,324.562805175781,769.729614257812,825.97314453125,1664.41064453125,497.933837890625,668.983520507812,570.075256347656,474.249420166016,1409.24731445312,425.622894287109,580.650634765625,NA,3152.92016601562,326.892425537109,633.493469238281,1145.60717773438,1314.29907226562,649.175842285156,792.909790039062,783.369079589844,1381.0146484375,174.073593139648,289.571044921875,251.09765625,680.393432617188,157.866165161133,371.776885986328,322.486206054688,1122.95385742188,1111.06787109375,2088.34643554688,486.904846191406,352.086486816406,238.492538452148,1144.67041015625,1340.06555175781,109.14208984375,1744.48669433594,660.50439453125,2561.04736328125,523.714050292969,275.557952880859,261.510528564453,100.002983093262,159.165893554688,1100.70617675781,646.101806640625,1960.68298339844,0.743283629417419,NA,295.2744140625,285.986206054688,1879.28271484375,628.395874023438,NA,270.456573486328,348.691802978516,296.181060791016,1465.41174316406,2947.529296875,698.302856445312,943.228698730469,1213.48327636719,877.190979003906,1933.45739746094,1351.41479492188,384.152740478516,410.760864257812,1743.31872558594,821.025512695312,NA,643.723022460938,530.993957519531
2011-01-31,34.7590065002441,10237.919921875,50.3693008422852,35.3370895385742,NA,NA,NA,1.2339574098587,17.2900009155273,20,200.518280029297,7.56157827377319,36.3985328674316,2.49952125549316,56.9836311340332,122.782814025879,1.63528275489807,5.28655195236206,NA,11.8985233306885,26.2231941223145,NA,NA,NA,35198,9.14918994903564,21.1176300048828,1.72609055042267,1.93716895580292,85.1070861816406,10.6845388412476,1.56986141204834,610.042175292969,NA,44.0623779296875,10242.4072265625,9.42694568634033,NA,5.91891765594482,NA,50.1277389526367,47.2447395324707,32.1619720458984,73.0319976806641,NA,96.8735733032227,NA,7.83952379226685,0.626647353172302,28.4392738342285,453.913238525391,536.114074707031,260.522766113281,347.641510009766,4719.462890625,3465.23828125,402.779113769531,1678.70275878906,661.699157714844,23.8954944610596,NA,553.446105957031,454.250457763672,1269.05749511719,537.533142089844,NA,328.077087402344,1249.64587402344,234.11474609375,861.573181152344,395.194885253906,710.727783203125,810.639221191406,438.072113037109,2173.0048828125,737.585021972656,1529.97436523438,663.088317871094,415.188049316406,526.40380859375,534.672180175781,350.427307128906,389.933776855469,2392.419921875,341.362335205078,455.356475830078,414.573669433594,646.945190429688,349.990753173828,529.676879882812,463.721343994141,NA,1042.50390625,2303.82299804688,445.027313232422,435.21826171875,1583.08276367188,247.514389038086,846.138610839844,253.357727050781,771.74072265625,816.246032714844,1497.29406738281,1439.36499023438,1953.931640625,528.140014648438,411.685516357422,858.377502441406,655.641479492188,238.967712402344,1630.50512695312,1404.87255859375,387.676513671875,1289.00354003906,12376.4765625,443.92138671875,905.284362792969,1221.59301757812,408.429443359375,1595.94299316406,310.022888183594,322.067687988281,1335.04382324219,1730.37548828125,416.038238525391,253.443756103516,1016.9052734375,314.479248046875,792.942321777344,913.694885253906,1675.23254394531,489.359283447266,667.125,533.894592285156,446.143585205078,1427.53063964844,474.941162109375,630.48583984375,NA,3050.78344726562,329.265594482422,677.382446289062,1106.31750488281,1303.34643554688,689.27197265625,837.897583007812,759.297241210938,1419.1640625,178.324478149414,289.571044921875,263.182586669922,682.044799804688,154.049606323242,417.003356933594,312.261077880859,1105.12963867188,1145.84582519531,2233.68896484375,509.336669921875,372.015960693359,231.075347900391,1184.17175292969,1377.66247558594,127.741653442383,1611.09631347656,681.362426757812,2544.142578125,562.331970214844,263.979888916016,274.33349609375,105.292541503906,170.089019775391,1106.64001464844,647.647399902344,1895.994140625,0.743283629417419,NA,338.349243164062,286.318115234375,1751.029296875,628.395874023438,NA,272.015472412109,361.981262207031,296.181060791016,1364.6337890625,3177.36840820312,706.865051269531,984.238220214844,1585.73022460938,889.881042480469,1832.62878417969,1341.69262695312,371.7841796875,390.704284667969,1705.45568847656,806.536804199219,NA,743.466491699219,541.6796875
2011-02-28,33.4993057250977,10624.08984375,46.5404319763184,36.0368232727051,NA,NA,NA,1.09847855567932,18.297571182251,18.7999992370605,169.1240234375,7.13869476318359,29.3290061950684,2.57709288597107,49.6897201538086,115.709754943848,1.65950870513916,4.93304586410522,NA,10.8528985977173,27.1227569580078,NA,NA,NA,33790.07421875,8.5589189529419,19.5312099456787,1.65370535850525,2.19940567016602,78.1466598510742,10.8474798202515,1.57803761959076,597.131286621094,NA,41.3952217102051,11459.3271484375,8.02071666717529,NA,5.79857444763184,NA,49.5095748901367,44.5261459350586,29.2621288299561,70.6725006103516,NA,97.7651138305664,NA,7.78295087814331,0.575376331806183,24.5654850006104,509.984893798828,567.193054199219,277.034820556641,384.112945556641,4819.138671875,3727.80981445312,418.506500244141,1808.35583496094,731.139526367188,25.0244178771973,NA,606.166137695312,449.479370117188,1508.21423339844,509.81298828125,NA,377.181884765625,1247.31005859375,249.962509155273,916.103210449219,425.550384521484,722.265258789062,886.965576171875,430.697174072266,2236.26953125,752.442687988281,1543.4228515625,708.515319824219,448.500549316406,571.674621582031,540.86865234375,379.166046142578,428.487640380859,2329.99438476562,344.411865234375,501.705261230469,400.339416503906,661.735534667969,354.528717041016,519.441467285156,487.725769042969,NA,1107.32971191406,2255.17065429688,462.636474609375,474.397583007812,1616.11743164062,245.915054321289,828.824523925781,289.551666259766,744.410949707031,816.963195800781,1504.64477539062,1511.06774902344,1911.71618652344,596.602355957031,400.284423828125,908.124328613281,685.115905761719,256.511535644531,1723.67651367188,1471.40539550781,416.175811767578,1387.13415527344,12429.9404296875,453.709503173828,890.039978027344,1290.43957519531,421.908874511719,1636.86486816406,315.774658203125,345.056640625,1400.12805175781,1902.45727539062,425.327758789062,267.224304199219,1072.37316894531,326.453460693359,787.371276855469,991.86279296875,1781.28747558594,517.53271484375,668.983520507812,553.84033203125,458.273468017578,1509.10388183594,473.589935302734,632.750793457031,NA,3232.26123046875,339.9443359375,815.674560546875,1118.72485351562,1332.55322265625,694.045349121094,840.006286621094,801.939086914062,1632.80163574219,189.164215087891,292.252258300781,245.726593017578,779.47998046875,155.437438964844,474.494537353516,319.339996337891,1108.6943359375,1241.02795410156,2516.72509765625,484.265655517578,374.673156738281,251.044769287109,1173.52026367188,1448.15673828125,136.923706054688,1648.18518066406,670.933410644531,2493.4287109375,565.719421386719,274.786041259766,306.499114990234,112.278770446777,168.918701171875,1111.09057617188,643.783142089844,2037.37683105469,0.743283629417419,NA,322.726196289062,319.495086669922,1711.15771484375,640.220520019531,NA,272.794860839844,377.802185058594,353.338775634766,1372.89379882812,3534.55078125,731.600646972656,1028.97619628906,1661.44140625,873.225463867188,2094.23852539062,1417.38818359375,406.707275390625,387.495147705078,1827.90673828125,743.752319335938,NA,799.624694824219,518.664367675781
2011-03-31,35.0373077392578,9755.099609375,46.6064491271973,33.1503829956055,NA,NA,NA,1.13875615596771,19.3051471710205,15.6000003814697,171.149429321289,7.37027263641357,28.4691944122314,2.78394889831543,46.9545059204102,116.053115844727,1.74833881855011,5.13122224807739,NA,11.2975902557373,26.7663192749023,NA,NA,NA,35198,9.22297477722168,20.3114166259766,1.68154573440552,2.15710973739624,73.7173004150391,12.5409460067749,1.80288803577423,871.488830566406,NA,44.7341041564941,12169.197265625,7.9686336517334,NA,6.44407176971436,NA,51.4764633178711,46.5834655761719,28.0318870544434,69.7318267822266,NA,108.397109985352,NA,8.72854328155518,0.575376331806183,28.3920307159424,451.347503662109,507.284423828125,238.459655761719,338.503082275391,4620.79052734375,3041.26147460938,381.720428466797,1739.12670898438,624.441162109375,23.8070411682129,NA,508.803955078125,466.901000976562,1494.91906738281,530.416320800781,NA,371.777893066406,1089.67346191406,276.666381835938,784.08740234375,434.873138427734,644.128112792969,801.170776367188,402.359283447266,2184.19970703125,666.5849609375,1530.18054199219,724.81298828125,386.008422851562,532.759460449219,493.161590576172,308.895355224609,383.863494873047,2117.07080078125,305.686492919922,458.417724609375,322.050750732422,662.528259277344,343.558898925781,514.557067871094,478.679870605469,NA,1152.97265625,2072.00952148438,369.266021728516,424.919128417969,1843.07983398438,240.469512939453,800.3779296875,250.069900512695,674.495910644531,764.6142578125,1531.49450683594,1243.13610839844,1913.77905273438,513.083618164062,386.892913818359,690.603698730469,680.359375,244.341323852539,1566.78442382812,1464.42126464844,405.486694335938,1175.15869140625,12216.015625,398.147430419922,848.511901855469,1171.46044921875,389.55810546875,1565.61596679688,285.173431396484,310.085052490234,1266.67053222656,1455.15734863281,417.595336914062,244.529693603516,921.677551269531,276.713317871094,789.681884765625,1101.2568359375,1713.43737792969,477.722534179688,613.439453125,540.35205078125,419.812835693359,1293.44567871094,365.115447998047,597.222290039062,NA,3263.51147460938,336.944458007812,739.1171875,1001.09857177734,1403.98583984375,714.093444824219,816.486389160156,751.731750488281,1573.45788574219,180.04328918457,316.249664306641,251.090377807617,692.959838867188,138.706344604492,467.802612304688,320.860565185547,1198.35229492188,1189.75317382812,2823.89697265625,436.820129394531,377.440704345703,219.748764038086,1055.01879882812,1261.33081054688,129.860580444336,1441.26745605469,721.11328125,2112.74072265625,503.572540283203,241.301513671875,269.073089599609,110.781730651855,198.561798095703,983.97802734375,602.822326660156,2043.62963867188,0.743283629417419,NA,324.065307617188,324.755432128906,1627.63610839844,588.741882324219,NA,291.056945800781,334.500854492188,333.499267578125,1209.69970703125,3248.80444335938,644.097717285156,988.292175292969,1845.03649902344,817.048278808594,1977.23132324219,1453.62231445312,343.049774169922,371.535980224609,1896.52783203125,685.396850585938,NA,830.599548339844,521.13037109375
2011-04-30,36.1139183044434,9849.740234375,48.322826385498,38.6608695983887,NA,NA,NA,1.16438734531403,21.0784873962402,15.1999998092651,160.262725830078,7.54143953323364,26.8451156616211,2.83135390281677,49.461784362793,123.255393981934,1.73218810558319,5.19643402099609,NA,11.7903575897217,28.6672840118408,NA,NA,NA,35198,9.68412113189697,21.8458232879639,1.7372260093689,2.09047889709473,80.9941101074219,11.8051166534424,1.87647497653961,923.132751464844,NA,47.9198722839355,11831.1640625,7.73426294326782,NA,6.10491180419922,NA,51.195484161377,44.8935241699219,29.2621288299561,68.6564331054688,NA,104.612846374512,NA,8.56690216064453,0.569679439067841,35.9034004211426,435.179779052734,430.353820800781,240.322601318359,342.411773681641,4592.57666015625,3713.20288085938,355.863800048828,1470.03991699219,602.467468261719,23.8707809448242,NA,514.5234375,440.613647460938,1526.43859863281,510.929138183594,NA,388.381622314453,1108.68640136719,278.839111328125,727.269653320312,417.664703369141,654.253540039062,837.163696289062,397.09814453125,2206.71655273438,680.449890136719,1397.15686035156,657.64599609375,378.616760253906,507.904083251953,483.512939453125,320.578186035156,382.850219726562,2180.81127929688,325.888732910156,437.312042236328,300.699340820312,616.836547851562,336.102691650391,499.929107666016,491.233551025391,NA,1170.83239746094,2175.03784179688,372.493469238281,439.959136962891,1852.86560058594,239.09587097168,754.987915039062,265.412841796875,657.214416503906,772.545776367188,1618.68859863281,1202.81872558594,2044.50671386719,520.987487792969,399.171813964844,682.80029296875,647.739318847656,240.300445556641,1484.32165527344,1418.01403808594,383.843170166016,1175.99389648438,13161.888671875,435.572692871094,824.909240722656,1086.13366699219,401.240356445312,1527.13610839844,241.367584228516,303.078765869141,1312.73168945312,1452.53332519531,418.950988769531,235.884750366211,862.315246582031,262.082489013672,832.772644042969,1075.078125,1779.93518066406,475.885070800781,562.476684570312,532.879516601562,388.156768798828,1215.59606933594,410.073791503906,586.557495117188,NA,3120.64965820312,338.147766113281,721.519165039062,940.489196777344,1326.39672851562,712.184143066406,795.205017089844,775.803771972656,1581.20874023438,177.240188598633,313.535125732422,231.410400390625,673.01611328125,141.890914916992,460.070343017578,330.391143798828,1075.62951660156,1087.82751464844,2569.28393554688,459.391387939453,372.731140136719,200.189956665039,1077.12744140625,1208.83227539062,141.26252746582,1497.22631835938,664.831176757812,2019.03051757812,528.137023925781,212.219573974609,293.892425537109,110.781730651855,207.212036132812,950.978820800781,622.916259765625,2013.49633789062,0.743283629417419,NA,343.036071777344,316.419860839844,1475.17041015625,569.970581054688,NA,269.030975341797,349.850769042969,341.761627197266,1126.53271484375,3186.6865234375,666.241760253906,946.95654296875,1576.32116699219,779.139831542969,1985.52172851562,1371.9736328125,351.147583007812,352.918731689453,1786.20739746094,625.00341796875,NA,794.376525878906,537.56982421875
2011-05-31,35.7184257507324,9693.73046875,50.6333503723145,39.2566719055176,NA,NA,NA,1.20100271701813,22.1263656616211,11.1999998092651,162.035003662109,7.5915937423706,24.2179260253906,2.80980658531189,45.8148307800293,121.238265991211,1.74026346206665,5.16922903060913,NA,11.7425937652588,28.5291538238525,NA,NA,NA,31525.166015625,9.40743350982666,21.7678050994873,1.78733849525452,2.02137160301208,72.1353607177734,11.6870641708374,1.94188606739044,839.21142578125,NA,44.5316009521484,11695.9501953125,7.70822143554688,NA,6.30276870727539,NA,52.6004066467285,46.0313758850098,31.1074886322021,68.5432205200195,NA,96.759765625,NA,7.74195718765259,0.581073105335236,33.4940948486328,458.083831787109,411.882965087891,232.870758056641,362.737670898438,4622.9619140625,3459.03369140625,355.863800048828,1437.93298339844,567.4541015625,24.3488311767578,NA,509.947906494141,415.944244384766,1416.12036132812,510.320007324219,NA,420.145111083984,1064.71911621094,285.357391357422,727.269653320312,403.664886474609,656.590209960938,837.163696289062,394.843353271484,2175.75512695312,659.118957519531,1356.04016113281,675.360473632812,350.692749023438,541.295776367188,520.3212890625,322.447448730469,384.066223144531,2299.7958984375,308.951477050781,432.246612548828,302.478668212891,602.906311035156,325.205169677734,442.278106689453,499.966552734375,NA,1221.10522460938,2235.13793945312,366.845550537109,422.935821533203,1586.67956542969,217.279083251953,721.701721191406,244.689895629883,628.150512695312,743.198608398438,1591.85974121094,1274.04711914062,1898.57849121094,511.107757568359,372.740814208984,718.89111328125,660.387939453125,252.153823852539,1425.419921875,1361.29321289062,373.683868408203,1208.56799316406,11635.9990234375,456.012603759766,862.673461914062,1134.1298828125,421.010284423828,1575.42492675781,248.330093383789,300.366638183594,1382.64526367188,1510.25024414062,420.306976318359,221.682220458984,871.688049316406,259.538024902344,797.175842285156,1026.21057128906,1704.57080078125,474.047729492188,577.576782226562,586.354309082031,406.203674316406,988.475463867188,406.667816162109,557.610656738281,NA,3165.29443359375,321.300537109375,711.463134765625,907.049438476562,1278.36572265625,766.600219726562,829.255004882812,781.993469238281,1557.9560546875,156.109405517578,308.105865478516,232.767669677734,660.847106933594,147.02165222168,476.308227539062,285.121154785156,1039.53454589844,1150.83630371094,2245.22900390625,503.206207275391,357.929565429688,191.561141967773,1161.13952636719,874.068420410156,171.734832763672,1607.19201660156,640.207946777344,2104.22192382812,555.431030273438,214.577560424805,289.558898925781,120.762084960938,222.546463012695,931.479431152344,615.960632324219,2116.22631835938,0.743283629417419,NA,324.288543701172,299.748626708984,1357.47766113281,573.383422851562,NA,265.097778320312,361.36328125,324.485778808594,1171.05651855469,2972.37719726562,665.278869628906,935.683410644531,1436.67395019531,749.297058105469,1815.57153320312,1196.81359863281,359.245239257812,335.920288085938,1692.92272949219,629.919128417969,NA,744.675109863281,525.240173339844
2011-06-30,34.5515785217285,9816.08984375,49.7197227478027,37.0465126037598,NA,NA,NA,1.1340799331665,21.7233333587646,11.8999996185303,157.984100341797,7.51978302001953,24.0268573760986,2.62367534637451,44.9030990600586,113.447830200195,1.59500372409821,5.09304904937744,NA,11.88756275177,27.4364738464355,NA,NA,NA,30913.01953125,9.22297477722168,22.9641227722168,1.75949859619141,1.83132815361023,66.7568664550781,11.0968084335327,1.69796812534332,879.604064941406,NA,47.3913803100586,16698.841796875,7.42176628112793,354.389465332031,6.35864591598511,NA,55.5226516723633,43.0433044433594,27.6803932189941,64.1283950805664,NA,103.469955444336,NA,7.55491542816162,0.581073105335236,33.3051300048828,444.611022949219,403.12353515625,242.185531616211,369.773529052734,4935.5,3789.1611328125,356.233551025391,1147.44104003906,595.94775390625,24.6356620788574,NA,513.608337402344,404.418334960938,1364.3388671875,507.275360107422,NA,416.535675048828,1038.57629394531,273.045074462891,749.996887207031,403.664886474609,669.052124023438,825.166137695312,393.089630126953,2091.314453125,661.337280273438,1430.21118164062,686.431823730469,376.152862548828,541.546936035156,532.829040527344,318.708923339844,380.215454101562,2411.98095703125,300.380798339844,446.5986328125,325.609375,606.806701660156,305.130828857422,460.347991943359,473.221588134766,NA,1227.95434570312,2216.0771484375,370.610748291016,439.793731689453,1629.08630371094,223.01611328125,741.370788574219,223.767700195312,654.334106445312,767.786682128906,1587.38781738281,1236.41674804688,2033.86560058594,513.083618164062,375.654479980469,675.972290039062,673.036499023438,260.235595703125,1531.44287109375,1309.72888183594,387.59765625,1174.32360839844,12885.2646484375,468.273559570312,878.01513671875,1123.46423339844,428.199371337891,1592.02404785156,255.872833251953,310.311004638672,1559.48571777344,1564.46899414062,422.340606689453,233.41471862793,871.688049316406,251.904571533203,763.452941894531,1033.19177246094,1704.57080078125,456.898681640625,562.476684570312,630.721984863281,389.044250488281,1142.74645996094,423.697387695312,540.089904785156,NA,3406.3740234375,324.308959960938,681.295104980469,900.779541015625,1341.17541503906,793.331115722656,827.836242675781,779.220458984375,1604.46203613281,154.600021362305,312.177764892578,237.517944335938,643.945678710938,149.498565673828,457.750793457031,290.680694580078,1100.89611816406,1163.80859375,2461.26489257812,503.206207275391,363.311981201172,203.066253662109,1178.82690429688,1070.4267578125,161.543731689453,1619.55493164062,647.243103027344,2232.0087890625,574.536743164062,220.079544067383,302.953430175781,119.181640625,230.017135620117,932.9794921875,598.998474121094,2147.04443359375,0.743283629417419,NA,328.528991699219,285.411376953125,1473.83312988281,569.970581054688,NA,262.737854003906,363.282043457031,354.530700683594,1259.26391601562,2949.42651367188,651.800048828125,939.441101074219,1443.02172851562,728.326416015625,1816.95288085938,1251.943359375,369.551452636719,345.633666992188,1808.10986328125,624.301025390625,NA,756.468872070312,561.407043457031
2011-07-31,34.5293960571289,9833.0302734375,49.5819931030273,35.5730667114258,NA,NA,NA,1.20737075805664,23.0936336517334,11.1999998092651,140.095504760742,7.96604347229004,24.6000556945801,2.63255429267883,41.778751373291,111.91756439209,1.51083433628082,5.41408634185791,NA,12.3526792526245,25.8998947143555,NA,NA,NA,32137.302734375,9.85945415496826,24.4465179443359,1.87085938453674,1.87452030181885,67.8039703369141,10.9197330474854,1.75608921051025,936.031494140625,NA,47.425952911377,16834.056640625,7.3068118095398,391.270294189453,6.16866827011108,NA,59.1685180664062,45.0479583740234,27.5925178527832,67.1282119750977,NA,104.593994140625,NA,6.61969757080078,0.575376331806183,35.9034004211426,425.075012207031,370.751678466797,243.427490234375,374.464111328125,4724.97119140625,3996.58569335938,370.309722900391,937.981811523438,587.737670898438,24.2213516235352,NA,520.471618652344,417.157501220703,1355.3330078125,541.986877441406,NA,412.926147460938,988.667785644531,260.732696533203,721.587707519531,424.373168945312,648.80126953125,933.144104003906,399.102386474609,2068.796875,660.265441894531,1510.02575683594,669.455444335938,372.867706298828,551.087219238281,492.089630126953,337.401550292969,391.565216064453,2327.84252929688,279.566253662109,430.55810546875,313.154357910156,606.24951171875,331.514312744141,431.092102050781,472.675872802734,NA,1273.18725585938,2181.17919921875,395.085083007812,442.107666015625,1570.36926269531,220.753646850586,698.250305175781,217.39143371582,610.869079589844,770.166320800781,1584.40710449219,1300.92517089844,2220.8359375,549.309020996094,372.740814208984,652.56201171875,689.013732910156,262.660278320312,1531.44287109375,1158.90417480469,405.928436279297,1155.94873046875,12662.1806640625,473.202789306641,901.617736816406,1182.12609863281,428.648712158203,1645.59460449219,231.503997802734,305.564788818359,1664.76745605469,1666.78454589844,406.206237792969,235.884750366211,887.309875488281,239.182052612305,772.820617675781,1045.40856933594,1709.00390625,456.163787841797,534.1640625,640.996704101562,394.073760986328,927.052734375,422.335083007812,535.519470214844,NA,3343.87231445312,335.139312744141,623.473083496094,846.440246582031,1355.95458984375,747.5068359375,818.614196777344,789.665832519531,1612.21313476562,166.027908325195,324.393493652344,241.589721679688,638.875305175781,150.913879394531,463.163330078125,289.092254638672,1100.89611816406,1213.84497070312,2183.5048828125,509.844909667969,366.675811767578,193.286849975586,1185.9013671875,901.340393066406,192.924209594727,1574.00720214844,647.243103027344,2223.48950195312,560.889770507812,198.857604980469,315.560150146484,110.712959289551,274.054595947266,914.979736328125,644.412841796875,2143.62060546875,0.743283629417419,NA,333.215911865234,298.08154296875,1404.28771972656,590.448547363281,NA,268.244323730469,385.667358398438,341.010406494141,1243.30236816406,2813.92895507812,651.800048828125,943.198608398438,1282.21557617188,706.549255371094,1888.80224609375,1215.6552734375,359.981506347656,318.112518310547,1752.94958496094,584.272644042969,NA,720.245849609375,561.407043457031
2011-08-31,31.2968864440918,8955.2001953125,47.7915382385254,32.4507789611816,NA,NA,NA,1.17329716682434,22.1418342590332,10,157.980041503906,6.93007326126099,15.5338621139526,2.27296471595764,37.2099952697754,102.919555664062,1.3551219701767,4.83995819091797,NA,11.2049951553345,21.3416576385498,NA,NA,NA,26995.3359375,8.98727035522461,23.100414276123,1.77990901470184,1.58945453166962,56.5033073425293,9.81005191802979,1.55681669712067,856.369079589844,NA,41.4248580932617,16631.236328125,6.37582635879517,443.328338623047,5.6099123954773,NA,59.1093444824219,41.3412437438965,26.0294303894043,62.0907554626465,NA,90.6290740966797,NA,6.02603960037231,0.501317918300629,28.203067779541,368.353393554688,317.243103027344,212.890533447266,320.722503662109,4435.43896484375,4241.91650390625,361.376739501953,1024.36474609375,544.756164550781,22.5653820037842,NA,474.258331298828,369.436187744141,1138.29992675781,495.428131103516,NA,410.819671630859,874.34912109375,233.935180664062,659.088073730469,377.718933105469,598.473205566406,875.822448730469,381.815551757812,2080.05590820312,530.356079101562,1352.00939941406,559.281433105469,317.019744873047,514.257202148438,433.660705566406,354.318298339844,361.366760253906,2039.73046875,201.614288330078,379.06005859375,277.568634033203,554.428588867188,273.438751220703,397.964324951172,438.289459228516,NA,1128.17468261719,2086.3701171875,344.241973876953,403.790863037109,1321.79797363281,199.720489501953,612.00927734375,176.742614746094,482.044586181641,762.234619140625,1480.07165527344,1229.697265625,1908.9140625,452.700012207031,325.497741699219,500.395080566406,628.433654785156,285.828125,1348.84777832031,945.859008789062,381.855438232422,1047.36975097656,10761.515625,460.44482421875,783.632995605469,1125.33557128906,405.284149169922,1528.64526367188,193.790328979492,287.032043457031,2310.44091796875,1406.185546875,390.343048095703,212.782867431641,806.077331542969,204.195373535156,655.726379394531,895.713012695312,1569.35766601562,425.752838134766,436.013885498047,517.9345703125,362.385681152344,964.906372070312,324.244354248047,476.272766113281,NA,3518.0771484375,290.012847900391,496.767150878906,672.97216796875,1296.83947753906,823.880432128906,719.151245117188,706.799682617188,1488.19641113281,176.593322753906,328.46533203125,254.483505249023,530.367858886719,144.544723510742,446.925506591797,236.04817199707,1118.94360351562,1175.29833984375,1766.86437988281,452.752777099609,340.436798095703,176.02912902832,1166.47973632812,983.83837890625,206.848617553711,1564.24682617188,714.078002929688,2155.33666992188,475.596405029297,154.055679321289,325.843078613281,111.022758483887,272.170379638672,851.981140136719,623.271789550781,2228.54321289062,0.743283629417419,NA,254.654586791992,265.172454833984,1182.27612304688,631.404418945312,NA,269.030975341797,340.920989990234,256.884643554688,1223.140625,2357.02075195312,648.141418457031,830.4658203125,1060.04956054688,641.217529296875,1683.58764648438,995.134704589844,366.153076171875,257.638214111328,1455.24841308594,484.553161621094,NA,584.620666503906,537.56982421875
2011-09-30,26.6737327575684,8700.2900390625,48.2047119140625,28.8022556304932,NA,NA,NA,0.981658577919006,18.05348777771,5.80000019073486,182.909973144531,6.1926097869873,12.5914087295532,1.69584441184998,35.1286697387695,80.9662170410156,1.03107094764709,4.49701166152954,NA,10.3806486129761,15.1291360855103,NA,NA,NA,24699.81640625,7.3983268737793,17.9545593261719,1.81997084617615,1.2093677520752,48.1939964294434,7.07126665115356,1.07108974456787,896.2001953125,NA,33.8037109375,15211.49609375,6.43225049972534,411.152526855469,5.49618291854858,NA,60.0560493469238,32.6208915710449,26.5300006866455,51.1951675415039,NA,72.4061050415039,NA,4.33025503158569,0.512711524963379,24.8016929626465,364.899322509766,286.966064453125,223.743865966797,306.51904296875,4651.91796875,4111.6787109375,357.045593261719,857.714416503906,532.6826171875,24.231128692627,NA,460.034240722656,328.395843505859,1032.03430175781,465.607666015625,NA,392.042510986328,858.316345214844,240.473495483398,665.389709472656,338.310089111328,604.467102050781,979.816040039062,413.597595214844,2122.623046875,496.046722412109,1477.87158203125,517.525085449219,307.411956787109,557.557739257812,452.849426269531,388.897216796875,349.372619628906,1916.16296386719,174.071853637695,364.496978759766,282.906494140625,552.158264160156,257.473937988281,364.815979003906,445.680450439453,NA,1178.7294921875,2064.849609375,337.486663818359,404.012939453125,1122.27197265625,195.947113037109,574.281921386719,161.798202514648,479.845642089844,832.033386230469,1599.44311523438,1281.37084960938,1663.81982421875,404.407470703125,359.916748046875,508.198516845703,668.376647949219,286.498229980469,1328.33203125,966.679870605469,398.027954101562,1064.38952636719,10236.224609375,478.132110595703,748.200988769531,1211.48657226562,413.371948242188,1655.35852050781,160.8671875,306.873107910156,2176.79125976562,1326.97570800781,407.085418701172,229.709747314453,822.097290039062,184.539428710938,618.247619628906,850.044799804688,1662.45520019531,456.163787841797,402.093170166016,564.403930664062,341.116424560547,984.095031738281,315.184722900391,484.430938720703,NA,3500.12744140625,269.713653564453,526.157897949219,632.157470703125,1350.8134765625,862.067260742188,656.59814453125,708.192565917969,1340.92712402344,153.953155517578,353.113647460938,265.443420410156,498.255096435547,157.460037231445,426.901000976562,206.078216552734,1177.11059570312,1245.39404296875,1543.11279296875,450.487854003906,320.344909667969,169.768844604492,1206.42761230469,1017.20458984375,172.542053222656,1587.67175292969,765.4013671875,2070.14575195312,480.278717041016,128.117767333984,342.734191894531,100.798355102539,303.5439453125,867.6533203125,679.648071289062,2188.21313476562,0.743283629417419,NA,231.220169067383,236.628677368164,1061.11108398438,670.802551269531,NA,273.522979736328,341.548400878906,232.848587036133,1287.70666503906,2401.13549804688,717.584350585938,770.813842773438,1019.84814453125,665.10546875,1454.9013671875,926.664184570312,400.942321777344,215.25862121582,1240.35473632812,471.310241699219,NA,502.980804443359,608.259338378906
2011-10-31,30.5497760772705,8988.3896484375,50.6838188171387,32.1174964904785,NA,NA,NA,1.01294648647308,19.510721206665,7.69999980926514,172.341873168945,6.46458196640015,18.2470359802246,2.19305515289307,42.2863922119141,94.6605834960938,1.18678367137909,4.6850790977478,NA,10.4722442626953,20.0923118591309,NA,NA,NA,26566.841796875,8.10970401763916,19.9401912689209,1.82569420337677,1.59809303283691,47.3963088989258,9.44409370422363,1.47378623485565,892.880798339844,NA,39.3158302307129,15819.9560546875,7.53250455856323,461.389404296875,5.83152389526367,NA,59.4643592834473,37.2701301574707,26.9805088043213,61.35498046875,NA,81.8462295532227,NA,5.57448768615723,0.552589118480682,28.9116878509521,358.926330566406,320.289886474609,218.055435180664,336.461791992188,4386.71484375,4182.21484375,334.848663330078,922.692504882812,535.097290039062,26.1800174713135,NA,438.702026367188,338.503387451172,1165.31652832031,489.884216308594,NA,423.49365234375,1027.08715820312,237.549758911133,647.879455566406,347.558380126953,643.923217773438,1066.07238769531,392.151885986328,2041.87133789062,519.133972167969,1425.41271972656,547.310607910156,354.898376464844,536.416870117188,444.012573242188,367.265563964844,321.974884033203,2023.28332519531,191.520095825195,336.848419189453,314.933685302734,563.578369140625,272.136474609375,387.889190673828,441.843139648438,NA,1237.93212890625,2093.931640625,358.935943603516,446.020904541016,1305.24377441406,205.401077270508,616.17236328125,180.727798461914,515.536437988281,821.72216796875,1521.91711425781,1296.333984375,1986.44470214844,458.416229248047,354.064483642578,550.141906738281,655.727966308594,313.485168457031,1233.451171875,1094.01110839844,400.943084716797,1132.38244628906,11095.9619140625,469.433410644531,769.443420410156,1198.96008300781,396.747161865234,1584.21801757812,192.475540161133,288.337188720703,2154.349609375,1457.29565429688,399.610961914062,219.212203979492,863.360961914062,196.153762817383,662.67822265625,923.808776855469,1662.45520019531,437.544769287109,383.036651611328,282.552215576172,318.040008544922,847.57763671875,350.969818115234,505.225189208984,NA,3374.48266601562,284.425323486328,572.132751464844,649.014892578125,1261.0087890625,821.971130371094,635.833435058594,674.767395019531,1410.68627929688,159.559310913086,347.61767578125,247.609924316406,532.73388671875,154.806198120117,440.168487548828,204.474487304688,1085.7197265625,1249.14538574219,1581.69091796875,455.850921630859,321.027923583984,162.210662841797,1205.53991699219,998.419006347656,168.304183959961,1848.59655761719,751.161437988281,2019.03051757812,509.386352539062,128.117767333984,298.394470214844,99.6623077392578,280.738861083984,939.322448730469,699.223205566406,2184.71240234375,0.743283629417419,NA,253.985122680664,250.111709594727,1017.37493896484,653.602355957031,NA,268.752227783203,312.494201660156,218.577209472656,1236.43774414062,2205.76708984375,674.743530273438,884.727294921875,1303.37438964844,684.038024902344,1541.88696289062,1087.70007324219,360.773681640625,233.265106201172,1400.00439453125,470.589660644531,NA,586.244689941406,614.013244628906
2011-11-30,30.6681346893311,8434.6103515625,51.3724479675293,25.4694747924805,NA,NA,NA,0.966014266014099,19.0654563903809,6.40000009536743,151.4765625,6.48550415039062,17.2916927337646,1.91337394714355,40.4588851928711,86.3310089111328,1.01423740386963,4.40850830078125,NA,9.28152179718018,17.5080375671387,NA,NA,NA,23108.25390625,6.72759914398193,17.0036964416504,1.75701630115509,1.60673129558563,43.2084083557129,8.19275093078613,1.29527115821838,892.880798339844,NA,36.6486740112305,16496.021484375,7.33502244949341,431.641876220703,5.43366289138794,NA,58.9318466186523,32.6018371582031,26.5300006866455,52.7516899108887,NA,81.5890350341797,NA,5.66453123092651,0.598163425922394,27.3999652862549,340.599884033203,261.259063720703,207.310729980469,333.309936523438,4221.5068359375,3620.86303710938,315.62939453125,886.763549804688,504.430694580078,24.5234680175781,NA,424.789703369141,319.938323974609,1146.85498046875,474.944946289062,NA,369.368408203125,986.099975585938,232.43327331543,583.675170898438,352.630157470703,600.521545410156,982.51171875,350.536743164062,1814.03503417969,515.465759277344,1327.0517578125,530.183898925781,333.237945556641,541.765808105469,387.744567871094,377.611206054688,306.113037109375,1900.73779296875,172.019073486328,317.431060791016,290.023651123047,574.99853515625,270.377014160156,387.453796386719,405.114135742188,NA,1165.42565917969,1989.23498535156,330.698852539062,395.142669677734,1251.73974609375,194.654251098633,553.717529296875,165.783386230469,482.753723144531,831.240234375,1582.13146972656,1277.28979492188,1885.04797363281,417.580291748047,336.089508056641,490.640777587891,609.793640136719,300.945739746094,1085.19995117188,1042.03918457031,377.397674560547,1059.35278320312,11212.3857421875,492.049713134766,808.387512207031,1098.74853515625,412.02392578125,1542.14599609375,225.143432617188,289.023620605469,1900.0166015625,1312.88696289062,406.670257568359,209.332260131836,733.221862792969,160.020172119141,639.044982910156,885.170349121094,1527.2421875,412.719512939453,322.055633544922,239.352111816406,264.490966796875,835.166931152344,299.356567382812,527.559875488281,NA,3226.39990234375,294.846130371094,529.563354492188,503.618743896484,1234.81555175781,793.331115722656,587.859497070312,649.698486328125,1364.18029785156,189.314971923828,314.64208984375,218.116287231445,496.226867675781,149.144714355469,444.851043701172,186.031723022461,1074.7529296875,1194.75329589844,1496.81945800781,474.621154785156,313.514526367188,146.51286315918,1163.81640625,1011.63854980469,146.307601928711,1512.19189453125,701.3212890625,1976.43481445312,478.199523925781,102.179794311523,279.220520019531,102.24422454834,298.432434082031,850.879577636719,705.487365722656,2074.77612304688,0.743283629417419,NA,233.452056884766,271.347625732422,934.612365722656,636.402404785156,NA,247.283782958984,282.148712158203,206.559234619141,1210.80334472656,2029.30639648438,646.50732421875,846.756103515625,1199.69689941406,612.423828125,1424.03564453125,936.552429199219,370.443878173828,276.644134521484,1309.94567871094,491.488586425781,NA,542.913452148438,586.888061523438
2011-12-31,29.4984321594238,8455.349609375,52.1988220214844,27.3814430236816,NA,NA,NA,0.930815577507019,19.6321582794189,5.30000019073486,150.392684936523,6.02524280548096,16.0879611968994,2.04655599594116,42.0833435058594,87.6016082763672,1.20361721515656,4.33107042312622,NA,9.32426834106445,17.5251522064209,NA,NA,NA,22661.02734375,7.68287801742554,17.9265937805176,1.80773603916168,1.63264644145966,47.8616333007812,9.267014503479,1.3866046667099,839.772888183594,NA,33.6901092529297,14467.8232421875,7.16575336456299,447.578033447266,5.49618291854858,NA,59.1685180664062,35.2122802734375,25.9293193817139,56.4774055480957,NA,79.4297790527344,NA,6.5404052734375,0.586769878864288,23.8568649291992,348.202056884766,263.163330078125,206.678619384766,318.338592529297,4034.56103515625,4114.6162109375,348.97216796875,805.731689453125,517.711486816406,25.5628643035889,NA,395.341857910156,320.763427734375,1020.77740478516,486.771850585938,NA,362.05419921875,943.9072265625,239.742492675781,607.022155761719,357.105102539062,598.154113769531,975.773010253906,389.598724365234,1949.58276367188,509.887847900391,1359.01904296875,549.54443359375,333.237945556641,546.350524902344,383.416198730469,382.313690185547,293.753173828125,1806.4716796875,150.465454101562,318.697509765625,277.568634033203,594.983459472656,275.069091796875,343.049011230469,397.439483642578,NA,1168.96276855469,2018.3173828125,304.633941650391,411.376770019531,1188.32702636719,200.310455322266,498.117279052734,150.838989257812,481.96044921875,838.378845214844,1628.79748535156,1333.06103515625,1809.76928710938,418.897644042969,332.745391845703,459.427062988281,611.125244140625,298.765014648438,1138.5703125,1043.33874511719,390.179534912109,965.337158203125,11122.828125,490.020050048828,785.965026855469,1163.17041015625,415.169189453125,1608.69653320312,200.716064453125,311.449890136719,1915.80908203125,1186.96960449219,433.246307373047,209.332260131836,717.351196289062,150.341522216797,585.161071777344,851.801147460938,1573.79064941406,423.890991210938,375.414031982422,236.316421508789,292.596771240234,862.178405761719,320.001892089844,496.753448486328,522.763793945312,3239.8623046875,285.038360595703,468.944580078125,627.943054199219,1324.62060546875,792.840759277344,600.031982421875,661.183349609375,1449.44152832031,190.608673095703,324.259979248047,234.577865600586,484.733917236328,156.3984375,430.022827148438,180.418685913086,1111.30932617188,1254.77233886719,1481.38842773438,477.302642822266,316.929718017578,139.536056518555,1217.96789550781,999.810852050781,181.724075317383,1552.65551757812,694.201232910156,1831.61022949219,479.585571289062,109.253784179688,299.992279052734,109.370330810547,272.875061035156,863.078674316406,745.495849609375,2230.2265625,0.743283629417419,NA,220.815582275391,267.639770507812,937.976501464844,651.882446289062,NA,256.825317382812,273.755310058594,199.047988891602,1209.09411621094,2076.1337890625,622.166137695312,801.190612792969,1373.19812011719,609.131408691406,1387.55810546875,915.363342285156,368.956115722656,263.548553466797,1254.27307128906,483.561401367188,NA,556.507507324219,571.270751953125
2012-01-31,32.4746398925781,8802.509765625,54.0581398010254,33.2751998901367,NA,NA,NA,0.958192706108093,20.9679508209229,5.5,153.102432250977,7.08698225021362,23.1670475006104,2.41058492660522,48.3780632019043,95.0135116577148,1.40141487121582,4.75698709487915,NA,10.5882625579834,21.0164890289307,NA,NA,NA,26593.93359375,7.76417827606201,18.4579601287842,1.8135861158371,1.57217788696289,50.852970123291,10.1051797866821,1.5900285243988,829.815124511719,NA,39.0985069274902,14028.3798828125,8.74560356140137,506.162261962891,6.44536876678467,NA,56.9201164245605,39.785285949707,31.1352100372314,62.3078842163086,NA,88.7756042480469,NA,7.05610418319702,0.649434745311737,27.0220336914062,381.461029052734,264.877105712891,220.583633422852,335.673858642578,4128.03466796875,4452.60302734375,333.022216796875,785.091430664062,585.564514160156,24.7508296966553,NA,442.643676757812,358.718811035156,955.937622070312,516.02783203125,NA,353.277130126953,1046.37426757812,255.091888427734,671.2265625,386.04345703125,624.984191894531,1010.81463623047,370.45068359375,1909.20629882812,578.944274902344,1324.59265136719,509.333892822266,339.069519042969,546.605163574219,408.484344482422,380.902984619141,321.974884033203,1893.88220214844,179.614273071289,349.933990478516,270.451446533203,625.24658203125,308.499542236328,376.134918212891,400.728698730469,NA,1164.27380371094,1947.29174804688,340.201721191406,418.071258544922,1419.51879882812,188.109237670898,469.936157226562,159.407119750977,477.730438232422,797.134094238281,1624.28149414062,1342.58288574219,1968.00793457031,469.613189697266,363.260925292969,471.132202148438,641.082336425781,295.766448974609,1108.92004394531,1069.32446289062,389.058349609375,1021.57855224609,11848.2314453125,488.570251464844,853.232360839844,1172.11779785156,413.371948242188,1534.49609375,213.95979309082,330.672393798828,1670.61853027344,1275.02380371094,433.246307373047,209.332260131836,755.440673828125,180.022735595703,614.466430664062,913.271057128906,1580.44055175781,450.526397705078,367.791381835938,300.065826416016,300.880645751953,895.76025390625,356.475250244141,529.870361328125,526.541687011719,3141.14038085938,281.973419189453,460.430633544922,606.87109375,1317.13647460938,736.346130371094,657.314331054688,659.770629882812,1550.20471191406,192.118011474609,354.487609863281,252.411224365234,523.945251464844,156.3984375,446.411956787109,189.239166259766,1118.62072753906,1211.63354492188,1728.28662109375,517.52490234375,329.224426269531,159.303649902344,1175.35693359375,975.458801269531,150.141860961914,1634.30285644531,751.161437988281,1891.24401855469,498.297790527344,113.183776855469,303.187896728516,120.111175537109,259.113250732422,930.173156738281,743.121765136719,2209.22021484375,0.743283629417419,NA,228.523727416992,278.089141845703,915.099182128906,645.00244140625,NA,277.498596191406,276.337829589844,223.083938598633,1195.42224121094,1995.78771972656,649.428466796875,763.219543457031,1356.27124023438,674.983215332031,1541.88696289062,1066.51098632812,351.103515625,278.281097412109,1250.99829101562,463.382965087891,NA,571.800964355469,618.945068359375
2012-02-29,34.2679023742676,9723.240234375,55.8486022949219,35.432746887207,NA,NA,NA,1.13809788227081,23.8014621734619,10.3000001907349,163.128631591797,7.42694854736328,24.3612232208252,2.52600884437561,52.0330810546875,102.072479248047,1.42245721817017,4.96717834472656,NA,11.0218076705933,23.224250793457,NA,NA,NA,25719.955078125,8.21010875701904,19.3528919219971,1.8545378446579,2.28916001319885,53.7113723754883,10.5065536499023,1.60248339176178,932.711975097656,NA,38.3576316833496,12642.443359375,8.74560356140137,503.885620117188,6.6727180480957,NA,53.488338470459,43.2150650024414,28.8326091766357,69.2696762084961,NA,89.4915390014648,NA,7.67822360992432,0.643737852573395,26.4551391601562,455.445617675781,330.763122558594,265.458862304688,372.708251953125,4634.52685546875,4985.21044921875,365.746948242188,924.2216796875,665.732543945312,24.9132404327393,NA,520.552734375,410.701019287109,1090.12023925781,575.784973144531,NA,377.414031982422,1087.36193847656,278.481475830078,793.798095703125,417.368408203125,687.324951171875,1164.45837402344,381.173706054688,2116.85522460938,672.105346679688,1550.82250976562,542.842712402344,367.394866943359,580.560913085938,484.590423583984,395.951049804688,359.054565429688,2065.27392578125,235.24333190918,402.2763671875,282.906494140625,688.056518554688,340.757202148438,425.763793945312,429.234680175781,NA,1310.310546875,2178.1259765625,418.668029785156,458.405670166016,1599.84826660156,207.663543701172,578.090148925781,212.808486938477,543.825012207031,836.617309570312,1718.3662109375,1417.3974609375,2262.97924804688,515.71826171875,402.764007568359,545.264770507812,698.333618164062,309.396240234375,1387.63244628906,1173.26867675781,433.458068847656,1233.95300292969,12412.4296875,515.535827636719,902.797729492188,1193.59191894531,430.445953369141,1590.33752441406,249.570709228516,373.236450195312,1856.796875,1669.505859375,462.31396484375,240.207214355469,895.10205078125,241.966049194336,679.6943359375,1013.37976074219,1709.00390625,484.504760742188,461.168487548828,317.345886230469,332.832550048828,982.635070800781,422.540130615234,616.128540039062,554.875915527344,3100.49633789062,312.622711181641,568.727172851562,779.661071777344,1388.23181152344,773.690002441406,756.842224121094,675.311340332031,1596.7109375,198.371032714844,344.869750976562,251.725387573242,641.579528808594,158.521560668945,451.094543457031,226.124771118164,1140.55419921875,1243.51843261719,1967.46923828125,614.057800292969,351.7646484375,195.931884765625,1284.69262695312,1037.38171386719,149.637329101562,1601.91369628906,765.4013671875,2121.26000976562,576.611511230469,134.405731201172,313.660614013672,142.522247314453,237.880950927734,974.394653320312,686.932556152344,2303.75048828125,0.743283629417419,NA,264.343963623047,282.471221923828,1178.19006347656,672.5224609375,NA,261.596038818359,302.163848876953,220.830612182617,1205.67626953125,2346.0947265625,670.848815917969,801.190612792969,1449.36926269531,688.976928710938,1690.60388183594,1200.00183105469,382.345733642578,311.838562011719,1464.68322753906,538.331298828125,NA,662.71142578125,635.384460449219
2012-03-31,33.5294990539551,10083.5595703125,58.4654426574707,37.9937210083008,NA,NA,NA,1.03250133991241,23.0323600769043,8.80000019073486,153.102432250977,7.4164891242981,20.7309284210205,2.22413110733032,58.1247520446777,92.1193542480469,1.3172459602356,4.93399000167847,NA,11.2049980163574,20.0923118591309,NA,NA,NA,25813.587890625,7.61487722396851,18.5977916717529,1.84283769130707,2.46192717552185,57.5004119873047,9.37326240539551,1.38245332241058,985.820251464844,NA,38.0810356140137,12304.41015625,8.15316009521484,489.972320556641,6.24075555801392,NA,53.7841911315918,38.222843170166,29.7336273193359,56.4433631896973,NA,80.9777374267578,NA,8.59502506256104,0.632344245910645,27.7306537628174,488.704742431641,326.824340820312,263.985961914062,422.402770996094,4659.85400390625,5586.515625,419.646514892578,960.041809082031,657.522521972656,24.8464698791504,NA,532.292785644531,402.649536132812,1119.90490722656,578.578674316406,NA,392.042510986328,1147.92175292969,295.265625,804.608581542969,412.923583984375,762.225952148438,1272.20935058594,392.49365234375,2153.9228515625,686.1103515625,1551.8134765625,549.612548828125,367.385314941406,635.360107421875,502.758117675781,419.495727539062,355.452911376953,1946.3857421875,269.777557373047,407.648406982422,307.816467285156,696.521606445312,355.853088378906,427.756256103516,435.985656738281,NA,1343.80480957031,2314.25830078125,432.765960693359,491.902435302734,1571.90869140625,219.209594726562,583.387084960938,230.894302368164,517.680053710938,882.015197753906,1862.99633789062,1431.95520019531,2269.78686523438,526.182434082031,414.8583984375,561.847106933594,744.797790527344,329.377349853516,1351.89953613281,1193.7119140625,466.260375976562,1244.02917480469,11802.1875,531.483337402344,893.922119140625,1229.25207519531,470.063720703125,1685.4013671875,278.397674560547,391.518859863281,1970.92492675781,1765.39782714844,479.550384521484,242.414611816406,851.705078125,237.405120849609,722.131408691406,988.560607910156,1795.45153808594,510.302947998047,499.238220214844,316.178314208984,338.453704833984,957.593933105469,460.703979492188,618.295166015625,680.962463378906,3375.79541015625,319.253479003906,567.875793457031,763.763488769531,1475.97387695312,830.184814453125,818.382995605469,756.546630859375,1651.11743164062,200.093887329102,348.99169921875,250.308685302734,662.7333984375,171.987060546875,483.02392578125,223.293182373047,1228.33349609375,1265.63891601562,1989.86767578125,654.330444335938,353.832489013672,191.780700683594,1358.00122070312,1059.86389160156,153.875183105469,1715.95080566406,777.759460449219,2163.71997070312,617.477661132812,143.051727294922,346.890747070312,175.674179077148,237.969299316406,999.531188964844,728.085266113281,2359.51440429688,0.743283629417419,NA,251.421508789062,282.152404785156,1202.87353515625,681.825927734375,NA,266.777069091797,288.569091796875,226.729125976562,1241.328125,2256.1083984375,711.731628417969,835.542846679688,1586.58374023438,696.38525390625,1647.74096679688,1303.60668945312,396.786163330078,298.742919921875,1453.57775878906,586.153991699219,NA,665.158874511719,692.0615234375
2012-04-30,33.8384208679199,9520.8896484375,59.7738494873047,42.7648620605469,NA,NA,NA,1.04032337665558,22.3442287445068,6.90000009536743,137.114730834961,7.30142164230347,19.5367488861084,2.29960060119629,46.9059143066406,89.0592041015625,1.36774718761444,5.04059410095215,NA,11.7545585632324,22.2145004272461,NA,NA,NA,24034.419921875,7.6559271812439,17.0316600799561,1.82528686523438,2.22869181632996,57.6998519897461,9.93990707397461,1.53190767765045,995.778015136719,NA,34.3470191955566,11763.556640625,8.63275718688965,484.892517089844,6.68408727645874,NA,54.0800285339355,39.3279800415039,29.5834560394287,54.7471389770508,NA,80.5423889160156,NA,7.67003679275513,0.586769878864288,30.9430637359619,452.42822265625,252.406616210938,247.967361450195,407.288482666016,4540.125,5311.04150390625,397.096710205078,835.220947265625,623.958251953125,23.986270904541,NA,482.602630615234,365.530242919922,1096.56408691406,580.500854492188,NA,383.996795654297,1080.04040527344,268.021667480469,756.927978515625,381.581604003906,739.901306152344,1210.78283691406,357.616821289062,2059.375,631.788696289062,1535.95288085938,530.841613769531,328.624359130859,626.312927246094,474.392517089844,419.022735595703,310.262908935547,1834.94140625,277.225463867188,364.680084228516,257.996459960938,663.90869140625,332.606475830078,408.412750244141,405.119384765625,NA,1276.14587402344,2172.20703125,403.787292480469,470.596160888672,1542.58911132812,196.535583496094,476.828826904297,204.431365966797,455.270355224609,846.345336914062,1832.58068847656,1368.74035644531,2101.25415039062,511.529418945312,398.070983886719,451.623626708984,703.94970703125,316.687744140625,1197.05651855469,1251.11437988281,419.021179199219,1200.20178222656,12026.3935546875,522.784606933594,857.12060546875,1196.80847167969,467.799438476562,1666.00207519531,250.498550415039,370.142150878906,1957.48291015625,1702.56872558594,457.688690185547,216.964233398438,761.372619628906,214.053741455078,748.806640625,937.275695800781,1684.62121582031,468.774047851562,456.994812011719,294.227966308594,309.164520263672,864.9716796875,424.678985595703,603.518188476562,719.685791015625,3317.12475585938,281.913818359375,563.618896484375,661.928344726562,1460.83569335938,852.208129882812,786.60107421875,721.933227539062,1532.61572265625,199.005264282227,315.754333496094,235.054504394531,599.155212402344,168.752243041992,485.384155273438,203.067306518555,1195.03503417969,1250.41320800781,1903.35192871094,619.252868652344,343.446105957031,178.291534423828,1283.79846191406,927.913208007812,124.109169006348,1642.40026855469,730.950073242188,2025.24169921875,585.93798828125,133.619735717773,351.753784179688,168.341537475586,295.875122070312,840.163513183594,667.147827148438,2237.59497070312,0.743283629417419,NA,243.713317871094,252.398208618164,1022.23962402344,648.862243652344,NA,244.277725219727,275.511627197266,248.104263305664,1218.7265625,2034.35375976562,697.94970703125,820.211975097656,1543.99108886719,586.906127929688,1496.14270019531,1243.80200195312,365.975128173828,302.053100585938,1396.65515136719,527.174621582031,NA,597.617065429688,638.3173828125
2012-05-31,30.4477996826172,8542.73046875,58.6031646728516,37.5682487487793,NA,NA,NA,0.993391513824463,20.6495361328125,6.5,143.076293945312,7.05396842956543,15.0752992630005,2.09538888931274,44.4184761047363,78.6534194946289,1.25832736492157,4.7030553817749,NA,11.0342845916748,19.5617656707764,NA,NA,NA,23035.583984375,6.83491659164429,16.5841941833496,1.8135861158371,2.12102699279785,55.3067741394043,8.84203338623047,1.30357456207275,756.791259765625,NA,31.8181629180908,13250.9033203125,7.39144563674927,436.865081787109,5.69354867935181,NA,53.3700065612793,35.4920921325684,28.2819786071777,51.4131851196289,NA,73.2669677734375,NA,7.87219572067261,0.512711524963379,28.3447914123535,416.15185546875,201.388259887695,217.852493286133,357.173004150391,4247.98583984375,5180.7099609375,389.121795654297,694.990356445312,552.724609375,22.3651275634766,NA,400.098510742188,321.909851074219,1121.27770996094,550.386535644531,NA,354.374206542969,858.213989257812,233.414428710938,685.407470703125,335.93798828125,642.629699707031,1193.03747558594,328.205780029297,1935.28100585938,548.015869140625,1403.22680664062,463.2666015625,289.020965576172,609.769836425781,430.753540039062,404.361724853516,251.892425537109,1745.95922851562,220.125289916992,317.745391845703,201.059341430664,613.241760253906,299.226623535156,357.416076660156,310.7568359375,NA,1123.41003417969,1864.42822265625,357.585479736328,380.974975585938,1251.396484375,186.712860107422,398.634918212891,158.777709960938,391.794006347656,770.141906738281,1875.1630859375,1282.16320800781,2090.43017578125,451.58447265625,342.462707519531,243.85725402832,680.80224609375,263.170867919922,1048.16882324219,1091.95288085938,384.954345703125,1027.41967773438,11551.078125,485.670837402344,765.710327148438,1149.94555664062,479.120819091797,1572.8857421875,201.526657104492,336.218353271484,1392.08093261719,1458.33374023438,434.416381835938,187.696319580078,638.778747558594,167.999755859375,618.289428710938,801.105529785156,1536.10852050781,417.177520751953,403.230773925781,293.527404785156,292.300994873047,847.044921875,418.443908691406,522.634338378906,585.098754882812,3195.2724609375,247.68603515625,541.482788085938,587.673461914062,1407.85192871094,802.416198730469,657.306579589844,636.459716796875,1271.91320800781,197.698837280273,283.902008056641,210.786270141602,516.918151855469,166.955108642578,412.222503662109,173.133102416992,1135.83837890625,1170.47778320312,1635.93908691406,565.287414550781,293.591033935547,145.448348999023,1116.61865234375,849.877685546875,116.440673828125,1449.41491699219,687.741149902344,1852.14440917969,531.268981933594,113.969764709473,324.602325439453,150.268020629883,276.441009521484,739.591186523438,610.95849609375,2291.3828125,0.743283629417419,NA,176.607116699219,242.82209777832,860.548522949219,603.754211425781,NA,208.921737670898,225.893463134766,214.514724731445,1071.81884765625,1696.90148925781,642.82275390625,697.563415527344,1205.37768554688,488.128234863281,1253.86975097656,1076.490234375,332.158111572266,263.158630371094,1275.38647460938,415.040863037109,NA,502.716522216797,548.192199707031
2012-06-30,31.5432815551758,9006.7802734375,55.9863357543945,39.786434173584,NA,NA,NA,1.00149261951447,21.628963470459,8.39999961853027,147.953872680664,7.40079641342163,13.9671020507812,1.99065804481506,45.382999420166,78.9404678344727,1.32164990901947,4.94495964050293,NA,11.6393270492554,21.1191749572754,NA,NA,NA,23035.583984375,6.97859334945679,16.6680946350098,1.93059182167053,2.3546998500824,60.4252967834473,8.7813024520874,1.35306179523468,781.850646972656,NA,35.0582618713379,16090.3828125,7.27859878540039,443.330291748047,5.76892185211182,NA,55.6184005737305,37.5145530700684,24.4776782989502,53.3141174316406,NA,78.1979827880859,NA,8.03740692138672,0.478530764579773,27.1165180206299,436.685577392578,215.389541625977,242.200729370117,387.401397705078,4701.962890625,4703.81201171875,420.16943359375,716.564147949219,630.719421386719,24.4825344085693,NA,465.492431640625,334.702331542969,1351.48291015625,533.0869140625,NA,375.219787597656,895.791198730469,237.096054077148,798.648620605469,357.238433837891,695.252136230469,1289.13586425781,348.507293701172,2136.19555664062,604.100341796875,1458.32055664062,495.552551269531,319.355529785156,619.59228515625,489.666320800781,431.319213867188,289.341583251953,1921.33239746094,254.67497253418,371.070220947266,218.852172851562,645.272399902344,313.532196044922,368.846374511719,359.371185302734,NA,1227.00366210938,1909.97790527344,418.276611328125,411.412414550781,1251.396484375,210.532897949219,492.927490234375,184.23063659668,399.528472900391,804.190368652344,1857.67346191406,1374.23718261719,2002.29870605469,490.881530761719,340.154510498047,298.481262207031,767.264221191406,299.860260009766,1066.03515625,1167.61926269531,396.76416015625,1195.14501953125,12295.4423828125,499.723571777344,717.037170410156,1130.11889648438,501.310699462891,1702.47229003906,189.951507568359,351.089080810547,1505.49780273438,1717.61254882812,488.718353271484,208.056640625,761.372619628906,190.702423095703,650.680480957031,786.073791503906,1615.90661621094,470.661804199219,401.310699462891,300.766418457031,319.519287109375,713.34033203125,441.305816650391,567.742736816406,731.963928222656,3402.8740234375,253.909225463867,574.686950683594,602.524475097656,1540.3115234375,789.010681152344,710.035705566406,670.933227539062,1335.11389160156,195.957015991211,322.678833007812,241.988220214844,582.569580078125,176.839416503906,425.596099853516,190.931793212891,1235.73291015625,1248.509765625,1698.859375,570.68408203125,297.745544433594,174.186126708984,1229.26391601562,917.981384277344,112.101890563965,1578.29663085938,766.957336425781,1956.00317382812,524.260192871094,122.615753173828,350.943328857422,152.618698120117,302.221008300781,820.048889160156,654.714660644531,2502.9501953125,0.743283629417419,NA,172.280471801758,242.82209777832,891.668884277344,650.59716796875,NA,221.778472900391,227.852066040039,233.599716186523,1090.94262695312,1754.90759277344,719.60693359375,739.723754882812,1230.93334960938,511.176391601562,1262.37048339844,1056.55505371094,358.460327148438,259.848358154297,1396.65515136719,484.942321777344,NA,512.976013183594,676.351623535156
2012-07-31,32.3348922729492,8695.0595703125,57.8401947021484,40.8074989318848,NA,NA,NA,1.00987327098846,22.2410984039307,7.80000019073486,143.40266418457,7.86501264572144,12.6487293243408,2.06490182876587,42.9463272094727,74.7781600952148,1.33513605594635,5.37250995635986,NA,12.4751625061035,20.9120807647705,NA,NA,NA,22567.38671875,7.56398916244507,17.6189594268799,2.09439945220947,2.70520853996277,70.1265869140625,8.69628620147705,1.38371360301971,764.704772949219,NA,31.3884544372559,13487.5263671875,7.3935866355896,441.021179199219,5.63556814193726,NA,56.5434837341309,40.4887466430664,23.3764305114746,56.7065696716309,NA,77.313346862793,NA,8.67346477508545,0.489924281835556,26.2189311981201,413.413848876953,184.126403808594,244.123001098633,371.491668701172,4707.71435546875,4783.7880859375,422.399932861328,674.186706542969,603.916137695312,24.0458240509033,NA,423.771575927734,328.620635986328,1378.02746582031,524.757446289062,NA,396.387908935547,890.996032714844,231.205535888672,774.808166503906,355.918090820312,634.497253417969,1351.38146972656,337.575744628906,2130.28588867188,561.687927246094,1457.52368164062,469.273101806641,261.214233398438,644.665588378906,458.755310058594,460.056365966797,265.120483398438,1853.08337402344,208.539733886719,331.186889648438,186.220611572266,644.301879882812,315.91650390625,348.184020996094,355.675384521484,NA,1208.07446289062,1602.20935058594,416.909637451172,403.806823730469,1172.76782226562,233.943603515625,420.099914550781,168.008224487305,372.282287597656,765.277893066406,1815.09118652344,1385.50598144531,1891.23168945312,498.130401611328,302.970977783203,242.881820678711,760.456359863281,310.618804931641,935.7587890625,1084.12524414062,370.832366943359,1196.83020019531,11882.90234375,516.390625,732.775024414062,1169.19018554688,503.575164794922,1653.58679199219,173.996551513672,338.763641357422,1414.96789550781,1745.04455566406,523.697387695312,204.875335693359,727.498107910156,180.324035644531,590.521301269531,775.938720703125,1615.90661621094,481.639404296875,336.025665283203,345.601104736328,331.999694824219,437.735748291016,407.129364013672,580.964050292969,765.492492675781,3302.15869140625,235.861694335938,582.519653320312,507.054046630859,1513.81921386719,745.921447753906,673.251098632812,640.110473632812,1313.05590820312,201.400253295898,311.599731445312,247.535202026367,553.7275390625,177.378555297852,387.835205078125,191.086639404297,1180.23608398438,1288.79431152344,1566.46423339844,546.399658203125,289.436462402344,172.880905151367,1256.97814941406,589.909606933594,104.937850952148,1580.05444335938,781.910095214844,1557.87829589844,522.858520507812,94.3198089599609,344.146087646484,121.639068603516,322.547515869141,755.063903808594,700.021057128906,2479.0439453125,0.743283629417419,NA,152.200073242188,225.721923828125,704.438415527344,652.332153320312,NA,196.868560791016,216.753265380859,226.729125976562,978.195861816406,1521.13940429688,705.234436035156,666.901245117188,1128.71032714844,492.929870605469,1196.66687011719,1007.81457519531,343.408721923828,228.401794433594,1298.48547363281,383.868438720703,NA,484.762329101562,668.083435058594
2012-08-31,32.0380401611328,8839.91015625,59.4825859069824,41.7229499816895,NA,NA,NA,0.980540812015533,21.8519191741943,7,179.956329345703,7.85713720321655,12.9162254333496,1.94889616966248,48.0730171203613,75.1849212646484,1.26770496368408,5.31605911254883,NA,12.0291719436646,19.2452983856201,NA,NA,NA,22941.947265625,7.52196741104126,18.0339889526367,2.03498125076294,3.60394930839539,70.4720458984375,8.12543869018555,1.25234842300415,737.271423339844,NA,31.0476512908936,13183.296875,7.0415096282959,424.858154296875,5.42104816436768,NA,56.857608795166,41.8370628356934,26.2196884155273,58.8414840698242,NA,79.2284393310547,NA,9.73080062866211,0.535498738288879,28.3920307159424,423.680786132812,168.974349975586,228.104415893555,357.173004150391,4941.6142578125,5449.966796875,434.946380615234,671.875183105469,585.323120117188,23.9200973510742,NA,439.2412109375,301.777435302734,1459.94946289062,508.739166259766,NA,409.5966796875,890.942321777344,238.568740844727,750.967895507812,332.590728759766,667.346313476562,1289.13586425781,335.753845214844,2168.69604492188,543.228759765625,1474.18115234375,477.532440185547,267.955291748047,621.445739746094,474.574493408203,499.422271728516,258.168823242188,1801.24914550781,235.020980834961,310.253601074219,199.280014038086,603.341552734375,299.226623535156,340.710327148438,381.969604492188,NA,1227.00366210938,1566.00122070312,397.226104736328,394.671783447266,1026.17175292969,220.437438964844,407.834228515625,160.999801635742,346.453582763672,739.052795410156,1815.8515625,1440.20068359375,1977.55981445312,482.222961425781,299.654907226562,256.537811279297,742.074584960938,342.06689453125,899.28125,1012.37182617188,371.327667236328,1157.21691894531,11021.953125,554.111083984375,730.095886230469,1227.44995117188,540.256164550781,1834.38720703125,177.129760742188,371.304046630859,1509.69799804688,1689.29528808594,538.7890625,194.05891418457,703.301940917969,167.351058959961,640.200927734375,786.9580078125,1753.33618164062,468.804962158203,303.383148193359,360.779602050781,333.720123291016,436.220642089844,433.685180664062,584.852600097656,533.153015136719,3559.5390625,252.042236328125,615.553527832031,415.826721191406,1634.9248046875,723.898193359375,635.637268066406,698.888854980469,1327.21362304688,154.806045532227,300.520599365234,235.747833251953,547.325134277344,185.825180053711,376.035034179688,190.931793212891,1265.33154296875,1303.70361328125,1305.60510253906,538.304748535156,281.819702148438,165.975341796875,1221.27087402344,659.754699707031,114.826232910156,1464.25964355469,766.957336425781,1497.29431152344,511.644378662109,82.5298309326172,394.814086914062,160.285903930664,328.794250488281,708.646179199219,701.193664550781,2563.91040039062,0.743283629417419,NA,154.710159301758,215.119873046875,668.413391113281,667.946594238281,NA,200.886291503906,197.819976806641,239.706939697266,969.244140625,1560.64978027344,718.622497558594,594.078857421875,894.449890136719,456.848449707031,1144.77600097656,922.705688476562,340.424530029297,225.091690063477,1259.71228027344,448.535308837891,NA,438.594543457031,754.901123046875
2012-09-30,33.8192024230957,8870.16015625,64.1240615844727,46.5113945007324,NA,NA,NA,0.95525062084198,23.6968307495117,7.59999990463257,174.051498413086,7.82451295852661,12.9162254333496,2.12522482872009,52.1546859741211,85.5502395629883,1.32614541053772,5.34467077255249,NA,12.3820476531982,20.1912326812744,NA,NA,NA,24783.54296875,8.09245872497559,19.3372859954834,1.92092621326447,3.86458444595337,78.4174194335938,7.9311089515686,1.32240998744965,744.129760742188,NA,33.1616172790527,12439.623046875,7.15886878967285,429.476226806641,5.98845720291138,NA,58.9936943054199,45.3968276977539,26.4537887573242,66.4452590942383,NA,79.2673263549805,NA,11.7446088790894,0.495621144771576,28.8172035217285,420.108856201172,176.2626953125,238.284149169922,349.068206787109,4793.02978515625,5414.17041015625,455.857208251953,765.876159667969,589.1865234375,25.1428146362305,NA,473.728698730469,302.582855224609,1455.44567871094,519.269653320312,NA,443.242065429688,808.361572265625,251.041412353516,774.395568847656,340.537414550781,707.796875,1295.36901855469,343.454620361328,2176.83056640625,530.681335449219,1455.77722167969,435.998138427734,250.977188110352,627.2021484375,450.277435302734,489.023101806641,288.233551025391,1763.04724121094,211.859466552734,336.695587158203,220.631484985352,627.358703613281,303.7724609375,369.147521972656,372.810791015625,NA,1223.62341308594,1505.65417480469,430.228637695312,419.194976806641,1040.26965332031,243.357040405273,395.568572998047,178.978454589844,353.987915039062,725.093139648438,1861.64453125,1437.58093261719,1960.56909179688,522.186096191406,319.577758789062,292.628692626953,771.348937988281,368.012847900391,952.880920410156,991.240966796875,371.294769287109,1264.22058105469,11328.4765625,562.590942382812,683.13427734375,1245.56689453125,557.929504394531,1808.53149414062,172.499694824219,392.805084228516,1510.26953125,1842.28771972656,568.408386230469,203.602828979492,761.961181640625,182.233871459961,649.822387695312,829.19482421875,1804.31787109375,495.667083740234,268.635101318359,354.941680908203,358.647064208984,455.641357421875,452.332702636719,620.620300292969,506.707855224609,3291.66479492188,270.735412597656,633.432556152344,386.124847412109,1644.52624511719,761.242126464844,602.704772949219,748.3486328125,1374.6142578125,149.851608276367,298.403106689453,249.687301635742,583.951843261719,191.755752563477,367.210296630859,191.281677246094,1287.61669921875,1290.50720214844,1219.08898925781,513.880981445312,283.745483398438,175.899398803711,1287.67395019531,739.785278320312,113.009994506836,1471.00744628906,815.628112792969,1419.400390625,474.789123535156,77.0278396606445,404.243713378906,154.898147583008,352.908447265625,714.331481933594,755.686401367188,2574.59619140625,1356.49279785156,NA,155.622894287109,222.153701782227,696.827697753906,653.064392089844,NA,214.150146484375,198.880111694336,251.432174682617,952.251586914062,1712.10546875,770.868347167969,616.495849609375,817.782836914062,460.254211425781,1415.18603515625,913.405456542969,345.215759277344,220.000885009766,1248.57934570312,488.685577392578,NA,451.435363769531,749.908447265625
2012-10-31,33.9333724975586,8928.2900390625,63.3385887145996,48.2366485595703,NA,NA,NA,0.912605404853821,25.1727619171143,7.09999990463257,182.486953735352,7.55807495117188,14.616735458374,2.38043737411499,50.2839202880859,93.3606948852539,1.4340353012085,5.20733547210693,NA,11.5124664306641,21.1559963226318,NA,NA,NA,23160.44140625,7.36093854904175,18.1855373382568,1.93293130397797,4.09825611114502,68.9520568847656,8.79344940185547,1.47129034996033,720.125671386719,NA,33.8037109375,11695.9501953125,6.36669874191284,429.476226806641,6.23601055145264,NA,57.5487022399902,45.7162399291992,25.7514781951904,63.1112861633301,NA,76.1953964233398,NA,12.2595796585083,0.552589118480682,27.8723773956299,423.563568115234,182.975646972656,235.028869628906,340.220825195312,5075.8193359375,5303.80029296875,451.117614746094,788.220458984375,590.152404785156,24.5683097839355,NA,502.000305175781,303.862243652344,1163.89611816406,524.521301269531,NA,453.482025146484,871.571594238281,249.556015014648,762.200378417969,348.911254882812,725.532043457031,1220.14672851562,324.817535400391,2246.46508789062,529.131774902344,1371.74108886719,451.137115478516,262.969390869141,644.210205078125,459.095489501953,518.041137695312,288.660217285156,1924.27490234375,210.398406982422,320.609924316406,272.230804443359,648.211181640625,315.362152099609,342.906951904297,381.687164306641,NA,1256.74914550781,1555.74206542969,443.991577148438,444.870452880859,1131.63989257812,224.857666015625,394.035369873047,185.8466796875,364.271942138672,715.238952636719,1891.64562988281,1523.78002929688,1980.82971191406,546.164184570312,381.384033203125,287.751556396484,823.090087890625,349.083251953125,1048.16882324219,1037.3759765625,391.140197753906,1336.14721679688,11328.4765625,531.888244628906,675.955932617188,1247.38269042969,555.650329589844,1762.92529296875,177.901458740234,409.985931396484,1557.97094726562,1959.65344238281,568.408386230469,219.50927734375,794.80419921875,188.112335205078,673.854248046875,810.491271972656,1802.10131835938,521.249816894531,295.887939453125,325.518859863281,398.362976074219,458.629180908203,535.400024414062,641.045837402344,459.484436035156,2960.2294921875,269.467376708984,616.404968261719,405.218994140625,1617.75463867188,687.511779785156,626.812927246094,718.24267578125,1327.21362304688,131.313262939453,309.610748291016,250.388595581055,602.610534667969,190.497711181641,370.389831542969,181.472351074219,1231.47058105469,1348.55102539062,1289.87512207031,575.219604492188,309.092529296875,188.336730957031,1248.19079589844,598.666015625,88.3899612426758,1508.794921875,801.0634765625,1462.6748046875,476.930999755859,79.3858413696289,433.762603759766,150.132034301758,365.044891357422,726.946594238281,680.358215332031,2600.19677734375,1412.2392578125,NA,174.105941772461,238.468139648438,761.098266601562,710.842163085938,NA,217.407165527344,210.187698364258,240.667526245117,898.014953613281,1784.54052734375,727.102905273438,628.1279296875,1028.61755371094,478.021392822266,1510.0107421875,948.119323730469,354.340423583984,219.164428710938,1316.00268554688,494.618011474609,NA,493.730529785156,754.896606445312
2012-11-30,35.1664886474609,9446.009765625,70.4793395996094,44.574893951416,NA,NA,NA,0.916869878768921,24.7217826843262,7,185.861114501953,7.85713720321655,18.9922008514404,2.42684006690979,52.8349685668945,90.3679046630859,1.46999835968018,5.38472747802734,NA,11.7960262298584,20.2084579467773,NA,NA,NA,22255.25,7.70383930206299,20.0040912628174,1.98695838451385,4.52066516876221,71.8538436889648,9.01207065582275,1.48880565166473,740.700561523438,NA,31.6502323150635,11594.5400390625,6.60141611099243,460.878723144531,6.1181263923645,NA,58.9936943054199,47.2334785461426,28.5022048950195,67.75341796875,NA,72.3166046142578,NA,12.6748762130737,0.575376331806183,30.9430637359619,488.514831542969,153.630477905273,245.445648193359,382.849029541016,5516.77783203125,5584.2041015625,455.578582763672,766.646606445312,640.861083984375,24.9062557220459,NA,502.237945556641,332.862457275391,1423.20495605469,540.933044433594,NA,446.167846679688,893.452087402344,284.464050292969,804.883850097656,353.253295898438,781.962341308594,1366.16589355469,338.662261962891,2282.7958984375,604.8486328125,1343.72924804688,485.956268310547,267.252227783203,628.510559082031,497.675109863281,504.721343994141,305.087951660156,2258.931640625,229.601425170898,344.407867431641,256.217193603516,609.485412597656,331.221832275391,411.844055175781,387.234954833984,NA,1344.6337890625,1739.7998046875,473.168914794922,408.753631591797,1250.08337402344,226.57666015625,308.942138671875,188.674789428711,408.926422119141,757.118835449219,1882.41516113281,1504.31555175781,2166.28930664062,550.826416015625,412.603393554688,276.04638671875,857.811218261719,322.080841064453,1125.59033203125,1156.00854492188,367.141082763672,1344.60949707031,12535.162109375,541.830078125,597.592895507812,1185.64904785156,537.41748046875,1779.43859863281,191.435501098633,446.701080322266,1694.26147460938,1994.33032226562,597.796447753906,219.50927734375,821.078796386719,222.730209350586,729.608337402344,787.334411621094,1870.81616210938,494.387908935547,340.660461425781,321.082122802734,420.026214599609,585.611328125,645.690979003906,687.39599609375,436.344940185547,2783.15991210938,278.977905273438,731.342346191406,439.164031982422,1548.91394042969,665.488464355469,649.460083007812,724.694030761719,1445.71520996094,143.010101318359,332.026000976562,272.832427978516,612.285522460938,209.547515869141,387.8759765625,189.646759033203,1212.75524902344,1275.02856445312,1502.23266601562,658.367309570312,330.919067382812,216.172668457031,1243.70422363281,810.344970703125,86.8764266967773,1450.08947753906,815.628112792969,1531.91369628906,570.460815429688,85.673828125,431.302612304688,141.428771972656,361.475341796875,804.214233398438,673.947265625,2530.7119140625,1408.52258300781,NA,197.380905151367,234.649826049805,863.931091308594,740.6064453125,NA,201.936279296875,239.454360961914,243.7431640625,1062.50268554688,2067.69604492188,729.092346191406,682.41064453125,962.598510742188,522.016174316406,1622.07604980469,1043.58190917969,374.110473632812,248.442047119141,1512.44604492188,567.290588378906,NA,567.962707519531,725.798217773438
2012-12-31,37.0185775756836,10395.1796875,69.2654266357422,43.8354988098145,NA,NA,NA,0.96377956867218,24.8037796020508,7,181.924560546875,8.06919860839844,22.2117023468018,2.55212616920471,50.3972930908203,96.2804870605469,1.55541110038757,5.56784343719482,NA,12.4828643798828,22.3619594573975,NA,NA,NA,24041.47265625,7.84099960327148,21.2770767211914,2.02138257026672,4.5566143989563,73.5811004638672,10.3845291137695,1.67709577083588,709.838073730469,NA,36.1942710876465,11493.130859375,6.8654727935791,534.305419921875,6.47177505493164,NA,59.3706665039062,47.5129547119141,29.4971466064453,69.4263229370117,NA,81.1856002807617,NA,11.927339553833,0.6551313996315,28.486515045166,553.465759277344,183.742813110352,300.133728027344,405.369506835938,5720.482421875,6514.90380859375,465.945709228516,698.842651367188,752.178833007812,24.5345153808594,NA,566.146179199219,351.200836181641,1446.23388671875,595.420227050781,NA,445.436340332031,956.662536621094,308.231384277344,957.323669433594,397.913970947266,843.229675292969,1349.57299804688,351.974334716797,2334.2646484375,700.677673339844,1435.40466308594,553.324035644531,308.367828369141,637.668762207031,546.174926757812,498.061462402344,363.758697509766,2563.95703125,281.366119384766,404.343170166016,322.050750732422,655.360473632812,374.530639648438,444.756103515625,377.803680419922,NA,1514.76940917969,2052.06640625,575.289794921875,459.933410644531,1478.17126464844,228.050048828125,400.168121337891,242.206741333008,466.300659179688,810.494689941406,1872.41418457031,1551.58654785156,2481.10278320312,645.406188964844,472.932922363281,296.530426025391,1006.90673828125,310.945861816406,1250.65625,1179.73486328125,413.524108886719,1733.86047363281,14012.0078125,537.151550292969,597.592895507812,1270.98645019531,521.007690429688,1793.33666992188,184.609130859375,497.537322998047,1645.70812988281,2531.36694335938,555.506286621094,249.413436889648,988.578796386719,328.543426513672,746.911193847656,814.944641113281,1921.79846191406,602.475158691406,391.272918701172,388.801239013672,432.362213134766,677.486511230469,751.095703125,774.597045898438,412.218170166016,2873.96459960938,306.241729736328,718.571533203125,538.87744140625,1510.6689453125,648.269897460938,721.784545898438,736.482971191406,1753.81811523438,189.797332763672,397.870788574219,339.462493896484,719.400939941406,221.049255371094,418.874328613281,218.257293701172,1175.32434082031,1315.65930175781,1824.70080566406,696.533569335938,356.970153808594,281.320587158203,1363.04956054688,836.531982421875,80.923225402832,1798.05139160156,1041.38244628906,1566.53308105469,579.028503417969,102.965789794922,395.634063720703,161.632827758789,327.921691894531,838.905822753906,688.400268554688,2633.11010742188,1375.07495117188,NA,217.739685058594,259.64208984375,1083.80395507812,850.909484863281,NA,263.005645751953,283.354370117188,276.806060791016,1082.06359863281,2104.25854492188,744.012145996094,818.117309570312,1113.80310058594,569.395385742188,1735.57763671875,1295.97973632812,383.235107421875,254.297637939453,1698.90014648438,672.591613769531,NA,710.384826660156,782.332397460938
2013-01-31,36.4727096557617,11138.66015625,72.478759765625,47.7789421081543,NA,NA,NA,1.01068937778473,25.2957515716553,7,181.643417358398,8.13444709777832,24.7911262512207,2.70989418029785,47.8462562561035,107.375747680664,1.71724557876587,5.59645414352417,NA,11.8779411315918,23.9641666412354,NA,NA,NA,24675.8125,7.7266993522644,22.8834648132324,2.14389085769653,5.93168783187866,73.9265594482422,11.2833070755005,1.8478707075119,750.988098144531,NA,37.0339317321777,11121.2939453125,6.74811553955078,570.325927734375,6.51892709732056,NA,59.0565338134766,50.7869720458984,27.9754676818848,76.0582656860352,20.2339000701904,80.5037002563477,NA,13.040337562561,0.677918612957001,29.9509963989258,603.215454101562,261.229370117188,339.196838378906,435.93310546875,6079.9609375,7183.0986328125,530.8564453125,683.432678222656,886.194580078125,25.8862838745117,NA,642.170776367188,411.120330810547,1501.50451660156,678.792175292969,NA,497.367370605469,953.015808105469,363.193023681641,1115.86145019531,428.308044433594,901.272094726562,1574.68615722656,412.145538330078,2845.92578125,780.882568359375,1498.21984863281,573.004577636719,316.933715820312,727.94189453125,628.294067382812,578.455200195312,409.415405273438,3041.5400390625,259.032135009766,423.293273925781,396.780792236328,704.214660644531,409.299774169922,498.126892089844,443.822204589844,NA,1629.87548828125,2067.42602539062,575.014282226562,478.077331542969,1648.05249023438,294.271270751953,458.430206298828,264.831512451172,493.093231201172,852.374450683594,2267.8212890625,1718.42333984375,2220.8359375,650.734558105469,504.785278320312,269.218414306641,1143.06750488281,362.723754882812,1506.74230957031,1326.04833984375,483.444854736328,1873.48303222656,14246.142578125,566.97705078125,631.689758300781,1452.55603027344,565.678649902344,2092.35864257812,200.933059692383,511.423278808594,1648.26354980469,2476.2412109375,667.32421875,258.957275390625,1110.09851074219,343.566345214844,794.974975585938,944.088562011719,2021.54541015625,653.722961425781,426.312255859375,473.333374023438,491.635345458984,649.849182128906,859.292541503906,820.161682128906,456.384460449219,3173.61962890625,342.382049560547,878.632446289062,638.591064453125,1648.3505859375,803.123596191406,751.737121582031,830.362731933594,1872.31970214844,242.764007568359,383.861297607422,328.941986083984,780.214782714844,246.029571533203,419.669097900391,232.153869628906,1283.87377929688,1396.92065429688,2225.82080078125,781.044677734375,371.755859375,314.486846923828,1569.43640136719,840.1689453125,88.7935562133789,1852.13854980469,994.047058105469,1549.22338867188,668.274597167969,135.977752685547,425.562866210938,160.596755981445,354.812225341797,894.097106933594,700.562866210938,2925.67846679688,1404.80603027344,NA,266.381225585938,278.386260986328,1318.56042480469,870.168823242188,NA,241.020721435547,282.024047851562,275.268249511719,1126.51965332031,2037.03015136719,805.681762695312,829.749328613281,992.413452148438,625.235107421875,2044.47644042969,1518.0029296875,433.420654296875,258.480224609375,1822.09326171875,753.421264648438,NA,738.006103515625,847.180236816406
2013-02-28,36.4650382995605,11559.3603515625,74.6209945678711,47.2155838012695,NA,NA,NA,0.976572930812836,27.5506362915039,7,187.548187255859,8.21601009368896,26.2719078063965,2.58460736274719,46.3156280517578,101.828125,1.64531946182251,5.77957010269165,NA,12.022873878479,22.3619594573975,NA,NA,NA,25056.4140625,8.13412761688232,24.2473793029785,2.10713791847229,6.43498134613037,76.3446960449219,10.2144889831543,1.75153648853302,750.988098144531,NA,38.387264251709,11526.93359375,6.51339817047119,483.045257568359,6.28316307067871,NA,57.925651550293,48.1517868041992,28.7948360443115,71.6967391967773,20.2339000701904,79.7427444458008,NA,12.8409967422485,0.632344245910645,31.368236541748,658.493041992188,256.626159667969,333.988311767578,418.238372802734,6257.30126953125,7626.875,565.851623535156,692.678649902344,895.853332519531,28.7249908447266,NA,621.976745605469,392.142303466797,1582.1064453125,702.425170898438,NA,509.070220947266,1045.39965820312,381.761199951172,1243.91076660156,426.136840820312,919.007446289062,1617.82861328125,441.698699951172,2903.44946289062,769.742980957031,1509.25476074219,571.490661621094,364.902038574219,716.521606445312,714.638610839844,651.237915039062,409.201934814453,2993.607421875,277.608917236328,432.548004150391,407.456512451172,675.617126464844,412.959686279297,535.486206054688,451.589172363281,NA,1937.05236816406,2067.42602539062,649.058959960938,503.753021240234,1582.4013671875,321.28369140625,512.092651367188,262.609436035156,481.726745605469,865.273193359375,2283.20703125,1901.94458007812,2230.18725585938,687.367492675781,467.659393310547,243.85725402832,1158.7255859375,410.326049804688,1494.83154296875,1399.86437988281,484.598541259766,1954.71813964844,14480.2744140625,684.232177734375,655.617492675781,1635.94116210938,560.208679199219,2363.47241210938,189.951507568359,555.905090332031,1534.12036132812,2787.43798828125,718.2158203125,270.410003662109,1182.35339355469,347.4853515625,774.788146972656,878.180725097656,2110.2099609375,697.261169433594,453.565124511719,474.734497070312,568.359191894531,597.562438964844,967.489624023438,879.08154296875,399.395690917969,3158.35400390625,358.867065429688,928.013000488281,689.508666992188,1713.36682128906,770.421630859375,788.995300292969,978.823425292969,2054.02172851562,311.620727539062,383.861297607422,334.552917480469,760.173950195312,258.969116210938,453.846710205078,236.241027832031,1347.505859375,1584.59545898438,2320.20166015625,776.955383300781,385.837463378906,339.361480712891,1603.4580078125,845.261108398438,99.5900497436523,1816.77380371094,997.688049316406,1644.42724609375,668.988708496094,163.487686157227,502.340057373047,157.384796142578,379.798980712891,983.979675292969,787.322204589844,3020.76318359375,1635.22424316406,NA,254.22087097168,292.618072509766,1344.26867675781,971.717651367188,NA,242.649154663086,289.3408203125,276.806060791016,1092.73327636719,2117.70483398438,793.745544433594,1027.49340820312,983.894836425781,689.535217285156,2099.07250976562,1539.69934082031,449.388671875,276.883178710938,1882.85778808594,737.107055664062,NA,721.606140136719,774.018615722656
2013-03-31,35.7039031982422,12397.91015625,71.7646942138672,43.4481925964355,NA,NA,NA,0.95525062084198,27.8786220550537,6.40000009536743,192.32829284668,8.69994258880615,23.644718170166,2.52428483963013,47.2226715087891,96.4994735717773,1.61834669113159,6.09429693222046,NA,12.842041015625,20.7425289154053,NA,NA,NA,23787.732421875,8.22682476043701,25.944694519043,2.19901943206787,8.05271434783936,88.0900421142578,9.98372173309326,1.62892866134644,802.425659179688,NA,35.4632759094238,11053.6875,6.57207584381104,509.052062988281,6.00024175643921,NA,58.3026237487793,45.756175994873,28.6777839660645,63.0180244445801,20.2339000701904,72.8446731567383,NA,15.6982431411743,0.632344245910645,33.1445121765137,679.930114746094,314.932891845703,367.867553710938,440.700469970703,6872.271484375,9192.4365234375,601.975891113281,779.528442382812,925.791748046875,28.285005569458,NA,635.882995605469,377.872955322266,2009.04382324219,755.033081054688,NA,566.12109375,1015.08520507812,401.17919921875,1231.26733398438,413.501556396484,1015.65563964844,1680.42041015625,491.198120117188,3098.869140625,796.178161621094,1516.70935058594,577.564331054688,332.35205078125,824.820495605469,738.766296386719,731.605834960938,446.469085693359,3231.37109375,282.974182128906,445.783905029297,435.925079345703,713.882629394531,435.754455566406,624.522033691406,451.824462890625,NA,2159.09106445312,2088.92993164062,729.456237792969,541.827392578125,1538.1728515625,357.901885986328,501.360321044922,255.539215087891,502.168060302734,1008.93176269531,2562.14819335938,2163.279296875,2270.84423828125,801.965148925781,447.362060546875,239.955520629883,1262.87536621094,472.850738525391,1405.42358398438,1406.59985351562,563.586730957031,2201.82055664062,16388.654296875,657.623229980469,669.973937988281,1811.11096191406,649.706909179688,2455.97094726562,194.106674194336,579.148376464844,1635.15417480469,3205.173828125,734.692626953125,318.082702636719,1470.68542480469,380.783233642578,852.625427246094,896.92822265625,2150.10888671875,831.125,476.830780029297,516.300048828125,591.125366210938,693.172607421875,1026.85668945312,1058.06201171875,434.538757324219,3290.90380859375,335.284149169922,948.4462890625,655.563720703125,1987.29833984375,920.466125488281,855.63623046875,1099.63049316406,2299.3427734375,380.094970703125,362.072784423828,318.408996582031,801.190795898438,298.159942626953,509.453674316406,241.510040283203,1566.82873535156,1768.23754882812,2358.36303710938,764.4306640625,447.084899902344,395.691192626953,1763.62438964844,857.204467773438,118.477226257324,1856.29907226562,952.051391601562,1695.13879394531,654.973449707031,158.280227661133,623.166564941406,182.251403808594,435.260314941406,1079.94287109375,870.838623046875,3129.78735351562,1694.76794433594,NA,295.979125976562,285.32861328125,1208.94714355469,1247.46276855469,NA,252.008560180664,293.122863769531,302.622711181641,1202.12902832031,2168.12548828125,876.213012695312,1073.89514160156,924.264831542969,749.605163574219,1958.10266113281,1481.1123046875,514.014953613281,268.456024169922,1934.74743652344,756.66748046875,NA,809.672241210938,790.731323242188
2013-04-30,36.1344299316406,13860.8603515625,78.1913833618164,46.8634948730469,NA,NA,NA,0.985102236270905,28.2476024627686,5.90000009536743,202.450881958008,9.11319160461426,26.4629764556885,2.5335648059845,43.1976852416992,96.3937072753906,1.63183307647705,6.30593490600586,NA,13.4532709121704,21.1732292175293,NA,NA,NA,22836.224609375,8.2963457107544,25.5506763458252,2.40728306770325,9.2570276260376,97.7626800537109,10.044451713562,1.62454974651337,853.863159179688,NA,33.872859954834,8248.0107421875,6.60141611099243,527.299377441406,5.8175253868103,NA,58.9308738708496,46.6345634460449,29.7897777557373,67.596809387207,15.7378311157227,71.1448669433594,NA,15.3992280960083,0.620950639247894,32.596508026123,789.0546875,309.370697021484,437.090026855469,504.817260742188,7417.15625,10707.0126953125,684.948486328125,833.986328125,1129.34362792969,33.2460746765137,NA,741.463623046875,378.956909179688,2233.556640625,804.433776855469,NA,684.611572265625,1216.15270996094,503.161163330078,1330.26379394531,421.374755859375,1066.0322265625,2064.1162109375,515.554809570312,3296.0146484375,867.845092773438,1686.38684082031,708.031433105469,350.340301513672,990.314208984375,809.213195800781,752.618225097656,563.81298828125,3424.02758789062,306.520355224609,560.180786132812,450.159393310547,736.911499023438,432.035339355469,703.371276855469,539.9580078125,NA,2503.04711914062,2147.296875,914.929870605469,532.321472167969,1818.58703613281,402.949584960938,543.5234375,270.689727783203,546.47705078125,1145.11694335938,2725.19360351562,2303.38818359375,2303.75512695312,1007.33831787109,529.374877929688,276.04638671875,1527.9404296875,504.090179443359,1548.95666503906,1663.06652832031,684.655029296875,2684.42236328125,17587.609375,708.794494628906,793.201416015625,2145.21704101562,613.892700195312,2687.21411132812,211.321060180664,643.735717773438,1917.31591796875,4101.1953125,823.262329101562,338.940643310547,1623.39770507812,523.329528808594,959.082580566406,843.112609863281,2411.66845703125,949.392944335938,498.415832519531,570.942321777344,729.551513671875,887.38037109375,1293.23498535156,1104.71813964844,561.338623046875,3354.8935546875,339.788818359375,1089.77661132812,859.233947753906,2149.68432617188,999.3359375,953.655090332031,1242.26916503906,2918.39599609375,532.934997558594,439.861846923828,423.837860107422,798.369750976562,332.708282470703,547.903076171875,300.857269287109,1597.10559082031,1844.60632324219,2478.279296875,893.901672363281,465.594879150391,520.551147460938,1950.78442382812,937.497619628906,150.030410766602,1893.05078125,1194.65954589844,1871.71557617188,735.307189941406,170.210891723633,761.372253417969,246.490081787109,527.14599609375,1185.380859375,968.94970703125,3312.35815429688,1915.82470703125,NA,311.581146240234,289.193908691406,1442.25280761719,1360.06872558594,NA,322.834442138672,319.402893066406,315.780151367188,1262.82421875,2568.13671875,882.235290527344,1305.13549804688,1069.08081054688,806.290954589844,1978.51440429688,1688.52685546875,575.696716308594,263.374969482422,2583.01733398438,818.466918945312,NA,1031.83288574219,827.509582519531
2013-05-31,34.9043312072754,13774.5400390625,78.1913833618164,54.3889274597168,NA,NA,NA,0.946721434593201,28.5284175872803,6,209.199172973633,9.47896480560303,32.624942779541,2.53820514678955,43.4811325073242,96.5413360595703,1.65431022644043,6.00371551513672,NA,13.5595779418945,20.0389404296875,NA,NA,NA,23438.853515625,8.87570095062256,24.0655269622803,2.29702544212341,10.1200046539307,99.4899597167969,9.52218914031982,1.59389805793762,874.438049316406,NA,35.1471672058105,8146.60107421875,7.74566078186035,506.712432861328,5.40245151519775,NA,59.9989204406738,45.2785148620605,30.1994495391846,62.1746063232422,17.9023494720459,69.8206024169922,NA,16.8260269165039,0.620950639247894,38.9740867614746,840.818786621094,392.994812011719,392.260192871094,568.1220703125,7513.17236328125,10467.080078125,577.140441894531,788.085876464844,994.459655761719,34.7964096069336,NA,718.667724609375,387.195098876953,2393.26123046875,855.170043945312,NA,674.371643066406,1242.96203613281,473.916442871094,1206.51831054688,406.573120117188,1051.40686035156,1938.08508300781,455.474548339844,2772.3486328125,857.766845703125,1771.2255859375,745.416687011719,364.045471191406,928.088806152344,794.382263183594,658.063415527344,552.575622558594,3940.69653320312,331.538116455078,526.815063476562,425.249389648438,779.938110351562,442.572784423828,707.851318359375,567.848388671875,NA,2295.31127929688,2168.80126953125,791.372863769531,597.133544921875,1785.75805664062,382.698791503906,604.851928710938,283.820220947266,586.956787109375,986.510925292969,2511.68139648438,2124.048828125,2388.38330078125,928.555847167969,531.705993652344,461.377899169922,1339.89685058594,468.874786376953,1554.93713378906,1787.33361816406,684.655029296875,2160.26025390625,17749.87109375,714.642578125,829.092895507812,2044.80297851562,642.3603515625,2535.7099609375,233.877777099609,649.434692382812,2145.11547851562,3526.13720703125,759.376037597656,301.1357421875,1420.88818359375,520.689819335938,977.470825195312,783.915222167969,2291.97119140625,863.616149902344,521.963073730469,719.223937988281,582.606750488281,899.331604003906,1650.98278808594,1186.16857910156,517.647277832031,3633.7060546875,321.769714355469,1042.09887695312,782.857482910156,2107.15478515625,1090.70910644531,913.120910644531,1206.60974121094,3047.03076171875,422.872375488281,424.304077148438,349.542388916016,887.234191894531,299.779510498047,563.923522949219,299.208709716797,1551.69030761719,1654.66296386719,2790.06323242188,1067.44799804688,492.647796630859,517.535217285156,1599.85900878906,980.617919921875,153.389343261719,2170.42065429688,1179.95581054688,1880.54467773438,806.9560546875,163.847839355469,626.476989746094,266.486907958984,524.753112792969,1068.76013183594,924.353637695312,2906.23095703125,2024.41345214844,NA,369.629699707031,290.248107910156,1467.56713867188,1113.74304199219,NA,296.480651855469,329.510498046875,412.526611328125,1309.93090820312,2467.29345703125,895.283020019531,1320.81298828125,1209.63708496094,740.298583984375,1901.24035644531,1768.86279296875,486.600860595703,314.186706542969,2595.59741210938,911.920166015625,NA,1092.58020019531,1022.26684570312
2013-06-30,33.0900344848633,13677.3203125,79.2624893188477,53.7528038024902,NA,NA,NA,0.929677248001099,27.124698638916,5.69999980926514,195.983657836914,8.56200122833252,24.5522956848145,2.38132762908936,41.9505043029785,86.4295883178711,1.4340353012085,5.81192207336426,NA,12.5720462799072,18.0974521636963,NA,NA,NA,21694.412109375,8.59761047363281,24.762638092041,2.30927634239197,8.51827716827393,94.3081817626953,8.20071601867676,1.48793852329254,747.944213867188,NA,32.1342697143555,9262.111328125,8.5084924697876,496.419342041016,4.93033504486084,NA,64.0826110839844,43.3815803527832,29.4386196136475,60.3069458007812,16.384183883667,64.3159942626953,NA,15.4983158111572,0.3759885430336,38.2938117980957,838.020690917969,398.556945800781,403.467712402344,516.991271972656,7597.185546875,10032.2021484375,586.825012207031,907.115661621094,1115.85510253906,35.4165458679199,NA,754.661193847656,368.333923339844,2680.267578125,764.379089355469,NA,754.828063964844,1223.46447753906,413.177093505859,1274.57836914062,392.401214599609,1069.28247070312,1963.29138183594,448.167327880859,2760.02709960938,830.035766601562,1773.82275390625,708.794311523438,351.196716308594,959.86328125,864.829406738281,732.561096191406,545.012084960938,3511.5986328125,343.101043701172,536.802001953125,386.105010986328,749.637390136719,410.960357666016,673.802856445312,550.556457519531,NA,2321.34814453125,2028.11730957031,806.29931640625,608.367614746094,1568.26611328125,404.189422607422,610.984924316406,289.274383544922,597.623840332031,1081.17626953125,2542.73754882812,2160.4775390625,2253.60522460938,912.395385742188,484.659881591797,385.29443359375,1284.38562011719,457.230987548828,1602.78137207031,1811.12963867188,753.470642089844,2239.98754882812,17957.208984375,726.232421875,831.485656738281,2214.59399414062,668.532287597656,2717.79809570312,203.30744934082,607.167846679688,1816.35888671875,3526.13720703125,782.607421875,314.823699951172,1537.08215332031,482.413482666016,977.470825195312,742.656616210938,2393.93579101562,931.847778320312,516.076293945312,704.04541015625,629.763000488281,1015.10925292969,1718.45629882812,1145.0478515625,522.281311035156,3656.55883789062,309.542633056641,1086.37097167969,821.045776367188,2118.7529296875,1128.22033691406,874.060852050781,1144.49426269531,3022.912109375,446.489074707031,465.320190429688,364.401397705078,940.835021972656,296.900329589844,514.259826660156,290.141754150391,1585.75146484375,1648.78784179688,2438.30786132812,935.222290039062,467.018676757812,502.455627441406,1837.40844726562,1045.298828125,197.462036132812,2184.28930664062,1319.63928222656,1818.74279785156,727.346130371094,160.666351318359,673.648986816406,265.063446044922,533.128051757812,1100.71081542969,920.186828613281,3014.28369140625,1977.87548828125,NA,297.205780029297,268.110473632812,1489.46105957031,1141.89440917969,NA,328.599365234375,314.012054443359,410.978576660156,1338.01379394531,2215.25317382812,956.5078125,1371.76416015625,1115.93298339844,767.372314453125,1612.55493164062,1464.31481933594,514.776428222656,306.56494140625,2498.31469726562,889.310241699219,NA,1047.45349121094,992.175842285156
2013-07-31,34.2737655639648,13668.3203125,75.2446594238281,62.163818359375,NA,NA,NA,0.814574658870697,30.3449859619141,5.80000019073486,207.671676635742,9.22486686706543,28.9946327209473,2.4835934638977,44.1047210693359,88.9390640258789,1.46100759506226,6.13739109039307,NA,13.5848951339722,17.4040641784668,NA,NA,NA,22582.490234375,9.52840328216553,26.1607799530029,2.40728306770325,7.06216192245483,104.253372192383,8.25133895874023,1.46003973484039,744.399536132812,NA,36.0263404846191,12236.8037109375,8.05486106872559,521.684875488281,5.42037963867188,NA,60.2502250671387,44.9486122131348,30.0539169311523,62.3553276062012,20.4426517486572,70.838508605957,NA,15.8490285873413,0.398775607347488,41.6668395996094,835.222900390625,396.638977050781,396.2158203125,534.034912109375,7681.19775390625,10062.1943359375,555.143371582031,966.241943359375,1099.91430664062,34.0040168762207,NA,752.261535644531,387.845458984375,2888.57836914062,778.398193359375,NA,791.399230957031,1088.20080566406,395.180267333984,1256.01647949219,414.131378173828,994.529968261719,1918.48022460938,432.200103759766,2695.33862304688,817.6474609375,1830.09313964844,727.105346679688,322.073120117188,979.722595214844,826.825012207031,761.691711425781,549.334167480469,3572.89892578125,269.309112548828,559.045654296875,395.001556396484,795.088439941406,422.737731933594,603.913818359375,553.903198242188,NA,2390.02734375,1896.46228027344,819.014404296875,608.367614746094,1496.45275878906,431.466003417969,652.381408691406,270.083709716797,588.871520996094,1119.37475585938,2457.3330078125,2210.9169921875,2328.82958984375,979.73095703125,498.222808837891,380.417297363281,1251.07922363281,450.415161132812,1704.45068359375,1533.51123046875,748.80517578125,2112.763671875,18723.453125,737.446105957031,957.105834960938,2194.51171875,628.126586914062,2528.5576171875,209.837066650391,618.328247070312,1874.17199707031,3659.87133789062,762.279968261719,317.430908203125,1500.56372070312,492.972473144531,962.9541015625,769.564575195312,2393.93579101562,835.820617675781,533.736694335938,700.309143066406,605.728637695312,896.343688964844,1702.29077148438,1130.81372070312,591.504943847656,3821.10498046875,335.284149169922,941.635131835938,801.951721191406,2083.95678710938,1272.49389648438,976.501403808594,1068.63671875,3320.38012695312,409.950012207031,487.949737548828,370.769683837891,875.244506835938,303.738098144531,500.642333984375,295.087310791016,1570.61340332031,1621.37365722656,2870.00854492188,960.014587402344,442.101623535156,504.265075683594,1839.2080078125,1011.09985351562,206.215515136719,2260.56591796875,1404.18420410156,1783.42724609375,743.268188476562,159.870956420898,710.889953613281,228.822723388672,646.070739746094,1063.96704101562,802.088134765625,3088.80200195312,2016.65771484375,NA,304.375762939453,287.085510253906,1516.82836914062,1120.78076171875,NA,336.011413574219,310.642913818359,417.170379638672,1365.19055175781,2177.53247070312,923.385986328125,1438.39245605469,1156.39611816406,739.452453613281,1866.24792480469,1413.19165039062,517.060913085938,326.042877197266,2545.27880859375,830.525451660156,NA,1016.21234130859,1061.55249023438
2013-08-31,34.4684600830078,13388.8603515625,73.776481628418,64.2489013671875,NA,NA,NA,0.726033806800842,28.2272644042969,5,211.709701538086,8.8705415725708,26.6062793731689,2.47872376441956,46.0321731567383,89.1445846557617,1.46550285816193,5.84043741226196,NA,12.7128047943115,18.8428401947021,NA,NA,NA,22645.92578125,9.70621681213379,25.4772434234619,2.20600581169128,7.64460706710815,97.0881729125977,8.70259094238281,1.54838597774506,755.033752441406,NA,35.3644905090332,7977.58447265625,7.42133331298828,598.884826660156,5.0438814163208,NA,59.4334831237793,45.6496353149414,32.3140716552734,60.6081695556641,23.6988105773926,71.1745147705078,NA,15.8991355895996,0.404472440481186,42.970703125,831.025512695312,378.226287841797,379.734252929688,481.280639648438,7801.21630859375,9613.4033203125,575.979064941406,865.105346679688,1066.80676269531,34.4174346923828,NA,728.266052246094,399.335510253906,2865.43286132812,743.684020996094,NA,686.805847167969,998.025329589844,404.178619384766,1237.45446777344,431.137542724609,963.654174804688,1868.0673828125,457.639587402344,2753.86572265625,798.5009765625,1813.64489746094,748.468505859375,310.937652587891,904.796203613281,834.240356445312,756.916198730469,537.016174316406,4150.8671875,254.38249206543,546.108093261719,371.870788574219,755.091430664062,443.8125,604.809814453125,526.570434570312,NA,2218.330078125,1848.18872070312,858.265014648438,608.367614746094,1473.88330078125,402.536285400391,685.345520019531,266.245574951172,588.050964355469,1126.64306640625,2364.16381835938,2112.84033203125,2352.337890625,911.72216796875,447.573974609375,363.835021972656,1228.18103027344,445.303344726562,1674.5478515625,1530.86755371094,714.980651855469,2171.28662109375,18588.23046875,721.215698242188,879.340942382812,2055.75708007812,578.996765136719,2311.13452148438,211.321060180664,537.356689453125,1874.17199707031,3860.47338867188,730.336791992188,305.698333740234,1420.88818359375,452.716400146484,975.535400390625,799.1630859375,2495.89965820312,785.684631347656,549.434814453125,662.713439941406,584.1279296875,823.889343261719,1679.09643554688,1056.48083496094,512.7333984375,4039.4658203125,334.640625,892.254638671875,825.288879394531,1971.83264160156,1164.76953125,976.501403808594,994.252197265625,3199.78466796875,346.229522705078,496.435821533203,396.242309570312,843.507263183594,301.758728027344,483.82080078125,275.304962158203,1502.48999023438,1590.04284667969,2750.09130859375,827.788879394531,515.429138183594,480.137603759766,1759.021484375,912.963500976562,223.926025390625,2385.38232421875,1481.37756347656,1765.76965332031,707.081787109375,176.573913574219,721.423522949219,176.147109985352,615.203002929688,1155.02734375,814.390075683594,2984.4755859375,2020.53527832031,NA,295.35546875,287.788360595703,1490.14526367188,1110.22387695312,NA,355.776733398438,312.664428710938,405.560821533203,1413.20361328125,1975.2109375,1021.74664306641,1422.71520996094,990.283813476562,807.136901855469,1933.31616210938,1411.73083496094,512.491943359375,359.070556640625,2583.01733398438,804.147583007812,NA,1013.60900878906,1035.64074707031
2013-09-30,36.1817512512207,14455.7998046875,73.776481628418,71.8824462890625,NA,NA,NA,0.770515263080597,30.2168560028076,6.40000009536743,210.844421386719,9.21862411499023,33.0548324584961,2.63455700874329,48.2025604248047,93.1148834228516,1.59137439727783,6.08255958557129,NA,13.2113466262817,20.0541191101074,NA,NA,NA,23851.1640625,9.93793106079102,25.4151058197021,2.34427428245544,7.36248636245728,102.820327758789,9.12995147705078,1.65998113155365,758.578491210938,NA,40.0073165893555,8822.66796875,7.63250732421875,640.027648925781,5.21336936950684,NA,59.4963035583496,49.0531730651855,34.8185615539551,63.5602684020996,24.6406345367432,72.7754974365234,NA,16.9574069976807,0.455743581056595,49.886833190918,886.095642089844,402.392883300781,417.842651367188,529.140380859375,8949.0458984375,11105.138671875,574.83740234375,865.88330078125,1176.79248046875,35.5416297912598,NA,776.168334960938,436.961090087891,3152.82348632812,815.911987304688,NA,737.273986816406,1287.82104492188,425.082153320312,1335.86010742188,456.679565429688,983.034790039062,2002.88732910156,489.240142822266,2910.2568359375,845.708740234375,2033.96557617188,790.344299316406,313.507385253906,956.919128417969,857.520812988281,777.419372558594,559.346496582031,4582.00390625,239.696212768555,578.924011230469,403.897979736328,814.71728515625,486.178100585938,676.490783691406,564.448364257812,NA,2455.27221679688,1962.28991699219,913.784301757812,576.33154296875,1687.96362304688,460.395660400391,730.575256347656,282.810180664062,649.352661132812,1132.51098632812,2232.61987304688,2381.7705078125,2552.23583984375,1074.00048828125,500.54931640625,456.500762939453,1296.14428710938,524.475830078125,2003.02746582031,1498.90832519531,801.67236328125,2461.26489257812,21094.259765625,761.053771972656,969.069641113281,2306.7412109375,596.882629394531,2464.13623046875,230.323150634766,614.118286132812,1969.671875,4159.01416015625,735.523620605469,327.208038330078,1626.64953613281,510.022796630859,1016.05078125,837.446838378906,2721.9931640625,869.464599609375,612.104553222656,696.572998046875,627.024841308594,941.160766601562,1919.19470214844,1128.18249511719,570.976623535156,4135.9736328125,332.562530517578,1095.33752441406,944.030456542969,2099.38598632812,1428.3095703125,1055.33239746094,1052.43408203125,3320.38012695312,487.650360107422,567.918884277344,417.494079589844,856.202270507812,322.991577148438,520.731079101562,315.753967285156,1598.97741699219,1668.09191894531,3397.6416015625,897.957824707031,531.064453125,540.820678710938,1845.61938476562,1000.69152832031,281.434326171875,2534.46850585938,1784.92211914062,1889.37353515625,722.808776855469,182.936935424805,740.627868652344,206.066848754883,650.138793945312,1278.412109375,826.692138671875,3024.62524414062,2303.64331054688,NA,331.667785644531,302.228729248047,1753.01208496094,1237.61022949219,NA,397.345520019531,312.586517333984,427.675048828125,1607.43994140625,2088.37426757812,1085.92297363281,1579.57751464844,1145.74780273438,891.900817871094,2045.38732910156,1621.19580078125,549.786560058594,426.008880615234,2993.07446289062,864.584594726562,NA,1201.97448730469,1173.41967773438
2013-10-31,37.3966407775879,14327.9404296875,80.3833312988281,74.7803497314453,NA,NA,NA,0.802242040634155,32.6209411621094,6.09999990463257,231.899993896484,9.39828395843506,36.6851348876953,2.64429664611816,47.3134498596191,93.639274597168,1.63183307647705,6.14161443710327,NA,13.3200006484985,21.2368412017822,NA,NA,NA,26642.263671875,10.2468814849854,26.7200355529785,2.37569880485535,6.83464431762695,109.268989562988,9.97171878814697,1.73437809944153,747.944213867188,NA,42.8127670288086,8315.6181640625,7.51183652877808,732.266845703125,5.4082612991333,NA,59.4334831237793,50.3407554626465,35.2461585998535,61.2106437683105,27.7494239807129,73.5858764648438,NA,16.369779586792,0.467137187719345,51.4741401672363,898.815002441406,360.005493164062,413.177703857422,560.218200683594,10090.1962890625,9899.6962890625,657.609436035156,857.32568359375,1169.35229492188,35.6116027832031,NA,776.168334960938,436.080963134766,3389.63232421875,799.620971679688,NA,776.770751953125,1314.75268554688,469.62890625,1285.68725585938,448.35302734375,906.030334472656,2014.23474121094,500.246673583984,2929.09423828125,886.4658203125,2063.787109375,824.873962402344,360.619110107422,967.610778808594,880.924621582031,753.454528808594,551.699340820312,4951.37841796875,247.961639404297,580.531494140625,391.442962646484,785.752197265625,483.029235839844,710.812255859375,531.905456542969,NA,2304.17919921875,1937.21276855469,897.144592285156,566.740600585938,1481.03393554688,377.739410400391,759.089172363281,282.002166748047,660.110961914062,1120.77514648438,2188.689453125,2401.5244140625,2475.08642578125,1135.27587890625,523.746520996094,551.117370605469,1375.40002441406,528.763061523438,1942.87646484375,1650.93273925781,773.460998535156,2377.12670898438,20588.142578125,782.005676269531,1140.15222167969,2328.74536132812,635.286743164062,2629.21704101562,248.86865234375,651.243103027344,2057.46411132812,4132.2119140625,803.191772460938,332.422485351562,1616.58752441406,482.021392822266,990.698669433594,820.090576171875,2615.59619140625,925.537658691406,590.384887695312,733.23486328125,658.969421386719,926.221862792969,1891.57495117188,1152.86376953125,547.1064453125,4232.47900390625,316.881866455078,879.355407714844,882.231811523438,2075.97338867188,1229.21203613281,1089.47131347656,1054.64367675781,3328.41943359375,508.745239257812,590.692565917969,446.704162597656,828.696472167969,321.372131347656,494.089080810547,371.426452636719,1579.85107421875,1743.46337890625,3053.880859375,845.136840820312,535.376159667969,548.195495605469,1895.23266601562,1079.49731445312,278.380798339844,2524.06713867188,1855.13610839844,1809.91381835938,721.339721679688,178.164672851562,817.446105957031,213.020004272461,642.481567382812,1250.93664550781,888.201965332031,2918.498046875,2222.201171875,NA,346.470275878906,291.917358398438,1531.73156738281,1179.26538085938,NA,416.424743652344,312.586517333984,409.012878417969,1526.33959960938,2074.6572265625,1108.1669921875,1733.58605957031,1196.85900878906,883.308288574219,2004.06628417969,1526.65698242188,535.965209960938,461.793731689453,3157.71435546875,789.669250488281,NA,1103.48046875,1074.37561035156
2013-11-30,38.385684967041,15661.8701171875,77.0798873901367,79.2332534790039,NA,NA,NA,0.802242040634155,32.5794830322266,6.30000019073486,251.513473510742,9.6453104019165,37.2583389282227,2.71247363090515,49.5362243652344,101.954429626465,1.68577778339386,6.16523504257202,NA,13.3711357116699,25.1502704620361,NA,NA,NA,25183.283203125,9.9636754989624,26.2850589752197,2.33798909187317,6.67083120346069,113.209808349609,10.6969356536865,1.85062313079834,755.033752441406,NA,41.7261505126953,7876.1748046875,7.42133331298828,713.442443847656,5.58488273620605,NA,58.3026237487793,50.9222412109375,35.9181022644043,61.4280776977539,27.1674861907959,76.5802993774414,NA,17.5030689239502,0.518408358097076,55.9809608459473,901.641540527344,358.087493896484,439.16796875,617.466735839844,9885.990234375,11692.7919921875,697.853759765625,1021.4775390625,1257.39501953125,35.9614143371582,NA,823.392395019531,443.341705322266,3849.32250976562,877.003723144531,NA,940.609375,1358.82238769531,496.054992675781,1348.40368652344,454.437866210938,969.927612304688,1963.169921875,517.306884765625,3123.73876953125,980.433410644531,2430.4091796875,907.744812011719,408.587585449219,1007.70495605469,960.498107910156,723.258666992188,602.39013671875,5716.51123046875,279.327697753906,651.949768066406,402.118682861328,780.822204589844,467.914886474609,795.71240234375,600.357482910156,NA,2575.46069335938,2137.83032226562,963.70263671875,642.5966796875,1473.4208984375,408.322265625,905.5126953125,324.221618652344,771.554504394531,1155.14489746094,2347.1533203125,2367.66015625,2714.40747070312,1255.80627441406,559.712951660156,646.709411621094,1395.73999023438,594.787048339844,1997.01232910156,1874.96899414062,789.917663574219,2417.07104492188,22287.255859375,827.450622558594,1183.22192382812,2259.06713867188,675.541687011719,2709.74438476562,285.959655761719,632.08203125,2314.755859375,4337.70458984375,892.925659179688,331.118988037109,1687.01928710938,540.690673828125,1057.00512695312,859.142578125,2801.791015625,932.134460449219,625.92626953125,804.456665039062,685.133422851562,868.706604003906,2048.08471679688,1394.10546875,455.444580078125,4361.1533203125,348.243377685547,893.068603515625,969.602355957031,1990.1240234375,1513.912109375,1185.20837402344,1162.169921875,3440.97387695312,613.770629882812,545.145202636719,393.983245849609,954.940734863281,353.401428222656,584.510559082031,399.678100585938,1583.67651367188,1777.18237304688,3357.66943359375,909.078186035156,580.649597167969,611.495971679688,2000.7744140625,1028.94262695312,267.286224365234,2780.63452148438,1722.09851074219,1827.57141113281,687.549865722656,193.276824951172,889.254638671875,202.063446044922,639.610107421875,1338.21105957031,978.416442871094,3032.20532226562,2020.53527832031,NA,377.925506591797,327.118225097656,1586.87927246094,1219.93029785156,NA,397.345520019531,324.87158203125,488.327087402344,1596.50524902344,2266.69165039062,1156.69995117188,1832.30944824219,1181.95178222656,907.367370605469,2011.44592285156,1618.97998046875,546.715209960938,616.008911132812,3558.76123046875,898.220031738281,NA,1195.87280273438,1301.00146484375
2013-12-31,37.7365379333496,16291.3095703125,77.4469528198242,87.3968963623047,NA,NA,NA,0.829436838626862,32.2479019165039,4.30000019073486,255.839950561523,9.60039615631104,36.3029975891113,2.55177021026611,50.8698921203613,96.8604736328125,1.604860663414,6.02350473403931,NA,13.575662612915,24.1588649749756,NA,NA,NA,27129.693359375,10.4785947799683,27.0928707122803,2.34469199180603,6.86194658279419,121.808059692383,10.6969356536865,1.7715767621994,751.488952636719,NA,45.1440582275391,7031.09130859375,7.451500415802,731.325744628906,5.17682647705078,NA,58.4910926818848,50.8391723632812,33.8412017822266,60.6875915527344,23.8060073852539,77.0843200683594,NA,18.4684658050537,0.467137187719345,54.7999305725098,907.294372558594,350.223785400391,462.492584228516,650.997924804688,10810.92578125,13079.0517578125,670.326904296875,1089.939453125,1344.197265625,39.599536895752,NA,851.242431640625,443.78173828125,4271.865234375,881.755126953125,NA,946.460998535156,1410.23767089844,491.524719238281,1429.93530273438,469.16943359375,1005.97186279297,1940.47448730469,529.138854980469,3029.55517578125,985.0419921875,2562.84936523438,1012.86834716797,465.978149414062,1117.29626464844,1039.13562011719,727.093017578125,616.59228515625,5760.4833984375,276.996490478516,671.46923828125,421.690826416016,814.10107421875,476.101776123047,843.581420898438,568.936950683594,NA,2754.39477539062,2128.67260742188,1049.67333984375,676.601135253906,1478.95739746094,483.539489746094,943.274597167969,354.926818847656,822.311157226562,1194.54370117188,2384.80786132812,2364.83813476562,3030.87817382812,1243.68579101562,601.850952148438,604.765930175781,1427.30187988281,667.098937988281,2117.31420898438,1861.63330078125,779.338439941406,2672.88598632812,23950.21484375,881.09619140625,1232.27368164062,2270.0673828125,704.228942871094,2692.251953125,301.513946533203,623.459350585938,2111.35620117188,4672.75,916.46240234375,349.369506835938,1858.06921386719,539.357360839844,1023.85137939453,974.851928710938,2810.65747070312,969.73681640625,663.442443847656,777.602478027344,693.652038574219,903.066345214844,2135.19262695312,1384.55139160156,466.5009765625,4581.73828125,353.47021484375,760.222473144531,1010.09136962891,2021.341796875,1507.29431152344,1301.72521972656,1127.71496582031,3650.00561523438,670.771667480469,562.225524902344,426.755859375,1036.046875,357.360168457031,587.739929199219,409.649291992188,1579.85107421875,1808.91748046875,3525.55322265625,909.078186035156,592.147766113281,645.297302246094,2086.47045898438,1010.35632324219,265.759521484375,2572.41088867188,1766.44396972656,1854.05798339844,649.352600097656,211.570510864258,949.373229980469,214.494918823242,630.517211914062,1359.22204589844,961.041809082031,3089.05883789062,2012.779296875,NA,368.531494140625,340.345062255859,1724.74865722656,1204.01806640625,NA,440.481140136719,331.696655273438,525.651489257812,1540.91943359375,2260.20825195312,1367.00915527344,1942.87976074219,1269.26684570312,958.922180175781,2032.10583496094,1658.12512207031,544.41162109375,655.201721191406,3921.81372070312,854.646911621094,NA,1449.51647949219,1355.55993652344
2014-01-31,34.4646835327148,14914.5302734375,77.0798873901367,96.0376281738281,NA,NA,NA,0.815839231014252,29.6365566253662,4.30000019073486,231.034729003906,9.2466983795166,35.3476600646973,2.34237003326416,53.918270111084,91.3170166015625,1.47898936271667,5.49201965332031,NA,12.7831106185913,21.8803787231445,NA,NA,NA,23886.96875,10.2983741760254,26.5957546234131,2.26141119003296,5.77895975112915,119.300247192383,8.88389587402344,1.5762847661972,801.11572265625,NA,40.8864860534668,8045.19140625,7.451500415802,851.801391601562,4.5738787651062,NA,57.7371826171875,47.7240333557129,34.268798828125,58.4970512390137,27.3895454406738,67.1918258666992,NA,16.8314838409424,0.450046807527542,52.2488975524902,836.915466308594,311.864074707031,415.177032470703,647.726684570312,10212.7216796875,11484.8544921875,675.804931640625,945.236389160156,1196.38513183594,38.9068946838379,NA,734.756591796875,418.699340820312,3511.75219726562,858.676086425781,NA,834.553161621094,1301.77648925781,505.870208740234,1373.49011230469,443.54931640625,944.204772949219,1813.94580078125,474.106201171875,3009.46362304688,885.627624511719,2493.55981445312,903.908081054688,495.101837158203,1096.44775390625,999.629455566406,747.46337890625,527.009399414062,5238.0830078125,232.702484130859,622.555603027344,532.006530761719,794.996643066406,455.319610595703,867.425659179688,542.56591796875,NA,2584.1474609375,1921.55822753906,912.120544433594,639.981079101562,1486.5703125,482.712921142578,912.448364257812,314.929321289062,835.000122070312,1080.53820800781,2467.96362304688,2153.75268554688,2640.4072265625,1070.63366699219,572.90771484375,532.584228515625,1377.50439453125,665.95556640625,1894.75537109375,1922.97717285156,795.794982910156,2162.95581054688,23520.91796875,836.209106445312,1378.83044433594,2075.69995117188,672.765380859375,2663.78344726562,280.575500488281,583.699829101562,2140.04077148438,4102.7275390625,941.176086425781,355.887573242188,1660.18896484375,483.354797363281,907.03515625,882.284423828125,2584.56396484375,960.900695800781,633.824584960938,712.218444824219,644.67041015625,829.117919921875,2016.21643066406,1272.29040527344,430.985443115234,4581.73828125,324.722198486328,788.848754882812,907.803588867188,1997.92858886719,1622.94360351562,1207.47253417969,1047.96264648438,3794.71948242188,565.970581054688,543.721923828125,435.305145263672,892.171020507812,330.369171142578,546.565734863281,399.678100585938,1595.15234375,1676.42236328125,3597.50317382812,860.427124023438,564.121337890625,596.131774902344,1916.88232421875,908.502868652344,233.086624145508,2229.88891601562,1670.36145019531,1924.68884277344,650.087158203125,193.276824951172,790.726745605469,231.561828613281,723.838623046875,1221.84497070312,869.829956054688,2988.99658203125,2001.14440917969,NA,321.325866699219,324.415832519531,1488.99169921875,1133.29724121094,NA,462.878570556641,300.983947753906,516.3203125,1491.7119140625,2021.74597167969,1304.32080078125,1773.07556152344,1043.52478027344,880.730529785156,1984.88159179688,1474.95581054688,503.714996337891,665.425964355469,3453.22241210938,834.006896972656,NA,1237.71118164062,1348.84484863281
2014-02-28,35.6994972229004,14841.0703125,79.2821807861328,109.997093200684,NA,NA,NA,0.824904441833496,31.4603385925293,5,256.705261230469,9.27477073669434,48.913516998291,2.26445269584656,53.3466949462891,90.1933364868164,1.46550285816193,5.64555883407593,NA,13.1857786178589,21.9325618743896,NA,NA,NA,25620.701171875,10.0666599273682,26.3161296844482,2.30625438690186,6.71633434295654,120.733283996582,8.81914520263672,1.52978670597076,808.205139160156,NA,41.0642967224121,7977.58447265625,7.42133331298828,848.036499023438,4.98193311691284,NA,57.8000030517578,50.506893157959,36.6511154174805,61.2738075256348,27.7570877075195,65.7786178588867,NA,17.2932014465332,0.467137187719345,42.5171852111816,825.185668945312,341.401031494141,391.186004638672,656.722839355469,10491.40234375,10606.2431640625,749.036376953125,976.744201660156,1125.95129394531,39.8863868713379,NA,729.428894042969,428.380279541016,3560.5068359375,857.9970703125,NA,907.110229492188,1430.31372070312,471.893859863281,1310.77368164062,500.874328613281,943.385681152344,1833.80505371094,482.085906982422,3059.06640625,829.664672851562,2645.29614257812,924.626159667969,543.070129394531,1028.11010742188,1018.54010009766,731.885986328125,526.135437011719,5133.427734375,234.186004638672,589.94677734375,610.295104980469,827.042907714844,449.021942138672,875.283447265625,486.457977294922,NA,2537.78002929688,2021.28015136719,839.461120605469,733.275268554688,1474.80541992188,533.13330078125,983.348205566406,299.778778076172,806.587463378906,1053.34924316406,2449.92016601562,2241.234375,2779.748046875,1010.03167724609,581.207580566406,716.940307617188,1294.74169921875,650.807189941406,1786.48388671875,1826.9609375,782.864868164062,2042.27258300781,23331.119140625,847.802429199219,1494.28137207031,2170.13403320312,729.677368164062,2842.72509765625,262.628204345703,599.747253417969,2221.74829101562,3656.89575195312,970.008728027344,345.458740234375,1599.81799316406,458.020294189453,895.333923339844,932.907287597656,2543.33471679688,853.687316894531,641.72265625,824.305297851562,669.313293457031,847.044921875,1949.64660644531,1132.95935058594,414.667510986328,4252.34765625,344.323120117188,815.074951171875,899.279602050781,1990.1240234375,1406.10131835938,1154.78039550781,1032.31030273438,3738.44189453125,541.733947753906,509.561340332031,443.8544921875,878.771179199219,355.740661621094,565.94189453125,403.832763671875,1618.10424804688,1654.20751953125,3325.69165039062,860.427124023438,519.566528320312,562.945068359375,1785.86889648438,933.7802734375,255.275680541992,2383.67407226562,1674.05712890625,2004.1484375,669.185913085938,182.936935424805,776.029724121094,230.086883544922,809.981384277344,1220.22863769531,904.65625,3009.46337890625,1962.36254882812,NA,343.993957519531,295.401977539062,1426.95043945312,1096.16882324219,NA,455.412719726562,313.268981933594,534.982604980469,1642.06799316406,1931.89038085938,1354.87585449219,1840.20715332031,1132.96984863281,878.152770996094,1962.74499511719,1457.96850585938,473.000793457031,764.259887695312,3609.41918945312,976.193176269531,NA,1317.90112304688,1330.37890625
2014-03-31,36.1084747314453,14827.830078125,86.9901885986328,95.3308181762695,NA,NA,NA,0.811307072639465,30.5069980621338,5.09999990463257,259.301147460938,9.07827091217041,45.8086585998535,2.32289028167725,54.8073844909668,88.0958251953125,1.54642045497894,5.61603212356567,NA,13.837721824646,22.3673896789551,NA,NA,NA,23919.080078125,9.80920124053955,25.6636619567871,2.33828592300415,6.8710470199585,134.705368041992,9.1040506362915,1.57163500785828,808.205139160156,NA,43.4153442382812,7639.55126953125,7.75318050384521,751.223999023438,5.14637517929077,NA,58.868034362793,53.4143600463867,41.2935943603516,59.2241363525391,27.7570877075195,68.5951690673828,NA,18.1326770782471,0.489924281835556,58.1068229675293,838.261413574219,380.770141601562,384.22607421875,627.75244140625,10235.0595703125,11327.94921875,759.703918457031,961.765686035156,1093.46215820312,39.9685020446777,NA,760.370422363281,430.199951171875,3630.9189453125,835.810668945312,NA,884.935791015625,1554.64013671875,453.8779296875,1301.86169433594,478.5068359375,975.029968261719,1867.80493164062,486.768371582031,3128.81225585938,831.875427246094,2859.47021484375,900.295532226562,538.134338378906,1063.43212890625,937.590393066406,755.430419921875,522.887145996094,5110.2802734375,237.823104858398,616.291625976562,564.033630371094,824.559265136719,444.502655029297,885.620910644531,508.930328369141,NA,2532.93579101562,2039.81762695312,876.52392578125,705.677429199219,1500.39916992188,421.516967773438,910.04833984375,303.010894775391,770.05078125,984.762878417969,2449.74438476562,2163.83740234375,2881.12451171875,995.102355957031,576.401672363281,767.66259765625,1250.75598144531,705.343505859375,1715.46044921875,1722.87817382812,774.021667480469,2084.18872070312,24690.591796875,858.801330566406,1509.33166503906,2222.92358398438,682.482055664062,2974.490234375,257.842315673828,634.483642578125,2088.51318359375,3620.66650390625,911.053588867188,335.633056640625,1580.72583007812,447.549835205078,915.443115234375,975.104370117188,2689.98583984375,858.3779296875,598.466125488281,768.261840820312,581.998291015625,791.023376464844,1980.97985839844,1103.103515625,417.547149658203,4136.79443359375,330.045501708984,856.166564941406,863.317810058594,2065.12109375,1327.07434082031,1149.34533691406,1065.85119628906,3539.17724609375,571.416809082031,518.857849121094,417.455322265625,883.751586914062,354.097442626953,554.621520996094,394.785675048828,1513.06372070312,1696.37243652344,3087.55737304688,832.488098144531,510.315826416016,562.89453125,1875.61547851562,903.298767089844,269.016571044922,2233.38403320312,1716.97509765625,1995.68054199219,687.263977050781,181.179107666016,836.630737304688,244.836074829102,814.001037597656,1209.40344238281,912.119140625,3107.91552734375,2039.24609375,NA,384.422485351562,305.068664550781,1354.03356933594,1122.92065429688,NA,446.766418457031,296.946990966797,507.245544433594,1663.81372070312,2066.673828125,1324.85229492188,1836.974609375,1022.20172119141,849.797607421875,1943.31884765625,1487.38757324219,493.161468505859,786.536682128906,3621.24682617188,922.801635742188,NA,1249.54870605469,1404.63659667969
2014-04-30,36.5095825195312,14304.1103515625,86.9901885986328,85.3824920654297,NA,NA,NA,0.770515263080597,31.1701946258545,5,272.280609130859,9.51056671142578,39.8855323791504,2.24984359741211,54.9979133605957,105.913711547852,1.53293406963348,5.80122423171997,NA,14.2293729782104,19.9497604370117,NA,NA,NA,22602.72265625,9.24279117584229,24.2344493865967,2.45359778404236,8.24525547027588,132.555786132812,8.96159744262695,1.51118731498718,769.212707519531,NA,43.0696029663086,8112.7978515625,7.87385272979736,731.367797851562,5.4691653251648,NA,59.1821823120117,54.8265419006348,42.7596435546875,60.8761749267578,29.5993843078613,72.735969543457,NA,20.7350482940674,0.524105131626129,60.4877815246582,793.657836914062,346.014282226562,367.284851074219,598.918640136719,9469.2939453125,9613.703125,742.981750488281,842.525634765625,1000.21179199219,40.2672538757324,NA,739.017333984375,410.441314697266,3533.16333007812,792.841979980469,NA,805.860290527344,1426.33642578125,409.022277832031,1276.33447265625,475.227203369141,991.561584472656,1934.67712402344,479.766510009766,2934.38012695312,773.731201171875,2682.36645507812,901.070190429688,517.436828613281,1086.89013671875,881.502014160156,736.424438476562,506.519317626953,5215.45703125,239.739273071289,592.355773925781,510.655090332031,833.351135253906,437.446960449219,773.269653320312,458.330902099609,NA,2532.93579101562,2055.15991210938,840.89501953125,695.131958007812,1580.40161132812,369.86865234375,868.153625488281,285.638244628906,733.646484375,1000.00415039062,2335.47094726562,2120.31005859375,2911.98559570312,1011.5390625,563.778137207031,726.694580078125,1230.75524902344,636.339416503906,1630.29553222656,1666.52270507812,701.605346679688,1971.71423339844,22015.212890625,837.695251464844,1398.03686523438,2311.39819335938,694.974975585938,3129.03051757812,260.833404541016,651.193359375,2040.35095214844,3547.21362304688,846.297119140625,351.103118896484,1428.08093261719,397.521545410156,945.741271972656,1083.611328125,2661.484375,822.193359375,552.583679199219,728.564514160156,544.57763671875,639.391906738281,1905.06103515625,1060.33508300781,382.991485595703,4330.9228515625,351.959930419922,764.001342773438,732.31689453125,2108.4736328125,1274.068359375,1055.81140136719,1054.6708984375,3318.99829101562,457.950378417969,557.557189941406,472.685791015625,877.989685058594,377.012847900391,542.423034667969,368.020538330078,1489.84521484375,1667.791015625,3079.43188476562,832.488098144531,505.227355957031,479.52587890625,1784.96252441406,864.638854980469,217.717208862305,2310.27661132812,1761.66870117188,1995.68054199219,655.141845703125,166.554794311523,966.249694824219,214.284240722656,673.689086914062,1150.48828125,965.187683105469,3049.90356445312,2123.54541015625,NA,368.531494140625,324.648345947266,1317.09899902344,1144.27600097656,NA,483.509796142578,283.103332519531,475.885803222656,1671.14367675781,2001.01013183594,1276.00988769531,1844.9443359375,955.769470214844,792.227966308594,2310.69018554688,1419.30285644531,503.241760253906,708.568481445312,3068.70825195312,911.169677734375,NA,1009.62139892578,1175.44555664062
2014-05-31,37.9960823059082,14632.3798828125,87.7242736816406,96.7993621826172,NA,NA,NA,0.806774497032166,32.4495544433594,4.5,280.93359375,9.65774345397949,36.3029975891113,2.45437455177307,58.6813659667969,109.401191711426,1.65880537033081,5.86134052276611,NA,14.75905418396,20.8542003631592,NA,NA,NA,22313.771484375,9.83494663238525,26.8132457733154,2.49844217300415,8.61495208740234,139.720993041992,9.24650382995605,1.60883331298828,790.481323242188,NA,43.3363189697266,7673.3544921875,8.47721290588379,713.402770996094,5.75466060638428,NA,60.3130569458008,63.9844245910645,46.4247512817383,66.0816802978516,29.5993843078613,69.9589614868164,NA,20.6427135467529,0.538143575191498,66.1378479003906,828.908874511719,314.154724121094,388.291961669922,563.494323730469,9507.7607421875,10164.4404296875,784.786926269531,923.326416015625,1018.068359375,42.9773445129395,NA,789.332153320312,451.081268310547,3419.11499023438,833.731689453125,NA,896.338073730469,1502.53210449219,450.836853027344,1263.57141113281,505.728332519531,999.992858886719,1985.40795898438,482.847412109375,2946.5322265625,815.622497558594,2804.29174804688,915.016174316406,594.189819335938,1096.86645507812,883.586364746094,815.576232910156,533.061706542969,5360.40234375,245.062118530273,657.19189453125,558.695861816406,836.491088867188,445.144104003906,784.459167480469,487.470764160156,NA,2544.00854492188,2133.787109375,896.565063476562,650.312927246094,1555.83972167969,390.694610595703,847.982055664062,304.626953125,730.311645507812,1038.95446777344,2279.9208984375,2209.07177734375,2741.06494140625,1105.36499023438,647.221435546875,737.42431640625,1360.75939941406,640.38134765625,1745.87646484375,1749.71423339844,810.823120117188,2105.49096679688,24123.78125,852.85595703125,1422.79565429688,2484.66186523438,735.692565917969,3272.18408203125,259.936126708984,652.646423339844,2016.70727539062,3913.58056640625,970.599487304688,357.829193115234,1394.15979003906,452.2822265625,890.653625488281,1069.04626464844,2803.08666992188,897.242919921875,598.466125488281,764.759094238281,620.331787109375,701.388854980469,1912.15649414062,1121.66320800781,428.585784912109,4617.49462890625,351.959930419922,813.202270507812,783.858154296875,2270.0576171875,1271.17736816406,1023.63549804688,1072.55908203125,3482.09375,552.127502441406,604.8564453125,489.183044433594,954.33642578125,371.920532226562,526.9716796875,373.875457763672,1567.23999023438,1741.86157226562,3111.93212890625,871.796325683594,552.478637695312,514.628479003906,1979.86669921875,909.246337890625,257.718505859375,2201.92797851562,1951.61608886719,1986.73156738281,686.516906738281,173.054489135742,930.899047851562,212.598587036133,760.182800292969,1233.95166015625,1022.40264892578,3221.61987304688,2131.57421875,NA,373.906433105469,304.204895019531,1345.67077636719,1235.03491210938,NA,562.842163085938,291.409484863281,482.941741943359,1567.61328125,1956.08239746094,1304.50146484375,1781.18798828125,934.339538574219,876.434387207031,2307.69116210938,1408.07995605469,512.546691894531,905.630859375,3247.22119140625,965.452209472656,NA,1091.93237304688,1027.14575195312
2014-06-30,38.3683624267578,15162.099609375,92.8629150390625,104.68147277832,NA,NA,NA,0.807270646095276,32.5330696105957,4.80000019073486,291.317169189453,9.57202339172363,42.5604934692383,2.54617929458618,63.5079917907715,109.552841186523,1.67084348201752,5.74110841751099,NA,14.7263565063477,21.0684509277344,NA,NA,NA,22602.72265625,10.2468814849854,26.8132457733154,2.46641087532043,10.1526737213135,155.842651367188,9.89401721954346,1.69365394115448,866.306701660156,NA,45.3021087646484,7402.92822265625,9.02023696899414,766.825256347656,6.09060716629028,NA,60.4386940002441,63.5224533081055,47.4631996154785,66.2686920166016,30.4010734558105,73.5661087036133,NA,20.9804267883301,0.573240041732788,70.8619766235352,875.383483886719,324.774658203125,420.819061279297,611.276123046875,10625.7568359375,10085.7646484375,829.460083007812,951.175231933594,1052.54113769531,44.940559387207,NA,817.80322265625,473.085235595703,3511.28491210938,901.649963378906,NA,914.996337890625,1685.56689453125,480.487152099609,1327.38818359375,532.621765136719,1018.01226806641,2128.95166015625,529.339599609375,3005.3740234375,814.741149902344,2995.6357421875,968.476135253906,654.557556152344,1150.79284667969,916.178527832031,835.063415527344,541.245788574219,5649.41552734375,266.566314697266,633.953063964844,574.709411621094,859.099182128906,475.290679931641,862.513916015625,511.641052246094,NA,2480.46508789062,2147.794921875,950.843383789062,683.707458496094,1650.57946777344,389.861572265625,957.373779296875,304.828948974609,785.057189941406,1055.04260253906,2491.8037109375,2269.9521484375,2764.80346679688,1149.88098144531,678.887329101562,766.687194824219,1500.0498046875,684.844299316406,1970.95446777344,1824.85546875,757.401489257812,2131.05297851562,24586.296875,945.305786132812,1494.18774414062,2663.45336914062,734.767150878906,3270.06665039062,284.164916992188,705.439270019531,1960.66333007812,3893.87329101562,990.696105957031,396.840698242188,1570.54956054688,484.732940673828,945.938232421875,1121.47937011719,2800.37231445312,930.747009277344,582.507141113281,814.964782714844,643.149291992188,713.34033203125,1990.20373535156,1158.78332519531,466.471496582031,5121.30712890625,359.928955078125,822.38427734375,809.62890625,2333.1142578125,1261.53991699219,1066.28698730469,1104.60913085938,3849.05859375,566.197387695312,642.122436523438,518.591369628906,991.789794921875,383.741943359375,541.609924316406,412.350219726562,1648.50402832031,1795.40148925781,3136.30883789062,940.585144042969,563.382873535156,549.731018066406,2153.92114257812,936.010620117188,271.052307128906,2331.24755859375,2089.42114257812,2138.86865234375,717.89208984375,172.242034912109,967.93310546875,220.98796081543,774.598266601562,1283.0478515625,1147.08117675781,3282.72607421875,2247.98779296875,NA,410.799621582031,316.8740234375,1457.17163085938,1277.74487304688,NA,598.750610351562,310.790649414062,501.757720947266,1692.21594238281,2094.2177734375,1365.55444335938,1912.68530273438,1013.62994384766,909.085876464844,2466.63549804688,1509.8330078125,554.418762207031,975.03125,3629.74633789062,935.984313964844,NA,1074.41918945312,1079.38793945312
2014-07-31,39.7679138183594,15620.76953125,90.8214416503906,113.714904785156,NA,NA,NA,0.826264977455139,34.9553070068359,5.40000009536743,278.354309082031,10.4120769500732,49.5089302062988,2.76961946487427,65.7307662963867,131.539199829102,1.79122114181519,5.99960708618164,NA,15.7987909317017,23.3508644104004,NA,NA,NA,25813.341796875,11.0746784210205,29.5163154602051,2.6073489189148,9.50423717498779,151.714599609375,10.6682138442993,1.87688517570496,877.272644042969,NA,48.8286819458008,6747.1435546875,8.74212646484375,776.280456542969,6.33323764801025,NA,60.3420867919922,69.6205902099609,43.8591728210449,73.5002670288086,30.4010734558105,79.8810958862305,NA,19.7562141418457,0.573240041732788,74.4523239135742,883.008972167969,342.152526855469,417.159729003906,666.224975585938,10878.2080078125,10411.0615234375,1005.23022460938,904.106628417969,1056.50927734375,48.7958564758301,NA,803.076843261719,490.823120117188,3524.78442382812,920.015625,NA,888.045532226562,1658.98388671875,515.535339355469,1285.9072265625,546.396545410156,1087.77514648438,2105.31591796875,527.6591796875,3023.28173828125,841.692016601562,3000.08447265625,1066.09838867188,690.778076171875,1167.64526367188,907.272399902344,933.461853027344,526.315612792969,6345.86962890625,248.255828857422,613.270568847656,717.052307128906,860.6689453125,469.068878173828,902.632995605469,533.552429199219,NA,2618.3076171875,2210.35229492188,958.7763671875,694.252868652344,1620.40307617188,394.026702880859,975.606079101562,297.556732177734,824.935363769531,984.762878417969,2615.99682617188,2367.53247070312,2847.09814453125,1159.81140136719,741.148803710938,761.81005859375,1507.90734863281,759.622863769531,1910.73132324219,1798.01928710938,776.395935058594,2170.67504882812,26123.509765625,931.9287109375,1629.03991699219,2718.75024414062,737.774658203125,3483.31396484375,298.223602294922,702.048828125,2114.78393554688,3854.01196289062,1053.21960449219,389.172882080078,1533.57543945312,446.400512695312,992.959777832031,1118.93041992188,2867.32763671875,929.310668945312,592.481323242188,875.678466796875,682.091125488281,709.60546875,2104.43627929688,1111.57641601562,482.390380859375,5380.14404296875,354.948272705078,811.469970703125,824.661865234375,2335.47875976562,1319.36450195312,1142.98498535156,1096.68139648438,3938.7607421875,541.461669921875,693.7216796875,545.130615234375,943.172546386719,415.023254394531,571.292663574219,430.751281738281,1665.14392089844,1891.21008300781,3290.68579101562,1014.99005126953,597.54931640625,549.480407714844,2281.7421875,897.350830078125,281.434326171875,2586.39184570312,2186.25659179688,2295.48022460938,763.460815429688,180.366653442383,1049.57604980469,228.772308349609,804.390563964844,1297.77697753906,1187.24182128906,3402.61865234375,2300.17309570312,NA,407.264343261719,306.220428466797,1524.07189941406,1331.13244628906,NA,664.721557617188,314.32080078125,508.813629150391,1875.45544433594,2155.95678710938,1512.08178710938,2135.83178710938,1026.48791503906,914.241333007812,2594.8408203125,1589.88879394531,587.761657714844,1059.85400390625,3940.01806640625,930.168334960938,NA,1185.62634277344,1108.03662109375
2014-08-31,40.2211875915527,15424.58984375,93.0731887817383,112.032196044922,NA,NA,NA,0.812019407749176,35.4643745422363,4.90000009536743,296.456268310547,10.4020891189575,52.6660308837891,2.67089009284973,73.6077499389648,136.37939453125,1.73343968391418,6.30309057235718,NA,15.1269245147705,22.1569881439209,NA,NA,NA,26680.20703125,11.4158401489258,30.3241310119629,2.55577063560486,9.78213977813721,154.660491943359,9.99386405944824,1.77288913726807,848.030212402344,NA,51.0809440612793,7031.09130859375,8.493239402771,798.973266601562,6.84337902069092,NA,61.2653579711914,65.2779769897461,47.1939735412598,73.3132553100586,38.8105659484863,81.8279647827148,NA,19.9672832489014,0.567390501499176,68.9723281860352,852.937316894531,384.245849609375,405.368713378906,647.936157226562,10705.09765625,9894.7080078125,957.292846679688,904.4990234375,1041.75280761719,49.6494293212891,NA,778.410217285156,483.076843261719,3494.06103515625,916.550537109375,NA,888.341613769531,1755.22399902344,486.797332763672,1262.93334960938,556.235595703125,1067.27624511719,2054.58569335938,514.775756835938,3037.99194335938,809.212768554688,2992.5205078125,1008.76483154297,615.4912109375,1134.67150878906,855.163024902344,974.120422363281,519.016418457031,6337.03076171875,257.198120117188,583.989807128906,658.335815429688,843.399169921875,481.704864501953,903.724731445312,591.380065917969,NA,2497.25830078125,2214.91333007812,922.729919433594,655.585876464844,1652.6845703125,349.042785644531,986.079711914062,301.091827392578,871.344360351562,962.475341796875,3001.2744140625,2299.53955078125,2753.72509765625,1075.23095703125,723.390441894531,820.335754394531,1405.40368652344,839.020874023438,1790.89172363281,1784.6015625,779.957214355469,2046.27111816406,24663.384765625,975.329528808594,1594.42541503906,2687.4150390625,782.656494140625,3678.517578125,309.889343261719,664.7548828125,2109.5302734375,3609.02124023438,1114.99853515625,379.4873046875,1448.09411621094,451.200592041016,957.054077148438,1085.06762695312,2876.82836914062,892.138000488281,610.435424804688,867.505493164062,745.371704101562,710.875183105469,2096.986328125,1199.13061523438,438.010467529297,5794.1083984375,355.147583007812,944.174072265625,818.218994140625,2328.779296875,1297.19848632812,1139.61779785156,1052.88952636719,3995.8447265625,560.070190429688,762.520385742188,569.51806640625,929.487548828125,414.295806884766,577.310668945312,425.732818603516,1656.24365234375,1980.77868652344,3144.43408203125,1009.23419189453,606.563537597656,530.361999511719,2188.13549804688,893.262145996094,251.916793823242,2341.73291015625,2309.16455078125,2263.26318359375,746.279113769531,203.115600585938,990.026245117188,268.774993896484,874.065979003906,1250.31701660156,1179.71179199219,3361.23608398438,2348.34423828125,NA,453.694396972656,328.535552978516,1466.23083496094,1284.86315917969,NA,718.166564941406,359.174377441406,460.205718994141,1759.09851074219,1976.35205078125,1744.083984375,2004.33483886719,1232.21398925781,937.870727539062,2366.92041015625,1529.28552246094,568.376281738281,1115.54541015625,3829.50927734375,872.783996582031,NA,1170.74060058594,1013.66369628906
2014-09-30,37.1119575500488,16173.51953125,90.0708465576172,102.290260314941,NA,NA,NA,0.816768407821655,33.6618156433105,4.69999980926514,267.374450683594,10.6923274993896,49.3175964355469,2.51500201225281,69.2778854370117,127.956184387207,1.67565822601318,6.1392092704773,NA,14.7772836685181,20.5698757171631,NA,NA,NA,24753.837890625,11.1306133270264,29.0191993713379,2.49663972854614,10.671425819397,141.403884887695,8.95536422729492,1.70355796813965,811.477294921875,NA,44.9069747924805,7436.7314453125,7.83991479873657,799.142395019531,6.31033611297607,NA,60.4739875793457,59.463077545166,44.8501091003418,68.6376571655273,38.8105659484863,75.0089721679688,NA,19.0568218231201,0.540160655975342,53.2409629821777,940.68603515625,384.438903808594,426.273284912109,694.82421875,11485.279296875,11157.767578125,922.429260253906,935.8779296875,1108.8388671875,49.1624984741211,NA,844.948913574219,510.800598144531,3588.26318359375,943.891967773438,NA,976.302124023438,1769.19201660156,540.185546875,1272.10266113281,577.374145507812,1193.14184570312,2085.18359375,490.018493652344,3106.40380859375,880.397705078125,3305.44653320312,1138.60559082031,585.524047851562,1156.83459472656,966.651916503906,1001.14965820312,535.532592773438,6033.88037109375,302.124938964844,625.294982910156,674.349487304688,773.817993164062,489.478302001953,1141.88879394531,597.107727050781,NA,2534.3427734375,2326.6689453125,938.156188964844,699.586547851562,1800.38854980469,347.376708984375,1018.24139404297,328.867828369141,943.397888183594,935.073974609375,3027.19653320312,2355.60620117188,3158.56274414062,1036.19396972656,779.914611816406,917.878662109375,1423.01977539062,816.234252929688,1743.01025390625,2018.66918945312,848.792053222656,2108.53491210938,27513.26953125,943.224670410156,1783.60278320312,2741.78686523438,848.991394042969,3507.50903320312,366.124053955078,653.715637207031,2009.34777832031,3504.67211914062,1226.11096191406,415.942840576172,1566.73413085938,445.914276123047,1013.3310546875,1134.83923339844,2982.63232421875,881.225158691406,580.430969238281,918.878540039062,765.450988769531,774.216979980469,2595.35400390625,1408.03942871094,436.563385009766,6304.8076171875,340.870544433594,1051.62121582031,757.99658203125,2449.076171875,1217.20776367188,1221.52905273438,1099.70129394531,4656.60009765625,590.706115722656,756.080749511719,541.555786132812,1014.47778320312,423.934783935547,593.601013183594,444.560394287109,1722.57629394531,2000.44006347656,3582.86181640625,1098.04724121094,653.688171386719,553.301086425781,2252.62548828125,936.010620117188,244.395523071289,2593.38159179688,2316.87158203125,2282.95141601562,810.868103027344,191.30485534668,1107.84643554688,288.452056884766,845.71533203125,1304.4931640625,1125.32763671875,3484.62182617188,2408.55859375,NA,505.544982910156,338.761901855469,1538.78002929688,1286.47827148438,NA,725.325134277344,377.614532470703,517.95458984375,1666.90563964844,2085.798828125,1772.51953125,2131.84790039062,1195.783203125,958.473999023438,2350.58032226562,1674.13244628906,596.219116210938,1286.96667480469,4259.48681640625,926.378234863281,NA,1307.61083984375,1220.04870605469
2014-10-31,38.3206481933594,16413.759765625,97.9520263671875,109.463874816895,NA,NA,NA,0.821630001068115,36.260856628418,4.5,256.988128662109,10.7271556854248,47.0693588256836,2.66569399833679,69.2778854370117,131.631790161133,1.78640604019165,6.23375606536865,NA,15.1731061935425,22.3516578674316,NA,NA,NA,26969.162109375,11.5932540893555,31.939769744873,2.48349928855896,11.5977630615234,134.039093017578,9.68366241455078,1.78279304504395,774.924133300781,NA,46.4973907470703,6321.2216796875,8.33768558502197,797.718078613281,6.15812635421753,NA,61.1334571838379,63.9727897644043,46.0537185668945,72.06640625,38.1631927490234,70.7199172973633,NA,20.5847606658936,0.498609870672226,54.5164833068848,945.780212402344,400.079071044922,434.52099609375,712.744323730469,12645.4921875,12270.3515625,992.156188964844,934.309204101562,1091.10632324219,49.6742248535156,1131.29223632812,872.389343261719,492.037780761719,3704.931640625,941.426696777344,NA,1069.8896484375,1717.7822265625,523.342895507812,1298.72668457031,556.008605957031,1172.50170898438,2201.51416015625,471.653411865234,3130.18432617188,806.027465820312,3505.98022460938,1088.71130371094,576.329284667969,1164.17687988281,957.855651855469,1145.75769042969,527.6982421875,6048.08251953125,273.493530273438,645.9736328125,686.804443359375,751.763671875,461.575103759766,1117.623046875,620.501525878906,NA,2554.984375,2208.39697265625,979.48583984375,755.37646484375,1852.20349121094,330.715942382812,1018.63128662109,333.311950683594,1032.13879394531,937.214660644531,3105.27905273438,2477.39892578125,3048.546875,1033.1123046875,783.776123046875,826.188354492188,1506.91821289062,783.468872070312,1776.08215332031,2024.0888671875,869.143798828125,2387.85083007812,28259.0859375,1018.73046875,1736.0078125,3054.55200195312,978.317199707031,3530.47412109375,368.517059326172,672.798645019531,1935.51330566406,3677.09912109375,1275.666015625,422.669036865234,1523.83325195312,460.305236816406,1000.24560546875,1027.54431152344,3082.16015625,928.9697265625,574.40576171875,914.208251953125,867.673400878906,813.805358886719,2576.029296875,1412.10314941406,465.506744384766,6546.2294921875,320.438537597656,1040.78125,749.333923339844,2525.7470703125,1198.89672851562,1115.99731445312,1078.18322753906,4320.47216796875,609.541564941406,708.555725097656,548.0458984375,1013.39733886719,459.399108886719,604.818237304688,386.464477539062,1723.74951171875,2157.51733398438,3517.42163085938,1014.45391845703,662.130920410156,548.270385742188,2305.3076171875,982.476806640625,243.576461791992,2568.91577148438,2301.900390625,2303.53442382812,756.936706542969,205.2626953125,1267.20007324219,297.749969482422,885.117858886719,1236.61962890625,1064.25036621094,3379.33618164062,2398.92407226562,NA,486.218963623047,314.315155029297,1529.99096679688,1302.58215332031,NA,676.690551757812,381.67333984375,473.017791748047,1689.93566894531,2020.55163574219,1891.09594726562,1923.07836914062,1272.9306640625,943.218627929688,2304.90795898438,1694.60412597656,611.06591796875,1271.48193359375,4430.55126953125,902.7861328125,NA,1236.28625488281,1273.3515625
2014-11-30,38.2252311706543,17459.849609375,106.208526611328,109.818138122559,NA,NA,NA,0.821630001068115,37.560375213623,5,275.980346679688,11.5107955932617,45.0124740600586,2.73324584960938,69.9995269775391,129.334533691406,1.92604422569275,6.60563707351685,NA,15.8328075408936,22.9514675140381,NA,NA,NA,24978.576171875,11.457181930542,31.5047874450684,2.56234097480774,12.690842628479,137.721496582031,10.8300561904907,1.82241094112396,785.89013671875,NA,44.0080451965332,6199.52978515625,8.55545997619629,810.063537597656,5.33366107940674,NA,61.3313064575195,66.1579055786133,47.5740547180176,72.2004165649414,38.1631927490234,67.2017135620117,NA,21.0516338348389,0.492673993110657,52.4945526123047,1064.54870605469,502.029693603516,471.773559570312,760.365844726562,13209.337890625,13133.66796875,934.05029296875,1079.43701171875,1109.83068847656,45.7749633789062,1194.05688476562,963.6513671875,510.573089599609,3716.13159179688,962.206298828125,NA,1126.0126953125,1998.80676269531,530.233215332031,1327.94787597656,546.660949707031,1329.966796875,2222.85083007812,498.133270263672,3239.31225585938,827.458068847656,3786.369140625,1112.09899902344,588.213073730469,1204.01611328125,1059.97094726562,1247.15209960938,620.25537109375,6989.82080078125,302.765960693359,691.443176269531,663.673706054688,809.296630859375,487.848449707031,1174.39672851562,613.2333984375,NA,2854.458984375,2477.19750976562,957.983276367188,802.310729980469,1995.22668457031,360.705261230469,1196.208984375,347.755493164062,1101.70385742188,1012.99670410156,3005.17260742188,2549.615234375,3192.04541015625,1072.1494140625,804.370788574219,797.90087890625,1634.93591308594,744.904357910156,1872.84826660156,2555.17504882812,885.904113769531,2281.93237304688,29659.76171875,1100.62719726562,1892.25329589844,3197.05493164062,1030.65234375,3605.52099609375,427.742950439453,687.477905273438,1971.55163574219,3680.6923828125,1281.6728515625,431.009368896484,1693.376953125,486.972808837891,1152.11633300781,920.981262207031,3133.75024414062,1087.20825195312,672.817932128906,1008.78161621094,898.400939941406,889.621215820312,3090.66235351562,1507.59777832031,542.206848144531,6109.81298828125,297.781280517578,1094.97973632812,814.305053710938,2571.03344726562,1541.02526855469,1163.486328125,1150.28869628906,4918.94287109375,691.010375976562,675.432189941406,533.623596191406,1035.72521972656,513.595947265625,763.903198242188,374.676879882812,1774.17199707031,2308.68627929688,4269.9853515625,1097.33874511719,757.643920898438,607.427429199219,2403.40600585938,1031.91650390625,262.41552734375,2519.98413085938,2320.61474609375,2614.96801757812,840.829956054688,255.346786499023,1179.04699707031,270.721099853516,981.221923828125,1266.41796875,1078.47375488281,3343.193359375,2801.95629882812,NA,594.634155273438,294.670471191406,1775.73132324219,1282.90014648438,NA,679.206176757812,427.930572509766,400.488433837891,1632.82153320312,2010.02770996094,2177.31591796875,2091.69970703125,1645.80932617188,909.220764160156,2766.19409179688,1942.53894042969,616.535949707031,1279.22412109375,4721.35888671875,1010.916015625,NA,1356.041015625,1264.04467773438
2014-12-31,37.846019744873,17450.76953125,105.833221435547,99.6333923339844,NA,NA,NA,0.807044565677643,36.1770248413086,5.69999980926514,274.199768066406,11.957760810852,29.0356750488281,2.94109678268433,63.4325561523438,131.478637695312,2.10420322418213,6.59303283691406,NA,16.1824493408203,27.9086971282959,NA,NA,NA,23688.962890625,11.1850414276123,31.5047874450684,2.6081690788269,12.3944139480591,138.826217651367,13.1228475570679,1.94126355648041,796.856018066406,NA,39.8986511230469,6495.30859375,9.1776762008667,830.006530761719,5.45416021347046,NA,61.9907760620117,60.5788955688477,48.270881652832,75.320182800293,38.1631927490234,63.060905456543,NA,21.2214031219482,0.486738115549088,53.618896484375,1100.06274414062,477.410888671875,456.721313476562,747.257385253906,12965.9658203125,13387.4970703125,868.531677246094,988.830139160156,1085.0302734375,44.7659072875977,1053.21911621094,976.812927246094,504.205322265625,3364.72534179688,910.080932617188,NA,1130.8994140625,2287.65380859375,512.778198242188,1314.96069335938,541.319580078125,1309.32653808594,1974.21899414062,480.622375488281,3255.27416992188,821.855346679688,3683.18579101562,1127.30114746094,558.893432617188,1185.25207519531,1080.814453125,1339.85559082031,644.765563964844,6932.12744140625,322.850555419922,716.939025878906,628.087951660156,793.954467773438,472.462615966797,1213.31420898438,626.179443359375,NA,2979.82836914062,2556.58764648438,908.974060058594,799.653991699219,1905.08325195312,362.371368408203,1113.85974121094,371.895355224609,1036.05810546875,1039.11352539062,2928.35522460938,2614.38012695312,3180.087890625,1043.38537597656,780.880004882812,802.778015136719,1658.44226074219,743.45458984375,1842.8388671875,2631.04467773438,887.101318359375,2182.84790039062,29077.666015625,1120.37243652344,1887.20544433594,3357.13818359375,1043.44543457031,3930.46948242188,428.341217041016,690.658386230469,1951.33483886719,3710.32739257812,1266.28063964844,411.570831298828,1589.72863769531,470.740386962891,1101.55883789062,985.431518554688,3170.73022460938,1082.43383789062,686.876892089844,997.105834960938,950.729125976562,857.502197265625,3077.7783203125,1431.2021484375,545.05078125,6016.9609375,316.797241210938,1184.14453125,777.488037109375,2590.49951171875,1625.72436523438,1140.49536132812,1144.06433105469,5058.3134765625,643.581481933594,718.636840820312,564.631408691406,1050.13037109375,539.421203613281,792.7236328125,420.985229492188,1762.8369140625,2327.42944335938,4523.568359375,1049.52075195312,811.604064941406,603.415893554688,2486.06372070312,1054.59191894531,258.832000732422,2411.37841796875,2571.39013671875,2678.50805664062,801.765686035156,266.841491699219,1261.26647949219,297.317565917969,972.091979980469,1302.83776855469,960.78955078125,3670.83471679688,2890.27026367188,NA,581.569641113281,290.741546630859,1895.61364746094,1340.15649414062,NA,690.106994628906,411.834991455078,391.816467285156,1559.58642578125,2097.671875,2250.91577148438,1943.15234375,1532.23120117188,950.1923828125,2755.53735351562,1947.08850097656,620.443054199219,1551.93054199219,4661.48779296875,966.484558105469,NA,1366.60717773438,1127.82592773438
2015-01-31,38.5136642456055,17674.390625,105.833221435547,116.903167724609,NA,NA,NA,0.821630001068115,37.9376640319824,13.8999996185303,286.663421630859,11.4875764846802,27.1222877502441,2.89952683448792,62.5665740966797,136.762268066406,2.08975791931152,6.55521488189697,NA,15.2918567657471,29.1435928344727,NA,NA,NA,24114.91015625,10.9401121139526,31.256233215332,2.72854590415955,10.9863786697388,142.508605957031,11.706711769104,1.88183724880219,818.787902832031,NA,39.3652191162109,8234.490234375,9.58211517333984,863.244812011719,5.32097625732422,NA,62.9799957275391,69.040412902832,50.5513954162598,80.6046905517578,38.1631927490234,57.5464057922363,NA,21.5609474182129,0.486738115549088,50.1230392456055,1112.72570800781,535.627014160156,434.589660644531,744.436645507812,13370.77734375,13381.4130859375,1032.91979980469,896.654418945312,989.671264648438,50.596794128418,1053.21911621094,1028.09338378906,470.318634033203,3249.45654296875,845.276550292969,NA,1238.40649414062,2102.82495117188,501.524353027344,1259.76489257812,503.094940185547,1306.33056640625,1917.56713867188,487.740539550781,3845.86962890625,834.674743652344,4126.42431640625,1073.11889648438,542.672302246094,1179.54150390625,1004.13244628906,1376.79187011719,646.780334472656,7344.8583984375,323.064270019531,775.450561523438,594.281494140625,746.649597167969,426.044250488281,1173.93908691406,667.970275878906,NA,3362.3310546875,2490.01904296875,837.903869628906,799.653991699219,1655.236328125,332.381988525391,1055.31762695312,321.999603271484,1119.2001953125,1069.94006347656,2961.14404296875,2616.3857421875,3171.31811523438,936.204467773438,805.76513671875,836.918090820312,1581.41467285156,695.611450195312,1699.52673339844,2945.36010742188,963.720031738281,2035.92980957031,28986.7109375,1162.986328125,1940.8095703125,3760.58764648438,1134.39196777344,4280.79931640625,443.297332763672,687.967163085938,1941.66625976562,3399.15014648438,1373.64990234375,395.764526367188,1429.45166015625,432.750915527344,1035.73474121094,955.037536621094,3138.31567382812,1057.98620605469,706.9609375,962.078796386719,1081.54956054688,853.767272949219,3075.27319335938,1433.23364257812,563.945983886719,6202.66796875,293.870178222656,1238.69262695312,866.281860351562,2805.8115234375,1586.59106445312,1153.31005859375,1215.13830566406,5082.90869140625,628.830810546875,675.432189941406,541.555786132812,964.780395507812,635.629638671875,826.538452148438,415.091430664062,1823.81262207031,2476.56103515625,4654.44873046875,1120.36242675781,860.425231933594,549.225646972656,2429.74682617188,1161.27770996094,245.41943359375,2414.98828125,2571.39013671875,2919.24267578125,771.04541015625,279.157287597656,1107.84643554688,316.994537353516,1144.59875488281,1311.11499023438,1140.09155273438,4626.2568359375,3219.43969726562,NA,622.0556640625,287.249145507812,1836.19982910156,1400.99133300781,NA,685.914428710938,429.749938964844,360.281982421875,1748.431640625,2243.68994140625,2659.80126953125,2039.50720214844,1508.65832519531,928.834899902344,2585.02905273438,1669.5830078125,625.131530761719,1580.31958007812,4067.0400390625,909.86376953125,NA,1339.31066894531,1052.52478027344
2015-02-28,39.7443618774414,18797.939453125,112.963829040527,120.357124328613,NA,NA,NA,0.811906278133392,38.2730178833008,12,280.728393554688,11.359866142273,32.3362693786621,2.94109678268433,62.8552398681641,137.068588256836,2.1475396156311,6.60563707351685,NA,15.2192850112915,30.4314231872559,NA,NA,NA,25556.5546875,11.3755407333374,34.7981872558594,2.82217288017273,11.8756637573242,149.505172729492,11.9359903335571,1.90659856796265,818.787902832031,NA,39.2170486450195,11570.8779296875,9.95544528961182,905.030151367188,5.70784187316895,NA,64.7605743408203,71.364990234375,53.5920906066895,77.4212493896484,34.286937713623,59.9281120300293,NA,22.7917881011963,0.486738115549088,46.2492523193359,1173.56494140625,659.30029296875,534.525512695312,678.646057128906,14722.552734375,14138.240234375,1068.08276367188,1002.55816650391,1180.38879394531,53.4798049926758,1146.60070800781,1080.3671875,543.663696289062,3437.99340820312,943.891967773438,NA,1227.59655761719,2230.34448242188,507.342651367188,1431.84594726562,555.006958007812,1365.42138671875,2237.6064453125,533.012451171875,3989.20190429688,920.566528320312,4331.44482421875,1092.21948242188,625.339538574219,1253.79211425781,1074.31286621094,1556.1640625,739.337158203125,6920.5888671875,338.234558105469,874.614135742188,647.66015625,840.620056152344,479.177581787109,1350.21313476562,749.507507324219,NA,3253.04418945312,2588.87353515625,917.770568847656,874.040649414062,1767.02819824219,400.691040039062,1166.93786621094,365.330139160156,1154.05261230469,1106.66638183594,2902.04296875,2875.73193359375,3658.416015625,1161.86608886719,810.913879394531,853.500366210938,1701.47619628906,629.500732421875,1946.3408203125,2980.5859375,1002.02935791016,2386.14208984375,30264.599609375,1105.41979980469,1940.3291015625,4117.76953125,1068.56616210938,4420.43505859375,503.7197265625,811.028137207031,2125.37353515625,3691.91723632812,1427.33447265625,451.725738525391,1700.58410644531,501.295349121094,1197.71752929688,1038.89587402344,3399.91772460938,1117.95727539062,721.019897460938,1012.28430175781,1069.38024902344,801.854248046875,2906.71166992188,1580.33654785156,599.798095703125,7383.4345703125,326.979522705078,1325.23498535156,924.755859375,2892.81079101562,1924.7802734375,1169.1396484375,1195.65002441406,4566.4189453125,764.763549804688,816.567260742188,589.149291992188,1118.91442871094,630.173278808594,813.110717773438,416.775421142578,1928.56677246094,2777.26879882812,4638.08837890625,1230.52136230469,907.410827636719,614.432373046875,2643.2021484375,1095.85363769531,298.148223876953,2938.41625976562,2702.39306640625,2906.71362304688,958.78125,298.862518310547,1330.826171875,327.58984375,1277.22229003906,1420.37463378906,1222.130859375,4904.3984375,2954.498046875,NA,707.790832519531,306.020751953125,2100.57299804688,1451.09069824219,NA,715.262817382812,465.999908447266,402.065124511719,1928.52563476562,2685.30517578125,2917.39916992188,2312.51220703125,1755.10131835938,1010.34222412109,2875.04516601562,1677.92358398438,704.054382324219,1553.65087890625,4516.08203125,934.635070800781,NA,1470.51208496094,1072.83056640625
2015-03-31,40.2028503417969,19206.990234375,109.210914611816,130.36474609375,NA,NA,NA,0.773012578487396,40.9139823913574,9.80000019073486,251.349792480469,11.8184480667114,38.1721115112305,2.97227478027344,66.1026458740234,145.491790771484,2.15716934204102,6.66236591339111,NA,15.1731061935425,32.8835678100586,NA,NA,NA,25753.146484375,11.3211126327515,34.9224624633789,2.92917442321777,13.0613765716553,145.454498291016,12.7721853256226,1.90164637565613,858.996154785156,NA,36.8462409973145,13061.6044921875,9.64433860778809,872.594482421875,5.44147634506226,NA,65.6178894042969,75.9216766357422,53.5287284851074,76.7617111206055,34.286937713623,54.0183181762695,NA,22.2400283813477,0.48080238699913,46.7689056396484,1238.12646484375,615.951782226562,517.241088867188,687.935852050781,15830.5,14188.5927734375,1109.10656738281,1400.568359375,1141.20361328125,53.9574089050293,1162.49060058594,1140.69226074219,557.151062011719,3266.77490234375,932.674743652344,NA,1208.56823730469,2096.69018554688,511.612670898438,1395.86645507812,548.466186523438,1314.81567382812,2254.51293945312,551.312255859375,3965.5625,914.696350097656,4360.97412109375,1127.64221191406,713.922668457031,1385.24328613281,1060.4267578125,1759.96081542969,762.209106445312,7195.35009765625,326.596038818359,887.088256835938,635.245666503906,837.019470214844,461.908355712891,1523.15356445312,723.521606445312,NA,3417.68334960938,2827.85717773438,989.49072265625,931.621826171875,1697.05480957031,420.565246582031,1239.0556640625,358.370574951172,1207.10559082031,1140.83081054688,3043.724609375,2778.70727539062,4264.4169921875,1181.21142578125,778.591064453125,871.05810546875,1740.64904785156,689.981140136719,1873.96008300781,3350.54321289062,1091.95678710938,2387.20971679688,32693.451171875,1140.40808105469,1919.89672851562,4034.62939453125,1231.9521484375,4957.49658203125,513.831420898438,785.901428222656,1988.70849609375,3893.37255859375,1489.31494140625,412.291595458984,1722.25390625,490.512023925781,1318.78161621094,977.182373046875,3693.23266601562,1210.16711425781,704.455932617188,1044.98425292969,1218.45446777344,856.381652832031,2883.10424804688,1559.30859375,620.146606445312,7588.52978515625,316.857238769531,1403.90979003906,892.186340332031,3024.04711914062,2047.01171875,1200.67138671875,1205.20324707031,4640.6484375,790.86083984375,807.102905273438,566.702392578125,1210.24499511719,698.248901367188,829.327209472656,446.613159179688,1982.65185546875,2592.45068359375,5022.3623046875,1143.0888671875,850.771118164062,612.430725097656,2673.228515625,1073.60998535156,324.051910400391,2858.99951171875,2559.36962890625,2914.826171875,940.814270019531,270.035888671875,1490.45715332031,332.346893310547,1229.72143554688,1547.65356445312,1325.31396484375,6766.73095703125,3087.04541015625,NA,691.120178222656,307.946716308594,1893.63159179688,1337.95874023438,NA,685.384704589844,493.628631591797,406.008087158203,1973.88500976562,2806.39306640625,3007.45581054688,2296.740234375,1964.58837890625,1031.80322265625,2712.6318359375,1616.24084472656,694.67724609375,1637.83544921875,4669.5419921875,1041.91772460938,NA,1559.63635253906,1100.74768066406
2015-04-30,43.1870956420898,19520.009765625,110.336776733398,142.497863769531,NA,NA,NA,0.841076672077179,43.4291801452637,15.3000001907349,234.434875488281,12.4189310073853,45.1081352233887,3.50229620933533,66.3912963867188,227.120330810547,2.56645321846008,6.8449444770813,NA,16.4863147735596,39.3050384521484,NA,NA,NA,26834.384765625,13.0083913803101,41.0742874145508,2.96261215209961,16.081241607666,136.24853515625,15.8135032653809,2.16906547546387,855.3408203125,NA,41.4495544433594,13239.072265625,9.08434391021729,878.313415527344,6.31667804718018,NA,65.2881622314453,80.5591888427734,55.2391204833984,82.859001159668,35.2406463623047,58.3864288330078,NA,23.3859901428223,0.575775623321533,52.9102783203125,1234.43395996094,703.710571289062,595.275939941406,684.676635742188,15511.962890625,14432.724609375,1071.01293945312,1610.158203125,1300.05212402344,58.9687194824219,1252.39001464844,1231.80212402344,596.281616210938,3512.48510742188,1060.59020996094,NA,1261.65539550781,1650.93762207031,515.783935546875,1512.24365234375,571.772521972656,1231.90686035156,2498.0283203125,602.916381835938,4070.00732421875,947.154357910156,4201.2001953125,1234.6044921875,691.348388671875,1418.6884765625,1153.45361328125,1568.96765136719,778.606689453125,7247.21923828125,304.665374755859,933.402221679688,723.424255371094,923.618713378906,493.631286621094,1563.22448730469,705.262268066406,NA,3563.162109375,2851.15625,998.462219238281,958.341613769531,1739.07666015625,416.32568359375,1354.55419921875,405.284149169922,1280.0712890625,1289.59692382812,3071.2509765625,3053.98413085938,4309.09228515625,1297.33850097656,836.783264160156,836.918090820312,1966.03063964844,726.575744628906,1939.00659179688,2990.38745117188,1146.31298828125,2418.04638671875,32998.99609375,1152.96813964844,2153.7841796875,3980.8212890625,1244.34423828125,4750.10791015625,520.449890136719,762.460205078125,1952.47021484375,4179.22021484375,1415.13317871094,443.458801269531,1843.21166992188,537.187438964844,1254.56311035156,1113.19885253906,3908.15380859375,1294.05712890625,769.60791015625,1015.72943115234,1200.20056152344,901.572265625,2907.30493164062,1537.59436035156,737.877685546875,8595.36328125,358.332458496094,1345.6904296875,924.9873046875,2769.31079101562,2025.75415039062,1294.43811035156,1212.08154296875,4549.978515625,791.995483398438,828.799255371094,583.412963867188,1268.76416015625,628.698547363281,857.740112304688,485.596496582031,2008.28833007812,2731.47192382812,5113.37841796875,1140.2265625,838.183532714844,647.389709472656,2712.35327148438,1187.78393554688,303.57470703125,2934.80615234375,2619.6787109375,3005.40502929688,961.567626953125,259.167572021484,1629.60070800781,363.051666259766,1092.3359375,1683.03125,1485.16369628906,6367.94287109375,3301.65283203125,NA,674.211303710938,342.097595214844,1933.58728027344,1436.86694335938,NA,729.222290039062,528.039916992188,429.231506347656,2001.1845703125,2870.49853515625,2816.53857421875,2292.689453125,1761.65283203125,1097.61633300781,2726.5146484375,1640.07666015625,778.164611816406,1595.55212402344,4755.6962890625,995.716613769531,NA,1470.18505859375,1191.69738769531
2015-05-31,42.0770530700684,20563.150390625,109.586196899414,138.227264404297,NA,NA,NA,0.875108599662781,43.0851135253906,15.3999996185303,246.008255004883,11.9537363052368,52.1398468017578,3.50749230384827,71.5149765014648,230.167098999023,2.47978210449219,6.53730392456055,NA,15.5775136947632,40.2576789855957,NA,NA,NA,26375.681640625,12.6818227767944,39.2722396850586,2.76198410987854,15.9407577514648,129.251983642578,15.9146556854248,2.08487796783447,869.962036132812,NA,36.7573356628418,11641.865234375,8.64879322052002,926.923156738281,5.82834053039551,NA,63.9692077636719,80.9404907226562,55.7458953857422,84.3351669311523,49.8215713500977,54.1171417236328,NA,22.8620338439941,0.534224808216095,49.3671760559082,1270.76708984375,745.707275390625,640.69189453125,710.332092285156,16192.4765625,15654.9033203125,1090.05993652344,1673.55041503906,1406.19885253906,63.2360076904297,1205.89050292969,1292.87683105469,641.51220703125,3485.33984375,1203.91333007812,NA,1248.7724609375,1987.87866210938,609.485534667969,1815.75061035156,593.888000488281,1272.60766601562,2693.1953125,678.371276855469,3992.66650390625,998.596252441406,4160.01123046875,1345.908203125,607.501037597656,1413.75378417969,1259.24487304688,1550.00390625,874.165710449219,8532.2919921875,319.285858154297,1075.90637207031,734.2216796875,964.6396484375,483.145568847656,1863.98596191406,645.006774902344,NA,3673.15747070312,2857.14794921875,1016.68463134766,985.06103515625,1884.53918457031,471.440124511719,1438.62451171875,448.194152832031,1341.88684082031,1436.63354492188,3150.99755859375,3275.93505859375,4473.9833984375,1381.28601074219,934.201599121094,964.69921875,2192.88037109375,753.726379394531,2118.03930664062,3165.00805664062,1153.560546875,2380.35766601562,34339.74609375,1190.64782714844,2183.83154296875,4012.36279296875,1201.08911132812,4674.09326171875,599.269409179688,859.926696777344,2054.99853515625,4312.46484375,1371.60803222656,492.593841552734,1980.85266113281,572.055297851562,1355.39221191406,1127.94348144531,3824.85473632812,1438.95837402344,765.536193847656,993.495666503906,1340.14794921875,1031.16870117188,3393.84228515625,1699.4248046875,810.551025390625,8921.6474609375,376.704925537109,1688.5380859375,933.734130859375,2751.71557617188,1974.0595703125,1514.75158691406,1367.60363769531,4945.62890625,858.940673828125,791.192443847656,592.131469726562,1361.296875,636.934692382812,852.798645019531,584.749816894531,1964.90393066406,3039.53881835938,5196.11962890625,1210.35034179688,817.821411132812,639.167846679688,2852.47436523438,1406.02490234375,342.993347167969,3155.0068359375,2559.36962890625,3100.51293945312,999.615112304688,263.347686767578,1798.62170410156,379.26904296875,1140.54125976562,1759.91259765625,1327.00561523438,6184.0068359375,3528.64208984375,NA,741.8466796875,361.675476074219,2166.54516601562,1467.43908691406,NA,802.565979003906,553.477355957031,484.486999511719,2309.34350585938,2891.86669921875,2906.86547851562,2402.05810546875,2066.05590820312,1160.77880859375,2965.61572265625,1746.18591308594,772.651184082031,1984.73205566406,4988.3115234375,1035.54516601562,NA,1549.89404296875,1252.04699707031
2015-06-30,40.652515411377,20235.73046875,108.811637878418,137.339462280273,NA,NA,NA,0.816187560558319,42.831916809082,16.2999992370605,250.459564208984,12.1833934783936,44.534122467041,3.36618137359619,69.9995269775391,211.037948608398,2.53923535346985,6.52448558807373,NA,15.5303907394409,36.9411010742188,NA,NA,NA,24180.4375,13.2261047363281,40.0709991455078,2.81548500061035,15.8283624649048,121.516555786133,15.7935886383057,2.06506896018982,871.152099609375,NA,36.6091651916504,11712.8515625,8.11991024017334,947.892150878906,5.5639066696167,NA,64.8924789428711,76.1910858154297,52.9586067199707,80.6126174926758,47.2586135864258,48.5137062072754,NA,21.7082538604736,0.498609870672226,43.7454605102539,1211.54125976562,668.375366210938,611.898315429688,674.230529785156,15953.3681640625,16954.904296875,1245.57006835938,1622.04418945312,1353.86950683594,64.6803131103516,1157.8408203125,1280.31018066406,619.644958496094,3373.951171875,1158.76684570312,NA,1312.29943847656,1937.85009765625,575.264892578125,1752.27209472656,565.648132324219,1272.77526855469,2618.0185546875,654.520629882812,3907.3916015625,933.463745117188,4441.99267578125,1248.8134765625,596.518981933594,1441.99060058594,1178.98291015625,1512.26965332031,862.404418945312,7877.68505859375,273.919281005859,1066.76245117188,667.637817382812,927.200073242188,466.089294433594,1967.61743164062,670.341674804688,NA,3254,2699.20166015625,960.755187988281,952.99755859375,1764.93664550781,418.869445800781,1321.16137695312,494.081268310547,1234.48510742188,1502.79992675781,3200.11059570312,3173.60717773438,4074.34619140625,1273.90319824219,891.203857421875,853.500366210938,2094.505859375,698.834777832031,1966.26403808594,2763.92553710938,1157.18420410156,2258.29907226562,33623.76171875,1164.03308105469,2203.06201171875,4101.423828125,1239.90173339844,4734.55078125,563.7705078125,810.576538085938,2011.68994140625,3865.46337890625,1321.27038574219,461.979461669922,1948.52795410156,576.917419433594,1272.96850585938,1025.83837890625,3656.41577148438,1347.78857421875,694.276062011719,989.984985351562,1443.58715820312,1012.49499511719,3256.5859375,1590.85534667969,818.176147460938,9303.8740234375,362.102874755859,1758.82080078125,857.198669433594,2599.35327148438,1910.76965332031,1446.14172363281,1302.66052246094,4698.34814453125,902.057922363281,831.692077636719,648.801574707031,1334.96362304688,700.079284667969,852.798645019531,580.512451171875,1906.13818359375,3222.56982421875,4724.49609375,1150.24426269531,744.517333984375,593.785766601562,2770.58544921875,1365.97045898438,350.672271728516,3025.052734375,2649.83374023438,3008.12255859375,980.014892578125,241.611038208008,2026.5439453125,375.602081298828,1186.81860351562,1711.44409179688,1364.19616699219,6513.82275390625,3524.51489257812,NA,642.580932617188,353.726623535156,1938.22546386719,1474.63195800781,NA,869.16552734375,544.432739257812,474.877410888672,2570.77026367188,2648.595703125,3243.53564453125,2134.71264648438,1664.5029296875,1117.05090332031,2874.60302734375,1648.53466796875,734.845642089844,1743.9755859375,4583.388671875,1011.64813232422,NA,1388.70495605469,1337.89660644531
2015-07-31,38.1223449707031,20585.240234375,108.037162780762,128.461669921875,NA,NA,NA,0.740614414215088,42.6209182739258,11.5,208.855880737305,12.0577373504639,32.8146133422852,2.9180862903595,65.4531631469727,162.135116577148,2.13618183135986,6.59498643875122,NA,14.9447183609009,31.5753326416016,NA,NA,NA,24114.91015625,12.4641094207764,37.5910339355469,2.80553650856018,14.0113801956177,119.593780517578,14.0115690231323,1.83476495742798,837.211181640625,NA,35.4830284118652,11251.4365234375,7.32056713104248,1056.07275390625,4.94640922546387,NA,67.9911270141602,76.9937896728516,46.2437553405762,76.4407958984375,47.5543365478516,41.0325775146484,NA,23.3748321533203,0.445187360048294,40.8164978027344,1218.92626953125,682.181030273438,625.947326660156,672.224914550781,15093.638671875,18727.904296875,1329.59057617188,1728.22595214844,1374.95007324219,69.4946823120117,1212.09057617188,1298.15515136719,616.767700195312,3220.44091796875,1089.97143554688,NA,1399.59338378906,1711.22155761719,506.900512695312,1771.44750976562,548.295837402344,1242.29150390625,2889.9970703125,734.022888183594,4124.87451171875,937.705017089844,4750.67822265625,1052.65026855469,567.05908203125,1569.19311523438,1189.42651367188,1522.71923828125,883.664916992188,7172.099609375,233.282913208008,1038.38024902344,712.626892089844,918.409729003906,457.926391601562,1694.95178222656,730.368835449219,NA,3362.1669921875,2692.08520507812,989.210510253906,1056.31311035156,1648.5673828125,460.417205810547,1144.77099609375,517.794677734375,1388.60192871094,1640.32250976562,3650.59350585938,3531.0341796875,3359.548828125,1296.2890625,931.183837890625,782.294067382812,2266.66137695312,811.273864746094,1815.7275390625,2616.58935546875,1229.65930175781,2359.80029296875,28693.984375,1243.13024902344,2669.39428710938,4029.98901367188,1333.66015625,5231.8740234375,522.856567382812,776.031372070312,2287.45727539062,3915.43115234375,1413.24084472656,471.447113037109,2001.35974121094,612.201965332031,1279.37023925781,995.612609863281,3846.48510742188,1296.89135742188,690.203857421875,1111.68518066406,1504.43383789062,1256.37512207031,3312.2109375,1739.98510742188,826.435668945312,10375.962890625,362.719879150391,1641.68286132812,813.464050292969,2677.73388671875,1928.162109375,1409.93127441406,1474.95788574219,4063.65844726562,980.349670410156,890.995239257812,693.847290039062,1382.14440917969,794.338195800781,813.185424804688,556.783386230469,1955.83264160156,3664.31005859375,4501.095703125,1229.3125,697.647033691406,623.889465332031,2671.40869140625,1575.97583007812,406.984619140625,3277.74169921875,2747.8359375,3577.86328125,921.214172363281,231.578750610352,2259.58764648438,348.297668457031,1409.04577636719,1803.36743164062,1719.51794433594,6417.89013671875,3862.93383789062,NA,676.426208496094,335.767913818359,1659.24621582031,1640.07873535156,NA,917.218627929688,572.343505859375,450.853149414062,2776.67236328125,2619.76708984375,3619.2109375,2078.00317382812,1407.59521484375,1216.43249511719,2575.34204101562,1587.79125976562,778.952270507812,1676.66723632812,4191.38720703125,974.607299804688,NA,1302.79663085938,1184.89709472656
2015-08-31,34.0562973022461,18890.48046875,99.9053344726562,117.009330749512,NA,NA,NA,0.68015593290329,36.3020439147949,8.30000019073486,157.900054931641,10.6117677688599,30.2793750762939,2.50277781486511,66.7521286010742,143.008041381836,1.78351032733917,5.82740831375122,NA,13.2720518112183,26.8673534393311,NA,NA,NA,23459.607421875,11.9045248031616,36.481575012207,2.56545352935791,12.1007375717163,125.361961364746,12.900426864624,1.64080440998077,776.871520996094,NA,33.1616172790527,9760.7099609375,6.99520778656006,1056.07275390625,4.14237689971924,NA,68.5461502075195,69.1004409790039,45.1547698974609,63.026741027832,48.3621826171875,39.925724029541,NA,23.9730854034424,0.403636574745178,37.4151229858398,1062.22204589844,610.545349121094,556.467163085938,569.769775390625,13618.0849609375,15086.0498046875,1336.96069335938,1981.79370117188,1231.10607910156,67.5397567749023,1156.29064941406,1225.51879882812,519.056335449219,3305.62060546875,1043.033203125,NA,1340.73095703125,1595.40600585938,447.574066162109,1644.49084472656,537.067993164062,1117.67712402344,2599.40649414062,675.769470214844,3941.10546875,901.063720703125,4299.41748046875,955.949951171875,524.78662109375,1461.15087890625,1049.98327636719,1294.76599121094,865.344665527344,6472.77587890625,209.632125854492,955.490661621094,689.232604980469,838.321655273438,441.467559814453,1616.65209960938,756.616577148438,NA,2923.38891601562,2512.47680664062,941.971740722656,1040.28112792969,1447.07568359375,416.32568359375,1050.87927246094,454.148193359375,1408.21911621094,1587.54211425781,3390.30541992188,3229.81518554688,3202.78100585938,1143.08483886719,890.018432617188,677.923156738281,2188.4755859375,828.685852050781,1546.869140625,2499.26489257812,1189.79797363281,2234.74340820312,26874.39453125,1196.927734375,2285.03051757812,3689.51904296875,1249.25415039062,4617.28857421875,454.265502929688,689.421875,2354.63134765625,3692.15380859375,1362.52478027344,424.178009033203,1742.06579589844,532.117065429688,1191.34484863281,900.880310058594,3572.65625,1275.08325195312,649.483947753906,1036.79272460938,1448.15051269531,1130.513671875,3085.01611328125,1555.62109375,821.091247558594,9020.9482421875,321.450256347656,1428.73596191406,747.862182617188,2652.53979492188,1675.48645019531,1270.80578613281,1376.83312988281,3099.26098632812,857.806030273438,986.458923339844,762.868774414062,1195.61511230469,714.721374511719,882.858764648438,509.325469970703,1942.8173828125,3367.76000976562,3797.7998046875,988.530090332031,717.046691894531,545.231811523438,2501.2890625,1406.39929199219,378.828430175781,3115.298828125,3098.3828125,3223.70043945312,843.197143554688,225.7265625,2311.5791015625,275.485961914062,1355.53759765625,1683.03125,1737.41174316406,6559.8046875,3561.6591796875,NA,562.408264160156,305.885864257812,1343.16540527344,1548.36376953125,NA,1000.67852783203,488.046478271484,387.589630126953,2354.68896484375,2598.14624023438,4054.41845703125,1952.43151855469,1256.47302246094,1102.91662597656,2377.11962890625,1353.27478027344,697.040161132812,1253.8330078125,3928.61938476562,944.337341308594,NA,1231.05847167969,1212.09704589844
2015-09-30,33.6116905212402,17388.150390625,100.679809570312,114.789886474609,NA,NA,NA,0.656508326530457,33.9299278259277,8.89999961853027,153.181945800781,9.68562698364258,39.0809669494629,2.43720293045044,67.5601272583008,138.769607543945,1.67770910263062,5.73604869842529,NA,12.7036399841309,27.3177433013916,NA,NA,NA,23099.193359375,10.2949848175049,33.4795150756836,2.46942090988159,14.404748916626,118.440170288086,13.0681486129761,1.53596043586731,765.557922363281,NA,34.3766555786133,9086.333984375,7.02774477005005,1013.30053710938,3.49617266654968,NA,68.5461502075195,67.483154296875,47.4393920898438,64.5029602050781,48.3621826171875,34.6088829040527,NA,24.581148147583,0.385829031467438,42.4227066040039,1044.09252929688,561.474365234375,504.291900634766,507.054229736328,12847.705078125,14848.7265625,1080.47631835938,1591.88439941406,1137.07507324219,61.6628913879395,1109.79150390625,1129.673828125,455.029174804688,2572.05151367188,917.993530273438,NA,1186.96789550781,1433.994140625,415.8271484375,1497.77233886719,465.883026123047,1033.47375488281,2218.45629882812,601.176879882812,3518.96826171875,838.8896484375,3559.56884765625,867.335876464844,455.109588623047,1503.68737792969,985.03759765625,1294.01696777344,729.739318847656,6017.5947265625,186.095703125,830.026123046875,660.439636230469,765.254028320312,393.864196777344,1424.75329589844,773.410583496094,NA,2965.43383789062,2341.00244140625,918.657531738281,1075.86328125,1278.88830566406,384.952850341797,953.150817871094,388.756652832031,1266.68286132812,1617.18322753906,3121.81860351562,2916.43603515625,3019.24487304688,1086.70922851562,792.409118652344,615.495727539062,2189.47265625,820.912170410156,1541.69763183594,2302.93383789062,1226.41149902344,2092.03564453125,23857.998046875,1157.30432128906,1967.73217773438,3578.2138671875,1182.07067871094,4493.3740234375,404.928070068359,627.369140625,2292.2919921875,3422.62475585938,1181.10827636719,424.869079589844,1542.34912109375,495.996856689453,1102.08801269531,790.516723632812,3328.60522460938,1312.01672363281,569.686706542969,869.454956054688,1308.59753417969,991.206726074219,3146.2783203125,1351.22180175781,770.076599121094,8740.501953125,300.657073974609,1245.68591308594,632.500366210938,2330.00659179688,1472.57287597656,1174.10034179688,1209.55822753906,2545.9912109375,798.210205078125,919.856079101562,743.336059570312,1027.37316894531,600.329467773438,853.426513671875,420.134765625,1788.55883789062,3103.67358398438,3440.65258789062,865.99951171875,629.176635742188,509.142120361328,2489.404296875,1325.74365234375,405.414947509766,3043.10180664062,2951.72436523438,3028.95532226562,856.951843261719,221.070297241211,2085.22216796875,269.714294433594,1141.02331542969,1621.2548828125,1515.01611328125,5625.169921875,3479.11743164062,NA,573.93017578125,272.401824951172,1127.88049316406,1580.70910644531,NA,867.363464355469,443.931060791016,357.073181152344,2415.75244140625,2511.66162109375,3599.39721679688,1769.16943359375,1256.47302246094,1019.43609619141,2116.02905273438,1250.54345703125,671.869079589844,1096.32629394531,3116.5029296875,973.140014648438,NA,1081.83117675781,1066.18005371094
2015-10-31,36.8532180786133,19083.099609375,105.713798522949,130.148468017578,NA,NA,NA,0.697862982749939,38.6318168640137,8.5,160.10188293457,10.3189868927002,46.3040084838867,2.7049674987793,68.3493804931641,159.961776733398,1.84900665283203,5.89266395568848,NA,13.9226408004761,31.0930805206299,NA,NA,NA,23688.962890625,10.8416204452515,34.3931846618652,2.73008179664612,17.0084667205811,127.669273376465,14.2212181091309,1.66701507568359,791.956481933594,NA,37.8834686279297,9902.68359375,7.74353313446045,1052.03430175781,3.94540166854858,NA,69.1705627441406,71.7261276245117,50.7991180419922,66.6851196289062,48.3621826171875,39.5600662231445,NA,24.4522304534912,0.415508180856705,44.8320121765137,1118.68151855469,674.117858886719,556.523010253906,593.124328613281,15354.4560546875,13590.15234375,1152.70495605469,1545.85778808594,1224.77502441406,66.2086639404297,1208.99047851562,1193.25280761719,515.358154296875,3191.93701171875,1112.54260253906,NA,1311.13879394531,1865.67419433594,479.638336181641,1681.88610839844,535.392028808594,1222.591796875,2528.259765625,692.514953613281,3984.62548828125,958.595642089844,4586.490234375,1010.56591796875,504.877746582031,1522.193359375,1107.48266601562,1432.36389160156,820.928283691406,7066.796875,211.096908569336,919.369018554688,674.836059570312,883.828430175781,473.87841796875,1608.75708007812,828.490356445312,NA,3216.98608398438,2467.06665039062,931.890014648438,1083.02392578125,1460.96130371094,436.675567626953,1136.49462890625,434.233032226562,1379.25158691406,1568.36267089844,3315.29272460938,3355.859375,3553.36279296875,1263.68981933594,863.383911132812,762.785461425781,2374.06420898438,884.629211425781,1756.76037597656,3060.47778320312,1332.29833984375,2239.35009765625,28697.361328125,1120.52185058594,2204.98486328125,4131.92919921875,1272.31213378906,5188.62744140625,467.502349853516,695.024169921875,2447.595703125,3614.92749023438,1349.29174804688,451.007354736328,1649.19213867188,539.166687011719,1110.767578125,858.90185546875,3768.7666015625,1424.22412109375,656.378356933594,960.730102539062,1527.7685546875,1163.7529296875,3473.173828125,1562.31164550781,820.11962890625,8871.375,332.125305175781,1367.89404296875,718.750610351562,2425.98095703125,1630.5556640625,1282.76330566406,1329.70263671875,2862.15966796875,902.524475097656,1012.85900878906,776.924926757812,1171.84191894531,698.248901367188,879.927917480469,533.707763671875,1888.05480957031,3538.87670898438,4093.62255859375,1030.140625,559.143249511719,550.418579101562,2888.91552734375,1407.42626953125,419.306060791016,3418.525390625,2997.25268554688,3281.67041015625,992.074462890625,230.351852416992,2094.65454101562,294.354858398438,1136.20288085938,1838.88452148438,1705.88452148438,6087.6640625,3780.39282226562,NA,658.183288574219,296.718048095703,1383.05200195312,1779.42700195312,NA,900.397705078125,543.32080078125,427.67626953125,2685.61450195312,2511.66162109375,3949.45385742188,2223.74731445312,1554.39978027344,1111.30883789062,2364.0986328125,1473.71520996094,705.224365234375,1170.22619628906,3507.69555664062,1057.56762695312,NA,1291.59216308594,1161.939453125
2015-11-30,35.8912734985352,19747.470703125,107.649948120117,136.984375,NA,NA,NA,0.692693769931793,39.224853515625,7.5,163.876358032227,9.85890483856201,40.0854949951172,2.56288814544678,66.2973175048828,158.549011230469,1.73312902450562,5.65774011611938,NA,13.4120206832886,30.2382831573486,NA,NA,NA,23099.193359375,10.3860902786255,33.936351776123,2.62718939781189,16.5214424133301,120.721580505371,12.7327060699463,1.55692934989929,807.041381835938,NA,35.6608390808105,11606.37109375,7.71099805831909,1095.07202148438,3.58732080459595,NA,69.2399597167969,68.4933929443359,46.1626930236816,62.6859092712402,48.3621826171875,35.9825630187988,NA,27.0306701660156,0.391764909029007,45.8240776062012,1146.83935546875,615.423034667969,556.100708007812,613.122985839844,16112.7607421875,15243.75390625,1267.68041992188,1500.22766113281,1183.697265625,67.3746185302734,1191.9404296875,1154.59704589844,482.631408691406,3069.83813476562,1096.48205566406,NA,1360.98522949219,2094.02978515625,492.134887695312,1669.791015625,524.791687011719,1176.79113769531,2647.73779296875,736.804504394531,4020.23852539062,948.6396484375,4550.9208984375,1084.56774902344,545.604858398438,1524.67944335938,1148.75402832031,1357.66052246094,793.502868652344,7796.9150390625,243.054962158203,911.443603515625,741.419860839844,868.550048828125,460.115325927734,1770.51306152344,901.929870605469,1299.748046875,3147.98901367188,2518.57690429688,873.89306640625,1074.0732421875,1485.77270507812,429.892303466797,1106.79528808594,437.312713623047,1417.3427734375,1665.13195800781,3343.16625976562,3370.36206054688,3613.53295898438,1260.14318847656,819.024658203125,793.999206542969,2547.14208984375,812.317810058594,1757.82678222656,3267.08081054688,1247.85693359375,2224.31762695312,29869.431640625,1154.31384277344,2287.91528320312,4091.91235351562,1326.59790039062,5248.50634765625,532.4833984375,720.987487792969,2556.7529296875,3378.38671875,1325.21105957031,421.014892578125,1657.30224609375,514.236633300781,1151.94470214844,908.704040527344,3917.34423828125,1464.32312011719,660.506408691406,1149.13146972656,1660.92395019531,1030.79516601562,3737.62841796875,1696.56628417969,948.87060546875,9479.0009765625,348.382659912109,1450.41528320312,709.904296875,2371.54077148438,1499.62817382812,1350.19604492188,1337.81506347656,2679.1142578125,886.900390625,982.342529296875,830.228942871094,1261.81494140625,742.175415039062,926.719299316406,595.19091796875,1804.74670410156,3225.64672851562,4093.62255859375,1003.68957519531,630.749450683594,526.737670898438,2994.05053710938,1278.69128417969,439.885467529297,3624.28662109375,2879.63940429688,3138.55541992188,1029.67407226562,213.476257324219,2277.28271484375,295.90869140625,1305.40417480469,1822.013671875,1848.18359375,6398.93115234375,3474.98999023438,NA,721.313232421875,304.027862548828,1401.81994628906,1728.84423828125,NA,874.986694335938,576.403015136719,492.598724365234,2736.24267578125,2608.95678710938,4056.52905273438,2322.03466796875,1994.81274414062,1062.72216796875,2172.373046875,1512.86755371094,674.251770019531,1174.57336425781,3933.66015625,1019.59558105469,NA,1450.47509765625,1256.84399414062
2015-12-31,34.9447555541992,19033.7109375,110.747779846191,135.38639831543,NA,NA,NA,0.558290600776672,39.4790115356445,7.19999980926514,157.271011352539,9.97243118286133,40.8030128479004,2.55742359161377,63.7717132568359,155.801864624023,1.74320495128632,5.74257373809814,NA,13.5641956329346,30.6300563812256,NA,NA,NA,22369.751953125,10.2646150588989,29.3679962158203,2.56380414962769,16.6900253295898,119.950202941895,12.7886142730713,1.66177296638489,822.126281738281,NA,33.1813735961914,12868.5205078125,7.87367534637451,1101.28845214844,3.30736660957336,NA,68.7542877197266,70.4465103149414,51.0678977966309,61.5676803588867,58.880054473877,34.9448890686035,NA,27.1595935821533,0.356149882078171,40.7692604064941,1121.52722167969,581.523559570312,532.941650390625,583.5048828125,16199.6982421875,13057.326171875,1257.578125,1329.61206054688,1160.76403808594,71.3742980957031,1103.59143066406,1198.33923339844,472.382446289062,2882.93359375,1052.68139648438,NA,1403.71069335938,1870.27172851562,416.529968261719,1636.19372558594,502.375183105469,1118.31481933594,2723.3095703125,729.108215332031,4075.3388671875,932.110534667969,4542.71240234375,1020.51208496094,532.702087402344,1532.96569824219,1137.99621582031,1423.63220214844,815.900207519531,8023.16064453125,220.010391235352,963.320129394531,692.831726074219,824.043273925781,421.727447509766,1628.6865234375,867.505004882812,1271.12219238281,3050.43676757812,2541.89916992188,860.379333496094,1052.591796875,1453.66381835938,418.869445800781,982.454040527344,417.808135986328,1444.06359863281,1628.51684570312,3580.47436523438,3321.05419921875,3475.05834960938,1216.87353515625,801.28076171875,751.080322265625,2602.111328125,759.8623046875,1717.65795898438,3167.9111328125,1251.8779296875,2167.6259765625,29091.103515625,1143.82507324219,2124.21801757812,4020.25512695312,1353.38842773438,5237.857421875,470.510772705078,711.251342773438,2562.96508789062,3137.33129882812,1323.68200683594,414.287689208984,1625.56665039062,478.25,1141.24682617188,881.201232910156,3825.8759765625,1439.70080566406,608.904357910156,1123.38732910156,1684.494140625,1090.17822265625,3692.81811523438,1571.41784667969,964.0517578125,9563.138671875,354.732086181641,1558.11291503906,678.942565917969,2301.77856445312,1360.1220703125,1328.61767578125,1287.82019042969,2803.91845703125,877.709716796875,1052.0947265625,817.085571289062,1176.96240234375,773.2900390625,935.8291015625,562.741516113281,1730.91418457031,3482.45336914062,3783.88012695312,952.236755371094,616.368408203125,492.671264648438,3071.7587890625,1251.58923339844,404.385925292969,3640.03662109375,3035.19287109375,3170.25854492188,1002.2578125,219.382705688477,2112.65893554688,306.564117431641,1215.74182128906,1887.80847167969,1642.85314941406,6451.74169921875,3595.50073242188,NA,664.109008789062,289.109924316406,1385.93933105469,1734.26391601562,NA,838.564208984375,553.25244140625,469.875915527344,2358.83813476562,2540.48950195312,4138.8955078125,2092.69775390625,1938.68188476562,1064.48901367188,2315.58081054688,1486.24389648438,686.164367675781,912.011413574219,3533.7744140625,1010.70819091797,NA,1484.39379882812,1252.5693359375
2016-01-31,32.2166290283203,17518.30078125,110.747779846191,128.639251708984,NA,NA,NA,0.51693594455719,36.3020439147949,4,134.623962402344,8.4009838104248,33.6756401062012,2.20222616195679,61.4039497375488,133.667785644531,1.53160214424133,5.16831684112549,NA,12.5128126144409,24.8958301544189,NA,NA,NA,20615.263671875,9.44466018676758,23.7880783081055,2.45203065872192,15.4911918640137,107.608055114746,10.4265642166138,1.4416012763977,761.786682128906,NA,31.5514488220215,12356.7041015625,8.36171531677246,1090.29028320312,3.09251761436462,NA,71.4600524902344,64.8902359008789,47.9097518920898,55.1214981079102,48.011302947998,36.6545791625977,NA,25.1827850341797,0.296791553497314,36.9427108764648,1078.39147949219,488.735443115234,428.971923828125,494.818786621094,13504.580078125,11768.130859375,1084.06811523438,1321.67651367188,1003.0048828125,74.2080154418945,1173.34094238281,1080.33630371094,443.848480224609,2472.49487304688,1020.19567871094,NA,1338.732421875,1909.09716796875,364.434539794922,1382.86938476562,471.096130371094,1027.72766113281,2839.04028320312,720.686218261719,3879.13061523438,796.465454101562,4195.23828125,874.895202636719,436.501495361328,1467.22766113281,1009.29193115234,1479.1259765625,737.052734375,7220.0322265625,240.228729248047,845.156677246094,568.661865234375,789.168334960938,384.958709716797,1269.48571777344,867.505004882812,1087.09912109375,3168.82934570312,2311.57202148438,789.150329589844,1029.32019042969,1292.02392578125,385.80078125,882.268371582031,335.375732421875,1307.04833984375,1392.259765625,3329.99829101562,3187.63208007812,2606.29321289062,1196.302734375,791.11083984375,763.760864257812,2495.8876953125,806.094421386719,1511.48266601562,3112.81689453125,1159.39453125,2033.62512207031,24466.92578125,1155.26611328125,1947.54040527344,4114.2470703125,1333.17810058594,5355.09228515625,391.691162109375,677.298889160156,2454.69580078125,3013.6435546875,1261.37768554688,383.66455078125,1339.24133300781,457.756530761719,1001.56823730469,783.083557128906,3860.69873046875,1338.71752929688,528.405151367188,1085.94104003906,1592.05053710938,967.677795410156,3567.20190429688,1455.72583007812,944.079040527344,9020.9482421875,318.170379638672,1192.53662109375,521.923461914062,2216.2880859375,1190.95483398438,1204.9267578125,1324.5595703125,2113.33911132812,774.774108886719,982.342529296875,787.147521972656,992.993530273438,724.787963867188,842.660522460938,496.988616943359,1790.13793945312,3211.1259765625,3072.30981445312,871.072265625,579.591430664062,496.441833496094,2852.34716796875,1154.4736328125,388.951385498047,3706.48681640625,2826.5234375,3179.31616210938,924.317443847656,180.568832397461,2170.9638671875,251.955337524414,1315.04504394531,1754.53186035156,1480.71252441406,5753.1953125,3694.55029296875,NA,574.318786621094,266.285461425781,1159.28076171875,1681.87475585938,NA,785.201110839844,473.226348876953,427.67626953125,2089.283203125,2653.64331054688,4114.1845703125,1691.35852050781,1994.81274414062,984.100158691406,1967.34350585938,1356.25610351562,585.304504394531,803.335144042969,2681.84375,932.33984375,NA,1176.44653320312,1137.99951171875
2016-02-29,32.2331733703613,16026.759765625,115.39453125,125.975883483887,NA,NA,NA,0.485919684171677,33.6333999633789,10.8000001907349,148.463821411133,8.11417770385742,36.9284019470215,2.0983989238739,61.5617904663086,132.568908691406,1.46610593795776,5.26620197296143,NA,11.8626184463501,23.4355583190918,NA,NA,NA,20041.6796875,9.83945465087891,25.745943069458,2.60571885108948,16.8586120605469,103.751136779785,10.1749849319458,1.34199941158295,780.642822265625,NA,30.3759231567383,10930.9306640625,8.68707275390625,1110.85278320312,3.24877166748047,NA,72.5007400512695,63.2738800048828,51.0006980895996,57.1276969909668,48.011302947998,39.8960723876953,NA,25.5265808105469,0.326470732688904,38.860710144043,883.232666015625,462.390594482422,342.529937744141,403.263793945312,14105.91015625,9654.037109375,993.60546875,1255.01721191406,797.363708496094,70.9314956665039,1038.49194335938,1000.98974609375,420.904907226562,2617.60424804688,971.28466796875,NA,1280.875,1740.51208496094,313.979156494141,1116.10583496094,452.328857421875,957.58984375,2734.88232421875,684.237731933594,3609.00952148438,688.235778808594,3720.99389648438,910.304809570312,362.595489501953,1243.79309082031,818.973876953125,1499.69360351562,702.31396484375,6827.93310546875,224.358428955078,780.55126953125,514.674987792969,738.018249511719,381.450592041016,1257.43505859375,885.865112304688,979.411437988281,2888.92602539062,2187.76245117188,738.473449707031,1011.4189453125,1254.07702636719,377.321655273438,755.788696289062,280.865600585938,1203.00720214844,1302.98059082031,3306.77490234375,2876.119140625,2736.52612304688,1047.69567871094,611.4013671875,678.898559570312,2295.32470703125,666.509582519531,1386.35473632812,2864.89379882812,1033.40234375,1798.26586914062,23926.67578125,998.400512695312,1818.93811035156,3762.47485351562,1300.27758789062,4772.27001953125,354.387268066406,569.450378417969,2430.73413085938,2802.38159179688,1241.50146484375,276.799133300781,1159.05395507812,335.218627929688,1003.58642578125,606.917663574219,3732.55053710938,1313.71459960938,429.329193115234,964.24072265625,1480.01611328125,926.221862792969,2715.06958007812,1203.94897460938,825.216674804688,8135.18359375,306.378662109375,1044.802734375,466.634979248047,2101.36083984375,1040.20727539062,1043.47351074219,1162.36047363281,1672.36657714844,804.643798828125,941.653930664062,751.368103027344,814.510620117188,679.946166992188,747.669616699219,445.752777099609,1698.53845214844,2741.48876953125,2561.6533203125,818.894775390625,478.099151611328,441.009674072266,2530.41845703125,1120.21936035156,367.342987060547,3034.59399414062,2595.08959960938,2892.18115234375,802.51123046875,159.474365234375,1982.62121582031,331.648651123047,1296.24499511719,1607.75854492188,1443.8232421875,5567.5576171875,3334.669921875,NA,407.081420898438,255.395355224609,975.932373046875,1707.16589355469,NA,726.755676269531,406.704559326172,353.015594482422,2293.5478515625,1996.62084960938,3731.18286132812,1584.88073730469,1811.30725097656,857.77490234375,1897.6962890625,1228.61779785156,420.116882324219,721.610717773438,2593.173828125,900.831237792969,NA,1209.47302246094,931.945739746094
2016-03-31,35.8375930786133,16758.669921875,125.462524414062,140.624282836914,NA,NA,NA,0.480749875307083,37.2339553833008,11.3000001907349,155.383743286133,9.18969440460205,42.5728950500488,2.37162780761719,66.9287261962891,146.618591308594,1.62228906154633,5.7686767578125,NA,13.0523376464844,26.4273357391357,NA,NA,NA,21492.5078125,10.3253526687622,26.7575073242188,2.66859197616577,20.4176540374756,109.536499023438,11.3909502029419,1.46256995201111,825.8974609375,NA,34.781665802002,12173.912109375,8.65453720092773,1087.96154785156,3.35945057868958,NA,75.9696807861328,67.8198928833008,50.3287506103516,63.0988807678223,49.5818901062012,46.7743721008301,NA,26.3430862426758,0.373957365751266,43.263599395752,907.511901855469,562.33203125,373.341217041016,449.36669921875,14862.5771484375,11095.6708984375,1033.64611816406,1278.69006347656,859.862609863281,72.4074478149414,1080.14135742188,980.616394042969,449.634979248047,2529.58032226562,1029.63928222656,NA,1337.84240722656,1903.00817871094,331.167388916016,1154.2939453125,461.047027587891,993.554809570312,2856.70385742188,735.380859375,3508.642578125,740.916931152344,3943.68310546875,952.851806640625,369.150238037109,1325.974609375,896.705139160156,1549.79235839844,729.310363769531,7640.92529296875,228.491134643555,775.282470703125,520.267883300781,759.152709960938,391.409332275391,1267.70495605469,930.54443359375,1040.60632324219,3073.0927734375,2320.56396484375,795.118591308594,1018.61767578125,1419.06591796875,413.821136474609,830.865478515625,279.736358642578,1274.33178710938,1431.51745605469,3390.54345703125,2835.08764648438,2916.9267578125,1155.69018554688,655.196594238281,706.210571289062,2377.06762695312,739.27392578125,1547.39001464844,2693.404296875,1026.78649902344,1803.3212890625,24025.478515625,1055.90783691406,1860.28015136719,3716.35473632812,1193.58557128906,5026.8359375,379.584106445312,642.41064453125,2967.06884765625,2983.90161132812,1155.67565917969,287.353942871094,1185.02294921875,356.228179931641,1010.59857177734,640.954772949219,3884.37817382812,1356.93371582031,451.922973632812,1028.03771972656,1621.43676757812,744.488159179688,2971.869140625,1278.85766601562,934.823303222656,9674.0185546875,308.171356201172,1093.9306640625,509.654846191406,2139.990234375,1052.3251953125,1068.65625,1233.49328613281,2006.5009765625,792.236328125,1039.01623535156,819.929870605469,789.010437011719,681.448852539062,800.278137207031,455.851989746094,1724.87756347656,2911.0869140625,2780.59985351562,853.312438964844,577.636901855469,465.832458496094,2711.7509765625,1194.41369628906,467.153289794922,3041.97802734375,2864.01904296875,2916.46997070312,831.735168457031,185.939041137695,2052.47485351562,352.071502685547,1369.63037109375,1607.24572753906,1540.7646484375,5478.95654296875,3501.25927734375,NA,453.065582275391,303.547912597656,1101.29174804688,1711.54248046875,NA,813.121398925781,425.332977294922,386.186828613281,2342.98217773438,2248.47924804688,3752.3916015625,1613.18579101562,1949.46032714844,897.142578125,1763.56762695312,1407.81726074219,451.169891357422,772.016784667969,2941.369140625,939.755126953125,NA,1168.45446777344,1005.15441894531
2016-04-30,35.4573059082031,16666.05078125,116.169013977051,141.068176269531,NA,NA,NA,0.519129753112793,39.5637245178223,10.6999998092651,144.68928527832,9.12994480133057,43.7209358215332,2.30058860778809,60.8514709472656,154.075057983398,1.59709823131561,5.83619976043701,NA,13.1020793914795,26.1067867279053,NA,NA,NA,23483.173828125,9.96092891693115,25.6154193878174,2.69653487205505,22.4781475067139,115.707572937012,11.9220628738403,1.47305452823639,920.178100585938,NA,36.1152458190918,15244.8095703125,7.8086051940918,1022.72235107422,3.71753215789795,NA,75.6227722167969,62.6340637207031,40.7871170043945,65.2276840209961,50.6268424987793,51.4093132019043,NA,25.0538654327393,0.415508180856705,40.2496032714844,862.075378417969,539.978637695312,372.338958740234,439.980010986328,16259.5009765625,8990.20703125,1115.21105957031,1211.1591796875,860.114501953125,72.6464233398438,1073.85229492188,951.971984863281,439.491088867188,2822.79663085938,1051.18310546875,NA,1410.38671875,1922.46374511719,314.8505859375,1152.23364257812,477.602020263672,1058.21105957031,2759.24633789062,764.325927734375,3594.71923828125,718.468505859375,3925.25927734375,967.796691894531,346.288726806641,1257.07482910156,842.593688964844,1477.84497070312,690.356628417969,8069.66064453125,232.661499023438,715.093505859375,496.368591308594,794.106994628906,402.464874267578,1382.14428710938,974.361938476562,1028.82861328125,3008.04931640625,2152.4873046875,771.616333007812,1034.84350585938,1412.02966308594,428.507873535156,799.431823730469,281.070953369141,1308.11560058594,1446.92443847656,3563.05615234375,2867.4873046875,2753.4384765625,1142.01330566406,669.122985839844,640.856872558594,2224.65283203125,704.931091308594,1674.07299804688,2670.8173828125,1053.87854003906,1829.63122558594,25133.0078125,1056.50988769531,1977.19677734375,3628.60327148438,1200.87084960938,5121.4599609375,399.626129150391,636.600280761719,3060.62524414062,2939.51416015625,1156.06164550781,281.343597412109,1238.953125,339.227844238281,1115.79675292969,667.013671875,3921.05834960938,1379.79345703125,474.831604003906,1020.98828125,1727.34899902344,729.922668457031,2778.23120117188,1381.23315429688,810.602478027344,9645.8681640625,334.314056396484,1055.29248046875,527.459411621094,1978.48205566406,1183.19946289062,1049.92163085938,1244.0458984375,2065.51611328125,770.178771972656,1008.11071777344,798.508361816406,813.067810058594,651.059875488281,773.162841796875,467.033294677734,1582.86657714844,2797.55932617188,2703.5986328125,877.913146972656,576.72607421875,434.812896728516,2573.46142578125,1102.44763183594,477.442962646484,3089.97045898438,2879.4169921875,2832.77392578125,798.593505859375,201.291793823242,2127.50244140625,319.217407226562,1455.71594238281,1612.35327148438,1702.04711914062,5531.560546875,3357.70971679688,NA,447.983093261719,355.977569580078,1147.4208984375,1722.43225097656,386.462371826172,837.838928222656,421.206268310547,414.945465087891,2317.79809570312,2368.93383789062,3557.51611328125,1969.82873535156,1901.27160644531,933.925537109375,1975.82690429688,1392.06994628906,453.582580566406,808.067504882812,3125.75341796875,929.914611816406,NA,1179.24877929688,1042.31848144531
2016-05-31,35.391170501709,17234.98046875,121.203010559082,154.352752685547,NA,NA,NA,0.529617369174957,38.9506454467773,13.1000003814697,138.398452758789,9.44600677490234,43.0034141540527,2.25140690803528,63.2192420959473,148.156784057617,1.59206008911133,5.73637819290161,NA,12.8344020843506,24.7177467346191,NA,NA,NA,23010.814453125,10.3860902786255,25.1259517669678,2.70352077484131,25.4061679840088,115.707572937012,11.1393709182739,1.48878073692322,897.550659179688,NA,32.8949012756348,17109.283203125,7.93874835968018,1018.40490722656,3.49602699279785,NA,76.3165740966797,61.9956321716309,49.5896148681641,60.8037643432617,50.6268424987793,43.127685546875,NA,27.0661144256592,0.415508180856705,38.4544334411621,881.743957519531,602.568115234375,396.464782714844,436.908081054688,17043.904296875,9205.8359375,1155.25158691406,1314.65319824219,911.524963378906,72.5119934082031,1187.05480957031,990.680297851562,464.025238037109,2935.93481445312,1033.72473144531,NA,1440.65063476562,2132.8427734375,356.197021484375,1197.55407714844,475.2880859375,1103.4189453125,2681.28173828125,757.126281738281,3277.05590820312,756.522827148438,3599.15185546875,1082.10693359375,396.973815917969,1312.69274902344,865.982543945312,1417.95336914062,735.357055664062,8625.5625,270.633605957031,760.204833984375,479.823028564453,772.048522949219,365.933471679688,1209.78491210938,1074.68078613281,992.802062988281,2796.11181640625,2221.65405273438,770.625183105469,1031.23767089844,1416.4736328125,430.235717773438,829.257751464844,299.85693359375,1288.93334960938,1482.14013671875,3757.13427734375,2958.26318359375,2832.68041992188,1108.541015625,619.945434570312,652.56201171875,2415.35913085938,827.239624023438,1639.00256347656,2978.55541992188,1133.79956054688,1845.58972167969,25964.8046875,1136.29772949219,2067.05810546875,3665.01025390625,1257.50671386719,5108.900390625,393.552795410156,661.862182617188,3742.24853515625,2806.35278320312,1171.50659179688,301.521331787109,1386.72143554688,340.290466308594,1129.45654296875,685.337158203125,4032.49169921875,1418.72619628906,437.344879150391,1103.23120117188,1909.17529296875,802.227600097656,3102.70654296875,1357.09594726562,888.057800292969,10565.4169921875,307.60302734375,1274.35864257812,560.842834472656,1826.76171875,1157.99426269531,1225.1689453125,1457.05444335938,2411.173828125,693.896179199219,1111.12927246094,862.034484863281,831.862976074219,733.017822265625,800.194702148438,497.136688232422,1659.45678710938,2904.80395507812,2951.71362304688,981.088928222656,563.972412109375,434.812896728516,2774.94287109375,1151.09057617188,520.659790039062,2968.1435546875,3164.27905273438,2979.01171875,898.417846679688,205.556427001953,2201.66772460938,317.441467285156,1540.3505859375,1705.99584960938,1732.93115234375,5566.361328125,3228.59936523438,NA,474.847625732422,335.126617431641,1083.49365234375,1724.24719238281,389.403839111328,845.509826660156,408.609252929688,466.711029052734,2727.72680664062,2452.88623046875,4150.43505859375,1857.85925292969,2396.30297851562,1019.15405273438,1803.80993652344,1347.97717285156,468.058563232422,781.688842773438,3134.53344726562,792.1494140625,NA,1262.90234375,1106.27490234375
2016-06-30,37.1196403503418,15575.919921875,130.785018920898,156.846649169922,NA,NA,NA,0.525783598423004,39.7219505310059,15.6000003814697,153.496444702148,9.60445690155029,44.4384536743164,2.50030326843262,65.1134414672852,149.431259155273,1.66407763957977,5.78296184539795,NA,12.9752817153931,24.3259677886963,NA,NA,NA,21998.60546875,10.2342472076416,25.9287490844727,2.88515257835388,25.690034866333,120.335876464844,12.1177358627319,1.58856606483459,792.078369140625,NA,32.3417167663574,17438.306640625,8.19903659820557,968.036254882812,3.4632933139801,NA,80.8261871337891,58.1123123168945,49.2536354064941,61.901424407959,50.6268424987793,43.9775886535645,NA,27.9322319030762,0.432789772748947,37.8213996887207,770.287231445312,580.7978515625,326.378204345703,361.729156494141,16751.12890625,8409.5478515625,1086.10180664062,1165.60571289062,737.385070800781,71.6905364990234,1174.47644042969,868.877868652344,421.798248291016,2728.98608398438,920.806274414062,NA,1385.46350097656,2224.41357421875,322.692199707031,1018.33319091797,432.031402587891,1017.09729003906,2538.42919921875,726.858825683594,3022.24194335938,623.007934570312,3347.66259765625,975.875366210938,331.402282714844,1184.57800292969,708.999633789062,1288.05871582031,609.657775878906,7733.578125,249.123397827148,656.242065429688,435.701354980469,695.352661132812,315.530853271484,1063.11596679688,1002.03625488281,859.781860351562,2441.15966796875,2067.1142578125,660.192016601562,870.782836914062,1310.56225585938,390.495086669922,708.265686035156,231.385650634766,1129.17651367188,1396.30187988281,3955.85571289062,2753.35961914062,2758.44287109375,941.539916992188,599.164428710938,564.773376464844,2238.91845703125,793.198120117188,1401.38293457031,2594.58935546875,1013.24035644531,1615.69982910156,22890.384765625,995.389526367188,1865.35302734375,3384.02075195312,1130.83959960938,5002.8134765625,344.358673095703,552.2255859375,3470.48950195312,2495.19018554688,1235.60363769531,266.174438476562,1185.74194335938,258.688751220703,987.153137207031,595.821350097656,3506.89819335938,1271.21008300781,372.784423828125,891.749145507812,1704.39111328125,740.529296875,2600.29272460938,1150.35070800781,736.547424316406,11578.796875,283.236297607422,1125.22570800781,480.722381591797,1714.6025390625,1068.80578613281,1046.40881347656,1362.26220703125,2293.14428710938,536.735595703125,1041.95959472656,801.463195800781,645.718078613281,690.657531738281,725.356323242188,402.525909423828,1565.314453125,2709.1669921875,2438.37255859375,916.833679199219,537.47802734375,361.671112060547,2586.28369140625,1100.927734375,553.5869140625,2691.26440429688,3225.87060546875,2678.25903320312,733.029052734375,204.703506469727,2145.61254882812,287.484405517578,1716.87426757812,1494.87463378906,1500.36242675781,4603.29443359375,2796.25122070312,NA,379.897094726562,334.219970703125,955.27587890625,1628.05249023438,300.782958984375,814.825988769531,336.429321289062,460.959228515625,2469.21142578125,2048.0224609375,4324.57861328125,1750.037109375,2422.587890625,1018.2568359375,1623.11352539062,1166.0947265625,386.831909179688,602.313720703125,2906.24877929688,724.906921386719,NA,1190.04272460938,990.461791992188
2016-07-31,39.2141609191895,16569.26953125,138.833358764648,166.109588623047,NA,NA,NA,0.520306706428528,41.1788444519043,10.8999996185303,160.352157592773,9.39116096496582,47.0693588256836,2.55858492851257,69.3754119873047,152.537796020508,1.71793162822723,5.723069190979,NA,12.820315361023,26.0971031188965,NA,NA,NA,23753.095703125,11.1820287704468,27.3061065673828,2.920081615448,29.2383842468262,133.827529907227,12.1619462966919,1.59979248046875,799.882080078125,NA,35.2558288574219,17877.005859375,8.09680366516113,975.231750488281,3.44365215301514,NA,82.4203796386719,62.408031463623,51.0678977966309,73.8426513671875,50.6268424987793,50.0850410461426,NA,28.4519004821777,0.420767724514008,40.3913269042969,898.668579101562,637.944702148438,373.699249267578,406.614562988281,17666.943359375,10297.845703125,1154.82348632812,1718.63928222656,833.653442382812,72.9003219604492,1234.22253417969,1042.54992675781,419.557098388672,2688.4443359375,871.033081054688,NA,1399.70520019531,2342.18383789062,350.969329833984,1147.42687988281,430.251281738281,1205.09509277344,2490.17211914062,723.185668945312,3134.2783203125,688.154418945312,3385.4326171875,983.549621582031,383.682342529297,1190.66552734375,801.960327148438,1265.89074707031,699.077514648438,8185.927734375,301.142974853516,818.083435058594,522.106323242188,735.736694335938,330.431854248047,1198.107421875,1022.79168701172,944.30517578125,2689.08471679688,2083.08374023438,638.105285644531,921.262939453125,1495.72204589844,393.086853027344,812.776977539062,278.401885986328,1067.62133789062,1304.74096679688,4102.55517578125,2768.53759765625,2890.23461914062,1053.83386230469,693.712097167969,602.815124511719,2176.6015625,824.5283203125,1395.6572265625,2998.3173828125,986.148254394531,1664.00695800781,24985.947265625,1052.59582519531,2279.15112304688,3588.46142578125,1240.11633300781,4685.54931640625,388.086791992188,577.4873046875,3555.13623046875,2432.68603515625,1329.43225097656,296.941986083984,1247.58190917969,332.356903076172,997.142761230469,613.243774414062,3602.54541015625,1257.59765625,383.197357177734,841.228576660156,1637.66015625,714.386047363281,3001.77514648438,1276.53149414062,752.676147460938,11954.1220703125,275.563995361328,1208.271484375,491.850219726562,1790.462890625,1139.57482910156,1119.78637695312,1397.04992675781,2453.3271484375,675.514831542969,1121.43115234375,833.964721679688,801.791015625,673.160888671875,784.843322753906,502.297210693359,1660.25439453125,2683.19360351562,2626.59790039062,990.635681152344,594.338439941406,393.834564208984,2752.04711914062,1147.29040527344,504.196228027344,2761.40673828125,3560.7763671875,2706.77075195312,808.176696777344,216.64453125,1977.44787597656,335.1669921875,1600.80407714844,1552.76281738281,1558.26818847656,4891.40576171875,2714.70776367188,NA,433.393341064453,303.094665527344,985.423461914062,1537.30261230469,335.024597167969,894.944885253906,407.161315917969,461.780822753906,2716.4130859375,2214.98095703125,4461.4072265625,1895.18225097656,2694.1982421875,1035.30261230469,1962.41296386719,1326.71813964844,399.699523925781,727.1728515625,3020.39135742188,751.14794921875,NA,1277.29467773438,1158.99609375
2016-08-31,40.1367645263672,16887.400390625,142.052642822266,179.736801147461,NA,NA,NA,0.547691166400909,42.2226486206055,10.8000001907349,164.632614135742,9.32112884521484,51.6615028381348,2.87330889701843,69.4543533325195,152.866287231445,1.87949204444885,5.83876276016235,NA,12.9391956329346,28.9447212219238,NA,NA,NA,26249.873046875,11.7220687866211,30.7839317321777,2.88208484649658,39.2210693359375,131.836074829102,13.8323802947998,1.79064512252808,854.508239746094,NA,36.0856094360352,17182.3984375,7.85866403579712,964.19873046875,3.39127707481384,NA,83.1465377807617,68.5251159667969,54.5839385986328,72.6451721191406,50.6268424987793,50.3716354370117,NA,27.2393398284912,0.420767724514008,39.9472579956055,951.11865234375,646.302856445312,403.838500976562,423.254699707031,17572.455078125,11246.7119140625,969.573669433594,1812.14343261719,912.532897949219,67.8969116210938,1237.36694335938,1048.7431640625,508.493347167969,3184.83837890625,907.06298828125,NA,1351.19409179688,2466.43969726562,356.751403808594,1233.94763183594,490.240875244141,1295.51086425781,2479.65454101562,697.766967773438,3115.15014648438,767.71044921875,3693.115234375,1090.9931640625,465.380981445312,1219.31640625,846.756164550781,1178.19226074219,686.635437011719,8710.0400390625,339.993072509766,806.410461425781,483.499816894531,761.5283203125,354.122436523438,1299.00061035156,928.238220214844,938.762817382812,2654.7333984375,2103.666015625,630.884826660156,971.743225097656,1674.95678710938,364.577270507812,852.973754882812,295.545349121094,1112.85717773438,1265.25549316406,3758.02124023438,2586.10913085938,2941.11572265625,1070.74975585938,746.153869628906,601.839660644531,2005.79113769531,851.339904785156,1571.72473144531,3297.58520507812,948.219604492188,1688.16040039062,26782.80078125,1019.47650146484,2251.8544921875,3172.11059570312,1030.72802734375,4537.04248046875,449.427581787109,597.697021484375,3256.64721679688,2473.44970703125,1220.54467773438,338.585357666016,1331.35327148438,345.178009033203,1002.23962402344,674.673522949219,3645.7255859375,1212.12475585938,391.52783203125,795.407470703125,1413.89770507812,662.323364257812,3063.82934570312,1276.11108398438,692.559753417969,9871.7314453125,274.853637695312,1235.02099609375,531.910522460938,1808.81604003906,1264.14770507812,1197.06677246094,1333.40405273438,2664.09399414062,742.606811523438,1022.82733154297,705.435180664062,887.495849609375,599.49072265625,831.314758300781,499.716918945312,1624.75146484375,2480.8544921875,2592.37475585938,874.241394042969,662.2822265625,406.6865234375,2773.33984375,1063.30529785156,494.421051025391,2709.72290039062,2994.90161132812,2587.20581054688,810.572509765625,222.61506652832,1620.94689941406,484.00146484375,1496.82409667969,1569.78869628906,1268.73962402344,4880.0751953125,2673.08666992188,NA,522.635864257812,285.114379882812,1167.03479003906,1401.17785644531,402.451843261719,786.69921875,472.608184814453,437.130676269531,2435.50122070312,2441.30249023438,3860.19580078125,1957.38732910156,2937.33251953125,943.794128417969,2070.5146484375,1525.92272949219,492.989562988281,923.254516601562,3081.85278320312,765.08837890625,NA,1370.8427734375,1145.16748046875
2016-09-30,41.6411514282227,16449.83984375,148.088912963867,189.712326049805,NA,NA,NA,0.639596402645111,44.3746566772461,10.6999998092651,158.376586914062,9.56985855102539,48.6957473754883,2.82668256759644,71.7411956787109,164.228515625,1.90641891956329,5.87954664230347,NA,13.528317451477,29.1444206237793,NA,NA,NA,25541.330078125,11.5950012207031,31.8858222961426,2.84623765945435,36.2404556274414,133.827529907227,14.3159294128418,1.86361789703369,870.115661621094,NA,35.9967041015625,17767.33203125,7.85866403579712,980.675048828125,3.34868621826172,NA,80.6049423217773,68.2599868774414,52.6920623779297,77.9006652832031,51.5793304443359,50.4803466796875,NA,26.4168167114258,0.434222608804703,43.0840797424316,896.033264160156,640.082702636719,367.892822265625,404.960693359375,17797.7734375,9993.2958984375,1086.10180664062,2126.2216796875,851.798217773438,69.7848434448242,1292.39587402344,1006.15521240234,546.619201660156,3084.70947265625,957.991271972656,NA,1386.35363769531,2335.5341796875,336.591461181641,1182.61376953125,504.262420654297,1204.64074707031,2548.32763671875,719.854125976562,3356.51782226562,704.509704589844,3747.12817382812,1043.29614257812,482.066131591797,1330.03625488281,804.59716796875,1196.11791992188,659.642028808594,8547.9609375,298.509155273438,730.258850097656,476.146209716797,779.389221191406,360.61279296875,1227.55407714844,895.818420410156,891.761047363281,2767.49438476562,2074.92138671875,609.265686035156,913.119079589844,1721.6279296875,347.298736572266,813.423706054688,281.584197998047,1074.33898925781,1324.40441894531,3846.87841796875,2669.24267578125,2869.26977539062,1079.79455566406,734.76416015625,598.913391113281,2098.65966796875,929.888671875,1471.88159179688,3381.04467773438,950.684631347656,1636.53869628906,26644.40234375,1103.78051757812,2237.36083984375,3225.09594726562,1053.9931640625,4801.9912109375,410.541870117188,596.754150390625,3486.12646484375,2362.908203125,1228.12670898438,308.692199707031,1198.27758789062,322.320953369141,993.58642578125,689.919494628906,3518.38525390625,1244.86535644531,391.52783203125,822.430114746094,1587.32543945312,683.611633300781,2859.86328125,1273.16687011719,769.782409667969,11339.787109375,295.044738769531,1150.54260253906,522.97021484375,1846.90063476562,1270.93359375,1118.40783691406,1321.54455566406,2470.36474609375,719.170532226562,1046.25891113281,743.048156738281,860.206115722656,595.9384765625,822.615844726562,474.719787597656,1703.30090332031,2641.95483398438,2686.59765625,877.655029296875,615.416687011719,388.369567871094,3072.2900390625,1125.1630859375,534.036560058594,2591.58764648438,2936.59887695312,2517.30615234375,803.537536621094,220.909194946289,1766.015625,446.966491699219,1663.67529296875,1562.7744140625,1370.72290039062,5143.7421875,2513.39794921875,148.880523681641,497.983123779297,318.174835205078,1061.33703613281,1401.76342773438,334.754669189453,771.296569824219,460.437805175781,493.656677246094,2494.9609375,2411.62060546875,4160.904296875,1928.35827636719,2834.38403320312,884.582641601562,2196.01977539062,1577.18591308594,464.259918212891,836.277465820312,3194.78198242188,750.231201171875,NA,1356.48706054688,1164.88305664062
2016-10-31,40.7518119812012,17425.01953125,151.710662841797,183.299499511719,NA,NA,NA,0.583491504192352,42.1365699768066,8.89999961853027,158.047302246094,9.32735061645508,48.7914085388184,2.72177505493164,77.2667236328125,165.517852783203,1.87410724163055,5.76399421691895,NA,13.4923992156982,29.6881637573242,NA,NA,NA,28544.205078125,11.6648893356323,30.8527984619141,2.78171324729919,35.8619651794434,132.632659912109,13.8616876602173,1.83555173873901,913.036193847656,NA,38.1699409484863,16305,7.99474430084229,1013.41223144531,3.51315975189209,NA,78.4264297485352,66.4253921508789,51.9913749694824,77.0358428955078,57.9148597717285,51.3401298522949,NA,25.4577941894531,0.464801609516144,38.9268455505371,942.548278808594,653.300354003906,396.662902832031,483.256561279297,18669.9765625,10974.3642578125,1069.66870117188,2033.11657714844,920.597229003906,70.4805755615234,1326.98559570312,1088.82080078125,548.054565429688,3122.54638671875,1008.47174072266,NA,1420.62292480469,2496.28784179688,360.926239013672,1242.23547363281,528.741333007812,1371.349609375,2470.9931640625,752.940551757812,3270.91723632812,767.092041015625,4069.13232421875,1157.18432617188,556.250549316406,1225.46765136719,918.246643066406,1196.703125,738.269409179688,9214.3564453125,329.896423339844,838.240173339844,516.591064453125,839.422302246094,386.635559082031,1382.05847167969,942.173828125,944.716003417969,2923.56689453125,2141.2822265625,682.018188476562,983.917541503906,1757.63598632812,348.162689208984,890.544677734375,316.384429931641,1148.60070800781,1292.3837890625,3853.583984375,2721.275390625,3319.64892578125,1217.189453125,815.67578125,646.709411621094,2198.0517578125,952.568725585938,1487.62731933594,3611.37670898438,998.629821777344,1804.26672363281,28120.037109375,1129.37280273438,2456.70043945312,3347.8408203125,1098.17419433594,4560.66845703125,444.855895996094,635.667541503906,3709.8837890625,2513.46142578125,1217.19970703125,340.636047363281,1300.88220214844,380.412445068359,1052.71118164062,747.893432617188,3553.53149414062,1263.41833496094,447.757904052734,881.175170898438,1595.3359375,750.314453125,3118.05126953125,1425.42529296875,874.86376953125,11829.1396484375,301.422485351562,1295.55407714844,590.305603027344,1964.91088867188,1175.44409179688,1227.80029296875,1429.07043457031,2359.62377929688,718.25146484375,1053.68957519531,754.972717285156,967.969848632812,619.072631835938,822.447875976562,536.337768554688,1762.21630859375,2741.06030273438,2660.59912109375,966.94580078125,728.386474609375,431.926940917969,2902.1181640625,1185.412109375,569.227294921875,2731.87353515625,3064.95336914062,2715.04833984375,873.69482421875,221.762130737305,1949.3056640625,471.733612060547,1547.60498046875,1700.46350097656,1387.14392089844,5480.0048828125,2629.76684570312,156.378112792969,575.639038085938,370.337127685547,1094.39025878906,1436.44250488281,372.612518310547,800.434387207031,506.466705322266,518.065612792969,2535.69287109375,2726.98657226562,4364.9921875,2200.84375,3149.80224609375,945.58837890625,2153.25512695312,1733.40539550781,529.419189453125,951.442687988281,3571.42065429688,705.711853027344,NA,1518.57739257812,1288.78820800781
2016-11-30,40.203239440918,18308.48046875,147.284088134766,172.522415161133,NA,NA,NA,0.54982852935791,40.7162284851074,8.30000019073486,145.864471435547,10.9130001068115,45.0510368347168,2.76840090751648,74.2775039672852,164.389709472656,1.90103387832642,6.17182445526123,NA,14.663462638855,31.101879119873,NA,NA,NA,28409.248046875,12.0079746246338,34.0551567077637,2.7100191116333,36.9501266479492,127.454795837402,14.037522315979,1.82432496547699,924.741760253906,NA,37.4586982727051,16341.55859375,7.654541015625,1040.85375976562,3.46710658073425,NA,78.063346862793,65.4215774536133,47.9974212646484,69.379997253418,57.9148597717285,52.8027572631836,152382.453125,26.3732204437256,0.409759312868118,35.9034004211426,1030.9267578125,639.11083984375,487.853179931641,526.552551269531,18953.443359375,12246.349609375,960.610046386719,2219.7255859375,1059.95959472656,69.9512023925781,1372.5810546875,1285.64282226562,591.233703613281,3174.5732421875,1185.72277832031,NA,1334.72705078125,2755.96728515625,407.025817871094,1421.10046386719,559.022338867188,1455.478515625,2441.29638671875,710.017639160156,3260.47875976562,812.96142578125,4174.9208984375,1282.46130371094,602.404174804688,1240.00659179688,1001.72351074219,1270.80212402344,839.243530273438,9794.826171875,340.432037353516,918.025695800781,547.843933105469,947.343139648438,438.121673583984,1453.18701171875,932.902770996094,1000.49523925781,3261.10278320312,2314.45922851562,767.609069824219,1032.93176269531,1975.55871582031,359.393707275391,944.935180664062,376.437957763672,1227.77465820312,1401.78723144531,3895.49877929688,2870.90600585938,3256.39282226562,1301.96533203125,804.74169921875,834.967224121094,2476.80639648438,987.345092773438,1755.66528320312,3855.92602539062,1063.01342773438,1998.43249511719,29992.24609375,1120.64111328125,2473.60961914062,3500.56958007812,1039.89306640625,4444.224609375,471.204071044922,731.926452636719,3463.75122070312,2873.69653320312,1232.80993652344,402.111358642578,1520.74975585938,443.633758544922,1119.87060546875,823.320068359375,3898.43432617188,1360.54821777344,441.510070800781,944.619750976562,1666.81481933594,842.563110351562,3537.70092773438,1453.18518066406,781.512390136719,11236.26953125,316.279815673828,1396.35461425781,659.88525390625,2057.7509765625,1093.5263671875,1265.71215820312,1473.34606933594,2700.3642578125,778.450378417969,1191.90295410156,810.868957519531,1088.29956054688,647.759033203125,780.93896484375,535.469970703125,1745.67150878906,2946.47045898438,3128.58715820312,1003.77844238281,781.951171875,473.007171630859,3021.69848632812,1232.23022460938,542.371154785156,3034.59399414062,3220.53466796875,2918.30908203125,863.882568359375,214.085754394531,1948.43725585938,484.00146484375,1428.14929199219,1784.79870605469,1410.47912597656,5407.18798828125,2875.24584960938,136.563110351562,648.61083984375,395.882904052734,1213.16430664062,1558.73193359375,401.904449462891,903.273986816406,527.355834960938,493.822692871094,2723.90405273438,2756.66845703125,3798.54223632812,2355.95092773438,2987.71240234375,970.708374023438,2420.1357421875,1857.2763671875,552.224914550781,1004.59600830078,3739.80053710938,759.299926757812,NA,1589.20861816406,1383.02624511719
2016-12-31,39.1208457946777,19114.369140625,146.07682800293,168.959777832031,NA,NA,NA,0.538607478141785,37.6603622436523,8.19999980926514,142.571853637695,10.7824153900146,39.4075889587402,2.71011853218079,76.2703018188477,147.628402709961,1.85256564617157,6.06307077407837,NA,14.6562767028809,28.1294460296631,NA,NA,NA,29738.119140625,12.1108999252319,35.1226081848145,2.66541004180908,32.1243705749512,127.056503295898,13.3195295333862,1.78503155708313,893.526977539062,NA,37.1821060180664,18348.609375,7.75660228729248,1037.96484375,3.80263352394104,NA,73.7063217163086,60.852466583252,46.3157653808594,66.9875640869141,64.3190536499023,51.9330902099609,149413.96875,24.237211227417,0.415875136852264,38.7378807067871,1066.43322753906,636.584045410156,524.562316894531,546.169738769531,19430.7265625,12945.7880859375,1010.05255126953,1961.19104003906,1123.97033691406,74.2919616699219,1474.77795410156,1258.61279296875,595.659362792969,3672.61083984375,1178.13171386719,NA,1317.14721679688,2905.93334960938,427.746551513672,1471.60363769531,582.775756835938,1559.908203125,2418.8974609375,712.849304199219,3364.86938476562,838.970336914062,4557.24169921875,1325.57604980469,579.818420410156,1245.03930664062,1018.41900634766,1288.15710449219,856.979064941406,9813.1064453125,431.960235595703,975.156005859375,569.90478515625,954.630310058594,463.654998779297,1474.38403320312,1000.11810302734,1030.15014648438,3197.99340820312,2391.08642578125,771.745910644531,1025.67041015625,1986.06115722656,387.9033203125,965.63623046875,399.535430908203,1281.52038574219,1472.94396972656,4311.74462890625,2969.09130859375,3342.42041015625,1333.025390625,899.648681640625,905.198059082031,2434.15551757812,975.248901367188,1865.88647460938,4026.5439453125,1072.87658691406,2017.50231933594,25735.962890625,1119.45056152344,2436.16723632812,3603.63745117188,1106.39904785156,4715.4775390625,492.650299072266,779.543823242188,4224.5244140625,2825.48291015625,1267.15185546875,438.2216796875,1532.84252929688,497.895904541016,1197.33032226562,888.578735351562,4005.74755859375,1415.47924804688,451.922973632812,949.319274902344,1725.04565429688,954.606079101562,3634.42602539062,1417.021484375,827.943786621094,12572.5771484375,358.532592773438,1586.10754394531,727.220458984375,2182.36303710938,1114.80139160156,1332.05859375,1519.06274414062,2589.62329101562,767.421630859375,1202.30627441406,832.482177734375,1177.02380371094,692.176940917969,795.055297851562,551.091491699219,1814.27172851562,3037.9521484375,3180.5859375,1101.99816894531,783.48828125,495.645935058594,3040.09545898438,1253.33630371094,623.248168945312,3171.826171875,3181.63940429688,2895.31591796875,961.186767578125,226.026824951172,1990.13317871094,528.443603515625,1424.28015136719,1920.76696777344,1407.39086914062,5488.18603515625,2900.728515625,74.7973022460938,641.761474609375,474.967712402344,1293.0732421875,1567.85803222656,430.278686523438,916.128784179688,555.574462890625,552.935302734375,2779.47021484375,2986.16333007812,3815.20336914062,2540.40234375,3176.08715820312,1036.19970703125,2386.87426757812,1996.92749023438,583.990234375,970.932312011719,3974.6455078125,814.536682128906,NA,1646.25720214844,1477.26391601562
2017-01-31,42.1412048339844,19041.33984375,149.296127319336,182.052581787109,NA,NA,NA,0.555438935756683,41.5770378112793,8.60000038146973,140.596237182617,11.7959880828857,41.6746139526367,2.78588557243347,75.8174057006836,152.060440063477,1.90641891956329,6.38253593444824,NA,15.0298690795898,29.0719203948975,NA,NA,NA,32656.3515625,12.2138252258301,34.8471374511719,2.8260645866394,43.2898406982422,138.607116699219,14.3598899841309,1.82993817329407,940.349243164062,NA,39.0589942932129,16621.228515625,7.72258234024048,1065.40686035156,4.09210634231567,NA,74.0694046020508,64.6946640014648,48.067497253418,73.4129104614258,70.1774444580078,57.2005157470703,159308.9375,23.4525547027588,0.464801609516144,38.9740867614746,1020.84851074219,665.351684570312,532.355712890625,559.651184082031,21257.505859375,11011.5029296875,993.494445800781,1847.70715332031,1121.70239257812,75.3053131103516,1554.96301269531,1241.5546875,609.893005371094,4115.3095703125,1181.16845703125,NA,1348.52380371094,3080.89453125,408.712432861328,1475.11059570312,600.726806640625,1676.89721679688,2290.52734375,752.493530273438,3287.62036132812,832.09130859375,4567.45068359375,1400.41687011719,587.942077636719,1260.69653320312,985.832946777344,1206.45263671875,897.415832519531,10261.0263671875,463.347442626953,1009.13861083984,479.823028564453,982.738464355469,481.003540039062,1437.17138671875,966.510559082031,1002.61328125,3144.111328125,2427.37084960938,746.496643066406,1034.7470703125,2020.94372558594,409.501495361328,956.706237792969,423.3515625,1264.18310546875,1450.70751953125,4401.48486328125,3007.3076171875,3738.82202148438,1247.51892089844,955.412109375,992.986694335938,2333.62133789062,940.472534179688,1958.57202148438,4106.16455078125,1163.28747558594,1874.47875976562,28507.388671875,1204.3955078125,2562.98803710938,3423.736328125,1047.4130859375,4751.21923828125,498.165069580078,796.184204101562,4045.51831054688,2787.27612304688,1181.29614257812,448.236083984375,1550.79833984375,508.300415039062,1212.16320800781,842.669860839844,3826.73583984375,1353.37194824219,499.82275390625,915.247314453125,1671.43640136719,899.704956054688,3457.73071289062,1528.70153808594,841.628723144531,11876.1923828125,386.00048828125,1581.50964355469,808.022766113281,2062.2900390625,1097.28369140625,1301.25476074219,1476.32299804688,2598.14135742188,774.314575195312,1169.61059570312,801.925598144531,1282.12231445312,657.938171386719,821.439575195312,621.388305664062,1705.72204589844,3117.15161132812,3076.58813476562,1132.50610351562,810.770080566406,497.847961425781,2994.10302734375,1153.56079101562,655.352233886719,3347.40258789062,3119.40698242188,3085.70043945312,914.98779296875,234.556106567383,1837.24658203125,545.340698242188,1465.38830566406,1908.71923828125,1324.65441894531,5084.83544921875,3059.5673828125,101.752876281738,586.910034179688,534.62548828125,1439.81518554688,1516.75183105469,457.505737304688,890.419006347656,578.808776855469,579.5029296875,2966.8974609375,3151.22680664062,3640.27099609375,2804.50390625,3097.23291015625,1030.81677246094,2426.47094726562,2053.73486328125,603.537902832031,996.622924804688,4107.57666015625,831.849548339844,NA,1848.19091796875,1575.86437988281
2017-02-28,42.9872436523438,19118.990234375,152.113052368164,184.368316650391,NA,NA,NA,0.555438935756683,42.2226486206055,8.80000019073486,147.510803222656,11.6467514038086,44.0381050109863,2.96656012535095,81.071174621582,155.283767700195,2.11644864082336,6.43011665344238,NA,15.4465665817261,30.0144062042236,NA,NA,NA,32586.87109375,12.5912199020386,34.2617607116699,2.87718200683594,47.2639923095703,136.217315673828,15.1291675567627,2.00956416130066,948.153015136719,NA,40.4913558959961,17043.4765625,8.67514705657959,1115.95678710938,3.88815903663635,NA,74.0694046020508,66.3907775878906,53.6248207092285,77.5825347900391,66.0493621826172,61.3017959594727,162772.171875,24.237211227417,0.464801609516144,39.8716735839844,986.892578125,676.042358398438,537.818481445312,534.762512207031,21058.841796875,11038.404296875,1127.46569824219,1878.07568359375,1103.05358886719,71.8568801879883,1732.62805175781,1290.89123535156,606.304748535156,3954.97412109375,1234.68518066406,NA,1308.0234375,2949.34521484375,356.58935546875,1470.90258789062,623.392456054688,1634.91870117188,2364.1513671875,763.224243164062,3634.19873046875,857.149963378906,4717.78076171875,1340.21887207031,582.675231933594,1242.7939453125,1004.13732910156,1230.82739257812,898.361999511719,9749.1181640625,433.277099609375,1033.763671875,514.752685546875,1047.62976074219,508.425354003906,1521.48913574219,902.771789550781,1017.44073486328,3400.619140625,2380.927734375,725.526916503906,962.133361816406,2033.32141113281,450.106048583984,1000.94952392578,433.719757080078,1254.64770507812,1503.18566894531,4326.9833984375,2985.25952148438,3732.07446289062,1277.1171875,960.879028320312,891.542114257812,2348.853515625,978.273193359375,1977.89672851562,4802.8466796875,1169.314453125,1902.64953613281,29374.32421875,1204.09216308594,2534.00073242188,3444.35083007812,1068.79858398438,4936.74072265625,468.140411376953,857.626220703125,4242.42431640625,2820.93481445312,1180.12573242188,458.323516845703,1476.40991210938,526.941589355469,1272.73010253906,846.843505859375,3835.63916015625,1328.94677734375,516.483459472656,934.045654296875,1693.927734375,930.330139160156,3204.11328125,1518.08544921875,912.986267089844,12353.232421875,387.812438964844,1672.93762207031,832.712280273438,2103.5517578125,1083.17236328125,1445.00512695312,1545.0263671875,2981.47436523438,713.656188964844,1087.87145996094,778.076538085938,1312.58532714844,626.475646972656,844.462707519531,723.795776367188,1748.09289550781,3149.76318359375,3059.25512695312,1118.74047851562,841.125732421875,490.141052246094,2943.396484375,1135.90832519531,724.807861328125,3755.80883789062,3064.95336914062,3088.45971679688,904.357849121094,258.438171386719,2077.00805664062,650.6591796875,1378.33569335938,1948.3046875,1464.00012207031,5155.1953125,3116.47802734375,108.481491088867,647.99462890625,553.746520996094,1543.69689941406,1518.57727050781,457.199768066406,883.563171386719,632.31396484375,549.614318847656,2776.18188476562,3443.84057617188,3740.232421875,2603.28442382812,3320.65405273438,1096.30834960938,2472.40283203125,2062.41284179688,639.375549316406,1226.06774902344,4280.38720703125,807.116821289062,NA,1907.05053710938,1526.12780761719
2017-03-31,44.4255027770996,18909.259765625,152.113052368164,198.440856933594,NA,NA,NA,0.561049461364746,42.1796035766602,8.89999961853027,141.584045410156,12.0633687973022,41.5781478881836,2.96073246002197,82.4299163818359,157.620727539062,2.07875108718872,6.60684299468994,NA,15.8848190307617,31.5368709564209,NA,NA,NA,34045.98046875,12.8656883239746,34.0895919799805,2.86257719993591,53.7456359863281,129.4462890625,15.0559034347534,2.00956416130066,1010.58294677734,NA,41.281623840332,16275.7529296875,8.30092430114746,1066.9541015625,3.74342250823975,NA,74.7955703735352,66.1831130981445,54.4682006835938,78.8249740600586,61.0087623596191,63.742805480957,171182.890625,27.4194374084473,0.452569991350174,40.6747741699219,953.682800292969,732.023010253906,516.137878417969,526.608215332031,21637.33203125,10861.1162109375,1151.55029296875,2098.56396484375,1037.90637207031,72.7485046386719,1806.50622558594,1251.10668945312,587.359252929688,3728.8310546875,1220.17028808594,NA,1300.45751953125,3258.8564453125,363.365051269531,1456.82458496094,595.586120605469,1669.41967773438,2276.68334960938,757.499816894531,3702.33447265625,829.094421386719,5011.46875,1313.71203613281,612.304626464844,1232.060546875,996.827453613281,1248.59509277344,853.257873535156,10288.1083984375,459.271667480469,1016.48071289062,503.480682373047,1056.62878417969,488.934265136719,1502.23193359375,900.874328613281,1003.69085693359,3417.31420898438,2518.80493164062,682.368286132812,965.750244140625,2198.21240234375,451.770904541016,1033.83154296875,409.903656005859,1266.35009765625,1458.31433105469,4251.63525390625,2868.63916015625,3884.67333984375,1225.07604980469,1016.58166503906,1138.32568359375,2473.77270507812,1021.65948486328,1868.40783691406,4897.81494140625,1247.51123046875,1768.92041015625,30451.435546875,1276.59851074219,2559.36474609375,3412.1171875,1039.24011230469,5194.59912109375,431.988098144531,872.683471679688,4264.75634765625,2637.00659179688,1157.22473144531,443.938842773438,1438.2255859375,507.788391113281,1289.98156738281,837.408508300781,3769.15063476562,1355.22241210938,489.409637451172,1012.24523925781,1782.53930664062,1041.37670898438,3163.845703125,1419.14465332031,864.600036621094,13288.224609375,402.374298095703,1534.46936035156,785.577697753906,2112.68530273438,1085.11865234375,1474.6826171875,1678.0390625,3016.45288085938,728.361145019531,1097.93469238281,789.879699707031,1243.72521972656,618.603393554688,835.146301269531,699.6240234375,1726.56616210938,3095.53564453125,2946.48950195312,1107.37231445312,840.652709960938,475.195526123047,2731.43505859375,1155.82482910156,765.448913574219,3778.7099609375,3200.57446289062,3179.7275390625,896.762268066406,252.467681884766,2132.97827148438,690.703186035156,1341.04455566406,1970.48425292969,1534.54382324219,4779.85546875,3073.36791992188,119.924690246582,668.439331054688,595.909118652344,1408.24938964844,1446.17504882812,399.011474609375,859.474792480469,640.212158203125,608.775451660156,2752.6943359375,3383.81762695312,3879.10864257812,2796.505859375,3626.93603515625,1076.5712890625,2517.64916992188,2195.67114257812,588.364929199219,1321.63708496094,4358.41455078125,759.190307617188,NA,2032.13269042969,1539.61865234375
2017-04-30,45.4745903015137,19196.740234375,156.539642333984,216.788604736328,NA,NA,NA,0.566659986972809,46.3545150756836,8.5,142.901123046875,12.0322799682617,44.2310371398926,2.96073246002197,89.4953308105469,156.037338256836,2.03028249740601,6.66121912002563,NA,15.9160041809082,31.754373550415,NA,NA,NA,34810.28125,12.9343042373657,32.5745010375977,2.73113250732422,60.558464050293,135.42073059082,14.7994756698608,2.01517724990845,963.760375976562,NA,41.2519836425781,15354.484375,8.19886493682861,1065.02209472656,3.60526514053345,NA,74.0694046020508,67.2561492919922,53.3436965942383,80.5505599975586,63.0406837463379,58.3271331787109,173161.890625,29.1195278167725,0.501496434211731,37.6040878295898,952.577758789062,730.662353515625,523.1455078125,537.621215820312,21744.109375,11308.998046875,1189.1826171875,2278.08129882812,1058.17700195312,73.0087738037109,1790.60400390625,1250.04077148438,586.870971679688,4003.91625976562,1217.08081054688,NA,1315.36694335938,3476.02490234375,362.876892089844,1453.96789550781,580.996459960938,1676.34375,2332.05883789062,747.226501464844,3782.34204101562,799.65185546875,4981.52685546875,1278.33972167969,624.804382324219,1330.35437011719,976.87841796875,1251.92041015625,875.432983398438,9956.9765625,459.492462158203,1048.12890625,520.388671875,1050.27856445312,489.576324462891,1417.79931640625,947.491333007812,992.195556640625,3527.35498046875,2682.08154296875,704.069580078125,945.630432128906,2251.6240234375,419.250427246094,1093.41271972656,389.269897460938,1204.02307128906,1483.89099121094,4340.52880859375,2945.57836914062,3856.5859375,1264.85864257812,1023.17993164062,1033.95471191406,2562.78540039062,1072.28210449219,1828.70922851562,5097.4306640625,1180.57165527344,1856.05969238281,29036.16796875,1275.6884765625,2468.7783203125,3514.63134765625,1026.22900390625,5232.04345703125,422.796875,910.231994628906,4183.52294921875,2746.6533203125,1158.80383300781,460.199493408203,1422.2041015625,490.982025146484,1312.44470214844,817.515747070312,3824.48876953125,1368.91516113281,466.501159667969,1014.61022949219,1777.88732910156,1148.02844238281,3263.80541992188,1488.78527832031,926.182678222656,13703.7783203125,370.284454345703,1496.47326660156,765.377075195312,2158.1416015625,1110.42211914062,1451.11645507812,1730.36547851562,3248.48779296875,717.332397460938,1144.81616210938,820.230346679688,1272.58618164062,637.2080078125,834.384765625,731.067749023438,1703.30029296875,3182.31860351562,2937.77197265625,1137.07800292969,827.030944824219,474.774963378906,2957.28051757812,1160.86376953125,739.654296875,3740.54077148438,3354.48657226562,3139.48950195312,884.231811523438,249.90885925293,2198.56787109375,671.722778320312,1382.78515625,1946.17846679688,1665.18029785156,4852.8310546875,3068.13818359375,153.888076782227,658.466125488281,548.944702148438,1402.34606933594,1464.52746582031,396.534088134766,920.61962890625,648.313110351562,568.5810546875,2833.490234375,3623.91162109375,3958.61596679688,2584.97045898438,3582.65112304688,1112.45690917969,2403.17407226562,2271.62939453125,613.874389648438,1433.77587890625,4162.12939453125,769.136047363281,NA,1936.62133789062,1512.37658691406
2017-05-31,47.4458694458008,19650.5703125,163.380676269531,238.941680908203,NA,NA,NA,0.566659986972809,48.110279083252,7.40000009536743,151.462005615234,12.9147233963013,44.9063186645508,3.03649878501892,93.2997817993164,160.190704345703,2.10029244422913,7.25568199157715,NA,16.7775058746338,36.2130393981934,NA,NA,NA,37242.1328125,13.1401538848877,31.5759162902832,2.74573755264282,57.7442016601562,132.234359741211,17.1439476013184,2.12183022499084,1026.19030761719,NA,43.6919403076172,15239.3251953125,8.47102642059326,1105.59448242188,3.41447520256042,NA,78.063346862793,71.6973495483398,54.1167869567871,79.5842437744141,66.0704650878906,62.1418190002441,217689.234375,32.405143737793,0.501496434211731,43.4620132446289,936.319885253906,784.116088867188,509.646514892578,584.469604492188,24418.4375,11539.158203125,1267.45812988281,2733.37280273438,1019.68865966797,81.2603454589844,1866.93530273438,1252.17224121094,541.576721191406,4269.99072265625,1214.76416015625,NA,1364.5458984375,4206.619140625,355.310211181641,1376.84204101562,552.371459960938,1719.27368164062,2618.375,733.780700683594,4040.77563476562,771.198974609375,5103.1640625,1256.12927246094,726.420654296875,1329.78979492188,961.000915527344,1399.41247558594,936.414428710938,9984.5693359375,436.970520019531,1065.07446289062,539.175231933594,996.653137207031,487.864471435547,1456.22119140625,1048.88342285156,971.360229492188,3530.39013671875,2743.03784179688,753.364562988281,1091.95617675781,1995.17272949219,437.707977294922,1167.37524414062,378.696380615234,1176.06298828125,1501.39086914062,4228.77734375,3141.18041992188,3705.93090820312,1299.80749511719,1147.00854492188,873.008911132812,2801.18359375,1213.412109375,1716.53161621094,5525.58984375,1282.50244140625,1802.46911621094,32384.720703125,1341.21728515625,2651.15893554688,3411.1767578125,1121.80200195312,5942.64111328125,409.929168701172,879.157287597656,4910.111328125,3051.8369140625,1103.94213867188,420.772888183594,1397.23999023438,486.872131347656,1327.21228027344,779.260498046875,3830.16455078125,1406.29272460938,418.601470947266,956.666259765625,1835.56884765625,1181.16662597656,2901.93579101562,1487.93615722656,1021.97784423828,15290.4326171875,355.049163818359,1586.0224609375,713.753540039062,2397.93530273438,1309.92822265625,1402.38623046875,1866.57385253906,3575.05493164062,822.565612792969,1286.97326660156,928.734802246094,1206.01293945312,645.580017089844,782.600646972656,828.892883300781,1784.93444824219,3286.62915039062,2772.14086914062,1017.50415039062,828.587707519531,472.111053466797,3031.32788085938,1165.51489257812,858.993469238281,4244.36962890625,3733.34594726562,3395.888671875,886.737854003906,244.791290283203,2521.26977539062,747.644653320312,1545.86547851562,2118.05346679688,1649.50390625,4839.56298828125,2828.43969726562,172.746475219727,693.371765136719,477.34326171875,1362.50036621094,1493.89147949219,394.753479003906,961.096008300781,623.192260742188,525.037353515625,3502.40478515625,3391.3212890625,3791.23193359375,2508.81713867188,3569.36572265625,1104.38256835938,2140.04150390625,2032.67724609375,598.239562988281,1608.21411132812,4130.9033203125,774.108825683594,NA,2005.75366210938,1688.13208007812
2017-06-30,48.5294189453125,20033.4296875,173.400817871094,249.299423217773,NA,NA,NA,0.53288346529007,49.677677154541,7.90000009536743,171.547164916992,13.0850706100464,46.4098472595215,3.07146787643433,105.981300354004,164.344131469727,2.0625946521759,7.46318674087524,NA,16.8797206878662,37.3005027770996,NA,NA,NA,40090.87890625,13.6890907287598,33.3664779663086,2.84067010879517,66.5913543701172,132.632659912109,17.8910980224609,2.07131052017212,1044.26403808594,NA,42.9609413146973,17005.091796875,10.0359535217285,1115.73742675781,3.15765070915222,NA,78.4264297485352,69.1569061279297,54.8898887634277,79.1700897216797,74.1312561035156,61.855224609375,288932.96875,31.5697269439697,0.477033257484436,45.6823539733887,930.164184570312,833.098876953125,556.782653808594,602.562316894531,23947.640625,11638.6875,1274.62963867188,3060.7275390625,1123.60754394531,81.2909698486328,1842.44555664062,1239.11755371094,575.272521972656,4314.57373046875,1288.90112304688,NA,1324.04553222656,4064.52197265625,374.104919433594,1466.82202148438,593.000610351562,1763.06909179688,2526.55541992188,799.801391601562,4042.1923828125,764.051025390625,5457.78515625,1328.93041992188,744.405639648438,1307.19323730469,965.275756835938,1488.22045898438,909.659729003906,10550.2568359375,424.384613037109,1081.27233886719,559.840454101562,1031.58044433594,517.678466796875,1619.39404296875,1031.40234375,1001.53552246094,3725.93408203125,2822.95288085938,770.466735839844,1143.17016601562,2162.60473632812,429.797607421875,1252.43200683594,416.062957763672,1176.6455078125,1531.90319824219,4097.15283203125,3179.650390625,3686.35473632812,1293.85864257812,1172.30224609375,954.944946289062,2970.6943359375,1175.06164550781,1848.74035644531,5184.2197265625,1346.3994140625,1824.25415039062,31589.19921875,1291.73278808594,2780.3955078125,3444.09423828125,1148.06103515625,5723.05322265625,452.821563720703,871.388793945312,5632.1865234375,3166.05249023438,1084.99694824219,459.234222412109,1497.46875,494.211151123047,1353.21179199219,827.079528808594,4032.12548828125,1465.13513183594,435.262237548828,969.674072265625,1941.00756835938,1178.50048828125,2933.70556640625,1615.95483398438,1085.02673339844,14204.3291015625,361.158050537109,1648.27905273438,740.687622070312,2436.71923828125,1286.57116699219,1382.015625,1844.744140625,3282.86303710938,935.151489257812,1433.66687011719,1002.33514404297,1315.685546875,667.905578613281,795.631286621094,821.905334472656,1875.548828125,3392.6494140625,2894.18505859375,1042.32141113281,939.896423339844,466.713623046875,3202.56274414062,1156.98779296875,859.304260253906,4419.94580078125,4049.06274414062,3653.22387695312,933.935852050781,230.291458129883,2454.80517578125,735.489501953125,1502.18322753906,2138.88696289062,1828.31909179688,5145.55859375,3028.04345703125,177.506820678711,732.120971679688,491.20166015625,1439.24035644531,1572.80712890625,438.649383544922,1025.68566894531,691.271362304688,520.850463867188,3763.92797851562,3586.7568359375,3812.15576171875,2504.58642578125,3321.36987304688,1119.63391113281,2385.68481445312,2220.990234375,669.830810546875,1606.43395996094,4349.49169921875,822.179809570312,NA,2165.84985351562,1582.6787109375
2017-07-31,51.1014747619629,19925.1796875,178.390762329102,279.836791992188,NA,NA,NA,0.527091264724731,53.5961608886719,8,180.621841430664,13.6402645111084,47.1849555969238,3.35855579376221,110.635559082031,181.446334838867,2.18147730827332,7.85743999481201,NA,17.5149021148682,42.5025863647461,NA,NA,NA,41272.0703125,13.8817186355591,33.6897277832031,2.89908957481384,88.4713439941406,131.811401367188,19.5244655609131,2.16243195533752,1136.64123535156,NA,46.9419174194336,15316.09765625,9.80027770996094,1120.56774902344,3.32279992103577,NA,77.5702667236328,72.6147537231445,57.0686111450195,83.5185928344727,76.5417938232422,74.2381286621094,269143.03125,30.558443069458,0.477033257484436,42.8951187133789,983.988647460938,882.470642089844,516.359130859375,663.919799804688,24763.044921875,10301.265625,1344.34777832031,3044.48168945312,1076.39526367188,82.5156860351562,1821.45446777344,1237.51928710938,585.16162109375,4248.6474609375,1336.39514160156,NA,1299.56750488281,4175.78662109375,357.425598144531,1402.55041503906,592.815856933594,1750.08630371094,2454.22216796875,727.586547851562,4129.28076171875,775.023010253906,5825.50537109375,1407.07849121094,740.71875,1255.50427246094,1080.08312988281,1563.72692871094,933.281005859375,10761.8125,447.569091796875,1079.52795410156,563.597839355469,1052.39501953125,521.601318359375,1629.82934570312,973.130920410156,999.380187988281,3585.05688476562,2838.48779296875,728.501403808594,1100.18713378906,2245.9423828125,439.465850830078,1249.966796875,392.349548339844,1180.43188476562,1491.9677734375,4157.02685546875,3062.76196289062,3841.26440429688,1302.40991210938,1150.30773925781,1013.47064208984,2979.20849609375,1176.59582519531,1975.48669433594,5661.56103515625,1256.63928222656,1748.00708007812,32477.21484375,1374.52844238281,2937.41137695312,3338.75830078125,1049.88562011719,5759.07958984375,487.135498046875,919.295654296875,5189.91455078125,3054.578125,1111.44091796875,422.03515625,1510.50964355469,482.028350830078,1396.05822753906,820.958801269531,3914.82739257812,1442.10485839844,439.427429199219,948.388610839844,1828.43615722656,1128.22143554688,3094.88134765625,1643.35119628906,1121.68286132812,14695.43359375,360.790008544922,1758.52111816406,772.110595703125,2440.05541992188,1311.87451171875,1427.94970703125,1958.78100585938,3128.17260742188,910.336608886719,1454.83923339844,1007.64654541016,1256.03942871094,628.8359375,843.607788085938,812.297546386719,1802.07800292969,3384.95458984375,3068.53369140625,1140.08618164062,984.264099121094,445.894409179688,3679.24536132812,1123.26647949219,968.076843261719,4213.833984375,4167.4560546875,3541.8681640625,915.557861328125,233.703186035156,2466.173828125,775.487243652344,1443.94030761719,2024.3037109375,1753.85498046875,4908.39013671875,3109.97607421875,193.069580078125,702.310668945312,412.209045410156,1573.53503417969,1489.30346679688,431.062408447266,1004.15594482422,690.453735351562,541.784973144531,3675.34252929688,3526.09326171875,3678.24829101562,2572.27783203125,3277.08471679688,1091.82250976562,2652.79272460938,2504.25219726562,651.727233886719,1622.45397949219,4916.04150390625,859.476440429688,NA,2693.44067382812,1633.64782714844
2017-08-31,51.806022644043,19646.240234375,180.054092407227,293.766143798828,NA,NA,NA,0.538675725460052,52.5186424255371,7.59999990463257,183.677444458008,13.2144775390625,45.1502876281738,3.59801363945007,110.635559082031,176.10466003418,2.33446407318115,7.84963846206665,NA,17.8015689849854,45.5830116271973,NA,NA,NA,38492.8046875,13.989052772522,34.839054107666,2.77676200866699,106.736389160156,135.917678833008,22.4113521575928,2.18020534515381,1112.54284667969,NA,45.6577301025391,14548.3740234375,10.6110935211182,1206.05908203125,3.30298089981079,NA,79.8517456054688,72.2619094848633,53.0042991638184,90.1448516845703,89.2568283081055,74.7322616577148,280027.5,35.614875793457,0.464801609516144,39.4464988708496,975.938415527344,843.01220703125,497.253845214844,661.647338867188,27791.685546875,9842.90625,1354.95727539062,2976.24877929688,1055.61108398438,83.7097854614258,2090.52270507812,1169.58215332031,621.055236816406,4231.5732421875,1386.97790527344,NA,1320.48498535156,4144.95458984375,342.454895019531,1350.41918945312,607.405517578125,1683.26782226562,2409.41357421875,785.298095703125,4302.75,768.290161132812,5890.06640625,1338.39050292969,732.985046386719,1245.61279296875,1086.189453125,1615.56433105469,874.709716796875,10113.34375,404.733123779297,1030.43591308594,546.689880371094,1098.25903320312,510.260681152344,1597.57421875,990.612060546875,981.418579101562,3632.78540039062,2851.064453125,683.518005371094,1086.46899414062,2253.8974609375,442.981597900391,1204.3564453125,363.400665283203,1258.77758789062,1468.87512207031,3788.36865234375,2984.34375,3632.73193359375,1308.35888671875,1215.4111328125,1081.75073242188,2977.66088867188,1130.57495117188,1911.74926757812,5702.06298828125,1302.27990722656,1650.41174316406,34882.2421875,1463.12866210938,3009.88061523438,3504.28564453125,1027.41174316406,5886.029296875,451.596130371094,876.567626953125,5171.86328125,3039.95874023438,1092.10131835938,407.333770751953,1418.10534667969,449.516357421875,1372.76318359375,804.126403808594,3860.43505859375,1436.44653320312,454.005584716797,897.539855957031,1797.11462402344,1173.16772460938,2987.94775390625,1630.08117675781,1340.64343261719,16080.5302734375,391.849456787109,1729.9794921875,792.311218261719,2432.13159179688,1270.51342773438,1375.62475585938,2011.97119140625,3128.17260742188,860.706970214844,1525.91772460938,984.124816894531,1160.98986816406,640.928894042969,885.914978027344,780.853759765625,1755.54614257812,3416.16162109375,2946.48950195312,1081.42712402344,1025.12927246094,421.850799560547,3792.68090820312,1113.9638671875,1062.86437988281,3885.58203125,4352.939453125,3816.04711914062,913.051818847656,254.173538208008,2681.41943359375,936.419738769531,1386.66796875,1911.45678710938,1691.6552734375,4721.8076171875,3293.01879882812,184.006546020508,785.678283691406,413.594787597656,1602.68151855469,1468.19787597656,407.140411376953,978.320190429688,760.316772460938,570.255920410156,4296.38134765625,3253.10546875,3665.69506835938,2563.81616210938,3148.65869140625,1164.4912109375,3012.9111328125,2456.77807617188,605.6455078125,1608.21411132812,4924.96337890625,912.520263671875,NA,3029.09765625,1505.34606933594
2017-09-30,52.0946388244629,20356.279296875,180.054092407227,300.195068359375,NA,NA,NA,0.553892552852631,50.3759155273438,7.90000009536743,193.183883666992,13.3426485061646,70.1961059570312,3.56117463111877,98.8658294677734,173.136581420898,2.18147730827332,7.84261083602905,NA,17.4089431762695,44.3874359130859,NA,NA,NA,38979.17578125,13.5954999923706,33.9770622253418,2.76175212860107,118.152061462402,128.115737915039,20.8539543151855,2.07356476783752,1080.41162109375,NA,43.7610855102539,14356.4423828125,10.6815977096558,1213.11633300781,3.29393410682678,NA,79.4714965820312,71.0070037841797,54.023609161377,87.5909576416016,95.1163558959961,68.5852737426758,333955.0625,36.9234390258789,0.452569991350174,37.7930526733398,1074.89379882812,813.661193847656,545.830932617188,699.267883300781,29024.70703125,10380.8740234375,1415.58166503906,3385.1103515625,1108.46875,80.09130859375,2335.63818359375,1194.2685546875,650.24951171875,4318.92333984375,1448.04028320312,NA,1320.48498535156,4710.4619140625,366.905700683594,1434.48657226562,625.299194335938,1752.79016113281,2360.76391601562,777.416870117188,4465.0302734375,836.858276367188,5712.09619140625,1457.85241699219,756.18701171875,1239.90539550781,1172.32055664062,1681.15014648438,888.987243652344,10542.017578125,466.847412109375,1104.681640625,572.991149902344,1161.63549804688,557.200988769531,1581.85900878906,1036.71276855469,972.676330566406,3930.70654296875,2844.40600585938,706.568359375,1108.02111816406,2452.92138671875,469.349548339844,1348.38720703125,414.523162841797,1282.83215332031,1505.55163574219,3824.2939453125,3093.83325195312,3925.4912109375,1369.59729003906,1304.52673339844,1195.8759765625,3042.0576171875,1188.07238769531,1903.99755859375,6663.92138671875,1337.34765625,1715.30883789062,36805.859375,1391.94287109375,3349.55541992188,3724.22924804688,1039.00366210938,5678.4482421875,468.140411376953,968.513122558594,4910.4150390625,3122.60693359375,1144.23022460938,436.859710693359,1538.06140136719,469.007019042969,1464.79577636719,921.625366210938,3914.77075195312,1430.7880859375,487.118865966797,901.087463378906,1907.51513671875,1107.29516601562,3202.6796875,1751.22412109375,1434.97216796875,15237.6708984375,432.735778808594,1688.11560058594,767.608459472656,2322.98706054688,1194.11730957031,1485.55615234375,2134.06762695312,3362.80200195312,926.291687011719,1706.22790527344,1034.17993164062,1271.68688964844,646.888671875,929.713928222656,795.854736328125,1727.89135742188,3377.98364257812,3277.75146484375,1133.08825683594,1089.12414550781,455.852661132812,3644.13012695312,1094.40344238281,1107.92749023438,4229.10107421875,4696.38232421875,3985.42041015625,952.797424316406,252.467681884766,2914.39501953125,1087.47033691406,1555.57250976562,1954.85949707031,1676.76245117188,4847.23779296875,3365.37133789062,191.330200195312,851.362243652344,495.241180419922,1644.44860839844,1469.94604492188,435.614044189453,1076.51940917969,808.287048339844,630.553894042969,4242.6640625,3165.90087890625,3756.7021484375,2665.72534179688,3454.22485351562,1222.16235351562,2899.54174804688,2667.95483398438,668.773864746094,1578.06042480469,5146.8203125,913.070983886719,NA,3261.5263671875,1697.244140625
2017-10-31,54.904369354248,22011.609375,202.093063354492,312.338592529297,NA,NA,NA,0.536024987697601,51.3379592895508,7.40000009536743,232.567565917969,14.5987253189087,66.2236557006836,3.80063271522522,105.456893920898,179.072723388672,2.20414185523987,8.36264228820801,NA,18.2386455535889,50.7179222106934,NA,NA,NA,40577.25,13.8101663589478,34.5158081054688,2.81428551673889,108.639007568359,119.081954956055,22.6012783050537,2.17428088188171,1124.59216308594,NA,44.7192878723145,25718.76171875,10.9283676147461,1245.09130859375,3.38709688186646,NA,78.3307571411133,70.4380950927734,52.9314842224121,88.0741348266602,101.173294067383,72.1232528686523,379966.65625,40.5095329284668,0.464801609516144,42.7533912658691,1119.74768066406,857.784729003906,569.58544921875,791.074890136719,30520.87890625,11763.32421875,1636.86108398438,3567.56103515625,1159.01696777344,84.9989776611328,2660.5380859375,1317.16772460938,658.453674316406,4729.23046875,1554.10949707031,NA,1345.85314941406,5385.13916015625,364.431610107422,1491.25451660156,635.075439453125,2075.12255859375,2398.53100585938,796.408264160156,4595.0859375,884.829406738281,5772.27099609375,1601.73022460938,794.634155273438,1304.68298339844,1275.07641601562,1775.26623535156,941.00634765625,11536.5478515625,569.753295898438,1145.30590820312,582.384460449219,1172.40124511719,548.645385742188,1691.84289550781,1102.31274414062,957.306823730469,4149.33642578125,3138.83349609375,760.429626464844,1212.01306152344,2833.00561523438,445.618408203125,1406.275390625,439.879119873047,1358.91479492188,1585.244140625,4047.54174804688,3268.11376953125,4542.13232421875,1463.193359375,1364.86840820312,1414.3720703125,3241.72875976562,1192.68969726562,1990.59375,7607.17626953125,1457.67858886719,1793.33715820312,40097.8984375,1576.78161621094,3634.34033203125,3882.78784179688,1077.0908203125,5863.72705078125,531.253479003906,1074.66967773438,4992.10400390625,3452.75,1205.77795410156,459.685302734375,1683.49755859375,483.002807617188,1582.4912109375,928.5634765625,4093.7568359375,1592.61462402344,496.282318115234,990.959594726562,1887.66809082031,1190.37121582031,3066.99975585938,1816.29052734375,1485.80236816406,15583.3369140625,435.950042724609,1890.17834472656,776.612854003906,2375.62866210938,1176.599609375,1553.04467773438,2179.60229492188,3496.10961914062,944.9013671875,1790.16577148438,1134.60827636719,1361.21496582031,725.412841796875,974.006469726562,864.523559570312,1807.59594726562,3443.19458007812,3453.50219726562,1252.78051757812,1076.54235839844,504.778289794922,3481.6533203125,1141.40747070312,960.307373046875,4618.42333984375,4990.900390625,4066.83251953125,939.118835449219,251.785339355469,2936.3740234375,1163.70153808594,1638.08337402344,2010.91259765625,1829.19506835938,5284.46337890625,3420.16430664062,220.624801635742,851.362243652344,513.958862304688,1810.951171875,1577.90856933594,466.085845947266,1147.30908203125,887.834106445312,685.421569824219,4403.81396484375,3359.26684570312,3899.89501953125,3490.22045898438,3901.50244140625,1227.6083984375,3575.0859375,3091.94799804688,716.128051757812,1848.84106445312,5676.77197265625,873.009399414062,NA,3696.09155273438,1893.89782714844
2017-11-30,55.7107810974121,22724.9609375,187.954833984375,355.376708984375,NA,NA,NA,0.530069053173065,55.361026763916,6.59999990463257,221.363632202148,15.656138420105,67.0956573486328,3.72695302963257,94.1579284667969,193.912979125977,2.14748001098633,8.74914932250977,NA,19.4091186523438,57.0113868713379,NA,NA,NA,41619.47265625,14.311053276062,35.2341384887695,2.79927635192871,123.669624328613,112.101287841797,23.2470302581787,2.15058302879333,1116.55920410156,NA,44.6205024719238,46754.40625,10.7873582839966,1816.767578125,3.49356698989868,NA,78.7110137939453,69.9047622680664,56.5718994140625,90.1546401977539,102.779518127441,75.3449783325195,338902.5625,39.9782600402832,0.428106725215912,40.6275329589844,1128.39794921875,1010.95367431641,591.696533203125,735.690795898438,31531.2734375,13608.671875,1761.14123535156,3681.59228515625,1166.71447753906,91.3044204711914,2536.9033203125,1345.65466308594,699.350830078125,4509.57568359375,1528.96691894531,NA,1430.859375,5659.09765625,342.247375488281,1483.97668457031,641.091430664062,2049.8583984375,2381.24780273438,829.489929199219,4443.47412109375,940.335266113281,5122.55224609375,1536.21801757812,755.282409667969,1314.10009765625,1298.345703125,1958.98901367188,896.83935546875,11952.861328125,495.678741455078,1143.53942871094,563.597839355469,1251.35070800781,540.742492675781,1450.35595703125,1260.45520019531,945.596313476562,3922.23950195312,3179.52099609375,734.367797851562,1215.69421386719,2666.71899414062,450.891937255859,1379.39868164062,471.394348144531,1345.98974609375,1651.80517578125,4254.53662109375,3236.83227539062,4813.419921875,1459.79699707031,1335.029296875,1339.26403808594,3221.3701171875,1123.4365234375,2005.33288574219,7237.443359375,1547.54577636719,1755.63806152344,42165.84765625,1743.59497070312,3700.9921875,3921.48388671875,976.549865722656,6380.10595703125,561.890991210938,1106.12316894531,5382.3955078125,3389.47241210938,1139.83386230469,450.388793945312,1577.07153320312,499.157470703125,1657.59802246094,975.203735351562,4015.95727539062,1580.16662597656,545.223266601562,1090.29211425781,1941.00756835938,1141.52563476562,2894.2451171875,1815.00646972656,1573.77722167969,17363.74609375,470.933715820312,1984.642578125,810.378601074219,2219.38720703125,1116.74780273438,1582.94982910156,2119.15844726562,2980.07861328125,959.323669433594,1799.32299804688,1113.14294433594,1436.72998046875,822.633117675781,900.32763671875,921.747680664062,1781.57824707031,3565.84106445312,3260.1767578125,1345.87475585938,1104.8515625,499.2705078125,3523.43334960938,1111.63842773438,1064.41833496094,4847.43603515625,4696.38232421875,4192.22412109375,930.142211914062,246.838302612305,3081.43408203125,1284.63610839844,1790.97143554688,1832.24279785156,1865.11303710938,5346.56396484375,3637.57006835938,235.180541992188,889.256713867188,588.050109863281,1977.07971191406,1652.65148925781,481.752716064453,1076.51940917969,916.862976074219,740.2890625,5156.7880859375,3548.84204101562,4118.896484375,3383.42114257812,4455.0634765625,1114.15100097656,3494.05249023438,2971.94995117188,713.6357421875,1986.02465820312,5955.2216796875,831.278503417969,NA,4528.62744140625,1833.66149902344
2017-12-31,56.725830078125,22764.939453125,190.865631103516,362.519958496094,NA,NA,NA,0.524113357067108,58.290885925293,6.80000019073486,199.634658813477,15.9252996444702,65.9814224243164,3.86203241348267,89.6383514404297,197.705490112305,2.17581105232239,8.7069845199585,NA,19.5943164825439,60.2321586608887,NA,NA,NA,45418.15234375,14.6688270568848,36.4193840026855,2.70080709457397,95.0353622436523,117.850074768066,23.6268825531006,2.15650749206543,1112.54284667969,NA,45.8355407714844,47924.4140625,10.0117950439453,2248.91552734375,3.62665581703186,NA,80.6122436523438,69.7625122070312,55.5525856018066,92.1329574584961,102.51927947998,77.2127838134766,367103.1875,45.1138954162598,0.452569991350174,41.9502906799316,1155.47045898438,988.017272949219,617.318481445312,774.23046875,30661.748046875,14046.5517578125,1758.98999023438,3354.9736328125,1249.080078125,82.3277206420898,2683.5400390625,1394.76025390625,773.934753417969,4240.95068359375,1652.32177734375,NA,1248.16320800781,5560.96337890625,347.195526123047,1489.07141113281,688.844360351562,1994.97485351562,2368.8525390625,899.635070800781,4599.39697265625,976.213806152344,5291.7978515625,1551.97412109375,726.153015136719,1336.3583984375,1392.65844726562,2013.69360351562,935.853576660156,12336.796875,463.742370605469,1101.14892578125,571.112365722656,1374.44018554688,591.713256835938,1446.052734375,1251.08361816406,945.596313476562,4093.16455078125,3160.92797851562,731.182434082031,1232.25927734375,3124.96484375,454.407684326172,1364.099609375,477.143035888672,1352.74597167969,1722.89465332031,4274.91943359375,3275.560546875,4660.98193359375,1437.52990722656,1444.21875,1280.73828125,3388.1552734375,1134.20922851562,2130.6201171875,7298.58056640625,1596.28723144531,1718.37744140625,43009.71875,1721.38940429688,3831.8720703125,3809.1708984375,1003.51843261719,6582.75732421875,550.861450195312,1188.689453125,5627.46240234375,3395.89135742188,1148.62634277344,508.737548828125,1694.10192871094,495.137359619141,1546.826171875,1086.21508789062,4060.34594726562,1535.65502929688,572.505310058594,1021.70538330078,1890.76916503906,1061.52648925781,2826.4052734375,1906.25073242188,1603.10229492188,15213.9970703125,543.442565917969,1801.11254882812,846.395385742188,2171.79931640625,1009.23474121094,1539.70849609375,2309.31567382812,3225.19311523438,912.33447265625,1654.33923339844,1045.6796875,1500.17797851562,852.547058105469,905.012512207031,875.088073730469,1792.31591796875,3552.8857421875,3475.4716796875,1434.02893066406,1142.99060058594,505.636627197266,3625.56127929688,1097.1455078125,1064.41833496094,4991.87451171875,4465.5419921875,4403.70703125,960.491577148438,244.705993652344,3085.83032226562,1344.8740234375,1924.44482421875,1784.94775390625,1921.73937988281,5384.3291015625,3895.62915039062,297.980773925781,945.892700195312,705.816101074219,2024.97277832031,1659.11083984375,532.669494628906,1004.86669921875,932.31982421875,727.642028808594,5146.1416015625,3743.53125,4038.8759765625,3626.92358398438,4083.07080078125,1140.47314453125,4154.3515625,3275.9453125,779.266906738281,2118.7255859375,6036.0615234375,873.844055175781,NA,4542.35009765625,1911.6142578125
2018-01-31,61.6648483276367,23098.2890625,212.072952270508,413.951293945312,NA,NA,NA,0.541980862617493,58.5969886779785,5.90000009536743,203.029800415039,16.9186305999756,71.358772277832,4.54356718063354,86.8136215209961,244.369918823242,2.66876840591431,9.08646774291992,NA,20.3203067779541,68.5987701416016,NA,NA,NA,48212.00390625,15.2412691116333,38.9335441589355,2.67811059951782,103.026313781738,120.72444152832,29.1347579956055,2.84374642372131,1163.95275878906,NA,48.6113548278809,76350.171875,10.0470476150513,2163.6494140625,4.12573623657227,NA,82.5134735107422,75.0960388183594,60.2851142883301,96.018928527832,110.101661682129,88.4295501708984,433894.21875,46.1321601867676,0.538191378116608,44.8792533874512,1198.24206542969,1012.50872802734,613.135437011719,764.088439941406,32269.65234375,15228.8271484375,1758.98999023438,3907.21240234375,1251.64587402344,80.6193542480469,2548.40478515625,1394.48876953125,758.272033691406,4269.4775390625,1680.60693359375,NA,1225.24291992188,5577.3193359375,338.288909912109,1494.16564941406,719.676879882812,2162.23950195312,2356.45727539062,1124.1611328125,4609.45654296875,967.113891601562,5236.32275390625,1652.31579589844,727.238586425781,1280.14172363281,1405.01391601562,2090.16333007812,910.580322265625,12114.7626953125,514.9736328125,1101.65356445312,618.078918457031,1348.60205078125,593.235961914062,1540.734375,1251.08361816406,952.915222167969,4146.30322265625,3273.06518554688,827.466979980469,1180.72351074219,3245.27392578125,461.439117431641,1338.87683105469,469.238586425781,1230.83728027344,1682.14270019531,4186.794921875,3230.87377929688,5076.9560546875,1536.03234863281,1376.5830078125,1251.47534179688,3370.92846679688,1095.7353515625,2047.70922851562,7435.41064453125,1529.26770019531,1831.03649902344,49630.875,1690.90307617188,4229.3583984375,3897.888671875,979.388610839844,6534.37353515625,615.812927246094,1155.92517089844,5663.7685546875,3838.833984375,1151.02429199219,496.795745849609,1714.55407714844,526.702392578125,1521.23083496094,1093.92419433594,3981.59204101562,1536.0751953125,568.756591796875,992.142150878906,1872.16223144531,1041.14196777344,2854.013671875,1912.7216796875,1771.7216796875,16464.072265625,541.050537109375,1794.63500976562,880.161315917969,2184.01196289062,963.586975097656,1503.74157714844,2212.16259765625,3139.18798828125,912.33447265625,1646.70861816406,1005.81494140625,1512.63403320312,843.198913574219,924.177429199219,940.2353515625,1786.53405761719,3530.86059570312,3954.3916015625,1397.55126953125,1120.18579101562,559.497741699219,3425.94653320312,1072.8603515625,996.047058105469,4593.4619140625,4417.78271484375,4154.7939453125,994.688049316406,246.753051757812,3204.51635742188,1840.57788085938,1936.57873535156,1795.45764160156,1882.93420410156,5229.076171875,3634.91870117188,315.374389648438,926.693176269531,636.404357910156,1937.04418945312,1683.10229492188,517.7861328125,964.292175292969,893.111999511719,757.289855957031,5292.607421875,3674.49145507812,3845.14501953125,3836.25219726562,4198.21142578125,1102.80517578125,4098.1904296875,3907.93359375,784.251647949219,2211.97436523438,6116.90185546875,894.709411621094,NA,5141.59326171875,2051.57446289062
2018-02-28,57.5761909484863,22068.240234375,204.587997436523,385.9140625,NA,NA,NA,0.541980862617493,57.3288497924805,6.69999980926514,204.38786315918,18.3926029205322,70.1961059570312,4.15060997009277,82.9531326293945,234.146621704102,2.41945672035217,9.17782211303711,NA,20.6610736846924,61.7870025634766,NA,NA,NA,45847.97265625,15.2770471572876,37.496883392334,2.5570662021637,124.335548400879,114.154418945312,25.1083087921143,2.57714509963989,1105.71508789062,NA,42.269458770752,69772.3125,9.97654247283936,2115.2021484375,3.67989015579224,NA,83.2739715576172,69.69140625,57.8824348449707,92.3449096679688,110.595207214355,81.2745361328125,445273.4375,43.4757919311523,0.477033257484436,38.0953979492188,1158.99487304688,1057.79858398438,569.436096191406,721.403869628906,31706.15234375,13377.3544921875,1691.9228515625,3997.62451171875,1202.38073730469,77.3734664916992,2484.19091796875,1347.28259277344,749.819213867188,4229.06396484375,1623.25085449219,NA,1172.94860839844,5740.87744140625,361.380279541016,1451.2255859375,733.777221679688,1981.90710449219,1988.50500488281,1166.43176269531,4391.73828125,982.027221679688,5332.22998046875,1506.77905273438,582.496643066406,1286.06262207031,1294.22717285156,2043.10498046875,817.583740234375,11703.072265625,502.775726318359,1045.384765625,612.442993164062,1355.779296875,594.323547363281,1433.14123535156,1351.82641601562,944.864685058594,3736.83056640625,3082.65698242188,746.530090332031,1023.35504150391,3000.8251953125,435.950103759766,1387.25512695312,437.723327636719,1315.14526367188,1649.48522949219,4651.61083984375,2997.01171875,4704.0439453125,1441.68127441406,1358.45861816406,1206.60559082031,3114.095703125,1066.49536132812,1884.09912109375,7339.337890625,1468.34069824219,1644.29431152344,41757.8125,1690.90307617188,4183.30810546875,3765.7568359375,925.924377441406,6784.06787109375,598.655883789062,1047.14770507812,5128.25244140625,3577.47094726562,1263.32922363281,462.557434082031,1640.3212890625,491.042846679688,1332.833984375,1011.05108642578,3665.62329101562,1444.5869140625,485.661041259766,1018.15783691406,1733.85107421875,1003.83508300781,2981.80590820312,1679.77856445312,1896.35266113281,17105.931640625,490.369049072266,1601.92858886719,758.604309082031,2261.5009765625,955.278503417969,1372.40185546875,2258.90966796875,3147.78857421875,863.484375,1559.71813964844,930.685363769531,1385.3486328125,796.458435058594,925.029235839844,693.731750488281,1749.36633300781,3213.44653320312,3444.71484375,1282.03881835938,1087.94458007812,512.717956542969,3244.95434570312,1144.14929199219,865.208984375,4749.7021484375,4338.1826171875,4026.59423828125,961.774169921875,221.079788208008,3238.88989257812,2095.75439453125,2028.79675292969,1609.78125,2001.99572753906,4780.1025390625,3613.70849609375,308.118133544922,871.654968261719,643.423583984375,1861.46325683594,1580.67663574219,490.369415283203,861.560913085938,824.875183105469,677.664306640625,6105.255859375,3417.50634765625,3297.64379882812,3494.49243164062,4446.20703125,1021.56964111328,4037.21459960938,3675.93774414062,737.728149414062,2205.6982421875,5712.70068359375,964.817260742188,NA,4602.1708984375,1929.33081054688
2018-03-31,58.6413078308105,21454.30078125,204.587997436523,365.734375,NA,NA,NA,0.524113357067108,58.0722351074219,5.5,230.870025634766,17.623571395874,59.2960891723633,4.13219022750854,86.0603485107422,210.402191162109,2.39112567901611,9.00916385650635,NA,20.3721618652344,59.0845222473145,NA,NA,NA,43483.93359375,15.169713973999,35.9883880615234,2.5495011806488,137.844055175781,106.763130187988,24.4245777130127,2.64231443405151,1109.32958984375,NA,41.8842010498047,66013.53125,10.8578615188599,2083.09375,3.58672904968262,NA,85.9356918334961,66.775749206543,61.0859985351562,88.4273452758789,115.602256774902,77.9243316650391,481884.78125,40.5095329284668,0.55042290687561,34.5806427001953,1112.6923828125,1000.26293945312,528.091918945312,686.789245605469,32104.0234375,13587.8974609375,1640.09826660156,3855.44384765625,1143.87817382812,77.2779769897461,2546.21264648438,1306.13891601562,727.200927734375,3789.87353515625,1653.9326171875,NA,1208.99816894531,5549.95654296875,341.076751708984,1420.31604003906,700.333190917969,1930.646484375,2000.24853515625,1090.69763183594,3784.60400390625,932.113220214844,5030.05712890625,1432.68713378906,597.910461425781,1315.75671386719,1211.73486328125,2134.35400390625,839.798950195312,10925.6865234375,499.356903076172,1094.75012207031,573.089233398438,1310.35986328125,571.892395019531,1406.18139648438,1316.1279296875,942.555541992188,3613.36328125,2899.7744140625,754.069763183594,1048.88623046875,2755.13549804688,441.945983886719,1273.27136230469,398.81689453125,1258.15026855469,1734.40173339844,4604.091796875,2958.77587890625,4696.048828125,1446.19799804688,1276.27429199219,1043.708984375,3260.4443359375,1081.91137695312,1752.17272949219,6754.56982421875,1536.94006347656,1589.26196289062,40032.05078125,1745.1005859375,3972.44653320312,3812.98291015625,918.728271484375,6895.52294921875,591.947143554688,957.998718261719,5110.29443359375,3621.5986328125,1304.86450195312,432.268859863281,1656.05090332031,466.398895263672,1272.56079101562,1021.39300537109,3818.8408203125,1493.02185058594,453.862365722656,962.135559082031,1716.69946289062,1067.81030273438,2807.42407226562,1606.44445800781,1720.40258789062,17856.068359375,488.684844970703,1450.27954101562,691.117797851562,2400.69409179688,878.840515136719,1332.748046875,2302.8115234375,2868.7490234375,916.521667480469,1528.13391113281,903.151794433594,1330.12573242188,803.419006347656,864.08349609375,641.832885742188,1755.16174316406,3243.56494140625,3050.10571289062,1253.31677246094,1115.78271484375,496.218597412109,3296.31323242188,1193.84252929688,883.234191894531,4960.62646484375,4359.15185546875,3910.67944335938,966.486267089844,212.721069335938,3154.93530273438,1847.666015625,2325.46557617188,1546.76147460938,2061.08520507812,5758.72802734375,3836.10205078125,322.4814453125,814.056640625,637.215148925781,1642.08532714844,1538.83557128906,461.765991210938,827.152587890625,790.204956054688,654.793090820312,6437.875,3379.15087890625,3442.05004882812,3126.7275390625,4370.57568359375,1011.90203857422,3647.29296875,3323.66650390625,716.583740234375,2048.81420898438,5657.16455078125,883.511535644531,NA,4432.2294921875,1960.80419921875
2018-04-30,57.782341003418,22467.869140625,188.786514282227,349.126312255859,NA,NA,NA,0.518157482147217,61.8329315185547,6,230.870025634766,19.7640323638916,53.4343032836914,4.28568935394287,78.0569229125977,214.457412719727,2.43645524978638,9.69785213470459,NA,22.4785003662109,57.4186172485352,NA,NA,NA,43842.12890625,15.2054929733276,36.6348838806152,2.66298007965088,123.764770507812,88.6955184936523,26.2858543395996,2.64231443405151,1128.6083984375,NA,44.0771942138672,68049.5390625,11.2808961868286,1972.435546875,3.85290551185608,NA,85.9356918334961,66.2068405151367,58.4649047851562,90.424072265625,129.322204589844,83.8538970947266,482874.28125,41.0850677490234,0.599349498748779,43.4714584350586,1170.7314453125,1049.634765625,555.519348144531,714.232238769531,32556.125,15149.6875,1762.03857421875,3798.67431640625,1167.484375,82.0881271362305,2433.07934570312,1426.68395996094,769.125549316406,4052.54223632812,1755.97766113281,NA,1307.13330078125,5838.33837890625,362.17431640625,1472.26037597656,759.510986328125,1930.646484375,1915.76281738281,1159.98754882812,3374.23388671875,959.363647460938,5558.18994140625,1415.00476074219,608.046142578125,1385.23449707031,1198.40991210938,2144.17553710938,919.148010253906,11921.8935546875,586.95166015625,1173.494140625,575.771728515625,1440.95690917969,612.227233886719,1336.69262695312,1459.74841308594,978.609497070312,3586.01245117188,2852.36083984375,821.25390625,1092.43530273438,2912.81616210938,402.582397460938,1366.19226074219,446.346374511719,1305.57165527344,1997.37023925781,4952.271484375,3147.1865234375,4103.81689453125,1482.80590820312,1312.13439941406,1119.79248046875,3188.87377929688,1150.01440429688,1788.54321289062,5674.42822265625,1722.95874023438,1769.52844238281,38777.28125,1704.76049804688,4154.224609375,4161.51220703125,957.386535644531,6786.65869140625,583.305603027344,1045.69323730469,4918.31640625,4002.62524414062,1297.99255371094,478.879943847656,1786.3974609375,479.133361816406,1483.2412109375,1088.52868652344,3954.814453125,1541.07238769531,493.163299560547,972.852478027344,1761.40673828125,1195.13537597656,2962.00537109375,1595.66003417969,1557.15966796875,17547.466796875,542.35888671875,1481.54638671875,732.901123046875,2494.71362304688,762.619750976562,1378.71911621094,2498.3369140625,3116.1298828125,944.43603515625,1633.41552734375,979.190368652344,1464.43798828125,890.706298828125,877.390258789062,666.723876953125,1967.92102050781,3382.80541992188,3254.037109375,1285.5712890625,1202.31774902344,491.831726074219,3417.70703125,1361.0439453125,982.061889648438,5124.6787109375,4770.849609375,4121.5029296875,1008.06958007812,215.791610717773,3318.42578125,1724.80346679688,2016.5390625,1622.94775390625,2093.71704101562,6237.701171875,3861.18627929688,362.791625976562,895.97412109375,675.022766113281,1727.11987304688,1708.68310546875,501.098602294922,942.832336425781,797.106567382812,709.853332519531,6720.41259765625,3482.71142578125,3731.01245117188,3385.8486328125,4034.72216796875,1085.56164550781,3824.77172851562,3226.50732421875,740.888977050781,1981.181640625,5367.98095703125,900.324157714844,NA,4106.12841796875,2153.49462890625
2018-05-31,57.0522308349609,22201.8203125,186.291519165039,357.277954101562,NA,NA,NA,0.518157482147217,63.6075134277344,5.5,211.517669677734,18.4830303192139,49.3165245056152,3.99097084999084,80.6933441162109,211.622406005859,2.32313179969788,8.94109439849854,NA,20.9868946075439,56.9373512268066,NA,NA,NA,37108.1953125,15.4559373855591,37.425048828125,2.48141288757324,151.828262329102,91.1592864990234,24.5385303497314,2.5277373790741,1145.07580566406,NA,40.7383155822754,72982.9375,11.739182472229,2051.0615234375,4.31871366500854,NA,82.8937072753906,64.4015274047852,55.3341636657715,90.2814559936523,132.464981079102,78.0034027099609,430430.96875,42.0016937255859,0.544307112693787,37.3206405639648,1128.34350585938,1002.984375,496.876068115234,709.77734375,32488.0703125,14998.8505859375,1874.83349609375,3702.41186523438,1155.4248046875,80.5268020629883,2917.38403320312,1445.44177246094,770.141845703125,3701.68115234375,1637.52526855469,NA,1310.91638183594,5656.71337890625,344.927947998047,1407.70056152344,736.646850585938,1910.47180175781,1915.4365234375,1081.1083984375,3250.83129882812,877.867248535156,6137.5234375,1300.91198730469,608.776611328125,1389.84704589844,1101.38793945312,2190.34008789062,867.082824707031,11712.4111328125,572.837768554688,1209.79833984375,588.226013183594,1337.06469726562,630.203186035156,1562.04846191406,1520.96362304688,917.53857421875,3410.97192382812,2795.1630859375,798.907897949219,1127.64538574219,2786.20581054688,354.272491455078,1246.90173339844,416.884246826172,1239.47839355469,1971.34655761719,4681.849609375,3226.69213867188,4053.302734375,1407.66369628906,1394.76928710938,1055.4140625,3138.77416992188,1433.26171875,1711.67749023438,6048.21044921875,1671.11730957031,1746.111328125,38507.73828125,1754.03100585938,4092.42016601562,4263.79833984375,992.465270996094,7293.82373046875,603.674926757812,999.188659667969,4671.48583984375,3785.42163085938,1345.69226074219,466.80419921875,1746.40905761719,427.589080810547,1368.36328125,942.227355957031,3914.7939453125,1493.02185058594,468.864318847656,919.268188476562,1786.41760253906,1223.25622558594,2681.021484375,1581.42456054688,1760.48022460938,17770.611328125,533.628356933594,1555.89636230469,650.012023925781,2522.79223632812,715.114868164062,1349.98742675781,2516.22265625,3554.47045898438,962.580383300781,1374.85595703125,852.718200683594,1352.57678222656,964.853698730469,764.840515136719,659.612182617188,1985.05920410156,3416.85180664062,2930.40649414062,1120.45910644531,1192.74731445312,461.855499267578,3529.76293945312,1338.80334472656,1176.298828125,4827.822265625,4835.42919921875,4161.38818359375,945.913391113281,191.056610107422,3269.82055664062,1755.51904296875,2216.00390625,1573.33813476562,1964.95397949219,6689.5,3778.7666015625,389.665130615234,806.376831054688,575.777893066406,1725.20458984375,1794.99877929688,482.218963623047,926.306640625,772.951599121094,636.157409667969,8151.04931640625,3421.34252929688,3939.2353515625,3355.61743164062,4146.6728515625,1078.19567871094,3391.65673828125,3254.84545898438,704.012268066406,1864.85412597656,5178.2041015625,828.869873046875,NA,4041.82690429688,1774.35827636719
2018-06-30,54.2080421447754,22304.509765625,186.616424560547,352.445068359375,NA,NA,NA,0.506592929363251,60.6038208007812,6.59999990463257,203.70881652832,17.3363914489746,46.2379264831543,3.60415363311768,78.3394012451172,196.780532836914,2.20414185523987,8.29938793182373,NA,19.9576892852783,54.2997894287109,NA,NA,NA,37824.57421875,15.7063837051392,36.7067184448242,2.33010721206665,139.600769042969,89.9274063110352,21.9935131072998,2.28492522239685,1170.92993164062,NA,38.0118865966797,71025.234375,11.9506998062134,2021.94091796875,3.99129557609558,NA,83.6542129516602,60.5105438232422,52.1305999755859,84.4338455200195,122.525810241699,73.249870300293,412620.03125,39.0557708740234,0.513728022575378,35.2892646789551,1168.9384765625,1100.95031738281,478.161773681641,696.412109375,30412.294921875,15998.1455078125,1780.49194335938,2978.38452148438,1104.87646484375,79.4228286743164,2952.04638671875,1432.47680664062,782.083923339844,3800.83862304688,1606.71166992188,NA,1348.96875,5274.052734375,337.476806640625,1383.95446777344,709.940063476562,1732.05554199219,2068.06616210938,1310.63146972656,3415.85546875,835.2548828125,5972.54150390625,1241.5498046875,613.433471679688,1392.73010253906,1126.78845214844,2283.65063476562,862.076599121094,12354.826171875,517.055114746094,1145.37133789062,582.477783203125,1331.57739257812,627.752014160156,1797.05517578125,1495.06469726562,892.521362304688,3448.32177734375,2792.83862304688,781.089538574219,1182.3134765625,2460.74682617188,329.222930908203,1250.25024414062,405.69482421875,1282.1572265625,2164.00756835938,4676.40673828125,3184.6884765625,3832.95849609375,1350.24731445312,1362.69555664062,1059.31579589844,3002.7900390625,1414.68798828125,1631.43640136719,5565.53076171875,1637.57287597656,1711.64880371094,37764.1640625,1760.61584472656,4029.4033203125,4349.0361328125,1000.34014892578,7352.93310546875,698.732177734375,985.901489257812,5156.00341796875,3763.33325195312,1365.49963378906,455.805084228516,1689.1181640625,407.956878662109,1324.0654296875,892.166748046875,4101.87890625,1506.86047363281,464.638397216797,988.332336425781,1779.22692871094,1262.31286621094,2596.48461914062,1517.1474609375,1572.7998046875,16408.021484375,584.721252441406,1523.90209960938,602.582397460938,2501.94580078125,732.513793945312,1354.50244140625,2428.689453125,3350.490234375,957.927917480469,1328.40808105469,894.617004394531,1311.21948242188,1049.3251953125,750.331787109375,626.720397949219,1916.50756835938,3563.51293945312,2894.94067382812,1130.05847167969,1122.96069335938,470.336486816406,3469.06640625,1319.34301757812,1247.77807617188,4937.19091796875,4932.29931640625,3864.14624023438,943.724792480469,174.595031738281,3446.56713867188,1484.32360839844,2147.8935546875,1537.90234375,1982.388671875,6627.50439453125,3518.96508789062,343.331634521484,724.773376464844,622.249755859375,1605.69653320312,1770.86730957031,443.672943115234,999.367370605469,711.146179199219,588.780578613281,8333.0166015625,3352.646484375,3968.9814453125,3644.96948242188,3492.87841796875,1141.26696777344,3450.27416992188,2914.78662109375,656.239868164062,1689.91125488281,4672.13134765625,854.089050292969,NA,3596.30688476562,1759.19274902344
2018-07-31,54.8900680541992,22553.720703125,212.044509887695,317.898651123047,NA,17.6000003814697,NA,0.500414848327637,60.5154838562012,7,178.745239257812,17.4276008605957,43.1748428344727,3.75638604164124,80.8010864257812,193.111724853516,2.20606207847595,8.24947738647461,NA,20.1515960693359,54.751033782959,NA,NA,NA,38397.671875,15.6330003738403,36.4193840026855,2.50932955741882,123.823959350586,91.6484985351562,24.1499004364014,2.36586260795593,1214.61828613281,NA,38.7428855895996,55128.73828125,12.8935995101929,1752.08959960938,4.00466680526733,NA,84.2355041503906,62.037841796875,57.0815544128418,87.714225769043,116.760063171387,72.488899230957,369082.1875,39.0111389160156,0.57488626241684,34.826301574707,1190.94775390625,1132.82800292969,522.333618164062,693.739074707031,28637.91796875,15319.380859375,1737.58874511719,3024.45922851562,1140.54248046875,81.5045928955078,2941.45532226562,1462.26843261719,791.993469238281,4414.369140625,1584.70202636719,NA,1385.46350097656,5311.4873046875,350.537170410156,1444.06188964844,718.009765625,1977.13647460938,2122.18969726562,1429.72326660156,3413.66528320312,861.44482421875,6352.7578125,1272.70458984375,694.335815429688,1313.16174316406,1145.94323730469,2382.8544921875,854.066711425781,12401.376953125,592.328186035156,1159.17712402344,593.974182128906,1342.55187988281,631.985961914062,1881.98596191406,1443.26708984375,906.501647949219,3496.86743164062,2782.07080078125,778.752563476562,1179.53369140625,2545.41259765625,380.216705322266,1203.78955078125,431.563995361328,1363.66296386719,2069.50317382812,4489.8388671875,3132.18579101562,3818.15209960938,1394.94738769531,1459.13989257812,971.527282714844,3234.99731445312,1382.1845703125,1667.43249511719,5583.189453125,1634.52355957031,1714.29956054688,34836.34765625,1683.0146484375,3921.54907226562,4403.02001953125,942.830139160156,7080.56982421875,736.384704589844,1011.14703369141,4799.4716796875,3762.41259765625,1469.38745117188,489.109924316406,1705.65185546875,400.604309082031,1375.14575195312,955.033813476562,4112.96875,1492.17944335938,454.073608398438,1077.63940429688,1899.59301757812,1240.44079589844,2619.83251953125,1627.25610351562,1568.88977050781,16013.96484375,622.148803710938,1469.18505859375,652.722473144531,2317.3095703125,769.168823242188,1407.04077148438,2341.8046875,3389.55053710938,923.500305175781,1348.53552246094,903.927673339844,1311.61340332031,993.010681152344,743.3779296875,637.388061523438,1793.19897460938,3404.6298828125,2899.37353515625,1158.47326660156,1188.75915527344,475.820037841797,3109.55322265625,1366.60412597656,1393.84423828125,5148.115234375,5013.025390625,3893.58569335938,924.02734375,172.889175415039,3168.19140625,1569.95739746094,2065.18896484375,1521.95666503906,1879.40734863281,8137.46142578125,3693.6591796875,304.874786376953,765.096313476562,792.383911132812,1735.54650878906,1783.86120605469,471.992431640625,1015.89300537109,747.416687011719,575.962463378906,7776.09228515625,3628.47290039062,3731.01245117188,3549.95825195312,3649.61010742188,1121.93115234375,3268.72338867188,2890.4970703125,667.13525390625,1799.02478027344,4554.64990234375,914.615173339844,NA,3371.2509765625,1767.22143554688
2018-08-31,54.2943687438965,22865.150390625,220.66423034668,304.294860839844,NA,16.7999992370605,NA,0.537482798099518,59.8087348937988,7,176.985931396484,16.6273002624512,45.3627700805664,3.73699021339417,77.6191864013672,189.345809936523,2.11614060401917,8.19819259643555,NA,20.5535049438477,56.8568344116211,NA,NA,NA,37036.5625,16.2733898162842,36.5630531311035,2.52496337890625,95.3779144287109,105.847564697266,23.7165431976318,2.36586260795593,1194.8349609375,NA,38.9404525756836,62724.6015625,12.7466640472412,1694.81921386719,3.90438365936279,NA,86.2221832275391,65.7833938598633,56.6297645568848,83.0789260864258,122.091491699219,71.6587677001953,458136.875,42.8497619628906,0.599349498748779,32.3603019714355,1129.81079101562,1233.90393066406,508.241088867188,646.426513671875,30572.712890625,16356.6318359375,1973.55725097656,3304.19677734375,1124.12072753906,78.0665283203125,3261.11572265625,1444.61413574219,805.714294433594,4910.15087890625,1555.48901367188,NA,1308.91357421875,5233.845703125,345.430206298828,1447.7724609375,711.861389160156,1828.89477539062,1952.46838378906,1341.87353515625,3397.6005859375,845.268798828125,6160.279296875,1263.02111816406,742.457214355469,1318.193359375,1114.9208984375,2338.65454101562,854.817626953125,13192.755859375,596.808837890625,1212.86633300781,588.226013183594,1319.50524902344,677.149108886719,1851.58471679688,1443.26708984375,971.251647949219,3257.32275390625,2740.53540039062,743.261779785156,1323.15307617188,2455.31005859375,341.747711181641,1110.44995117188,434.643707275391,1392.70874023438,2212.77124023438,4543.0205078125,3016.67919921875,3792.89575195312,1377.22155761719,1610.37731933594,819.3603515625,2695.03564453125,1334.20251464844,1676.43139648438,5851.01708984375,1686.36486816406,1629.91027832031,34362.328125,1557.92163085938,3903.37109375,4226.8603515625,900.115173339844,7505.2119140625,770.950988769531,1007.16107177734,4255.53125,3543.3681640625,1521.53369140625,484.494903564453,1715.26452636719,385.444213867188,1485.78479003906,943.003601074219,4409.50732421875,1423.12280273438,442.875,1077.63940429688,2018.39538574219,1243.95629882812,2657.6728515625,1511.48986816406,1362.63696289062,16065.2646484375,593.983215332031,1568.43957519531,674.856262207031,2240.30737304688,830.749206542969,1443.16064453125,2252.05029296875,3367.85009765625,910.938781738281,1238.60888671875,807.715698242188,1330.91357421875,1045.57104492188,715.734130859375,609.830139160156,1735.09802246094,3254.47778320312,2695.44262695312,1234.11779785156,1300.01843261719,487.225738525391,3200.6591796875,1283.20202636719,1190.28381347656,5468.40673828125,4012.03369140625,3655.22216796875,910.4580078125,175.362686157227,2933.27783203125,1967.20446777344,2381.41357421875,1536.13061523438,1748.90539550781,8543.4013671875,3587.94702148438,284.036163330078,732.837890625,883.752075195312,1862.71508789062,1700.32983398438,419.286590576172,845.417724609375,763.749938964844,649.453247070312,7410.49267578125,3457.53833007812,3136.09008789062,3865.22216796875,3766.03930664062,1147.71228027344,2922.71899414062,2688.08081054688,611.820129394531,1881.08557128906,4495.90966796875,979.34423828125,NA,3450.58178710938,2033.06262207031
2018-09-30,53.9835739135742,24120.0390625,226.267059326172,289.259124755859,NA,15.5,68.75,0.553198635578156,62.0351028442383,6.09999990463257,173.467330932617,17.387020111084,54.649242401123,3.69819736480713,76.3657073974609,189.854385375977,2.08616709709167,8.2997636795044,NA,20.568696975708,60.3514747619629,NA,NA,NA,38827.5,17.328145980835,37.2095489501953,2.53278112411499,86.3421173095703,112.731956481934,25.0560111999512,2.39076638221741,1220.80065917969,NA,39.6418151855469,62646.296875,11.8650503158569,1657.55200195312,4.25749969482422,NA,87.4141998291016,66.2386856079102,56.0281181335449,81.2960891723633,109.815155029297,65.2251892089844,528391.125,44.9906044006348,0.611580967903137,32.7854766845703,1173.18359375,1357.08605957031,545.505432128906,689.2763671875,32126.6640625,18285.583984375,2237.10668945312,3425.15258789062,1198.36669921875,82.2595901489258,3664.1044921875,1580.10986328125,905.178771972656,5478.93798828125,1693.88110351562,NA,1419.61877441406,4440.9130859375,372.859130859375,1498.29150390625,792.044921875,1783.54760742188,1981.86901855469,1534.66357421875,3617.93017578125,890.101440429688,6443.771484375,1322.517578125,739.88818359375,1474.04602050781,1264.07202148438,2337.65576171875,967.380615234375,14146.4453125,547.359985351562,1253.41296386719,601.638305664062,1412.93505859375,785.548706054688,1698.88232421875,1591.07189941406,1013.32922363281,3416.48828125,2776.6865234375,791.227478027344,1465.40588378906,2724.52905273438,365.902679443359,1120.21728515625,485.663452148438,1527.90881347656,2517.12475585938,4992.8759765625,3188.8427734375,3789.22412109375,1442.43872070312,1457.39440917969,692.554565429688,2718.0146484375,1372.30737304688,1832.6650390625,5630.9951171875,1764.11462402344,1718.76879882812,33887.3828125,1528.74365234375,3973.58129882812,4494.91845703125,930.898620605469,7982.93603515625,769.716491699219,1153.76708984375,4101.673828125,3767.890625,1618.0693359375,498.917297363281,1822.77075195312,413.608489990234,1458.37231445312,1106.88061523438,4465.921875,1359.55883789062,453.660919189453,1056.20581054688,2335.2216796875,1357.14904785156,2862.40356445312,1680.787109375,1451.58947753906,15517.6884765625,659.313537597656,1564.47119140625,753.22802734375,2399.7060546875,851.17822265625,1482.35107421875,2386.06665039062,3761.8583984375,933.450256347656,1296.59020996094,845.271057128906,1492.84802246094,1272.802734375,739.410339355469,482.738098144531,1873.37414550781,3495.7861328125,2872.4384765625,1389.296875,1388.21765136719,513.992614746094,3346.14331054688,1381.01806640625,1073.4423828125,5710.5791015625,4229.71337890625,3770.13061523438,955.794616699219,195.918319702148,3004.38793945312,1800.69372558594,2508.38989257812,1616.74658203125,1890.06042480469,9454.8212890625,3708.24731445312,295.715240478516,828.572448730469,954.680786132812,2031.93542480469,1937.80676269531,443.247619628906,908.035522460938,850.240905761719,669.962219238281,8333.962890625,3663.43676757812,3270.00170898438,3963.84497070312,2973.42456054688,1231.08471679688,3286.4580078125,3112.408203125,657.104064941406,1869.90148925781,4374.54443359375,1034.09045410156,NA,3122.1748046875,2157.01293945312
2018-10-31,47.5259208679199,21920.4609375,201.70085144043,238.960983276367,NA,12.1800003051758,50.7000007629395,0.52776426076889,52.6721496582031,6.5,160.096603393555,15.6343231201172,49.3982467651367,3.42665195465088,60.7840156555176,176.293319702148,2.0022406578064,7.7919111251831,NA,18.5179004669189,56.0623474121094,NA,NA,NA,33956.15625,15.5576620101929,34.8031387329102,2.47024345397949,65.01953125,111.87141418457,23.7953338623047,2.14172840118408,1240.583984375,NA,36.5597686767578,41894.7109375,8.6692008972168,1627.39733886719,3.85458159446716,NA,87.0168685913086,57.9772071838379,46.9282493591309,72.6673049926758,95.5326690673828,56.9435653686523,383429.90625,33.0231056213379,0.49538066983223,29.2896175384521,1093.81384277344,1196.16833496094,526.811767578125,618.205871582031,26926.41015625,18017.236328125,2031.783203125,2904.68798828125,1153.42150878906,76.136604309082,2934.568359375,1498.53942871094,822.1845703125,4322.0078125,1706.0966796875,NA,1272.86291503906,4462.24951171875,339.032409667969,1466.54174804688,739.124328613281,1677.93469238281,1942.111328125,1344.27221679688,3401.34521484375,838.85400390625,6123.0146484375,1218.00732421875,627.11376953125,1425.39672851562,1064.10473632812,2088.73876953125,868.44970703125,12275.841796875,475.995025634766,1212.22839355469,620.798767089844,1277.94360351562,692.113647460938,1669.70031738281,1439.76635742188,1004.33489990234,3472.19702148438,2478.25048828125,748.56201171875,1356.40856933594,2321.28930664062,317.5927734375,1057.58312988281,438.544555664062,1461.5947265625,2381.49829101562,4714.76708984375,2983.40356445312,3491.1455078125,1441.65539550781,1265.25463867188,583.306518554688,2751.10229492188,1247.97607421875,1591.33422851562,5320.13525390625,1536.68505859375,1606.23022460938,33691.671875,1542.09106445312,3522.6181640625,4113.060546875,871.718078613281,6553.2470703125,605.709106445312,1098.63366699219,3972.63232421875,3585.96044921875,1426.2197265625,465.072479248047,1751.82470703125,417.266723632812,1312.53515625,1015.09625244141,4460.6181640625,1304.23461914062,387.426940917969,897.834411621094,2274.82836914062,1371.01403808594,2511.18310546875,1551.09411621094,1257.06677246094,14032.1044921875,590.870422363281,1300.29675292969,625.758666992188,2389.82373046875,746.784790039062,1282.70776367188,2211.88623046875,3608.9375,955.136474609375,1143.44970703125,783.211242675781,1448.26159667969,1169.24621582031,694.707946777344,437.790435791016,1750.79345703125,3343.96801757812,2401.01806640625,1149.60205078125,1093.33227539062,481.050140380859,3458.77661132812,1308.6923828125,848.456359863281,5093.4306640625,3948.00415039062,3603.94067382812,923.440490722656,128.707336425781,2649.72778320312,1541.41271972656,1768.91088867188,1416.53564453125,1948.65368652344,8045.14404296875,3647.412109375,215.92350769043,697.457824707031,818.070983886719,1660.93371582031,1737.31201171875,412.212310791016,802.083374023438,688.87109375,563.998779296875,6759.80126953125,2882.57690429688,3214.28759765625,3014.26513671875,2754,1181.22619628906,2935.22094726562,2465.35498046875,606.297058105469,1567.63098144531,4174.04541015625,956.957458496094,NA,3020.4150390625,1993.64392089844
2018-11-30,49.9173240661621,22351.060546875,194.374160766602,279.235321044922,NA,14.2799997329712,52.4500007629395,0.553198635578156,56.665828704834,6.30000019073486,167.133819580078,16.2474327087402,57.0316467285156,3.59475159645081,55.4615631103516,193.244613647461,2.05019855499268,8.16917419433594,NA,19.1027545928955,57.4667549133301,NA,NA,NA,33812.875,15.4069814682007,35.0545539855957,2.40770530700684,72.3820343017578,111.87141418457,25.4893703460693,2.20398783683777,1257.07019042969,NA,36.5597686767578,51839.80859375,8.48552989959717,1722.72619628906,3.68669843673706,NA,85.0301742553711,60.0701179504395,46.9282493591309,82.1882934570312,104.81812286377,54.5717468261719,330986.5625,37.8820877075195,0.507612228393555,27.3999652862549,1124.90026855469,1156.62084960938,480.423370361328,587.134826660156,29993.974609375,18639.171875,2381.14013671875,2859.25024414062,1093.05871582031,75.0145950317383,3017.66796875,1571.13989257812,791.675903320312,4550.3369140625,1641.76159667969,NA,1204.79907226562,4516.3037109375,366.909698486328,1423.45263671875,695.61181640625,1795.95202636719,1886.65112304688,1298.46606445312,3166.8984375,828.759765625,6586.9658203125,1272.81140136719,638.537353515625,1439.96228027344,1105.61535644531,2222.54418945312,878.393981933594,11794.162109375,557.195495605469,1136.07543945312,674.447998046875,1300.31799316406,640.146606445312,1684.29138183594,1580.43310546875,1035.81408691406,3660.80786132812,2476.71215820312,798.877868652344,1229.71118164062,2391.05859375,290.753967285156,985.638671875,406.105377197266,1347.18835449219,2501.95361328125,4825.4873046875,3117.84521484375,3430.1142578125,1440.48095703125,1266.37451171875,521.8544921875,2885.06640625,1482.65185546875,1582.94689941406,4899.73486328125,1532.07507324219,1620.01965332031,35863.21484375,1475.66442871094,3675.77514648438,4431.275390625,936.625610351562,7272.87646484375,556.009887695312,1054.25817871094,4682.36083984375,3886.09887695312,1424.17895507812,470.465881347656,1774.43395996094,389.753753662109,1309.75524902344,941.278198242188,4631.79052734375,1342.68688964844,409.080413818359,760.896789550781,2361.64428710938,1350.01904296875,2075.24267578125,1686.00988769531,1311.80688476562,14479.6845703125,527.189758300781,1139.55078125,606.445190429688,2513.13891601562,893.404907226562,1324.71618652344,2184.42724609375,3019.09887695312,964.093872070312,1233.76342773438,889.262817382812,1284.24731445312,1246.44274902344,771.291198730469,443.184143066406,1749.10266113281,3490.490234375,2368.7529296875,1253.54736328125,1001.48266601562,465.880279541016,3707.50854492188,1367.75854492188,787.919250488281,5085.619140625,4074.56909179688,3847.05224609375,893.602722167969,139.113098144531,2715.50439453125,1738.84692382812,1784.47888183594,1619.40454101562,2065.83862304688,8903.431640625,3717.32739257812,261.892456054688,607.446472167969,656.045288085938,1559.99938964844,1842.6884765625,424.149047851562,849.367919921875,726.007995605469,503.155334472656,6842.20361328125,2995.23828125,3827.14526367188,3105.73803710938,2543.53173828125,1223.62927246094,2724.97314453125,2567.73706054688,630.853698730469,1672.01879882812,4547.7041015625,934.071838378906,NA,3274.81469726562,1872.46325683594
2018-12-31,48.6581268310547,20014.76953125,194.374160766602,281.025238037109,NA,12.9200000762939,43.9000015258789,0.553198635578156,57.6864395141602,3.09999990463257,161.504058837891,15.7876033782959,48.571704864502,3.61414742469788,54.6130523681641,192.058029174805,2.02621960639954,8.16917419433594,NA,18.6622180938721,52.4943962097168,NA,NA,NA,34705.44140625,15.2186326980591,33.7974739074707,2.39609980583191,66.5494079589844,111.441131591797,22.6134471893311,2.13550233840942,799.579162597656,NA,35.0582618713379,49725.49609375,8.26512813568115,1473.7041015625,3.27706551551819,NA,89.798225402832,55.2233924865723,43.8448181152344,82.2620010375977,109.203193664551,54.2950286865234,382440.40625,37.432186126709,0.434222608804703,23.8568649291992,1059.25500488281,1037.58825683594,413.802642822266,524.189331054688,27111.4375,17796.240234375,1959.53857421875,2419.333984375,952.47412109375,71.8409042358398,2572.69970703125,1467.70532226562,780.816772460938,3489.42016601562,1520.42102050781,114.643333435059,1186.70910644531,3560.41137695312,336.227691650391,1287.38159179688,662.683410644531,1512.60424804688,1800.53344726562,1094.0517578125,2757.54638671875,756.860229492188,6314.896484375,1033.62817382812,625.742858886719,1393.35229492188,1031.02258300781,2175.318359375,798.586303710938,10938.359375,513.278564453125,966.674499511719,625.5888671875,1164.58056640625,583.420959472656,1454.72595214844,1471.44592285156,948.122314453125,3437.35668945312,2372.47290039062,719.431579589844,1122.5771484375,1864.83618164062,245.1279296875,838.448852539062,352.724548339844,1275.49792480469,1976.46008300781,3961.33837890625,2933.85620117188,2948.94287109375,1257.23950195312,1246.66772460938,487.714508056641,2822.92651367188,1530.830078125,1443.02844238281,3804.32641601562,1252.39855957031,1538.61853027344,30979.5546875,1325.11804199219,3032.7578125,4400.87841796875,934.000732421875,7151.0703125,479.597381591797,872.721130371094,4428.88623046875,3718.021484375,1144.15966796875,413.250122070312,1567.83251953125,320.704742431641,1177.8173828125,766.848876953125,4394.56005859375,1270.49108886719,358.980194091797,803.764221191406,1972.54541015625,1307.23669433594,1941.17016601562,1375.63488769531,1381.20959472656,13075.0478515625,442.999145507812,1018.30242919922,545.096252441406,2393.69067382812,723.959411621094,1216.16015625,1907.24462890625,2647.71923828125,838.690979003906,1160.72692871094,780.854553222656,1018.32135009766,1112.76086425781,668.804748535156,392.842712402344,1698.37939453125,3425.1728515625,2107.94848632812,1201.18713378906,910.438781738281,413.900909423828,3735.66650390625,1255.65344238281,627.21484375,4801.3125,3841.85327148438,3742.59057617188,791.148010253906,115.572196960449,2359.95556640625,1341.47009277344,1434.19958496094,1432.48181152344,1862.65441894531,7268.07177734375,3533.0048828125,215.362915039062,574.406005859375,573.443969726562,1369.43225097656,1673.89965820312,335.817749023438,783.695068359375,650.952270507812,427.855255126953,6553.86474609375,2715.46606445312,3840.00244140625,2826.96240234375,2062.1416015625,1070.32604980469,2430.21484375,2106.60913085938,519.925048828125,1443.27355957031,3645.4541015625,912.881652832031,NA,2495.8896484375,1706.40100097656
2019-01-31,53.3567581176758,20773.490234375,190.495269775391,309.664825439453,NA,9.84000015258789,53.2999992370605,0.559557259082794,62.5675964355469,4.19999980926514,171.004287719727,15.940878868103,44.7793159484863,3.9180212020874,53.9959526062012,206.805618286133,2.17009353637695,8.35054874420166,NA,19.1331443786621,57.618579864502,NA,NA,NA,35862.29296875,15.5953330993652,32.0016479492188,2.46970009803772,73.7206726074219,129.942947387695,26.9470367431641,2.29737710952759,826.369140625,NA,38.0118865966797,49255.6484375,8.33859539031982,1554.44152832031,3.39794111251831,NA,85.0301742553711,57.9772071838379,45.1233100891113,96.7094497680664,120.066902160645,59.5130462646484,394809.09375,40.8964576721191,0.507612228393555,42.5171852111816,1103.73498535156,1065.0576171875,448.959289550781,609.4560546875,27199.083984375,15731.5390625,1971.82385253906,2794.81225585938,1056.99792480469,74.8703384399414,2814.26782226562,1489.0087890625,822.443115234375,4072.66259765625,1621.80969238281,113.377029418945,1231.48193359375,4448.0244140625,357.220581054688,1356.17321777344,694.827697753906,1626.01416015625,1892.40112304688,1173.82299804688,3266.63208007812,849.555725097656,6012.27685546875,1160.22973632812,665.679931640625,1380.53430175781,1051.04040527344,2190.07690429688,824.593688964844,11003.83203125,565.658630371094,1058.36865234375,699.356628417969,1254.07788085938,639.466796875,1499.9580078125,1467.66333007812,1002.08642578125,3398.40698242188,2461.80590820312,775.926818847656,1207.35266113281,2177.02221679688,262.125885009766,898.882141113281,361.244964599609,1393.48840332031,2030.71020507812,3926.07202148438,3045.337890625,3247.90625,1284.25598144531,1270.62902832031,609.64306640625,2846.330078125,1490.42224121094,1532.62194824219,4760.587890625,1364.57641601562,1712.0966796875,33300.23046875,1410.78979492188,3167.68212890625,4462.62255859375,897.728881835938,6728.35595703125,532.402709960938,930.544128417969,4617.83984375,3835.30688476562,1313.96716308594,429.820831298828,1608.76306152344,336.78564453125,1307.40295410156,816.685791015625,4388.29150390625,1307.49951171875,385.940856933594,1064.54089355469,2103.08374023438,1310.40551757812,2099.09594726562,1509.98278808594,1624.607421875,13484.5341796875,455.827484130859,1127.97717285156,616.215576171875,2456.4228515625,805.601501464844,1286.451171875,2149.12548828125,3001.62231445312,900.920959472656,1214.13012695312,811.491516113281,1072.06384277344,1086.40124511719,699.039489746094,427.901916503906,1815.04272460938,3503.73046875,2451.20727539062,1253.54736328125,960.392272949219,402.895294189453,3721.58715820312,1381.82177734375,684.319519042969,4648.50634765625,4172.55517578125,3806.21728515625,832.938720703125,121.030967712402,2284.40185546875,1704.36633300781,1522.74230957031,1577.767578125,1865.34497070312,7197.1181640625,3599.28857421875,312.065979003906,618.836608886719,609.184936523438,1492.19018554688,1734.51452636719,356.507965087891,809.964111328125,729.526245117188,518.413024902344,6157.32421875,2917.3447265625,3604.28857421875,2918.43627929688,2075.57568359375,1172.37280273438,2585.6328125,2250.7626953125,560.570678710938,1617.55554199219,4055.56787109375,981.538330078125,NA,2830.77197265625,1815.01477050781
2019-02-28,53.2951622009277,21385.16015625,206.0107421875,300.535888671875,NA,11.960000038147,60.9000015258789,0.591350197792053,69.6674728393555,4.09999990463257,197.0419921875,16.5539875030518,48.8148078918457,3.90509009361267,56.0786514282227,229.350860595703,2.19407248497009,8.02407169342041,NA,19.0040130615234,62.7427635192871,NA,NA,NA,33100.7890625,15.7083425521851,32.6840629577637,2.46970009803772,88.9237670898438,132.094329833984,28.3653011322021,2.34095883369446,824.308288574219,NA,38.5156860351562,47454.5703125,8.41206359863281,1692.57092285156,3.48523926734924,NA,85.0301742553711,61.3552474975586,47.3042755126953,95.8249053955078,135.002792358398,57.6155853271484,372050.6875,47.1951446533203,0.544307112693787,30.6218223571777,1107.37280273438,1040.5107421875,443.651184082031,595.527709960938,31615.40625,16544.302734375,2325.03247070312,2514.75244140625,1030.0830078125,76.9540786743164,3008.97216796875,1520.96435546875,811.584045410156,4910.5048828125,1627.10302734375,117.344795227051,1215.87915039062,4310.046875,385.097991943359,1324.42321777344,686.007690429688,1642.84838867188,1949.51733398438,1298.46606445312,3326.17358398438,824.453674316406,6496.27587890625,1184.44506835938,686.242736816406,1439.46765136719,1007.63330078125,2406.52612304688,852.38623046875,11307.806640625,601.341003417969,1076.75903320312,711.810974121094,1193.66711425781,600.265014648438,1685.26428222656,1612.34899902344,1015.57763671875,3564.75561523438,2530.58422851562,776.073913574219,1133.75646972656,2152.9775390625,266.599029541016,867.565307617188,346.051879882812,1490.86840820312,2172.78930664062,4092.70751953125,3220.56518554688,3262.05859375,1262.32971191406,1276.67565917969,635.979675292969,2780.15478515625,1473.32678222656,1527.66552734375,4541.5078125,1392.23681640625,1701.86572265625,36114.859375,1492.11596679688,3275.86450195312,4744.74169921875,803.708312988281,7387.86181640625,540.478942871094,950.714721679688,4235.32421875,3845.46557617188,1402.95288085938,393.396636962891,1644.6259765625,328.173553466797,1313.17663574219,845.978576660156,4638.541015625,1345.6953125,372.566680908203,1172.900390625,2238.34033203125,1319.51684570312,2324.88061523438,1323.65759277344,1727.24499511719,13270.525390625,399.982025146484,1091.60266113281,593.039306640625,2633.8759765625,861.669006347656,1288.53076171875,2065.31762695312,2565.57885742188,926.378723144531,1294.23425292969,852.341125488281,1064.10205078125,1043.095703125,671.836853027344,423.407196044922,1927.47924804688,3703.2119140625,2563.23681640625,1237.64562988281,978.117431640625,420.519165039062,3744.92456054688,1408.34106445312,654.051025390625,4415.27685546875,4295.03662109375,3923.974609375,864.933471679688,134.080795288086,2365.68212890625,1874.32434082031,1796.15478515625,1569.79431152344,1906.59753417969,7860.49462890625,3690.99560546875,313.92626953125,600.479125976562,627.452514648438,1513.234375,1759.69299316406,358.895294189453,856.372863769531,642.586669921875,547.156066894531,6987.494140625,3055.888671875,3780.00268554688,3049.11157226562,1988.25378417969,1201.26281738281,2691.1689453125,2276.15380859375,572.425720214844,1621.18627929688,4379.1025390625,957.805114746094,NA,2950.46850585938,1924.52587890625
2019-03-31,53.7966957092285,21205.810546875,211.613555908203,323.089599609375,NA,11.3800001144409,52.9000015258789,0.57863312959671,69.3568420410156,4.5,198.801284790039,16.8138942718506,45.9948272705078,3.71759390830994,56.6957473754883,234.538787841797,2.13412475585938,8.01681709289551,NA,19.1331443786621,66.7282409667969,NA,NA,NA,31234.8984375,15.4069814682007,33.0432319641113,2.46970009803772,89.6408996582031,136.827346801758,30.0593414306641,2.25379538536072,906.326965332031,NA,36.698070526123,43382.55859375,8.55899810791016,1629.02001953125,3.41808700561523,NA,87.0168685913086,60.5474472045898,50.763729095459,100.25936126709,152.625854492188,54.5618591308594,316144.125,47.465087890625,0.477033257484436,28.675479888916,1092.09533691406,908.748474121094,431.588684082031,641.066528320312,33633.06640625,16503.072265625,2337.31811523438,2660.55737304688,1037.64184570312,76.8849105834961,3068.71704101562,1528.26171875,810.514099121094,5143.283203125,1667.54919433594,105.272636413574,1078.62084960938,4650.10693359375,396.354400634766,1323.43054199219,688.943969726562,1662.35864257812,1888.96032714844,1601.68859863281,3430.38305664062,790.376342773438,7020.15966796875,1230.74462890625,737.255187988281,1228.28295898438,924.123107910156,2477.74658203125,877.182678222656,12217.2099609375,598.387817382812,1078.41247558594,725.132202148438,1169.60290527344,590.302124023438,1650.88427734375,1604.458984375,990.094421386719,3461.70068359375,2540.07153320312,825.691528320312,1145.5498046875,2073.38891601562,250.485015869141,820.270935058594,327.622589111328,1515.48400878906,2145.46728515625,3834.37841796875,3248.97314453125,3379.58984375,1280.52941894531,1104.935546875,499.419647216797,2891.31762695312,1618.74951171875,1520.189453125,4732.27392578125,1559.88818359375,1799.14978027344,38798.69921875,1530.29565429688,3423.27661132812,4898.6884765625,844.275634765625,7645.7001953125,538.615112304688,982.749877929688,4451.5986328125,4249.72802734375,1369.36059570312,383.070892333984,1578.75256347656,307.279235839844,1394.24096679688,829.204162597656,4572.0009765625,1473.14855957031,346.430603027344,1152.23803710938,2155.298828125,1311.8515625,2130.24243164062,1409.11181640625,1694.98742675781,13667.162109375,397.251068115234,1084.69519042969,546.553955078125,2599.72338867188,1030.85510253906,1241.19055175781,2192.68872070312,2358.69189453125,937.033447265625,1303.63342285156,889.390808105469,944.629028320312,1026.30981445312,619.203796386719,379.294708251953,1866.56665039062,3718.45532226562,2478.53662109375,1142.42602539062,933.424865722656,407.350524902344,4182.4599609375,1408.62939453125,654.151306152344,4334.853515625,4253.65869140625,3926.94262695312,841.265319824219,101.498825073242,2510.73974609375,2214.23974609375,1813.75439453125,1497.93188476562,2161.28979492188,5379.51953125,3590.8701171875,327.595733642578,577.598693847656,595.956237792969,1503.09167480469,1811.78161621094,347.226043701172,856.200317382812,624.438354492188,540.230163574219,7595.14306640625,3116.83447265625,3885.30932617188,2769.26049804688,2040.47265625,1233.41455078125,2714.23803710938,2453.87890625,515.504821777344,1522.29113769531,4759.22900390625,991.864196777344,NA,3239.45556640625,2072.03637695312
2019-04-30,55.5916900634766,22258.73046875,223.250122070312,347.254119873047,NA,12.0200004577637,57,0.57863312959671,70.9543151855469,4.30000019073486,207.949691772461,18.8264999389648,51.9265022277832,3.80810904502869,67.0321197509766,233.167190551758,2.26001405715942,8.77859592437744,NA,21.1383590698242,71.6246719360352,NA,NA,NA,34481.5390625,15.9343605041504,32.7558937072754,2.59236741065979,91.4576263427734,139.839263916016,30.6108837127686,2.25379538536072,925.286010742188,NA,37.4389457702637,46514.875,9.88141918182373,1597.82409667969,3.34421825408936,NA,88.2088775634766,60.5107269287109,53.9223670959473,100.780364990234,160.586135864258,54.522331237793,336428.8125,51.0193481445312,0.49538066983223,31.651683807373,1162.46618652344,1019.67645263672,431.51025390625,659.663635253906,33706.203125,20382.224609375,2162.24926757812,3203.45947265625,1076.45983886719,75.4626312255859,3231.8125,1596.666015625,805.768005371094,5531.00390625,1665.46704101562,110.759979248047,1148.94592285156,5128.19482421875,398.337005615234,1340.42749023438,719.211730957031,1868.36193847656,1772.66381835938,1721.34448242188,3120.04760742188,818.349426269531,7506.16259765625,1368.74377441406,751.010559082031,1135.04418945312,1038.8623046875,2418.611328125,894.882568359375,13281.625,730.251770019531,1094.9912109375,725.132202148438,1214.2939453125,613.528442382812,1785.06359863281,1588.79431152344,949.604431152344,3575.30517578125,2442.04174804688,761.743103027344,1214.03857421875,2300.44995117188,273.592437744141,877.695068359375,339.764678955078,1560.64123535156,1902.81140136719,3499.34375,3183.56762695312,3718.8017578125,1266.02819824219,1142.60876464844,578.429382324219,2556.09228515625,1653.05834960938,1540.80615234375,5725.54248046875,1683.93518066406,1682.52575683594,43030.765625,1498.94458007812,3852.86376953125,4552.865234375,855.4912109375,7504.501953125,601.981689453125,1003.19537353516,4687.84326171875,3802.14404296875,1245.92407226562,375.085296630859,1534.28051757812,320.792816162109,1542.2451171875,849.236999511719,4502.5673828125,1440.98364257812,404.9521484375,1192.49926757812,2037.0283203125,1081.55407714844,2297.453125,1482.67297363281,1560.09228515625,12663.6279296875,424.074401855469,1117.33862304688,647.325500488281,2455.12548828125,1214.7958984375,1246.26171875,2090.6259765625,2339.17602539062,858.670288085938,1312.40954589844,869.431457519531,971.003784179688,975.278137207031,663.964477539062,416.587432861328,1756.31616210938,3684.12036132812,2347.80126953125,1253.60424804688,934.242248535156,389.287994384766,4380.05615234375,1316.94836425781,616.206787109375,4471.57421875,4034.3544921875,3761.505859375,827.463500976562,137.321929931641,1892.90393066406,2408.1357421875,1923.14599609375,1614.46789550781,1933.50170898438,5588.18896484375,3434.30517578125,378.974060058594,608.726745605469,579.871032714844,1524.2958984375,1698.36938476562,351.291961669922,844.630004882812,632.209594726562,589.577941894531,8290.2763671875,3040.52026367188,3781.5859375,3461.57543945312,2443.07666015625,1226.89086914062,2887.71728515625,2464.74047851562,498.349945068359,1803.31555175781,5466.681640625,962.717041015625,NA,3817.4306640625,2096.4560546875
2019-05-31,50.197925567627,20601.189453125,202.993804931641,292.633361816406,NA,9.57999992370605,60.5499992370605,0.574652254581451,66.0934371948242,5,218.857360839844,16.7275238037109,44.6334609985352,3.62061309814453,57.0042953491211,213.793716430664,2.07020235061646,7.81666707992554,NA,17.9789791107178,66.7503890991211,NA,NA,NA,32690.291015625,15.7836818695068,31.0678176879883,2.61690068244934,64.5563659667969,122.628280639648,29.7441673278809,2.09192061424255,963.204162597656,NA,36.6387977600098,40015.3203125,9.47734642028809,1577.35119628906,2.94130086898804,NA,89.40087890625,56.0223999023438,44.9729080200195,92.3695983886719,141.223785400391,49.1461944580078,296848.9375,45.4506340026855,0.439047068357468,27.8723773956299,1074.75500488281,1028.48022460938,393.216583251953,659.127197265625,29995.2109375,19909.623046875,2223.6767578125,3262.47045898438,1012.74481201172,79.5496444702148,3366.7548828125,1539.37719726562,746.970092773438,4906.34228515625,1664.63415527344,119.033210754395,1261.1044921875,4298.44287109375,410.577575683594,1187.45654296875,672.507141113281,1620.62060546875,1715.20373535156,1650.36743164062,2783.91455078125,699.595153808594,7259.31884765625,1177.10229492188,679.002258300781,1078.27697753906,899.505554199219,2611.78540039062,896.96484375,12462.1201171875,593.271423339844,1082.09680175781,779.347717285156,1198.25085449219,527.336669921875,1409.18200683594,1465.84899902344,918.281982421875,3293.7275390625,2423.06787109375,780.883239746094,1219.66833496094,1949.17138671875,289.305572509766,743.4189453125,335.291290283203,1565.15710449219,1738.8798828125,3214.56469726562,3136.41528320312,3307.09399414062,1236.623046875,1163.58874511719,482.837341308594,2671.12084960938,1665.53430175781,1405.43615722656,4552.2255859375,1646.72131347656,1791.52416992188,33417.515625,1482.80383300781,3317.10009765625,4314.6953125,881.502014160156,7436.9736328125,459.717742919922,854.624328613281,4743.43017578125,3713.18334960938,1207.53063964844,367.259338378906,1582.32604980469,262.82275390625,1420.83874511719,690.388122558594,4478.9404296875,1400.37536621094,350.915832519531,1231.80200195312,1868.42907714844,1017.24755859375,2129.8203125,1462.85107421875,1580.61987304688,12353.009765625,406.662719726562,886.036499023438,531.633361816406,2342.66040039062,1116.43188476562,1108.49267578125,1954.12731933594,2149.34521484375,799.779174804688,1187.94995117188,796.779357910156,921.500427246094,851.478271484375,654.241516113281,325.629486083984,1646.92041015625,3790.24755859375,2208.89404296875,942.854858398438,914.625915527344,358.528900146484,4384.76123046875,1207.33850097656,585.788452148438,3920.66967773438,3281.27563476562,3517.70458984375,680.459777832031,104.654663085938,1761.27807617188,1819.26745605469,2004.21313476562,1421.73583984375,1838.44104003906,5526.712890625,3143.27807617188,343.622009277344,495.654693603516,494.619476318359,1206.63415527344,1805.22058105469,338.281097412109,787.668579101562,569.877990722656,480.666198730469,7448.6982421875,2807.560546875,3288.89892578125,3201.40625,1711.06872558594,1097.35205078125,2375.58081054688,2114.66357421875,446.885192871094,1460.9599609375,4740.853515625,903.565124511719,NA,2936.48559570312,1911.04919433594
2019-06-30,54.2970695495605,21275.919921875,212.863494873047,316.510772705078,NA,10,68.5,0.568046987056732,75.6058731079102,4.5,220.968521118164,17.8775806427002,46.0751113891602,3.8698616027832,59.7040977478027,236.424667358398,2.10205173492432,8.43046283721924,NA,19.9910926818848,72.3000793457031,NA,NA,NA,34220.3125,16.0850410461426,32.9354820251465,2.8622350692749,77.9311752319336,135.536529541016,30.6896781921387,2.15936326980591,938.223266601562,NA,38.4070243835449,37626.9296875,10.24875831604,1584.17578125,2.94231605529785,NA,89.798225402832,58.2542152404785,46.2513999938965,98.6218566894531,158.892868041992,52.4370994567871,316638.875,54.3589668273926,0.432590425014496,28.8172035217285,1125.93383789062,1104.97534179688,401.769836425781,706.156555175781,32248.146484375,20658.17578125,2177.11450195312,3329.068359375,1018.90228271484,82.0182037353516,3489.07592773438,1538.80725097656,748.815734863281,4944.63671875,1715.84753417969,118.146781921387,1240.75305175781,4394.35009765625,404.371185302734,1205.99841308594,703.175842285156,1797.6044921875,1689.42578125,1769.70910644531,2900.76416015625,742.474914550781,7927.81396484375,1227.71655273438,693.496276855469,1072.98266601562,970.361389160156,2629.52587890625,890.197143554688,13248.65625,689.552978515625,1094.9912109375,820.9775390625,1247.1435546875,550.177062988281,1449.61572265625,1523.76147460938,932.033508300781,3507.97998046875,2550.28857421875,775.244995117188,1346.32592773438,2097.18432617188,292.078460693359,771.615234375,346.155212402344,1644.63427734375,1714.33630371094,3144.0439453125,3066.44702148438,3567.54418945312,1295.43310546875,1142.38330078125,521.8544921875,2580.74169921875,1631.22570800781,1438.50073242188,5305.42822265625,1606.71594238281,1798.70129394531,37528.13671875,1503.91137695312,3594.13549804688,4111.7744140625,891.524475097656,7256.3876953125,518.114196777344,890.063293457031,4678.57958984375,3565.84228515625,1267.39135742188,358.235565185547,1550.95764160156,291.308715820312,1508.99780273438,763.056335449219,4471.7080078125,1427.71557617188,369.283905029297,1146.486328125,1953.04345703125,992.328735351562,2211.73608398438,1594.85424804688,1526.85729980469,13648.044921875,419.133270263672,991.80126953125,592.004516601562,2203.70751953125,1259.05969238281,1195.54919433594,1954.26843261719,2303.69384765625,813.0771484375,1179.17370605469,847.077087402344,949.092529296875,886.444641113281,717.572082519531,368.379699707031,1604.1875,3886.56372070312,2299.68334960938,964.069030761719,938.73779296875,356.790679931641,4309.48583984375,1231.78662109375,633.140686035156,3864.37255859375,3239.89770507812,3451.9169921875,714.73291015625,112.16047668457,1742.47448730469,2060.20874023438,1923.14599609375,1465.66064453125,1756.71252441406,5273.88623046875,3170.90698242188,391.229461669922,521.868896484375,521.160095214844,1266.24572753906,1791.16125488281,326.083465576172,796.56884765625,602.966735839844,511.522888183594,7750.181640625,3041.37573242188,3327.79541015625,3276.37036132812,2056.48510742188,1069.86010742188,2671.90600585938,2341.0859375,451.173919677734,1670.583984375,5163.48779296875,922.424987792969,NA,3411.91650390625,1910.14453125
2019-07-31,52.905517578125,21521.529296875,231.121688842773,330.514099121094,NA,9.05000019073486,63.9500007629395,0.581257462501526,72.5995635986328,4.59999990463257,227.704635620117,18.1874771118164,48.1761016845703,3.59829258918762,63.7671089172363,227.680908203125,2.03835296630859,8.53399562835693,NA,20.1976623535156,71.9917449951172,NA,NA,NA,32391.748046875,16.03639793396,31.0319023132324,2.80985593795776,89.2297439575195,134.565292358398,31.7996311187744,2.10653448104858,938.223266601562,NA,35.8781661987305,28112.525390625,10.5564889907837,1600.74877929688,2.83991503715515,NA,89.4000625610352,55.7197799682617,52.5686683654785,94.4536895751953,172.14469909668,46.2802391052246,277059.03125,53.4953956604004,0.426133930683136,29.9509963989258,1182.50012207031,1207.09973144531,411.34326171875,695.963928222656,30785.19921875,20791.390625,2412.14404296875,3380.49243164062,1019.16979980469,80.4651412963867,3609.45629882812,1652.244140625,774.259765625,5387.88232421875,1733.75146484375,124.014022827148,1290.50073242188,5433.35791015625,388.596221923828,1192.86462402344,713.198303222656,1998.23400878906,1717.82507324219,2087.53393554688,2758.11645507812,722.613342285156,8072.84619140625,1239.39660644531,788.676696777344,1096.51318359375,992.838256835938,2846.35327148438,932.104309082031,12796.5166015625,993.049377441406,1192.62231445312,867.447875976562,1240.26782226562,547.862121582031,1450.51428222656,1510.47009277344,815.9111328125,3390.55078125,2408.02026367188,733.403991699219,1346.32592773438,1972.56298828125,296.699920654297,794.911560058594,342.320892333984,1559.73815917969,1752.30920410156,3592.04370117188,3043.630859375,3495.94262695312,1257.97204589844,963.039733886719,633.053405761719,2556.09228515625,1840.19702148438,1335.41735839844,6070.63525390625,1803.95043945312,1804.98107910156,37238.51953125,1469.76672363281,3591.6943359375,4176.556640625,934.000732421875,7052.21826171875,526.1904296875,864.16552734375,4298.7353515625,3685.38330078125,1282.666015625,354.881591796875,1482.66137695312,263.820983886719,1434.99572753906,755.200378417969,4123.0947265625,1508.07507324219,389.360656738281,1143.61059570312,1905.2314453125,1081.95593261719,2148.82080078125,1505.46032714844,1693.03259277344,14078.130859375,403.682373046875,1005.41821289062,616.795715332031,2363.50341796875,1097.74267578125,1144.41418457031,1993.37927246094,2311.67724609375,761.309997558594,1123.32666015625,827.117614746094,994.9443359375,940.311706542969,659.497131347656,365.650970458984,1712.72863769531,3985.556640625,2160.77612304688,951.890441894531,909.7216796875,356.337219238281,3998.9775390625,1254.19775390625,646.938720703125,3832.203125,3119.9013671875,3542.85864257812,658.413879394531,119.239799499512,1739.78820800781,2542.69384765625,2164.39404296875,1593.84985351562,1633.49816894531,5113.7041015625,3156.17138671875,472.303466796875,522.686401367188,485.772705078125,1158.22485351562,1792.09838867188,313.072692871094,784.108581542969,622.194946289062,515.371459960938,7678.6064453125,2735.19750976562,3271.61206054688,2967.6943359375,2735.87963867188,1068.92822265625,2585.58178710938,2157.27416992188,463.182464599609,1721.84558105469,4814.35546875,858.987060546875,NA,3402.59399414062,1775.38525390625
2019-08-31,50.1578674316406,20704.369140625,230.676330566406,291.556121826172,NA,8.52999973297119,74.3499984741211,0.574652254581451,68.4266738891602,4.5,266.077728271484,17.0880928039551,39.6744346618652,3.36066961288452,60.1974487304688,208.88166809082,1.90458595752716,8.05729866027832,NA,19.5102844238281,69.2939910888672,NA,NA,NA,29630.234375,16.0758972167969,31.3551502227783,2.67484831809998,104.970497131348,130.12419128418,28.9234828948975,1.99427402019501,936.090759277344,NA,33.0331993103027,25919.904296875,10.2887525558472,1653.39208984375,2.65559363365173,NA,90.2278289794922,51.6722526550293,55.717357635498,82.6935043334961,192.059219360352,43.1079216003418,266174.5625,49.2684898376465,0.387394487857819,26.4551391601562,1171.72546386719,1182.05773925781,400.514312744141,648.934509277344,30673.041015625,19817.673828125,2350.2939453125,3396.509765625,932.699890136719,83.3096923828125,3125.02392578125,1559.61352539062,681.58056640625,4618.1845703125,1764.14599609375,125.829093933105,1282.13415527344,5523.455078125,344.116302490234,1195.18237304688,666.694091796875,1919.41491699219,1597.83679199219,2204.04907226562,2723.97192382812,672.759582519531,8307.205078125,1110.48193359375,757.288391113281,1119.21594238281,954.306457519531,3049.3828125,879.0048828125,12391.4736328125,1015.14276123047,1116.83312988281,881.001770019531,1216.58569335938,523.246826171875,1335.50317382812,1465.37426757812,737.987060546875,3351.68383789062,2238.18994140625,755.511474609375,1286.28076171875,1820.51721191406,245.863494873047,704.992797851562,308.450958251953,1369.47473144531,1761.15405273438,3906.80541992188,3077.09423828125,3303.513671875,1264.01416015625,924.464233398438,647.684875488281,2737.67260742188,1949.36108398438,1156.0908203125,5791.5595703125,1965.83166503906,1824.71728515625,37500.109375,1538.3662109375,3381.7822265625,4004.12133789062,924.455505371094,6782.64453125,525.569091796875,898.241577148438,4460.86279296875,3702.06323242188,1215.37463378906,333.000946044922,1378.62878417969,328.701263427734,1354.55871582031,721.969299316406,4370.45068359375,1549.15600585938,338.74169921875,1192.49926757812,1791.36437988281,1038.95092773438,2403.43701171875,1356.47106933594,1396.84973144531,14699.2099609375,344.388824462891,922.597045898438,574.329223632812,2332.23876953125,984.624084472656,1057.357421875,1765.02392578125,1835.32629394531,798.829345703125,1031.57763671875,781.610107421875,839.535095214844,903.455261230469,663.614074707031,307.437896728516,1625.5537109375,3990.90771484375,1891.13293457031,898.069152832031,785.646240234375,345.983428955078,4255.37255859375,1276.60864257812,665.440612792969,4141.83544921875,3111.6259765625,3513.83471679688,608.023132324219,91.1783599853516,1656.27673339844,2938.33056640625,2202.48559570312,1517.65344238281,1762.14855957031,4701.56005859375,3056.70629882812,455.322814941406,473.633514404297,459.232177734375,994.9931640625,1779.91369628906,296.809173583984,788.558715820312,584.219116210938,441.372131347656,8293.201171875,2502.50122070312,3189.498046875,2672.24829101562,2790.7802734375,1071.2578125,2483.07153320312,1896.59680175781,454.60498046875,1502.15234375,4832.73095703125,842.69873046875,NA,3353.5107421875,1745.53930664062
2019-09-30,51.9660034179688,21755.83984375,244.083038330078,296.403472900391,NA,8.80000019073486,80.0999984741211,0.571928799152374,67.0152969360352,4.30000019073486,267.163757324219,17.4155006408691,38.257495880127,3.56434679031372,59.3861656188965,200.178268432617,1.96191477775574,8.21617603302002,NA,20.0574493408203,70.0582504272461,NA,NA,NA,31869.294921875,16.2733898162842,32.0016479492188,2.61578226089478,111.24747467041,117.689109802246,30.2197742462158,2.02729201316833,958.693481445312,NA,34.5643463134766,27446.908203125,10.2505035400391,1649.74157714844,2.75679469108582,NA,91.8833923339844,53.0286064147949,55.2491416931152,83.9588317871094,190.278839111328,46.6063652038574,304270.1875,49.9960670471191,0.391677379608154,28.3447914123535,1231.40563964844,1241.72802734375,440.032348632812,727.388366699219,32672.341796875,20444.9375,2597.69360351562,3396.30151367188,1013.00958251953,85.8037490844727,3204.759765625,1656.75769042969,715.734313964844,4079.30908203125,1892.8896484375,123.591934204102,1302.27612304688,6047.15869140625,371.151306152344,1308.14819335938,724.614013671875,2090.23510742188,1679.84069824219,2147.88061523438,2866.49365234375,753.351440429688,8513.6103515625,1251.37548828125,806.329956054688,1230.92895507812,1031.46533203125,3244.9326171875,930.069030761719,13432.5771484375,1120.18371582031,1208.30285644531,882.938110351562,1296.85485839844,566.928894042969,1566.96569824219,1658.72827148438,778.97607421875,3460.01586914062,2336.68359375,801.522766113281,1316.20153808594,2040.63171386719,280.986907958984,765.433349609375,347.007293701172,1441.32214355469,1851.36169433594,3612.61010742188,3161.005859375,3663.939453125,1324.98559570312,1043.24597167969,684.751159667969,2924.904296875,2105.53051757812,1178.912109375,6166.9482421875,2015.03063964844,1882.87902832031,43164.98046875,1660.66564941406,3544.09790039062,4247.703125,981.227233886719,7056.63720703125,600.739135742188,965.981567382812,4871.267578125,3826.1875,1286.70886230469,377.968658447266,1576.53210449219,363.244537353516,1455.54113769531,787.917419433594,4794.388671875,1745.9326171875,389.715728759766,1395.72253417969,1902.96276855469,989.175537109375,2627.7548828125,1453.8701171875,1281.50451660156,15164.4052734375,394.739898681641,970.722961425781,633.404602050781,2391.2265625,1047.57702636719,1178.81921386719,1924.41003417969,2109.19140625,806.903076171875,1150.41027832031,871.802917480469,947.032470703125,979.187438964844,709.487426757812,381.102905273438,1787.49328613281,4113.3076171875,2203.09228515625,949.822143554688,884.032531738281,371.811981201172,4472.6279296875,1294.8046875,785.232482910156,4133.79248046875,3516.87377929688,3515.76977539062,633.315979003906,107.213455200195,1825.43225097656,3261.595703125,2541.40454101562,1732.02258300781,1900.76489257812,4822.8212890625,3006.412109375,451.054138183594,533.587158203125,503.784301757812,1055.76794433594,1909.96704101562,343.021759033203,879.180053710938,632.615112304688,503.300720214844,8234.986328125,2735.19750976562,3435.34985351562,2949.94995117188,2914.30712890625,1315.64697265625,2810.42651367188,2206.44262695312,483.484283447266,1578.80261230469,5469.19775390625,844.991455078125,NA,3724.55786132812,1803.26843261719
2019-10-31,54.1995697021484,22927.0390625,267.863159179688,287.965576171875,NA,8.89999961853027,93.6500015258789,0.565120160579681,70.9972991943359,4.09999990463257,295.400573730469,18.112117767334,36.0587882995605,3.82912635803223,65.3896865844727,213.233352661133,2.04472279548645,8.29183101654053,NA,20.9719924926758,70.6028442382812,NA,NA,NA,31309.53515625,16.747371673584,32.0016479492188,2.78454256057739,122.449478149414,119.021446228027,30.3818168640137,2.13294887542725,954.855346679688,NA,35.6509628295898,31323.1484375,10.7094821929932,1737.54553222656,2.63366222381592,NA,92.7111740112305,55.5574417114258,62.0382270812988,88.499153137207,225.772903442383,44.3827781677246,394314.34375,56.3658714294434,0.38503885269165,29.6675472259521,1287.03771972656,1296.11584472656,457.203582763672,735.705444335938,33610.02734375,21349.21875,2829.63061523438,3277.49047851562,1063.72875976562,89.4648742675781,3521.724609375,1682.27258300781,746.242736816406,4031.20532226562,1926.82751464844,125.364753723145,1382.48706054688,6491.17578125,386.060516357422,1333.42651367188,765.394104003906,2198.72534179688,1743.73999023438,2253.94897460938,3051.37841796875,791.981506347656,9270.4619140625,1359.69702148438,896.325805664062,1221.39611816406,1099.44775390625,3135.38671875,932.460510253906,14427.232421875,1160.064453125,1143.29992675781,832.595092773438,1354.47595214844,604.924255371094,1771.86499023438,1692.09326171875,779.758911132812,3740.35620117188,2401.12939453125,832.039794921875,1352.08117675781,2109.88989257812,308.7158203125,801.537048339844,380.3447265625,1453.48522949219,2042.52746582031,4057.9267578125,3019.66528320312,3890.90893554688,1403.53063964844,1168.33532714844,721.817443847656,3115.94946289062,2086.1337890625,1246.25598144531,7197.787109375,2164.91674804688,1904.11120605469,44185.58984375,1685.498046875,3926.08935546875,4262.0400390625,990.606628417969,7728.3623046875,672.803100585938,1044.97863769531,4451.33056640625,3668.0419921875,1554.33764648438,387.846466064453,1608.90454101562,392.913299560547,1550.40625,801.750305175781,4895.06201171875,1924.22351074219,423.829284667969,1418.72912597656,2067.5966796875,1035.01232910156,2699.49951171875,1540.59521484375,1226.76440429688,15835.8232421875,408.3681640625,1126.66540527344,690.480712890625,2322.32934570312,1021.01885986328,1286.72729492188,1938.70874023438,2426.2890625,854.395874023438,1214.54748535156,907.452880859375,1009.06530761719,992.470947265625,681.713073730469,466.712982177734,1835.92053222656,4242.14501953125,2415.84912109375,1011.25537109375,1006.58410644531,378.222534179688,4127.85400390625,1344.85913085938,797.521423339844,4423.3193359375,3613.51513671875,3600.90649414062,647.6904296875,139.283676147461,2193.5947265625,3782.6787109375,2543.35815429688,1821.70385742188,1808.35424804688,6927.26123046875,3158.04370117188,518.878234863281,583.185119628906,528.520080566406,1110.1806640625,1931.62841796875,369.535461425781,911.54248046875,682.314147949219,566.803588867188,8558.5068359375,3127.10620117188,3409.1923828125,3097.22412109375,3472.462890625,1370.79956054688,3069.8896484375,2391.9365234375,517.397766113281,1919.29248046875,5922.650390625,842.38623046875,NA,3926.51953125,1821.51098632812
2019-11-30,54.5541114807129,23293.91015625,273.696105957031,297.839660644531,197.730041503906,8.94999980926514,103.199996948242,0.578737497329712,70.9520416259766,3.90000009536743,305.174835205078,17.7901477813721,36.3030815124512,3.78839111328125,71.7988510131836,215.148101806641,2.00013422966003,8.1556510925293,NA,20.1825122833252,69.0079574584961,NA,NA,NA,34369.57421875,17.2608528137207,32.1812286376953,2.852046251297,123.898010253906,124.350769042969,29.9767208099365,2.09332776069641,895.576721191406,NA,36.6684303283691,27760.140625,11.4361972808838,1739.49670410156,2.46948552131653,NA,93.538948059082,54.4845924377441,58.9948463439941,87.4585876464844,217.976776123047,47.5550918579102,389366.875,53.9371032714844,0.371761620044708,29.0061702728271,1303.41979980469,1350.69946289062,463.863433837891,777.472045898438,36569.58203125,21234.58984375,2955.80419921875,3594.037109375,1093.61169433594,91.9777450561523,3864.046875,1706.35400390625,773.781188964844,4091.81787109375,2026.09643554688,125.449180603027,1447.02453613281,6645.55322265625,367.292388916016,1336.58630371094,794.903259277344,2117.357421875,1771.07446289062,2166.189453125,3460.76684570312,825.63134765625,9644.0595703125,1320.38696289062,927.069885253906,1214.84240722656,1061.65576171875,2989.3251953125,940.964050292969,14915.0888671875,1255.07470703125,1154.53515625,847.117126464844,1266.89184570312,638.417053222656,1917.228515625,1830.79772949219,805.594421386719,3617.9658203125,2456.25341796875,814.686950683594,1408.73254394531,2116.48583984375,348.460693359375,902.155395507812,375.551788330078,1572.68310546875,2087.39672851562,4268.96044921875,3087.42260742188,3765.71533203125,1474.26220703125,1104.42614746094,695.480895996094,2793.92626953125,2076.43505859375,1257.21899414062,7119.419921875,2163.04296875,1812.85852050781,46451.515625,1634.59167480469,3951.71826171875,4223.80810546875,877.332580566406,7611.69384765625,715.047302246094,1060.22375488281,4497.99072265625,3548.037109375,1561.86474609375,378.866638183594,1694.28637695312,444.794097900391,1616.61645507812,849.847412109375,4526.41259765625,1943.12060546875,405.692901611328,1556.76770019531,2042.21936035156,1021.50677490234,2477.78247070312,1501.90258789062,1459.40966796875,16449.6875,390.090240478516,1145.31872558594,665.886901855469,2321.0126953125,933.474853515625,1404.95288085938,2037.95715332031,2293.34228515625,883.841491699219,1171.51879882812,939.861938476562,1065.30798339844,1043.70764160156,640.405151367188,433.573608398438,1774.52160644531,4341.2490234375,2263.8798828125,1021.62725830078,1021.53961181641,428.657379150391,4198.69775390625,1262.53784179688,686.605712890625,4753.05712890625,3609.31323242188,3605.744140625,637.731628417969,154.977615356445,2255.10546875,4559.478515625,2939.9033203125,1972.07800292969,2104.6123046875,7123.1259765625,3184.2509765625,555.873352050781,623.2451171875,492.735656738281,1132.92016601562,2033.34240722656,367.878387451172,942.107055664062,666.788330078125,575.550659179688,7544.044921875,3261.82495117188,3243.5283203125,3007.966796875,3490.76342773438,1379.755859375,2784.39599609375,2444.45068359375,542.615478515625,1959.89270019531,5950.4130859375,978.731079101562,NA,3776.22265625,1826.98376464844
2019-12-31,59.4664344787598,23656.619140625,299.198760986328,337.156707763672,206.50032043457,10.7799997329712,101.900001525879,0.592354774475098,74.029052734375,3.59999990463257,321.103363037109,18.234016418457,37.9643325805664,4.0735387802124,73.6648025512695,220.196075439453,2.12116098403931,8.30696105957031,NA,20.6436958312988,71.6531372070312,NA,NA,NA,37229.2734375,17.6953353881836,33.3305587768555,2.90199184417725,130.271560668945,134.565292358398,32.4477729797363,2.26501989364624,923.723388671875,NA,37.606876373291,32724.859375,12.5836420059204,1782.42309570312,2.67470669746399,NA,91.0556182861328,56.9368019104004,64.925537109375,91.6049957275391,207.323013305664,50.0257415771484,428451.96875,58.2447395324707,0.404954642057419,29.7620296478271,1316.38903808594,1447.93249511719,475.9794921875,836.415283203125,37595.17578125,20696.478515625,3132.02905273438,3731.5185546875,1107.04541015625,91.7614059448242,3997.65991210938,1754.23071289062,782.9609375,4575.75390625,2150.39379882812,123.212036132812,1499.57653808594,7035.169921875,372.554565429688,1329.47705078125,797.567321777344,2180.64306640625,1781.09094238281,2281.72778320312,3365.21704101562,841.746765136719,10088.130859375,1309.03063964844,956.788940429688,1192.49963378906,1078.59704589844,2937.01953125,959.5654296875,14635.63671875,1445.09533691406,1150.25512695312,875.192993164062,1247.68493652344,640.312927246094,2038.71740722656,1851.76989746094,803.245666503906,3431.09643554688,2485.57202148438,799.428588867188,1385.12768554688,2178.32348632812,426.101837158203,899.969970703125,386.948303222656,1590.31970214844,2108.4306640625,4410.48095703125,3022.42456054688,3662.1376953125,1489.47778320312,1038.69714355469,731.571716308594,2828.13037109375,2074.55786132812,1295.19799804688,7806.64501953125,2190.21020507812,1887.84838867188,47088.21875,1546.7470703125,3662.47875976562,4205.6455078125,873.003662109375,8033.8056640625,769.716491699219,1069.92504882812,4185.3701171875,3546.17700195312,1563.95556640625,391.030212402344,1754.984375,446.935974121094,1623.7802734375,917.882568359375,4754.99462890625,1917.23950195312,427.715667724609,1619.07678222656,2146.58251953125,1035.01232910156,2345.53051757812,1552.212890625,1419.78015136719,16521.62109375,399.149047851562,1152.78015136719,701.849426269531,2327.15673828125,924.127807617188,1420.42993164062,2037.13659667969,2312.2060546875,916.611511230469,1183.69665527344,986.044799804688,1153.80834960938,1019.03790283203,655.53076171875,416.083374023438,1808.24755859375,4252.9560546875,2217.82836914062,1036.38745117188,1025.27844238281,427.112640380859,4293.15625,1275.36157226562,657.616455078125,4631.736328125,3819.40087890625,3523.50927734375,597.615051269531,158.901092529297,2312.09375,5380.2265625,3228.03344726562,2048.17114257812,2351.3720703125,7205.68603515625,3179.57153320312,529.312683105469,612.468383789062,499.661651611328,1145.91430664062,1901.49108886719,374.5068359375,1003.23590087891,671.552856445312,586.866943359375,7455.19970703125,3257.18798828125,3217.37109375,2985.65258789062,3426.71215820312,1395.31176757812,2975.8447265625,2782.40502929688,550.441589355469,2101.07153320312,5941.15869140625,1035.17956542969,NA,3917.12646484375,1759.48669433594
2020-01-31,55.9975624084473,23205.1796875,289.255554199219,334.822814941406,199.723281860352,11.5200004577637,99.3000030517578,0.592354774475098,70.3638000488281,3,280.920135498047,17.8746929168701,40.1630401611328,3.54397821426392,67.4990310668945,225.244033813477,1.93006527423859,8.19347858428955,NA,20.0574493408203,69.0079574584961,NA,NA,NA,34338.43359375,17.4188461303711,32.3608131408691,2.84171319007874,122.352905273438,127.015426635742,30.7058906555176,1.99427402019501,916.89990234375,NA,31.9959735870361,34492.66015625,11.39794921875,1832.1787109375,2.36003470420837,NA,89.4000625610352,53.1052360534668,58.2144889831543,83.9264602661133,199.628631591797,43.8886489868164,479411.0625,57.6948280334473,0.345207184553146,29.7620296478271,1305.80908203125,1509.95068359375,456.160369873047,764.815551757812,36501.21875,18894.29296875,3500.22924804688,3459.9501953125,1064.82531738281,92.7432632446289,4197.591796875,1715.81494140625,762.171875,4352.54638671875,2178.81713867188,126.293395996094,1507.87414550781,7204.24853515625,352.909423828125,1283.66015625,803.510131835938,2299.07788085938,1695.78918457031,2348.96752929688,3283.65014648438,768.952941894531,10232.9365234375,1349.65124511719,1082.09387207031,1256.25073242188,986.505676269531,2814.6435546875,971.789123535156,14810.88671875,1377.06323242188,1105.58227539062,952.643676757812,1258.44079589844,628.14794921875,1912.392578125,1898.9580078125,779.993774414062,3288.62573242188,2402.34497070312,871.083679199219,1468.21643066406,2034.03601074219,404.842895507812,963.348022460938,352.7587890625,1667.55480957031,2106.560546875,4437.57861328125,2973.98193359375,3660.33715820312,1528.13354492188,1144.45471191406,693.529968261719,2887.36279296875,1995.40502929688,1202.40417480469,7788.56005859375,2267.0263671875,1944.31689453125,45159.37109375,1578.71875,3426.93774414062,4126.31201171875,868.193725585938,7817.49267578125,737.411987304688,1062.99548339844,3956.73852539062,3767.58056640625,1631.28088378906,372.172576904297,1652.20239257812,449.236480712891,1579.06127929688,832.272583007812,4723.86865234375,1973.43518066406,383.022521972656,1710.623046875,2082.50537109375,1005.13665771484,2385.72485351562,1565.25256347656,1454.05078125,16291.4248046875,375.820556640625,1154.6455078125,623.891906738281,2113.44262695312,846.046447753906,1272.53991699219,2056.314453125,2361.6123046875,942.257690429688,1141.47973632812,982.803833007812,985.079406738281,1019.03790283203,641.466552734375,378.341278076172,1605.89001464844,4177.7265625,2023.49206542969,872.033203125,945.51611328125,431.824005126953,3820.86254882812,1231.09838867188,574.4296875,4764.0712890625,3705.95361328125,3312.60180664062,563.229431152344,126.575004577637,1666.22717285156,5331.8427734375,3145.01293945312,1989.28979492188,2363.25244140625,7315.4765625,2896.90087890625,730.413696289062,573.268249511719,455.961883544922,1067.94995117188,1819.55444335938,347.164520263672,1018.51831054688,657.177185058594,542.74169921875,6789.38525390625,3112.14770507812,3365.5966796875,2936.56127929688,2690.12963867188,1435.3798828125,2656.76416015625,2536.77416992188,524.354370117188,2017.10278320312,5931.904296875,1093.36511230469,NA,3640.015625,1765.87133789062
2020-02-29,55.7723121643066,21142.9609375,285.639984130859,346.492248535156,199.324645996094,12.5600004196167,98.9000015258789,0.626398146152496,69.5945434570312,3.59999990463257,260.647583007812,16.9869441986084,46.6125793457031,3.61866044998169,65.1463012695312,222.633056640625,1.96191477775574,8.01947116851807,NA,19.1350879669189,67.4130859375,NA,NA,NA,30392.8359375,17.9323272705078,31.9298152923584,2.5833752155304,117.041610717773,124.350769042969,29.7741756439209,2.06030988693237,838.856811523438,NA,26.4147052764893,32807.08203125,11.7039356231689,1546.32763671875,2.06588530540466,NA,89.4000625610352,51.9940910339355,55.6393203735352,85.0782318115234,186.810821533203,39.8170127868652,458631.625,57.7864799499512,0.36512303352356,24.8016929626465,1216.21801757812,1293.37707519531,426.792846679688,657.596740722656,33610.02734375,17088.49609375,3640.05151367188,3078.05737304688,955.162536621094,84.1894989013672,3665.09057617188,1663.064453125,726.263671875,4823.01318359375,2088.45703125,119.244262695312,1409.68481445312,6564.68798828125,299.850189208984,1165.95825195312,730.966674804688,2196.0126953125,1569.84985351562,2080.32543945312,2923.20239257812,760.39697265625,9276.251953125,1197.65173339844,1044.36279296875,1115.58740234375,916.568420410156,2420.86962890625,925.551635742188,13948.8505859375,1153.02661132812,1074.28454589844,782.252136230469,1186.60693359375,566.217956542969,1728.95080566406,1657.77490234375,736.465087890625,3039.93432617188,2275.0078125,741.236389160156,1218.95007324219,1799.46667480469,363.249481201172,900.844177246094,314.947998046875,1604.61120605469,1898.0068359375,3685.18676757812,2550.57275390625,3237.02026367188,1432.72802734375,986.386962890625,635.004272460938,2485.66796875,1680.04479980469,952.213317871094,6594.95703125,2206.13525390625,1666.04089355469,40327.89453125,1288.17980957031,3119.39184570312,3398.9267578125,871.560729980469,7003.8759765625,649.195861816406,905.001403808594,3634.78662109375,3136.85961914062,1420.94140625,334.049194335938,1497.21984863281,380.379486083984,1475.29577636719,753.447082519531,4170.408203125,1769.48815917969,333.363494873047,1880.77453613281,1854.11181640625,953.160827636719,2264.27734375,1369.65234375,1681.21569824219,14400.07421875,347.922637939453,1011.01422119141,519.948547363281,1915.96557617188,892.499877929688,1109.60327148438,1768.6435546875,2038.22692871094,861.994812011719,944.197021484375,882.335876464844,880.864440917969,950.722595214844,552.570617675781,318.506256103516,1509.03503417969,3431.73559570312,1805.20947265625,810.599975585938,748.353515625,354.665710449219,3158.25537109375,1164.49658203125,477.063385009766,4441.50341796875,3105.10180664062,2812.90576171875,435.551574707031,103.716445922852,1352.27709960938,4765.75830078125,2721.11987304688,1703.94067382812,2348.63110351562,7009.82177734375,2506.59155273438,615.912536621094,480.411071777344,438.317016601562,813.75341796875,1559.61804199219,308.222442626953,882.775817871094,596.634704589844,453.785003662109,6148.47998046875,2569.283203125,2807.5703125,2644.68994140625,2502.55224609375,1223.25451660156,2254.97485351562,2255.56884765625,463.484039306641,1756.89074707031,5404.4189453125,872.781555175781,NA,3202.732421875,1584.35876464844
2020-03-31,50.1950759887695,18917.009765625,250.079742431641,341.285858154297,182.780700683594,10.4399995803833,93.6500015258789,0.558311402797699,63.4857940673828,3,237.116882324219,13.083683013916,39.576717376709,3.60508179664612,56.7089195251465,205.942749023438,1.89184629917145,6.53662586212158,NA,15.2033271789551,59.2441520690918,NA,NA,NA,26994.15234375,14.1404685974121,26.973331451416,2.18725776672363,100.818023681641,107.030479431152,28.3563594818115,2.05370616912842,716.461364746094,NA,23.0264320373535,65696.390625,10.4417448043823,1691.40405273438,1.94275331497192,NA,88.9861679077148,40.0779838562012,45.7288055419922,79.3918609619141,168.055740356445,32.2667083740234,476937.3125,46.1008720397949,0.305375635623932,20.2003860473633,1128.66015625,1260.91857910156,332.603363037109,577.148803710938,34131.65625,14130.626953125,3883.96459960938,3604.39526367188,744.479064941406,87.2555770874023,2740.29833984375,1444.65234375,636.25439453125,3665.1845703125,1937.78942871094,116.036270141602,1497.45935058594,6082.84814453125,245.96533203125,1004.14093017578,631.754943847656,1960.01953125,1461.4833984375,2357.61279296875,2639.11499023438,667.318359375,8920.927734375,1187.94689941406,918.02392578125,1079.36730957031,772.943115234375,2732.08984375,822.821899414062,12548.5859375,1027.62475585938,913.101440429688,771.742614746094,977.555236816406,438.765869140625,1669.05480957031,1779.90026855469,681.223876953125,2801.359375,1963.32299804688,566.149230957031,990.415405273438,1495.26708984375,330.134246826172,734.017395019531,289.218780517578,1669.67016601562,2260.2724609375,3821.57470703125,2530.87084960938,2652.23852539062,1100.98046875,590.026794433594,379.441864013672,2283.44384765625,1645.57153320312,724.653076171875,6541.3984375,2158.33422851562,1456.85876464844,43019.0078125,1089.52087402344,2737.15649414062,3324.75170898438,974.988830566406,7860.2216796875,526.210510253906,718.765991210938,3100.02221679688,2467.82739257812,1413.92211914062,273.470031738281,1292.64501953125,367.025390625,1408.404296875,491.690948486328,4407.11083984375,1491.56909179688,281.943817138672,1497.33422851562,1686.62341308594,1006.52587890625,1814.68774414062,1242.39990234375,1728.21533203125,14029.607421875,305.559143066406,918.394409179688,413.370269775391,2269.576171875,810.465026855469,991.906921386719,1821.916015625,1149.7373046875,919.996215820312,920.1357421875,762.581115722656,748.874084472656,877.7607421875,421.788269042969,288.128540039062,1782.40051269531,3369.15502929688,1445.08837890625,585.322326660156,648.128051757812,330.306457519531,3134.50927734375,1282.43798828125,457.211975097656,4416.69091796875,2831.57690429688,2553.1416015625,335.025238037109,69.2580261230469,1110.73352050781,4896.39306640625,3129.53637695312,1517.29370117188,2213.37890625,7037.962890625,1862.6279296875,483.931243896484,363.366455078125,421.642852783203,570.926818847656,1610.9736328125,267.046844482422,768.370056152344,537.492248535156,363.063293457031,6113.9921875,2203.78173828125,3383.4951171875,2220.373046875,1843.60925292969,1098.96179199219,1893.27770996094,1873.18737792969,419.280578613281,1501.94885253906,5248.6884765625,701.212707519531,NA,2815.75537109375,1203.43017578125
2020-04-30,53.5468254089355,20193.689453125,277.917083740234,374.319366455078,196.334777832031,10.1999998092651,103.800003051758,0.605972111225128,65.1148071289062,3,300.46875,14.0630216598511,47.6875,3.57792520523071,62.4690475463867,221.974197387695,1.89184629917145,6.83924722671509,NA,15.8990049362183,62.0060234069824,NA,NA,NA,27150.4140625,15.7994070053101,30.385404586792,2.4369843006134,106.322456359863,124.350769042969,30.0982494354248,2.15275979042053,746.313842773438,NA,25.2095470428467,58049.625,11.8951740264893,1680.6494140625,1.90855002403259,NA,90.641716003418,43.9861602783203,52.3618240356445,82.6545639038086,189.548248291016,36.7731742858887,574897.4375,54.1204109191895,0.318652808666229,23.8190727233887,1157.30651855469,1361.26586914062,358.435852050781,595.144592285156,37992.66015625,16468.14453125,3980.28637695312,3867.72998046875,807.204833984375,82.7666015625,3118.60815429688,1484.34362792969,638.614624023438,4482.78759765625,1836.25500488281,123.591934204102,1459.43591308594,6855.34375,248.755783081055,1022.01416015625,636.166931152344,2194.74682617188,1475.02917480469,2341.12133789062,3097.84887695312,716.88671875,9566.7265625,1192.84130859375,991.428527832031,1072.42504882812,844.015747070312,2704.41284179688,849.20654296875,13344.1875,1247.83020019531,955.984130859375,814.780212402344,969.270751953125,426.555358886719,1835.8994140625,1709.08666992188,696.609069824219,2847.7255859375,1901.31872558594,604.739929199219,1052.31616210938,1734.03894042969,397.489227294922,735.618774414062,303.841583251953,1577.57580566406,2045.92846679688,3843.25170898438,2437.07739257812,3226.8447265625,1091.24462890625,791.953063964844,565.748840332031,2351.67016601562,1705.22778320312,714.081604003906,7457.0703125,2484.72607421875,1609.85192871094,46075.00390625,1160.91381835938,3068.62255859375,3264.28442382812,929.161254882812,7402.673828125,589.004028320312,730.623107910156,3184.18603515625,2728.658203125,1511.65270996094,283.392944335938,1307.95483398438,360.611602783203,1270.15747070312,558.159729003906,4422.33447265625,1553.42175292969,313.514495849609,1654.06555175781,1880.75793457031,924.147094726562,1903.51879882812,1211.37329101562,1707.65283203125,15896.3740234375,315.876495361328,1029.74377441406,447.916412353516,2093.76440429688,905.348754882812,970.552307128906,1771.626953125,1230.8203125,971.160766601562,937.559448242188,783.99267578125,795.466918945312,949.239562988281,448.858276367188,293.651733398438,1750.00903320312,3037.06811523438,1514.16540527344,675.006713867188,648.297546386719,353.314453125,3362.47338867188,1226.91772460938,548.276245117188,4524.21337890625,2900.11791992188,2226.13818359375,347.426574707031,91.8607025146484,1182.09875488281,6976.8759765625,3810.29638671875,1476.97912597656,2301.10961914062,6682.11474609375,1815.82824707031,588.17724609375,390.055908203125,420.281616210938,587.981567382812,1538.95361328125,281.458953857422,760.186218261719,516.25341796875,423.4267578125,6110.15966796875,2236.93383789062,3290.9775390625,2351.83569335938,2424.34619140625,1093.7080078125,2320.50268554688,2178.68237304688,444.987060546875,1650.84106445312,5929.24609375,653.523132324219,NA,3373.04028320312,1366.904296875
2020-05-31,53.5197906494141,21877.890625,266.50830078125,369.511901855469,193.643890380859,12.0200004577637,146.699996948242,0.608803749084473,56.8792877197266,3,335.221740722656,14.1859216690063,42.5083274841309,3.39461541175842,61.4955101013184,238.005676269531,1.80266845226288,6.67889547348022,NA,15.2424097061157,60.6062316894531,NA,NA,NA,26564.4296875,15.7599086761475,30.4572372436523,2.1442015171051,99.6352996826172,122.574310302734,29.409595489502,2.06691336631775,875.106262207031,NA,24.2019557952881,75398.734375,11.8186779022217,1749.08776855469,1.81962108612061,NA,91.4695053100586,37.8759078979492,48.2259407043457,69.1377410888672,210.374328613281,36.4766960144043,615466.8125,61.6576690673828,0.325291454792023,21.4192142486572,1172.75793457031,1349.87634277344,366.606475830078,634.44140625,43460.78515625,19355.666015625,4937.2958984375,3771.578125,885.25732421875,82.8004837036133,3636.08935546875,1362.35070800781,698.31103515625,4675.3359375,1996.1171875,115.318702697754,1472.1103515625,6425.01611328125,250.916137695312,1092.69384765625,687.220031738281,2305.2607421875,1565.09045410156,3198.3486328125,3343.57006835938,764.532653808594,9803.32421875,1262.24938964844,1044.59924316406,1112.87084960938,914.645568847656,3086.94506835938,860.902893066406,15102.1318359375,1259.66906738281,1046.66613769531,945.849304199219,1024.10522460938,425.985595703125,1834.67919921875,2023.91845703125,631.604187011719,3015.48657226562,1846.80517578125,627.591857910156,1185.64135742188,1832.82641601562,417.411071777344,856.798522949219,313.218048095703,1529.07287597656,2245.66870117188,4393.32080078125,2615.68725585938,3477.49951171875,1209.76623535156,855.190612792969,545.264770507812,2280.88549804688,1882.62670898438,777.275329589844,7368.2587890625,2686.59838867188,1564.63916015625,51124.44921875,1259.62268066406,3232.64697265625,3538.78784179688,890.850280761719,7697.31982421875,632.959716796875,770.711486816406,3539.54272460938,2795.15380859375,1619.96020507812,326.112121582031,1312.09228515625,371.114196777344,1281.58642578125,606.456604003906,4583.90625,1715.576171875,340.481109619141,1804.27282714844,2017.7939453125,897.802429199219,2081.6181640625,1303.55297851562,2199.19091796875,18797.556640625,341.958801269531,1109.68688964844,451.702270507812,2282.45141601562,964.651062011719,1093.451171875,1881.58117675781,1411.20678710938,1118.37951660156,1013.8916015625,821.051208496094,824.269775390625,1033.10803222656,471.161834716797,291.810668945312,1884.82702636719,3166.44091796875,1571.26904296875,826.06298828125,720.330688476562,351.974945068359,3761.41137695312,1220.60852050781,625.160949707031,4896.40673828125,3204.26586914062,2514.44287109375,376.64501953125,94.7606658935547,1490.43249511719,8563.849609375,4251.076171875,1688.63049316406,2670.31103515625,7487.873046875,1981.49926757812,723.984069824219,432.314300537109,406.669219970703,643.206359863281,1618.55480957031,298.414245605469,829.294128417969,530.384826660156,458.374053955078,6294.09765625,2527.84301757812,3572.935546875,2610.22973632812,2223.85375976562,1169.64672851562,2561.64404296875,2421.708984375,453.851287841797,1759.71826171875,6656.41796875,702.97900390625,NA,3661.61767578125,1433.40270996094
2020-06-30,58.7151298522949,22288.140625,287.960479736328,448.924560546875,208.892227172852,12.8400001525879,171.899993896484,0.601724684238434,66.3390884399414,2.90000009536743,419.208190917969,15.1549634933472,58.5485229492188,3.37840294837952,70.0140228271484,290.680511474609,1.8281477689743,7.03041553497314,229.134994506836,15.9562549591064,61.3984794616699,132.124633789062,NA,NA,26525.365234375,16.0758972167969,31.5347328186035,2.11836767196655,120.652122497559,148.776794433594,28.8829784393311,2.06030988693237,840.852661132812,NA,23.7673072814941,104341.3203125,12.1629114151001,1740.28845214844,1.77445816993713,NA,96.8500595092773,39.7936820983887,52.7520027160645,76.8671722412109,203.781814575195,36.605167388916,766859.8125,70.0697555541992,0.285459786653519,21.2585926055908,1173.97326660156,1450.02697753906,347.954345703125,624.892639160156,44127.15625,19729.794921875,5373.85302734375,4158.7841796875,860.564453125,85.2228317260742,3608.6474609375,1371.10632324219,630.284851074219,5273.298828125,2006.0546875,116.078483581543,1518.11376953125,7901.27587890625,228.907531738281,1074.00830078125,669.992248535156,2300.69409179688,1521.27734375,2792.72778320312,3069.92553710938,759.716430664062,9948.775390625,1245.34216308594,1187.64367675781,1062.46435546875,931.029907226562,2815.11987304688,805.413391113281,16517.064453125,1449.09313964844,1012.52374267578,1011.38385009766,974.0048828125,396.843048095703,1926.48950195312,1952.62683105469,617.588195800781,2966.67700195312,1808.42944335938,577.953369140625,1141.83447265625,1852.58422851562,498.995971679688,835.979064941406,286.428192138672,1415.18298339844,2360.14282226562,4288.150390625,2313.5673828125,3485.64379882812,1124.68469238281,834.872314453125,537.461364746094,2167.8857421875,1779.32702636719,793.641540527344,7989.9384765625,2761.12084960938,1463.70935058594,51886.09765625,1188.53991699219,3512.85498046875,3203.81689453125,869.027648925781,7664.18017578125,670.635803222656,770.42919921875,3357.1884765625,2775.01782226562,1522.65270996094,309.293518066406,1251.68078613281,386.747528076172,1289.05920410156,548.218688964844,4627.61328125,1715.576171875,332.369232177734,2000.94494628906,2141.18994140625,873.967041015625,1961.71838378906,1461.34899902344,2388.51196289062,20327.53515625,315.298767089844,1161.07885742188,451.465728759766,2290.88720703125,936.976623535156,1080.37670898438,1966.34802246094,1419.40625,1202.84936523438,1065.33288574219,830.109985351562,780.218383789062,989.267883300781,456.412658691406,285.366912841797,1862.94116210938,2754.1796875,1427.58911132812,796.440734863281,742.025268554688,354.338775634766,3699.67065429688,1137.32775878906,754.982788085938,4979.1162109375,3358.48193359375,2371.25805664062,375.0478515625,86.4872283935547,1395.27905273438,9856.9130859375,4491.056640625,1646.48352050781,2605.09106445312,7583.71337890625,1817.70031738281,856.921691894531,469.290435791016,389.143371582031,626.963623046875,1437.55737304688,292.479888916016,804.74267578125,524.615295410156,450.942169189453,6566.70556640625,2589.28344726562,3779.998046875,2669.16186523438,2318.33862304688,1179.19873046875,2568.47265625,2550.06811523438,450.305603027344,1817.41394042969,6731,679.134216308594,NA,3524.42529296875,1551.62133789062
2020-07-31,62.9400863647461,21710,391.460540771484,480.797637939453,245.169311523438,14.8199996948242,191.899993896484,0.594645619392395,64.2745971679688,2.20000004768372,516.815673828125,14.404504776001,72.4397506713867,3.29214549064636,66.874626159668,326.090698242188,1.77364981174469,6.68670654296875,238.031509399414,15.2937126159668,65.0427703857422,139.245132446289,NA,NA,27541.06640625,16.0955467224121,29.9903221130371,2.13559055328369,141.960830688477,183.04345703125,30.4077968597412,1.93976247310638,818.725036621094,NA,24.5279407501221,96776.78125,17.9562091827393,1662.07348632812,1.8573123216629,16,94.0534744262695,40.3929786682129,58.9948463439941,73.7210311889648,217.87809753418,39.5501861572266,725300.9375,74.8304138183594,0.298737019300461,27.3999652862549,1079.35388183594,1585.91796875,324.515289306641,574.394348144531,43333.38671875,17923.09765625,4414.66943359375,4022.78588867188,794.716491699219,82.7835388183594,3202.89501953125,1294.64172363281,588.497192382812,6381.1748046875,1987.47619628906,119.413116455078,1529.84936523438,8606.5341796875,220.221099853516,1036.63732910156,661.378173828125,2242.24072265625,1377.24450683594,2936.07421875,2996.52856445312,695.889831542969,10103.9208984375,1219.53662109375,1328.8056640625,967.687622070312,856.414611816406,2504.74462890625,717.011108398438,17579.453125,1349.64526367188,943.692810058594,1152.23413085938,923.115051269531,394.807952880859,2015.85974121094,1901.90954589844,577.795654296875,2645.97778320312,1419.97082519531,498.804504394531,1134.21606445312,1736.98181152344,528.404418945312,800.746154785156,274.596008300781,1448.03002929688,2346.01049804688,3987.91674804688,1879.27075195312,3204.22265625,961.717529296875,792.637939453125,563.797973632812,1988.79223632812,1827.68017578125,671.482604980469,7708.19189453125,2618.67846679688,1387.44116210938,51782.66796875,1084.03918457031,4088.40478515625,2438.85522460938,923.341857910156,6852.8896484375,733.429382324219,750.385009765625,3006.50708007812,2518.86962890625,1396.15295410156,289.111267089844,1121.34057617188,392.600158691406,1284.44384765625,492.484436035156,4459.658203125,1634.900390625,298.167633056641,1815.841796875,1985.43811035156,837.586608886719,1745.548828125,1366.37951660156,2675.68212890625,22295.3359375,303.0830078125,1132.52770996094,409.111206054688,1980.55151367188,953.778991699219,1016.31262207031,1758.43139648438,1191.64514160156,1206.71069335938,959.131469726562,772.463439941406,731.084045410156,936.849975585938,408.388153076172,260.512390136719,1701.85974121094,2062.67358398438,1320.75012207031,703.319519042969,637.195983886719,365.606353759766,2977.78393554688,1055.30895996094,901.189636230469,5086.63916015625,3101.455078125,2102.302734375,339.158996582031,81.7961120605469,1159.22534179688,8925.5498046875,5269.76708984375,1450.40832519531,2394.21606445312,7531.35693359375,1601.95361328125,1211.74072265625,426.753997802734,370.936798095703,555.496337890625,1110.62426757812,263.65576171875,687.441162109375,473.10693359375,443.977172851562,5620.3701171875,2498.89086914062,3639.01928710938,2602.07006835938,2401.30102539062,1095.61840820312,2675.17236328125,2584.29711914062,427.258514404297,1602.451171875,7020.00390625,596.119140625,NA,3297.34814453125,1480.50537109375
2020-08-31,65.1385040283203,23139.759765625,392.380554199219,477.646362304688,281.845031738281,23.5,255.600006103516,0.587566435337067,73.2207489013672,1.60000002384186,409.913726806641,15.3348321914673,75.3255767822266,3.11963176727295,65.5951385498047,344.588531494141,1.73271918296814,6.89682292938232,307.029052734375,15.7336883544922,65.399284362793,153.938079833984,NA,NA,28791.154296875,15.7221965789795,30.7445678710938,2.02564787864685,111.797821044922,172.976058959961,31.1227836608887,1.82690346240997,862.98046875,NA,24.6168460845947,91350.046875,17.0322895050049,1791.12841796875,1.85040783882141,16.2999992370605,93.1945495605469,40.552791595459,49.1630096435547,80.9455337524414,228.729217529297,38.1863861083984,769828.25,90.9612503051758,0.305375635623932,35.5727157592773,1216.33483886719,1631.67321777344,365.203430175781,648.213684082031,42804.21484375,20311.99609375,4400.6875,4915.00634765625,884.973571777344,81.6994171142578,3945.7939453125,1427.14111328125,697.616943359375,6384.078125,2353.43115234375,117.555839538574,1444.88391113281,8113.451171875,237.053909301758,1168.248046875,804.24267578125,2353.66772460938,1506.83605957031,2996.01391601562,3158.48120117188,752.410339355469,10099.07421875,1301.84741210938,1300.57336425781,1050.75598144531,986.8251953125,2844.77319335938,799.973266601562,19022.970703125,1200.47399902344,1087.09045410156,1093.54650878906,1084.46313476562,520.658081054688,1915.50866699219,2062.1962890625,631.281860351562,2874.31567382812,1552.14025878906,581.131530761719,1154.21484375,1937.07946777344,668.806396484375,870.055297851562,358.425903320312,1549.02648925781,2493.90869140625,4249.8232421875,2134.95776367188,3367.10278320312,1119.18200683594,992.851989746094,650.611145019531,2422.45458984375,2068.18920898438,817.916625976562,7573.443359375,2659.24169921875,1517.59936523438,54772.83984375,1168.7099609375,4350.06298828125,3050.24877929688,958.258117675781,7241.48388671875,691.357727050781,872.343811035156,3820.08813476562,2932.359375,1408.42211914062,327.962158203125,1270.71496582031,436.534149169922,1337.85217285156,553.890808105469,4923.25439453125,1786.62707519531,363.501403808594,2023.60083007812,1866.166015625,873.130798339844,1927.58630371094,1741.71350097656,2433.5966796875,21396.578125,343.031799316406,1225.79479980469,464.479644775391,2092.43237304688,922.151062011719,1088.6572265625,1802.52172851562,1434.89392089844,1326.41650390625,1096.03173828125,853.992004394531,940.328308105469,1097.91564941406,452.995178222656,287.2080078125,1814.79187011719,2537.79956054688,1383.37976074219,858.385375976562,754.228637695312,376.637603759766,3845.33422851562,1101.57580566406,940.26220703125,5425.748046875,3140.00903320312,2561.36499023438,405.393646240234,100.90177154541,1523.51220703125,7761.34814453125,6014.19580078125,1509.9638671875,2524.97680664062,8221.751953125,1978.69116210938,1092.5419921875,464.564178466797,397.480895996094,652.139770507812,1343.74145507812,298.414245605469,741.999938964844,518.26025390625,487.910461425781,5928.7705078125,2538.59619140625,3771.18701171875,3005.52709960938,2382.86499023438,1076.51452636719,2763.09252929688,3183.30639648438,487.535552978516,1711.32849121094,7243.74951171875,700.32958984375,NA,3621.04370117188,1600.57141113281
2020-09-30,64.9756698608398,23185.119140625,400.546966552734,460.539306640625,274.669372558594,20.4500007629395,241.800003051758,0.600432872772217,69.956184387207,1.29999995231628,447.513671875,14.629448890686,118.760078430176,2.88961267471313,66.0216369628906,321.742858886719,1.63721549510956,6.69795274734497,290.422149658203,15.3073663711548,63.6727066040039,136.427139282227,NA,NA,29338.072265625,15.2658796310425,30.098072052002,1.8671190738678,115.106018066406,172.976058959961,30.7442588806152,1.70699107646942,880.682556152344,NA,22.6905670166016,93241.1796875,22.9373512268066,1931.83288574219,1.63487732410431,17.3899993896484,91.906135559082,37.6996040344238,47.5563812255859,76.7506637573242,243.3486328125,41.3685836791992,682752.5625,94.4279403686523,0.27882120013237,33.9192695617676,1220.48828125,1577.27758789062,353.328826904297,659.452575683594,48103.96875,21140.140625,4395.09423828125,5238.548828125,854.15771484375,74.4615859985352,4086.27368164062,1352.263671875,715.684326171875,6281.05224609375,2357.36596679688,102.968910217285,1246.78735351562,8277.5068359375,209.779388427734,1093.92529296875,773.820007324219,2519.64086914062,1459.33166503906,3084.81591796875,3055.65551757812,687.260498046875,11544.3779296875,1273.58251953125,1359.04333496094,994.744201660156,1033.55065917969,2916.478515625,787.881652832031,18464.46484375,1214.36560058594,1012.39312744141,1209.10827636719,1019.7353515625,492.492492675781,2082.72314453125,2006.55871582031,576.587463378906,2836.68725585938,1479.70104980469,559.224426269531,1286.30944824219,1956.88623046875,663.114501953125,799.454162597656,329.738433837891,1606.20166015625,2680.78588867188,4059.09692382812,2020.78955078125,3657.21655273438,1133.32702636719,1032.201171875,746.203125,2341.8388671875,2420.84790039062,774.847839355469,7817.30810546875,2935.29248046875,1460.13891601562,55158.75390625,1150.7685546875,4786.48486328125,2908.6806640625,1054.65649414062,7078.14794921875,722.217102050781,844.289794921875,4267.18115234375,2922.5029296875,1343.10974121094,309.104827880859,1185.43286132812,399.375152587891,1331.22778320312,463.219757080078,4757.54296875,1583.33020019531,402.731109619141,2103.619140625,1801.86279296875,873.506042480469,1802.42321777344,1706.27014160156,2569.83129882812,21078.232421875,318.355316162109,1301.93115234375,490.44482421875,2162.27587890625,1118.83715820312,1041.2265625,1706.1279296875,1270.90600585938,1418.12646484375,1067.16931152344,799.173706054688,892.109619140625,1113.35571289062,434.964538574219,266.956146240234,1815.701171875,2386.4375,1305.09252929688,758.72998046875,789.362182617188,355.63671875,4136.35791015625,1098.08020019531,922.616638183594,5301.68310546875,3095.35034179688,2350.94116210938,349.305603027344,99.6223754882812,1596.9345703125,8353.1513671875,6366.8193359375,1371.55346679688,2749.6650390625,8575.9130859375,1840.1640625,1402.91235351562,423.139831542969,391.451171875,594.478515625,1300.6796875,315.9326171875,719.192016601562,516.2099609375,507.734069824219,5798.10791015625,2593.50756835938,3573.96875,3036.24780273438,2567.22583007812,1015.38140869141,2788.24389648438,3260.38989257812,520.8896484375,1864.60412597656,7665.1455078125,629.995788574219,NA,3886.80883789062,1553.10021972656
2020-10-31,67.1831283569336,22977.130859375,399.621978759766,532.118713378906,292.209930419922,22,288.200012207031,0.578730523586273,67.3293838500977,1,499.858825683594,14.9527463912964,150.749008178711,3.13400816917419,66.10693359375,329.212829589844,1.67132389545441,6.69795274734497,311.576141357422,15.2751913070679,63.7127456665039,133.459197998047,NA,NA,31330.40234375,14.9754943847656,29.2360744476318,1.78785443305969,124.738716125488,173.89128112793,33.8985977172852,1.84806454181671,907.235778808594,NA,26.5826377868652,89458.90625,24.6646823883057,1786.77392578125,1.56285619735718,20.1700000762939,91.906135559082,37.7805061340332,50.7696495056152,77.0225601196289,259.525299072266,45.7663421630859,674836.625,96.1008911132812,0.279161632061005,32.8232688903809,1197.77575683594,1703.34985351562,348.318878173828,651.821228027344,46404.91796875,23338.89453125,3748.18139648438,5003.22607421875,843.4716796875,76.0547027587891,3899.64111328125,1369.60778808594,662.41748046875,6595.638671875,2194.94067382812,106.02954864502,1310.86364746094,8450.14453125,201.137985229492,1069.71801757812,699.571166992188,2557.38525390625,1497.33520507812,2625.2939453125,2643.5009765625,676.563537597656,11485.9736328125,1200.56335449219,1158.5986328125,973.012756347656,1087.73510742188,2885.80981445312,793.601013183594,18636.673828125,1438.62951660156,1085.484375,1033.8466796875,927.363647460938,449.994750976562,2234.62939453125,1841.90576171875,575.862426757812,2899.11645507812,1525.45202636719,543.303466796875,1126.23962402344,1983.14770507812,687.87451171875,864.12646484375,345.254241943359,1647.40222167969,2526.63623046875,3517.94458007812,1701.76672363281,4008.03393554688,1055.60070800781,1026.21459960938,839.844360351562,2374.82885742188,2448.23974609375,788.160034179688,8623.3408203125,2935.29248046875,1429.77673339844,52177.19921875,1014.47674560547,5125.76123046875,2425.82836914062,1024.6142578125,6659.04150390625,772.854553222656,831.94970703125,3825.423828125,2625.73022460938,1229.9697265625,296.052612304688,1181.61206054688,387.609161376953,1272.1806640625,404.443878173828,4355.880859375,1471.66613769531,424.452423095703,1917.55212402344,1576.18994140625,814.330200195312,1690.21508789062,1645.380859375,2860.92163085938,20788.830078125,297.640991210938,1391.39123535156,557.410278320312,2125.87817382812,1003.19757080078,1011.64129638672,1624.43090820312,1143.35998535156,1227.22485351562,940.326721191406,728.043151855469,896.431823730469,990.924865722656,426.887847900391,253.148040771484,1755.47265625,2050.37768554688,1142.07116699219,697.197937011719,777.021667480469,339.739166259766,3940.75219726562,1004.21606445312,835.333557128906,4838.51025390625,2829.41162109375,2196.14672851562,343.856475830078,107.981101989746,2002.59289550781,8770.3232421875,6883.021484375,1227.716796875,2385.00732421875,7238.1640625,1700.70080566406,1298.17456054688,412.297180175781,367.531127929688,591.230041503906,1178.5322265625,296.890106201172,659.942993164062,499.591125488281,515.94921875,6196.818359375,2741.34545898438,3360.59765625,2889.48022460938,2622.5341796875,926.069885253906,2769.34033203125,2196.47314453125,483.104827880859,1755.91357421875,7027.9453125,608.579528808594,NA,3829.859375,1423.44189453125
2020-11-30,73.9231643676758,26433.619140625,444.486877441406,506.908386230469,260.517303466797,26.5,290,0.578730523586273,78.2974624633789,0.810000002384186,519.027465820312,18.6540336608887,178.140106201172,3.53654098510742,70.2012939453125,342.729919433594,1.86915409564972,8.01845073699951,334.707092285156,18.1066150665283,72.8832015991211,142.956619262695,NA,NA,35432.26953125,15.8881301879883,31.8220691680908,2.14910793304443,148.285339355469,205.466278076172,41.2587051391602,2.07378244400024,853.686767578125,NA,29.4374809265137,155648.640625,32.5380973815918,1783.83337402344,1.77891933917999,35.9900016784668,93.1945495605469,45.5065002441406,61.5340995788574,83.3706893920898,315.514099121094,52.7138137817383,777744.25,92.3367691040039,0.326823353767395,36.3758163452148,1232.28479003906,1905.61511230469,380.841156005859,738.184875488281,52336.890625,27585.541015625,4701.771484375,5203.42626953125,887.680053710938,85.3710708618164,4322.02001953125,1525.70617675781,693.038818359375,7060.72216796875,2421.8974609375,112.325729370117,1400.05383300781,10742.888671875,211.669692993164,1108.11596679688,763.948852539062,3154.8447265625,1611.34545898438,3529.052734375,3056.47143554688,797.8447265625,13539.82421875,1373.92822265625,1374.6806640625,1014.02685546875,1108.19458007812,3515.009765625,846.749572753906,22640.490234375,1732.08166503906,1118.68176269531,1108.67749023438,1042.42321777344,504.09033203125,2807.20190429688,1990.7177734375,622.421264648438,3116.33642578125,1570.35546875,667.915710449219,1330.40051269531,2151.72802734375,623.270629882812,1000.66674804688,367.132598876953,1742.50427246094,2945.44921875,3871.10815429688,2023.28466796875,4610.6015625,1348.70251464844,1290.30895996094,905.198059082031,2778.08544921875,3000.47924804688,999.588806152344,10229.2587890625,3343.10302734375,1659.79248046875,62574.890625,1270.69262695312,6495.07275390625,2563.64819335938,1065.15905761719,7007.25,931.729675292969,1035.99145507812,5141.294921875,3207.96948242188,1271.54016113281,316.106323242188,1295.16748046875,437.259826660156,1323.68041992188,480.071624755859,5148.30908203125,1600.80444335938,504.466735839844,2175.44311523438,1790.33911132812,818.098205566406,1838.79089355469,1881.66857910156,3092.22607421875,21444.8125,304.347717285156,1644.54443359375,650.113525390625,2107.00561523438,1155.40686035156,1054.4736328125,1965.48364257812,1413.02893066406,1247.01489257812,1161.03308105469,769.884765625,1053.76123046875,1241.52563476562,513.735473632812,374.659118652344,1774.95837402344,2190.134765625,1395.35314941406,841.930480957031,825.952270507812,366.450286865234,4217.46337890625,1077.93591308594,820.523742675781,4689.6328125,3217.42065429688,2435.59448242188,462.703063964844,144.060104370117,1970.470703125,10671.853515625,9424.8515625,1322.37084960938,2610.61645507812,7057.4111328125,1850.45983886719,1670.04248046875,558.811401367188,379.578430175781,776.395446777344,1209.06884765625,321.1259765625,722.838134765625,492.176361083984,596.493774414062,7071.09814453125,2935.64770507812,3280.58349609375,3403.166015625,3207.88012695312,934.189025878906,3339.87768554688,2480.46997070312,532.5849609375,2037.00964355469,8836.46875,621.964538574219,NA,4774.27197265625,1720.0703125
2020-12-31,79.5252304077148,27444.169921875,492.682464599609,509.609466552734,231.415908813477,33.0499992370605,294,0.593198657035828,87.9752044677734,0.810000002384186,550.729431152344,18.6762447357178,198.781280517578,3.601233959198,78.4753341674805,382.391998291016,1.80775845050812,8.12186527252197,338.265777587891,18.2996616363525,76.1669616699219,145.86686706543,NA,NA,35278.0625,16.3444499969482,33.5819778442383,2.08616328239441,164.242568969727,240.702133178711,41.1745986938477,1.9961918592453,889.53369140625,NA,29.3979682922363,200108.40625,37.8807754516602,1765.21105957031,1.72130262851715,28.8299999237061,93.6240081787109,44.0907440185547,65.3096923828125,80.6319198608398,364.684539794922,61.5785102844238,817324.125,104.372604370117,0.306396961212158,41.2700157165527,1400.95568847656,2019.70837402344,387.294616699219,756.611450195312,56962.65625,29681.578125,5153.46142578125,5780.31640625,933.352111816406,91.6223754882812,4244.4208984375,1560.39465332031,723.802551269531,7823.88623046875,2602.3212890625,113.069030761719,1439.25085449219,11630.3056640625,284.086578369141,1091.42114257812,810.944519042969,3321.47045898438,1658.77709960938,3377.15258789062,3064.6328125,806.691101074219,13890.2431640625,1394.98291015625,1412.58996582031,1119.92883300781,1379.11682128906,3371.55981445312,876.323059082031,21927.74609375,1844.21337890625,1164.15466308594,1090.95434570312,1106.43505859375,568.375366210938,2865.93505859375,2069.923828125,646.667236328125,2945.46459960938,1709.63220214844,660.873657226562,1352.44604492188,2386.80810546875,592.344299316406,1070.82592773438,346.482086181641,1684.57556152344,3211.06176757812,4077.0712890625,2147.0888671875,4609.693359375,1376.05859375,1101.04504394531,1052.48779296875,2660.0166015625,2810.31176757812,1039.91711425781,10690.7294921875,3504.33081054688,1524.54333496094,59395.203125,1335.84826660156,6336.41796875,2812.302734375,1141.85241699219,7215.53662109375,983.633117675781,1195.26403808594,5451.46435546875,2996.931640625,1366.25219726562,311.525054931641,1348.6552734375,454.783630371094,1404.26000976562,467.026550292969,4713.4638671875,1790.03686523438,532.394104003906,2175.44311523438,1803.78344726562,833.855712890625,1829.47705078125,2063.05493164062,3119.16528320312,20856.357421875,314.450134277344,1756.845703125,750.680908203125,2142.50390625,982.441772460938,1206.81591796875,2132.48095703125,1864.90673828125,1273.3212890625,1168.6435546875,744.77978515625,1052.03247070312,1371.60827636719,554.391540527344,437.255737304688,1870.61462402344,2482.06030273438,2140.46264648438,810.502868652344,910.005920410156,379.281280517578,4150.67138671875,1065.50659179688,803.193298339844,5042.83984375,3099.71020507812,2202.9189453125,526.119201660156,180.139114379883,1931.923828125,11768.8759765625,9543.3720703125,1350.2099609375,2611.56567382812,6596.5810546875,1867.30773925781,1738.26635742188,601.794006347656,396.339996337891,802.383544921875,1222.42907714844,314.201446533203,683.642578125,531.976806640625,607.193359375,6875.80615234375,3091.37670898438,3227.24047851562,3407.75244140625,3502.85766601562,885.951354980469,3934.4736328125,2513.93237304688,510.993591308594,1918.94909667969,8620.9462890625,604.117736816406,NA,4869.189453125,1915.95666503906
2021-01-31,85.4551773071289,27663.390625,549.387634277344,613.602294921875,245.966613769531,29.2000007629395,355.799987792969,0.607667028903961,86.4083404541016,0.629999995231628,645.098022460938,18.6392345428467,232.237579345703,3.55810546875,95.1086883544922,442.329711914062,1.79411518573761,8.20936679840088,341.824340820312,18.8064212799072,73.1234970092773,176.346527099609,NA,NA,32758.20703125,15.7636795043945,32.7199821472168,2.12213158607483,198.686782836914,258.548889160156,50.0908508300781,1.97503089904785,892.18896484375,NA,27.3333930969238,146768.53125,40.1704902648926,1828.91943359375,1.69249391555786,32.25,92.7650833129883,43.4435386657715,73.9051818847656,85.3844680786133,385.44189453125,54.1467933654785,784670.75,108.554962158203,0.333632230758667,47.7042846679688,1285.28063964844,1973.56066894531,398.503356933594,801.468505859375,55135.9140625,28830.966796875,5124.4306640625,5319.330078125,950.040100097656,90.6699829101562,4461.50341796875,1508.94970703125,754.139038085938,7872.43310546875,2631.73364257812,120.414581298828,1445.35339355469,12057.3544921875,269.864227294922,1150.68774414062,831.1162109375,3346.32641601562,1639.44311523438,3214.7431640625,3018.1123046875,775.012084960938,13038.529296875,1428.58056640625,1518.26184082031,1212.36364746094,1305.59680175781,3235.03540039062,838.100646972656,21148.029296875,1977.81774902344,1162.48071289062,1122.46203613281,1123.85607910156,575.168273925781,3091.95092773438,1951.3544921875,670.107727050781,3366.74243164062,1983.19079589844,648.626831054688,1439.66967773438,2424.92944335938,617.009521484375,1215.64147949219,354.072570800781,1854.64392089844,3107.66259765625,4117.67578125,2148.64819335938,4974.142578125,1454.65344238281,1084.00671386719,1170.51477050781,2573.6357421875,2815.03515625,945.16552734375,10475.376953125,3352.58740234375,1519.94287109375,59782.05078125,1325.77612304688,6761.123046875,2852.78125,1208.04333496094,6877.84619140625,1068.45080566406,1172.30590820312,6015.40869140625,2976.20434570312,1450.6787109375,313.772491455078,1329.55261230469,460.374572753906,1487.05920410156,508.185302734375,4693.6533203125,1751.62109375,533.280700683594,1821.62622070312,1818.18823242188,877.787841796875,1779.36059570312,2107.04711914062,3124.06982421875,20055.671875,359.699035644531,1802.52746582031,674.421203613281,2057.57690429688,1017.03479003906,1229.77758789062,1967.76977539062,1662.65490722656,1180.1630859375,1184.71020507812,733.064147949219,1048.57446289062,1411.78100585938,618.188781738281,451.063842773438,1712.07299804688,2556.07641601562,2040.07067871094,827.043762207031,1004.93310546875,401.231140136719,3859.64672851562,1098.5087890625,924.192138671875,4873.046875,2951.482421875,2147.7734375,499.907196044922,156.17170715332,2295.36401367188,13654.2275390625,8630.46875,1380.83325195312,2876.9912109375,6839.07666015625,1743.75659179688,1515.33764648438,657.854675292969,428.466217041016,738.225341796875,1171.85205078125,328.050567626953,671.792846679688,608.849975585938,650.435607910156,6541.458984375,3117.138671875,3173.89770507812,3820.53491210938,3724.0908203125,859.683288574219,3904.39990234375,2608.31176757812,511.893218994141,2172.87280273438,8658.4287109375,704.952697753906,NA,5087.4951171875,2103.44750976562
2021-02-28,86.4222183227539,28966.009765625,563.331481933594,596.495239257812,231.615219116211,25.2999992370605,340,0.600432872772217,89.4498977661133,0.810000002384186,660.580383300781,19.7199821472168,192.911773681641,3.63717436790466,95.5351791381836,420.809051513672,1.85551083087921,8.74233913421631,355.861053466797,19.8521175384521,76.3271560668945,164.2734375,NA,NA,35603.203125,16.5933475494385,35.8447189331055,2.11313939094543,188.762191772461,256.718444824219,50.0908508300781,1.98913824558258,876.699584960938,308.799987792969,28.6175765991211,128904.6953125,43.5448150634766,1765.93273925781,2.00218462944031,25.3700008392334,94.0534744262695,47.4076614379883,83.1433334350586,100.36701965332,362.431030273438,60.3827133178711,742122.375,110.042007446289,0.381293952465057,44.8603553771973,1386.16613769531,2183.68115234375,473.822448730469,907.561645507812,49655.71875,33779.30078125,4460.46484375,5685.48486328125,1095.54711914062,95.5186157226562,5187.4072265625,1544.22631835938,855.403015136719,9607.515625,2781.42895507812,126.011199951172,1544.40148925781,13190.1005859375,276.165283203125,1301.35815429688,971.459716796875,3194.42993164062,1519.09887695312,2875.59521484375,2923.43969726562,816.22265625,11777.990234375,1405.28625488281,1455.71166992188,1250.54406738281,1436.22412109375,3529.84936523438,836.984680175781,19822.98828125,2087.56372070312,1138.2099609375,1142.15441894531,1248.23388671875,655.855895996094,2792.44165039062,1896.63012695312,733.501647949219,3621.77197265625,1981.4619140625,734.814392089844,1557.56555175781,2702.3671875,615.20703125,1228.23425292969,417.251953125,1880.35571289062,3053.99536132812,3898.041015625,2450.20703125,4787.8271484375,1564.51232910156,1058.90979003906,1140.27648925781,2607.0595703125,2565.04711914062,1227.46240234375,10275.40625,3139.19775390625,1691.07446289062,59348.03125,1451.6806640625,6600.0283203125,3355.87329101562,1035.11682128906,6467.72802734375,964.644104003906,1279.92272949219,6419.56884765625,3457.63549804688,1434.82202148438,369.698364257812,1486.61962890625,516.367065429688,1522.35461425781,658.541015625,4569.34130859375,1732.53454589844,677.129028320312,2149.89501953125,1732.72058105469,909.902038574219,1763.83776855469,2206.48803710938,3295.7216796875,19225.626953125,397.052734375,1730.19775390625,801.917724609375,1978.94030761719,1177.15112304688,1365.78198242188,1829.78051757812,1783.82360839844,1107.03637695312,1148.3486328125,764.026977539062,1241.34631347656,1344.82666015625,632.164184570312,472.236175537109,1688.15893554688,2994.65478515625,2199.40795898438,921.326721191406,988.968139648438,417.693542480469,3832.77465820312,1120.79626464844,1049.28723144531,4346.68994140625,3274.09619140625,2470.90673828125,539.929870605469,171.012725830078,2219.25756835938,12604.6513671875,8252.376953125,1551.58142089844,2754.48754882812,6549.15625,2368.06469726562,2072.02221679688,663.2890625,486.083862304688,907.96044921875,1397.06127929688,355.748718261719,733.776428222656,630.497253417969,718.902465820312,7624.47509765625,3348.99169921875,3004.97875976562,4054.4453125,3825.48950195312,914.129821777344,4418.2275390625,2809.94116210938,610.853332519531,2450.22143554688,8039.96875,822.742309570312,NA,5060.671875,1880.51062011719
2021-03-31,84.0958557128906,29178.80078125,547.903686523438,549.225830078125,219.257110595703,25.75,298.200012207031,0.600432872772217,86.9152526855469,0.810000002384186,714.400085449219,21.3115005493164,161.31413269043,4.01095485687256,105.771102905273,410.781402587891,2.01923203468323,9.34690475463867,318.297973632812,20.777156829834,74.1246337890625,156.565734863281,NA,213,45682.65234375,18.3356494903564,40.8012008666992,2.19406843185425,172.415771484375,263.582580566406,49.9226188659668,2.1936948299408,896.171936035156,270,33.1319847106934,125801.59375,40.3311729431152,1924.1494140625,2.02379083633423,25,95.771354675293,50.1178245544434,86.3565979003906,95.8858413696289,384.910400390625,71.3524017333984,740143.375,123.611373901367,0.347249835729599,42.2809791564941,1541.56799316406,2282.84497070312,512.802429199219,941.067749023438,49469.1171875,28352.09375,4203.86865234375,5548.34130859375,1173.13122558594,100.098930358887,5315.74755859375,1576.37902832031,910.199829101562,9080.9326171875,3188.09399414062,129.52685546875,1620.65698242188,14269.6787109375,317.237548828125,1365.38928222656,1004.80358886719,3451.77124023438,1676.92724609375,3093.658203125,3324.23071289062,935.813903808594,12702.708984375,1533.82836914062,1525.65222167969,1382.50598144531,1667.87707519531,3291.91235351562,927.018432617188,21430.123046875,2326.63989257812,1207.98388671875,1283.93920898438,1305.53576660156,771.821716308594,2737.263671875,1926.43823242188,833.800476074219,3895.0810546875,2162.96997070312,776.181091308594,1650.62170410156,2918.12548828125,527.534484863281,1289.41125488281,424.619171142578,2051.630859375,3145.52954101562,4325.3125,2459.68017578125,4796.560546875,1657.15173339844,1169.47155761719,1170.51477050781,2864.13403320312,2506.76953125,1485.16357421875,10863.6220703125,3264.51440429688,1789.61511230469,60958.46875,1468.36303710938,6558.5341796875,3202.15551757812,1106.68103027344,6620.72998046875,975.993225097656,1350.62451171875,6215.01953125,3697.47680664062,1476.61694335938,410.884338378906,1669.69580078125,497.534698486328,1576.53881835938,635.021606445312,4612.42919921875,2059.60766601562,862.0693359375,2220.259765625,1905.25610351562,1047.26184082031,1980.30920410156,2309.13671875,3521.32153320312,20724.984375,435.126007080078,1819.43933105469,957.241638183594,2239.27319335938,1303.66271972656,1478.0947265625,1857.81640625,2045.29345703125,1252.56567382812,1349.15771484375,862.426086425781,1251.70642089844,1265.18737792969,650.672668457031,499.852355957031,1931.87036132812,2842.93530273438,2525.45092773438,991.667297363281,1114.25415039062,482.436553955078,4302.28857421875,1242.79125976562,1030.38122558594,4703.2548828125,3778.20361328125,2488.3212890625,578.63720703125,216.218063354492,2422.859375,14110.98828125,7427.70751953125,1753.78247070312,3071.88452148438,6709.58251953125,2311.90502929688,2440.2314453125,775.410461425781,508.701690673828,1115.26745605469,1415.95043945312,395.399322509766,825.544921875,717.412170410156,813.494995117188,7151.37744140625,3975.85424804688,3197.28100585938,4269.83154296875,4520.1162109375,1122.72412109375,4172.580078125,3050.24145507812,660.223083496094,2658.06079101562,8134.19384765625,1009.50628662109,NA,5241.41064453125,1916.48767089844
2021-04-30,84.1232223510742,28812.630859375,560.037841796875,560.930603027344,224.240219116211,24.6000003814697,298,0.600432872772217,91.1550445556641,0.709999978542328,873.647155761719,22.2774257659912,156.814147949219,3.63717436790466,98.947151184082,422.09716796875,2.10791444778442,9.70487308502197,295.364685058594,21.388484954834,69.3437194824219,173.390090942383,307.602264404297,205.800003051758,44463.37109375,18.9164180755615,46.1168556213379,2.24802041053772,184.286376953125,276.853240966797,52.6984367370605,2.13021159172058,897.499633789062,263,35.3052215576172,111544.078125,45.5533409118652,1783.62158203125,2.03819513320923,19.7399997711182,97.918701171875,51.5335845947266,94.7914352416992,95.4788665771484,417.906982421875,80.4542846679688,795555.1875,131.604293823242,0.354058712720871,44.6997375488281,1454.07641601562,2146.01220703125,500.929260253906,1011.96752929688,51683.26953125,28860.392578125,3840.513671875,5627.333984375,1113.11328125,97.03466796875,4861.04052734375,1565.89978027344,878.2119140625,9621.1171875,3029.00048828125,126.915603637695,1578.17138671875,14736.2880859375,298.657684326172,1310.73937988281,1005.45825195312,3422.0947265625,1613.0068359375,2673.49609375,3032.26586914062,911.283630371094,12145.9580078125,1529.73583984375,1659.62341308594,1455.61218261719,1602.49670410156,3064.20166015625,883.078369140625,21055.671875,2494.88842773438,1156.15625,1252.43139648438,1231.85632324219,761.595642089844,2694.23291015625,1990.50842285156,775.408264160156,3809.78051757812,2249.83447265625,731.867614746094,1636.16772460938,2735.4755859375,483.844757080078,1167.58081054688,438.795471191406,2212.73901367188,2843.75268554688,3876.81616210938,2346.72143554688,4611.54931640625,1559.12426757812,965.134033203125,1243.67199707031,2858.83154296875,2549.00903320312,1501.30236816406,11066.8271484375,3207.32592773438,1662.74462890625,60143.28125,1436.88684082031,6177.76318359375,3092.83764648438,1068.09008789062,6343.69775390625,945.433715820312,1343.35510253906,6149.00244140625,3444.73071289062,1423.26098632812,396.917144775391,1609.5537109375,502.241302490234,1489.46447753906,626.622009277344,4495.05078125,1916.458984375,979.676147460938,2178.10302734375,1839.63513183594,945.857543945312,1821.72290039062,2355.42041015625,3555.65283203125,18969.2890625,408.754730224609,1742.50744628906,1084.46215820312,2012.390625,1372.84875488281,1449.56689453125,1796.48815917969,2000.65197753906,1236.39587402344,1296.77172851562,847.1318359375,1175.33996582031,1288.22570800781,620.262268066406,518.263061523438,1887.98461914062,2795.20532226562,2406.638671875,922.442443847656,1006.71911621094,490.869262695312,4168.142578125,1151.65307617188,1162.72387695312,4414.60693359375,3565.84545898438,2423.50122070312,514.563415527344,259.717590332031,2128.56225585938,18795.21484375,7433.59423828125,1747.21740722656,3081.1650390625,6447.3125,2172.44213867188,2884.78833007812,780.558898925781,466.458435058594,1176.6357421875,1349.66796875,361.055053710938,824.623596191406,703.235168457031,841.422241210938,7638.92822265625,4276.40478515625,3040.11181640625,4607.89794921875,4854.251953125,1051.07116699219,4050.34594726562,2886.75903320312,621.065063476562,2575.37841796875,7804.68408203125,1043.63537597656,NA,4794.32177734375,1865.70715332031
2021-05-31,83.3021469116211,28860.080078125,557.237548828125,558.977661132812,210.287490844727,29.25,294,0.607667028903961,92.3440628051758,0.75,733.568664550781,22.5024490356445,176.08576965332,3.66592645645142,96.8146667480469,436.286834716797,2.14655160903931,9.96080780029297,287.852081298828,21.285852432251,68.9355773925781,185.859939575195,316.596466064453,192.5,47796.078125,19.1238327026367,51.9353370666504,2.16709232330322,193.113418579102,270.904296875,60.3529586791992,2.22190976142883,881.567687988281,194.300003051758,37.676025390625,116827.7421875,42.5807228088379,1830.79187011719,2.28306651115417,23.2999992370605,97.4892272949219,50.5133285522461,89.5698623657227,97.0254058837891,474.168975830078,79.169548034668,836124.5625,133.98567199707,0.367676347494125,46.8350410461426,1630.84887695312,2123.37084960938,537.328857421875,1078.72985839844,53011.76171875,28686.669921875,3931.35278320312,6077.05322265625,1156.73596191406,103.251235961914,5467.31787109375,1550.63000488281,867.743225097656,8035.60302734375,2887.68237304688,126.645477294922,1774.36889648438,14839.9794921875,304.912292480469,1428.57788085938,1053.69055175781,3497.21362304688,1706.52026367188,2426.96313476562,3102.33715820312,945.400329589844,14016.4453125,1538.83056640625,1695.85778808594,1467.07373046875,1703.29113769531,3229.53930664062,953.838806152344,20743.62890625,2377.11401367188,1254.11633300781,1006.27740478516,1264.970703125,810.798400878906,2562.97290039062,2031.45520019531,769.661987304688,4183.18603515625,2212.66870117188,787.298034667969,1715.18176269531,2733.76879882812,493.042602539062,1129.53686523438,498.514526367188,2381.0283203125,2795.6025390625,4167.5087890625,2400.376953125,4817.626953125,1713.48425292969,1103.84167480469,1086.6279296875,2833.20385742188,2490.25439453125,1617.81677246094,10504.107421875,3326.46875,1642.37133789062,62105.40234375,1642.74108886719,6116.7421875,3147.01293945312,1229.04858398438,6061.2314453125,887.498046875,1426.22436523438,6620.55224609375,3444.73071289062,1559.47045898438,413.006011962891,1631.62023925781,514.307434082031,1508.5400390625,632.501770019531,4244.4453125,1976.3212890625,1031.05786132812,2278.40747070312,1778.8154296875,907.393920898438,1914.26916503906,2280.26708984375,2534.56713867188,18345.357421875,392.532897949219,1632.87951660156,1085.69714355469,1970.10583496094,1240.40686035156,1494.58728027344,1937.54370117188,2425.19897460938,1221.19116210938,1301.06567382812,783.405822753906,1307.88391113281,1365.02014160156,648.9375,430.811950683594,1846.78576660156,2886.95776367188,2424.13818359375,1203.51232910156,1053.49255371094,531.093383789062,4345.40771484375,1143.36804199219,1167.45031738281,4711.744140625,3380.0322265625,2568.62109375,506.483673095703,251.955917358398,1924.03527832031,20019.724609375,7266.8115234375,1798.79895019531,3071.88452148438,6654.41552734375,2339.048828125,3227.87036132812,913.846008300781,460.754669189453,1193.00061035156,1408.265625,353.129455566406,826.46630859375,756.917846679688,972.950866699219,7639.8916015625,4104.6611328125,3053.58325195312,4751.46142578125,4835.68798828125,1142.08959960938,4285.2119140625,3123.37841796875,633.814270019531,2799.93701171875,8115.36474609375,1165.78198242188,NA,5051.16015625,1629.67260742188
2021-06-30,84.0272903442383,28791.529296875,557.675354003906,527.371520996094,219.257110595703,27,320.399993896484,0.593592703342438,89.8306655883789,0.740000009536743,709.2392578125,22.3375968933105,227.51448059082,3.5008704662323,95.5351791381836,415.631042480469,2.05803418159485,9.63039016723633,301.888824462891,21.0817337036133,62.0787506103516,174.138076782227,275.822692871094,199.399993896484,45960.13671875,18.8334503173828,53.0846672058105,2.05918717384338,240.071075439453,277.310852050781,55.7265968322754,2.05312371253967,898.921447753906,194.800003051758,35.4138793945312,131840.0625,42.661060333252,1887.78894042969,2.80551791191101,34.939998626709,97.918701171875,50.3054542541504,89.9715347290039,94.1765060424805,550.690368652344,75.8687515258789,832166.5625,126.786148071289,0.374232918024063,49.1309700012207,1737.30578613281,2129.27734375,520.082397460938,1196.26940917969,55176.7109375,26904.408203125,4150.71435546875,5800.57958984375,1121.31079101562,101.948043823242,5383.65869140625,1529.37194824219,880.538269042969,7567.44287109375,2844.1318359375,130.877502441406,1654.07250976562,14663.095703125,300.681213378906,1355.56945800781,1091.44714355469,3446.20678710938,1706.47973632812,2296.9814453125,3102.33715820312,1016.34051513672,14387.61328125,1466.52734375,1983.34790039062,1640.85498046875,1720.54443359375,3134.49462890625,915.320129394531,19865.109375,2405.95727539062,1169.25537109375,1126.40063476562,1231.85632324219,809.79248046875,2625.81665039062,2168.74877929688,769.239379882812,4473.9755859375,2210.337890625,794.554931640625,1669.89318847656,2356.09375,533.474792480469,1164.41052246094,454.088012695312,2572.42211914062,2846.13720703125,4296.908203125,2487.29272460938,4908.30078125,1662.91809082031,1094.06677246094,1171.490234375,2947.20361328125,2448.01440429688,1474.92932128906,10613.525390625,3502.80029296875,1663.67065429688,62228.625,1650.67956542969,6285.15966796875,3260.20068359375,1408.81396484375,6253.29736328125,858.848510742188,1526.53991699219,6290.46728515625,3758.06030273438,1678.32873535156,377.645904541016,1526.47998046875,485.896453857422,1541.30505371094,712.724426269531,4182.04150390625,1976.75500488281,1285.68225097656,2139.82275390625,1853.7197265625,926.188537597656,1969.078125,2078.328125,2431.1826171875,19017.6484375,403.289611816406,1594.41357421875,1319.14074707031,1906.90625,1239.41845703125,1461.15637207031,1925.80346679688,2401.51147460938,1192.23022460938,1208.31628417969,750.268127441406,1260.48400878906,1407.25708007812,674.96435546875,474.997833251953,1853.05505371094,2935.15087890625,2187.43481445312,1223.52893066406,1067.04357910156,514.480895996094,4388.52685546875,1184.35815429688,1189.50744628906,4940.96435546875,3220.76318359375,2527.02001953125,517.945617675781,340.746063232422,2156.326171875,21014.52734375,7959.44970703125,1674.06494140625,3678.0888671875,9880.333984375,2247.3212890625,3856.04858398438,877.373413085938,478.222351074219,1064.5361328125,1451.49340820312,358.413177490234,785.004760742188,806.969909667969,994.347229003906,7892.357421875,4068.9404296875,2986.22485351562,4807.03369140625,5095.572265625,1137.24816894531,3776.189453125,2921.17651367188,609.2265625,2761.41455078125,8294.240234375,1119.97705078125,NA,5165.31005859375,1561.02526855469
2021-07-31,76.9677200317383,27283.58984375,543.6162109375,432.552978515625,188.361785888672,25.3500003814697,215,0.593592703342438,86.665641784668,0.6700000166893,697.883850097656,22.7871952056885,234.177261352539,3.31661415100098,97.2883377075195,445.447235107422,1.99164569377899,9.91245269775391,273.419952392578,21.4573173522949,55.630069732666,153.942413330078,214.861877441406,158.199996948242,42253.6796875,18.9578990936279,53.874828338623,2.04120278358459,230.092590332031,267.443145751953,50.981861114502,1.96947765350342,910.882568359375,110.099998474121,33.2999153137207,116576.140625,47.9471282958984,2012.59338378906,2.40472960472107,33.3899993896484,98.7776336669922,47.228931427002,98.4063568115234,90.5950393676758,511.246429443359,78.0626907348633,880651.875,129.871673583984,0.317744970321655,44.113941192627,1754.30297851562,2239.53076171875,501.362457275391,1176.89880371094,59772.30859375,23780.62890625,3790.5205078125,5062.71533203125,1081.78662109375,98.7076873779297,5540.14892578125,1559.91137695312,890.425537109375,6654.4833984375,2872.5732421875,128.716461181641,1590.58288574219,13699.37890625,289.183776855469,1336.78344726562,1091.01062011719,3292.25903320312,1740.22729492188,2071.55200195312,3071.47265625,1000.02197265625,15046.9228515625,1342.38415527344,1770.23315429688,1507.96350097656,1698.52392578125,2960.24609375,964.395751953125,21761.365234375,2309.8154296875,1289.9970703125,1090.95434570312,1227.716796875,776.0966796875,2798.5595703125,2041.08996582031,785.126159667969,4248.28515625,2195.82543945312,788.224426269531,1629.42272949219,2414.55883789062,523.606323242188,1182.52661132812,449.176513671875,2445.03442382812,2848.04370117188,4046.01416015625,2284.28051757812,4465.921875,1696.18518066406,1030.99670410156,1151.98156738281,2956.04125976562,2242.53125,1489.49340820312,9738.1826171875,3355.06274414062,1585.41845703125,61422.92578125,1561.64270019531,5975.17333984375,3067.68408203125,1360.94165039062,6014.509765625,791.999755859375,1494.55541992188,5696.31591796875,3362.37548828125,1508.71740722656,363.413421630859,1555.90197753906,469.038055419922,1511.90625,666.298461914062,4087.94067382812,1911.11791992188,1342.77294921875,2176.16479492188,1841.23559570312,905.208312988281,1923.70349121094,2106.53833007812,2207.30981445312,20125.2421875,398.605255126953,1557.87084960938,1395.72009277344,1889.62841796875,1189.01147460938,1379.58483886719,1778.21203613281,2292.18627929688,1197.53967285156,1204.88134765625,757.065673828125,1227.12878417969,1282.46618652344,654.964904785156,512.739868164062,1836.93371582031,2741.91479492188,2098.09545898438,1209.35046386719,1037.75573730469,484.038787841797,4561.001953125,1148.16455078125,1173.75231933594,4830.59912109375,3251.73217773438,2480.09790039062,592.729736328125,317.290435791016,2053.599609375,19924.376953125,6995.05419921875,1734.08740234375,3318.68188476562,8124.029296875,2136.8740234375,4203.962890625,791.379211425781,458.794006347656,1084.9921875,1403.46240234375,345.203857421875,739.857727050781,791.496154785156,977.986755371094,7037.537109375,4073.30615234375,3044.60180664062,4408.76318359375,4571.1640625,1242.30700683594,3857.388671875,2645.83715820312,567.336547851562,2757.65649414062,8774.3857421875,1069.68139648438,NA,5117.74755859375,1574.1904296875
2021-08-31,76.1884155273438,28089.5390625,575.4833984375,434.539672851562,164.941146850586,25,249,0.624033272266388,86.526008605957,0.620000004768372,690.981811523438,22.6972484588623,258.084899902344,3.33196902275085,98.1727676391602,445.042114257812,2.01377511024475,9.4025936126709,302.877319335938,21.3622550964355,49.3038368225098,140.280654907227,226.0546875,152.800003051758,43571.5234375,20.0035667419434,61.0581398010254,2.10845541954041,230.092590332031,252.067474365234,55.3308181762695,1.98468613624573,905.362060546875,84.5,32.8455123901367,145007.296875,52.3436584472656,2045.06103515625,2.53090357780457,30.8600006103516,99.9262084960938,47.1873474121094,103.226264953613,89.2112884521484,477.966491699219,70.5618057250977,954864.125,162.089660644531,0.331866979598999,41.4778785705566,1716.19323730469,2236.57739257812,515.142456054688,1144.36389160156,65076.44921875,23407.71484375,4062.08081054688,4748.5400390625,1112.82043457031,103.409721374512,6397.400390625,1609.91259765625,962.834350585938,6015.99560546875,2942.78735351562,132.678359985352,1608.72277832031,14406.9169921875,267.568603515625,1317.57055664062,1060.23803710938,3376.65234375,1734.12817382812,2508.021484375,3068.9697265625,956.791687011719,17366.71875,1369.21362304688,1935.67114257812,1506.72692871094,1750.28332519531,3298.84301757812,1014.32751464844,26312.388671875,2288.18286132812,1374.85791015625,1138.21606445312,1286.90893554688,733.934753417969,2823.01635742188,2214.51245117188,797.970825195312,4481.94140625,2296.974609375,779.423461914062,1908.86242675781,2272.45068359375,686.963745117188,1188.41418457031,484.338226318359,2831.2568359375,2800.78466796875,4365.92724609375,2331.66040039062,4394.4814453125,1819.939453125,1106.86694335938,1159.78503417969,2965.76171875,2426.73559570312,1769.75732421875,10019.54296875,3941.24560546875,1593.75317382812,66835.34375,1626.1943359375,6160.67724609375,3119.9248046875,1584.67163085938,6080.3818359375,736.610656738281,1414.59362792969,6582.828125,3362.37548828125,1611.09155273438,376.319885253906,1556.76733398438,456.629669189453,1536.36779785156,651.682800292969,4133.01025390625,1939.86633300781,2025.57775878906,2240.12670898438,2225.35986328125,965.963562011719,1829.80944824219,2103.763671875,1973.61755371094,19972.46875,369.631530761719,1607.87658691406,2099.75561523438,1924.18383789062,1138.60461425781,1310.93981933594,1772.87731933594,2228.4130859375,1264.15014648438,1222.05700683594,769.810913085938,1171.8291015625,1585.80395507812,677.430114746094,583.621337890625,1847.68127441406,2787.791015625,2157.04125976562,1160.97644042969,993.168029785156,524.937438964844,4577.99365234375,1159.06616210938,1321.84997558594,5119.24658203125,3048.22265625,2520.73120117188,543.5,469.965118408203,2201.24829101562,23428.421875,7260.92529296875,1772.53930664062,3356.02294921875,8217.181640625,2191.16162109375,5295.32080078125,813.458740234375,470.201416015625,1460.56652832031,1455.33581542969,376.025665283203,727.880065917969,834.891906738281,996.164978027344,7044.2978515625,4645.22802734375,3035.62133789062,4413.39453125,4380.89208984375,1266.51403808594,3688.005859375,2714.67211914062,625.618347167969,2661.81982421875,9772.33203125,1005.91375732422,NA,5142.787109375,1620.26892089844
2021-09-30,71.6959533691406,29452.66015625,546.090270996094,416.659606933594,141.719818115234,21.3500003814697,246.600006103516,0.631833672523499,84.0739364624023,0.540000021457672,694.049377441406,22.9623146057129,238.096557617188,3.3242917060852,92.8661346435547,435.067657470703,2.0359046459198,9.46017646789551,279.944061279297,21.5877361297607,44.3189430236816,130.228057861328,234.649169921875,148.399993896484,45548.3046875,19.9165935516357,60.6055870056152,2.23568964004517,200.352722167969,234.828109741211,53.436222076416,2.03791546821594,929.284240722656,82.6999969482422,33.2603988647461,122698.484375,53.0902442932129,2330.73901367188,2.8665554523468,26.2900009155273,98.5879135131836,43.8105201721191,90.5140228271484,79.2808227539062,443.182922363281,68.1603240966797,864819.9375,145.739730834961,0.356045484542847,38.388298034668,1810.10815429688,2452.16357421875,581.575439453125,1259.64013671875,66020.015625,26622.564453125,3868.78271484375,4932.34228515625,1184.40283203125,110.553092956543,6734.15625,1838.58227539062,1048.99877929688,6327.53955078125,2953.55395507812,140.175369262695,1790.17858886719,15331.09765625,282.277069091797,1386.23071289062,1095.12951660156,3531.99096679688,1780.88684082031,2870.9736328125,3161.4267578125,1004.68634033203,17110.849609375,1428.63464355469,1946.98107910156,1591.21594238281,1682.61889648438,3592.57348632812,1094.84375,23568.265625,2421.95629882812,1418.87316894531,1205.12145996094,1346.4091796875,804.00537109375,3102.22729492188,2553.53295898438,798.224243164062,4696.12548828125,2410.43823242188,830.451416015625,2095.31860351562,2333.89770507812,687.634460449219,1272.29235839844,552.09423828125,3026.58227539062,2820.45141601562,4464.7919921875,2477.44091796875,4543.94287109375,1905.68798828125,1172.6572265625,1361.69885253906,3351.83764648438,2675.21923828125,1655.94897460938,9859.806640625,3963.36254882812,1663.55932617188,66700.4453125,1723.81701660156,6063.04345703125,3471.66064453125,1626.88391113281,6088.61572265625,778.432312011719,1399.80212402344,6663.57666015625,3889.44213867188,1620.11901855469,405.776763916016,1702.58679199219,480.330261230469,1591.06286621094,753.132141113281,4013.1552734375,2080.07104492188,1971.47790527344,2380.64965820312,2450.072265625,970.493225097656,1892.35864257812,2209.66870117188,1774.29211425781,21457.302734375,404.890441894531,1534.79138183594,1935.21228027344,1917.47497558594,1068.43017578125,1355.33764648438,1844.89477539062,2644.5615234375,1351.43298339844,1261.24426269531,802.875610351562,1383.52673339844,1749.31286621094,661.125244140625,610.317016601562,1859.50463867188,2640.3232421875,2419.72607421875,1252.58947753906,1060.4140625,565.472412109375,5068.4921875,1174.06787109375,1328.52294921875,5280.54931640625,3242.48754882812,2810.97094726562,528.092163085938,518.582214355469,2333.80834960938,24907.90625,7840.7392578125,1802.83215332031,3757.43823242188,7663.0068359375,2494.42358398438,5498.61474609375,906.425537109375,535.761779785156,1436.27795410156,1607.70129394531,396.093719482422,778.064880371094,897.956848144531,1008.8896484375,7279.9775390625,5046.88330078125,3273.72119140625,4774.3330078125,4459.78564453125,1311.53918457031,3645.47412109375,2770.17822265625,673.707458496094,2707.05444335938,10492.4453125,1042.85021972656,NA,5161.90576171875,1858.01452636719
2021-10-31,73.3554229736328,28892.689453125,555.505676269531,434.359069824219,162.449584960938,21.3500003814697,269.600006103516,0.639634132385254,82.1111221313477,0.639999985694885,700.184631347656,23.8786849975586,290.614990234375,3.27055048942566,94.6350173950195,426.90673828125,2.02852821350098,9.70696353912354,306.831359863281,22.3393402099609,46.5244903564453,152.213363647461,225.255187988281,162,46619.0625,20.1775131225586,58.1560821533203,2.27204251289368,205.635467529297,228.305114746094,56.4503593444824,2.01510310173035,949.526062011719,103.5,31.9268245697021,95022.1328125,48.1130332946777,2119.92846679688,2.92093443870544,32.6300010681152,98.5879135131836,44.1478385925293,82.8743057250977,84.2460632324219,363.922058105469,62.5173530578613,861851.4375,150.43798828125,0.356045484542847,38.2654685974121,1815.9912109375,2587.02734375,550.2822265625,1243.32556152344,67507.921875,24372.81640625,4004.56225585938,4559.0791015625,1117.43493652344,114.244155883789,7463.55859375,1831.55908203125,1071.54504394531,6018.9736328125,2922.00805664062,143.877593994141,1711.12170410156,16312.630859375,271.542327880859,1316.67858886719,1152.01928710938,3785.2099609375,1817.88684082031,2762.5712890625,2737.51025390625,973.862548828125,16376.48046875,1399.27282714844,1881.31469726562,1496.400390625,1883.75427246094,3554.92358398438,1074.43933105469,23982.583984375,2252.92651367188,1438.34973144531,1155.48706054688,1376.63208007812,828.129089355469,2695.13793945312,2424.52734375,739.409545898438,4442.11376953125,2249.91845703125,808.970153808594,2209.5205078125,2569.01977539062,676.424621582031,1274.58056640625,536.131896972656,2763.4560546875,2511.54443359375,4191.51416015625,2239.2373046875,4126.82177734375,2036.64758300781,1191.43835449219,1367.55139160156,3362.59521484375,2766.62231445312,1627.45422363281,9623.92578125,4346.2958984375,1614.50744628906,64663.640625,1639.86804199219,6136.26904296875,3282.29711914062,1676.09387207031,5883.6796875,794.789978027344,1451.31958007812,5933.71142578125,3911.33081054688,1685.62731933594,386.970703125,1657.11950683594,477.206695556641,1512.64611816406,818.472351074219,3832.87768554688,2088.9169921875,1908.48413085938,2384.5263671875,2371.00708007812,936.96630859375,2028.47033691406,2240.65405273438,1896.04748535156,20239.349609375,408.176452636719,1707.88806152344,1832.82019042969,1825.244140625,1235.46496582031,1364.85034179688,1761.31872558594,2444.67700195312,1311.7421875,1224.5087890625,827.9384765625,1305.82043457031,1793.57495117188,654.386535644531,563.369445800781,1666.20336914062,2508.42358398438,2140.34838867188,1300.21008300781,1060.4140625,552.328063964844,5145.43359375,1047.4658203125,1154.34228515625,5458.83203125,3215.46655273438,2566.68603515625,542.466552734375,467.406372070312,2089.2255859375,24362.830078125,6581.041015625,1736.51684570312,3491.3837890625,7326.22119140625,2294.12109375,4540.22900390625,919.498962402344,566.496276855469,1475.21069335938,1545.94091796875,405.951263427734,768.835083007812,827.067810058594,1127.04797363281,7316.681640625,4950.83544921875,3264.6396484375,5185.43017578125,4905.2998046875,1360.4375,3966.52709960938,3162.8017578125,652.451904296875,2717.45141601562,10275.033203125,1004.69708251953,NA,4703.0703125,2154.87963867188
2021-11-30,70.1465225219727,27821.759765625,561.154968261719,414.853576660156,126.870140075684,19.2800006866455,238,0.647434532642365,76.6900329589844,0.52999997138977,774.574401855469,22.8555316925049,300.217224121094,3.16306710243225,91.5394821166992,389.910583496094,1.99902236461639,9.0324125289917,335.893310546875,21.270393371582,44.9847640991211,167.011245727539,210.864456176758,145,43489.15234375,21.2211742401123,57.7609977722168,2.14480757713318,230.679565429688,238.555541992188,51.9291534423828,1.9542692899704,979.888854980469,84.9499969482422,28.7855091094971,100641.2734375,52.8413848876953,2048.01611328125,2.63350200653076,35.439998626709,99.9262084960938,41.1962242126465,84.7011871337891,80.0310516357422,376.888061523438,54.522331237793,879662.375,151.189697265625,0.333792686462402,37.1789169311523,1811.01330566406,2721.8916015625,531.630126953125,1268.74584960938,69301.3046875,21755.1015625,3469.92944335938,4549.99755859375,1112.02941894531,111.986511230469,6802.16796875,1743.00402832031,1005.98278808594,5888.12744140625,2938.23168945312,144.618057250977,1600.5390625,18470.16015625,239.05810546875,1226.56677246094,1136.46350097656,3550.67846679688,1848.78820800781,2721.619140625,2590.5068359375,901.745971679688,17644.4921875,1307.05859375,1801.74829101562,1425.05358886719,1908.49536132812,3535.10815429688,966.58740234375,22306.021484375,2412.29711914062,1358.69982910156,1016.51098632812,1316.18627929688,876.634643554688,2610.10717773438,2236.0927734375,723.353759765625,4075.69946289062,2198.90405273438,727.248107910156,2316.94775390625,2244.69848632812,720.49755859375,1137.28295898438,510.569946289062,2804.27514648438,2536.96728515625,3866.93701171875,2207.01342773438,4114.79833984375,2027.61608886719,1076.40307617188,1406.56860351562,2972.63793945312,2814.39379882812,1383.62097167969,10252.94140625,4671.7900390625,1462.21313476562,69146.515625,1333.64477539062,6346.18115234375,3029.8125,1676.58605957031,5294.48876953125,865.993835449219,1458.67919921875,5507.16650390625,3367.93212890625,1564.72290039062,375.759368896484,1571.48254394531,414.215454101562,1529.92028808594,805.576293945312,3795.73266601562,1954.90405273438,1726.50158691406,2460.6025390625,2536.18041992188,918.191223144531,1950.62744140625,2191.17016601562,2213.201171875,17497.744140625,376.026794433594,1519.40502929688,1663.87316894531,1793.88598632812,1147.49987792969,1349.44860839844,1615.50549316406,1972.13757324219,1197.5400390625,1094.18615722656,722.501708984375,1198.6396484375,1666.56225585938,609.9853515625,527.468505859375,1658.03564453125,2290.93041992188,1770.93859863281,1302.76135253906,949.630920410156,545.582885742188,4856.90478515625,1018.14752197266,1144.84155273438,5560.70703125,2981.287109375,2166.63891601562,528.843872070312,415.377532958984,1713.01550292969,28952.15625,6003.1884765625,1632.30676269531,2959.27465820312,6272.96826171875,1924.40356445312,4578.9521484375,830.599548339844,533.033935546875,1113.81372070312,1516.02563476562,370.105651855469,661.7705078125,782.762268066406,1108.86987304688,6281.23876953125,4846.05615234375,3023.99169921875,5549.8115234375,5336.892578125,1289.26879882812,3796.13598632812,2879.23999023438,610.865051269531,2835.60180664062,10364.8330078125,911.13134765625,NA,4865.57373046875,2024.94201660156
2021-12-31,70.8463287353516,28791.7109375,581.710205078125,412.505645751953,118.498504638672,18.8999996185303,225.399993896484,0.631833672523499,73.4653854370117,0.560000002384186,912.617492675781,24.9903450012207,261.220336914062,3.37803316116333,91.9816970825195,412.942474365234,2.07278680801392,9.37791347503662,270.849822998047,22.4646091461182,46.7325592041016,156.015838623047,191.277038574219,145,47117.8984375,22.569242477417,60.2895240783691,2.14823746681213,241.245025634766,256.260803222656,52.1444511413574,2.03791546821594,965.627502441406,72.0500030517578,30.5339775085449,107461.3984375,53.9197807312012,2200.70629882812,2.69564938545227,32.0999984741211,103.941101074219,42.4190406799316,88.4380035400391,79.8622055053711,350.923187255859,57.6057052612305,893515.3125,145.833694458008,0.356045484542847,38.6150512695312,1905.59155273438,2849.86499023438,552.40380859375,1181.861328125,71222.78125,21080.5,3564.978515625,4872.40283203125,1184.1025390625,112.88240814209,6872.15087890625,1951.87170410156,1083.41149902344,5306.14990234375,3170.76684570312,134.622055053711,1630.60986328125,20457.92578125,248.205947875977,1279.93395996094,1210.46472167969,3722.60620117188,1950.15368652344,2818.45849609375,2681.10180664062,939.258117675781,16753.455078125,1338.25512695312,1891.38012695312,1582.14135742188,2182.9375,3843.2412109375,1034.50500488281,25138.837890625,2632.0361328125,1412.47778320312,1054.23303222656,1447.7197265625,964.513610839844,2852.1181640625,2348.18725585938,757.831359863281,4454.458984375,2511.64208984375,709.347106933594,2386.63037109375,2332.5986328125,639.441650390625,1157.87756347656,519.1650390625,2677.10766601562,2598.84448242188,3934.14599609375,2234.49877929688,4509.72314453125,2120.19140625,1039.77954101562,1388.03540039062,2965.46630859375,2864.39526367188,1529.35107421875,11054.93359375,4724.443359375,1489.77551269531,73848.2734375,1439.91674804688,6600.0283203125,2980.28686523438,1720.87512207031,5571.84814453125,864.069458007812,1560.2421875,5232.2822265625,3219.47290039062,1644.73937988281,404.510986328125,1696.40673828125,435.299285888672,1633.56665039062,885.774780273438,3955.208984375,2184.00854492188,2043.80419921875,2567.6904296875,2600.84130859375,960.211669921875,1872.7841796875,2381.21362304688,2188.56713867188,16716.509765625,382.154754638672,1709.81140136719,2186.07299804688,1901.79565429688,1145.06201171875,1358.50842285156,1670.71923828125,2133.33520507812,1226.27319335938,1155.41149902344,769.170471191406,1314.75231933594,1860.93041992188,629.370544433594,520.104187011719,1725.19177246094,2249.7705078125,1928.72668457031,1216.87414550781,958.050476074219,560.975708007812,4736.68408203125,1076.78430175781,1136.92419433594,5587.9951171875,3147.91528320312,2326.27075195312,522.17333984375,590.228454589844,1637.39990234375,34380.44921875,5683.35888671875,2042.51489257812,2947.68896484375,5960.826171875,2055.44287109375,4307.89404296875,820.23486328125,534.125061035156,1241.61437988281,1474.5302734375,374.586395263672,658.07861328125,747.4931640625,1181.88330078125,6223.88916015625,4836.46630859375,3114.80224609375,5867.4775390625,5740.6396484375,1400.62133789062,3901.06079101562,2901.05249023438,609.016723632812,3086.07958984375,10832.7392578125,972.90283203125,NA,5391.32373046875,1967.08666992188
2022-01-31,71.6236419677734,27001.98046875,601.573547363281,438.397583007812,114.312675476074,16.3799991607666,220.199996948242,0.631833672523499,75.7086029052734,0.5,824.423278808594,26.9338684082031,217.324340820312,3.62370824813843,90.2128143310547,398.978271484375,2.23506927490234,10.2581243515015,276.385437011719,25.0200614929199,50.9771842956543,152.449783325195,200.071380615234,144.300003051758,50972.9921875,24.004280090332,59.7364120483398,2.25009346008301,195.656967163086,249.737838745117,56.0628204345703,2.25083184242249,952.746398925781,87.8000030517578,31.6996231079102,71352.984375,47.5323600769043,2264.73779296875,3.01415586471558,26.0900001525879,104.833297729492,46.5513114929199,82.0439071655273,79.8622055053711,362.183624267578,55.8762474060059,731237.9375,120.275215148926,0.378298342227936,36.8671264648438,2032.29919433594,2504.33715820312,610.923706054688,1126.6572265625,57378.29296875,21622.763671875,3542.0712890625,5100.3564453125,1235.15454101562,117.075180053711,5514.87158203125,2085.61987304688,1150.16064453125,4893.1015625,3305.06005859375,132.724655151367,1767.8681640625,16892.9140625,289.278015136719,1356.04760742188,1268.24340820312,3558.15356445312,1926.22253417969,2471.57104492188,2844.34375,975.316467285156,14447.5283203125,1313.48120117188,1439.86499023438,1750.18127441406,1945.83581542969,3939.3466796875,1144.39733886719,22956.412109375,2310.87939453125,1556.37121582031,883.490966796875,1507.73986816406,1016.20690917969,2659.63061523438,2009.00451660156,826.955627441406,4512.0634765625,2428.69775390625,762.271911621094,2115.64208984375,2430.025390625,552.924377441406,1146.43591308594,574.084228515625,2395.76953125,2500.51245117188,3697.28564453125,2067.376953125,4154.56787109375,2127.41650390625,1141.90295410156,1266.10681152344,2989.67065429688,2550.05688476562,1510.62585449219,9781.1806640625,3791.04248046875,1548.17065429688,60333.0625,1502.35400390625,4925.61279296875,2941.443359375,1571.27648925781,5306.16943359375,789.016662597656,1357.1162109375,5810.48779296875,3368.88330078125,1627.1533203125,444.202575683594,1750.26098632812,438.075775146484,1599.01794433594,1021.02783203125,4003.7451171875,2090.22290039062,2076.4677734375,2467.87109375,2057.30541992188,967.364074707031,1902.37365722656,2279.10180664062,2117.71411132812,15915.8671875,404.357543945312,1702.1181640625,2252.62768554688,2135.13940429688,983.324462890625,1370.28601074219,1661.673828125,2107.54345703125,1145.18725585938,1207.01586914062,800.282897949219,1507.677734375,1658.86450195312,669.340759277344,567.051635742188,1771.47546386719,2239.9482421875,2048.4599609375,1185.41052246094,993.501037597656,595.134094238281,4255.802734375,1022.58953857422,959.576782226562,5299.41357421875,3373.08764648438,2324.3359375,570.651428222656,603.875427246094,1527.244140625,24428.728515625,4266.6884765625,2061.46215820312,2684.41845703125,5274.47802734375,2010.51489257812,4153.00341796875,806.559387207031,532.851989746094,1235.68994140625,1465.84521484375,420.289520263672,704.227172851562,785.218811035156,1028.36804199219,5591.21435546875,4607.41748046875,3251.01782226562,5689.95849609375,5239.43603515625,1329.9365234375,4706.38330078125,2521.51635742188,682.024719238281,2626.71240234375,7850.42822265625,876.611877441406,NA,4545.34521484375,1768.86047363281
2022-02-28,66.9782791137695,26526.8203125,571.305725097656,391.878326416016,103.848136901855,14.6599998474121,172.199996948242,0.624033272266388,75.9422760009766,0.419999986886978,832.092346191406,25.8779392242432,232.609527587891,3.58532166481018,91.0972595214844,342.395935058594,2.24244570732117,9.60002422332764,275.990051269531,24.9783058166504,50.2697525024414,151.06298828125,208.865737915039,147.399993896484,50458.9921875,23.612907409668,59.3413314819336,2.33343029022217,182.645782470703,229.702896118164,56.6656532287598,2.25083184242249,951.826232910156,89.5500030517578,32.0256080627441,75931.328125,43.2187767028809,2135.50390625,3.23944067955017,30.4500007629395,111.078689575195,46.171817779541,82.459098815918,76.738639831543,361.223358154297,58.6236114501953,760922.8125,122.62434387207,0.400551229715347,35.2231254577637,1935.45861816406,2325.17456054688,630.106262207031,1071.83239746094,52993.37890625,20049.357421875,3627.02001953125,5269.27880859375,1237.55688476562,118.006927490234,4749.984375,2007.44738769531,1148.38073730469,5004.419921875,3373.55883789062,134.251831054688,1821.70446777344,17213.916015625,317.001678466797,1334.17590332031,1273.57678222656,3302.13110351562,1780.11853027344,2691.74853515625,2992.20190429688,1025.04187011719,14545.4453125,1267.603515625,1587.97351074219,1765.72326660156,1843.43566894531,4187.0419921875,1138.27600097656,20431.927734375,2190.14404296875,1459.27966308594,983.752319335938,1595.4287109375,1036.88439941406,2425.40625,1792.06298828125,806.252136230469,4252.84228515625,2419.73095703125,796.05029296875,2103.06079101562,2288.4326171875,534.241271972656,1089.22875976562,537.583068847656,2280.22021484375,2510.02685546875,3739.75073242188,2151.41186523438,3913.17456054688,2061.9365234375,1073.58581542969,1307.07482910156,2930.50463867188,2665.6650390625,1716.60180664062,10111.4130859375,3805.40307617188,1641.60266113281,64768.33203125,1494.62976074219,4824.56201171875,3008.44873046875,1643.12329101562,4980.31982421875,885.238220214844,1402.74597167969,6142.2451171875,3222.32763671875,1686.9462890625,468.162231445312,1814.26806640625,456.643402099609,1495.37158203125,1047.54809570312,4171.1455078125,2118.67065429688,2489.42846679688,2228.49731445312,2445.9111328125,1038.88818359375,1723.92651367188,1922.87536621094,2448.36083984375,16806.0078125,403.025390625,1605.95336914062,2390.85766601562,2165.5751953125,966.456115722656,1379.34582519531,1725.44506835938,2448.36108398438,1051.92614746094,1350.45825195312,830.531188964844,1504.10510253906,1643.46899414062,608.970092773438,567.97216796875,1913.9560546875,2316.1875,1973.27856445312,1324.02038574219,954.948486328125,589.599548339844,4618.8955078125,1024.36633300781,1029.24914550781,5596.740234375,3436.13549804688,2444.3017578125,512.30859375,686.609741210938,1595.28149414062,20302.87890625,4188.20263671875,2138.19873046875,2777.50341796875,5218.80224609375,2149.97802734375,4407.95751953125,765.830078125,560.131225585938,1455.74426269531,1478.39038085938,422.081787109375,702.381225585938,717.13720703125,1102.35119628906,6371.38427734375,4484.0830078125,3137.50512695312,5475.06640625,5160.54296875,1446.13049316406,5152.98779296875,2445.60913085938,673.707458496094,2359.22021484375,7335.25830078125,889.329650878906,NA,4394.29150390625,1749.89135742188
2022-03-31,63.5081481933594,27821.4296875,567.481262207031,348.150207519531,111.721458435059,13.9399995803833,155.600006103516,0.608432471752167,77.0638809204102,0.430000007152557,694.049377441406,27.4159259796143,219.871856689453,3.69280409812927,93.7505722045898,340.960845947266,2.3235867023468,10.1840877532959,231.309692382812,26.7404003143311,46.3164138793945,142.532104492188,188.478851318359,141.5,52951.9375,25.5697784423828,60.4475555419922,2.44454622268677,123.361717224121,250.203750610352,53.0056343078613,2.28885269165039,918.243225097656,74.1999969482422,33.023323059082,84483.3203125,44.7948951721191,2089.10131835938,3.15398740768433,25.8099994659424,113.309181213379,48.5331192016602,85.9468002319336,80.117301940918,291.160919189453,58.5741996765137,827000,119.241600036621,0.385715991258621,33.3051300048828,2036.70495605469,2513.09814453125,684.568969726562,1182.01928710938,56520.67578125,20425.5078125,3910.50024414062,5721.18408203125,1173.29150390625,129.149520874023,5346.6083984375,2216.87573242188,1388.20874023438,5449.99365234375,3791.36694335938,132.169326782227,1942.47241210938,19761.30859375,380.369293212891,1404.96997070312,1505.84313964844,3558.26586914062,1752.82897949219,2595.20678710938,3066.1865234375,1032.83911132812,13800.5888671875,1317.29296875,1775.93444824219,1835.83435058594,1819.609375,4661.58740234375,1187.25476074219,21697.75,2352.19580078125,1594.03881835938,1022.46710205078,1858.38500976562,1259.76538085938,2549.41577148438,1807.91967773438,800.269287109375,4282.544921875,2683.8076171875,825.731567382812,2342.11596679688,2596.75659179688,514.16748046875,1101.38623046875,576.015075683594,2372.73608398438,2521.62255859375,3993.59692382812,2261.8798828125,4047.91235351562,2252.08764648438,999.941528320312,1396.81433105469,2922.75,2966.7421875,1840.23767089844,11014.330078125,3868.36889648438,1717.82482910156,65943.6796875,1435.73278808594,4775.59619140625,3113.13598632812,1723.53662109375,4651.69189453125,858.296142578125,1516.24230957031,7427.64013671875,3246.44970703125,1701.95532226562,483.026306152344,1803.90844726562,458.840515136719,1584.5361328125,1272.96984863281,4392.03515625,2141.248046875,2828.685546875,2280.49536132812,2429.25,1048.82861328125,1798.50659179688,2147.61474609375,2885.28686523438,14968.9921875,416.301666259766,1696.34838867188,2626.359375,2089.59057617188,959.510314941406,1346.88562011719,1654.43713378906,2753.86669921875,1127.67749023438,1330.59423828125,791.23779296875,1516.98950195312,1571.94445800781,596.971801757812,584.84619140625,1924.9208984375,2404.74536132812,2084.55908203125,1381.82531738281,956.234008789062,612.501953125,4474.10205078125,1143.84033203125,1051.93176269531,6261.353515625,3240.333984375,2482.5166015625,519.397277832031,742.683837890625,1351.59741210938,20249.296875,4400.2099609375,2073.92553710938,2677.8369140625,5246.06591796875,2143.42626953125,4354.498046875,819.343078613281,624.454528808594,1524.45629882812,1543.30151367188,419.127563476562,679.702819824219,729.781311035156,1265.11462402344,6033.69873046875,4321.10595703125,3041.42529296875,5806.29248046875,5875.50634765625,1393.35900878906,5694.65087890625,2844.51831054688,681.578125,2563.28369140625,7806.93798828125,976.637512207031,NA,4629.87158203125,2006.48034667969
2022-04-30,59.6123352050781,26847.900390625,511.398529052734,351.12744140625,101.755226135254,12.1999998092651,172,0.616232931613922,72.6709213256836,0.360000014305115,636.531494140625,26.221643447876,231.041839599609,3.63906264305115,90.2128143310547,310.114593505859,2.28670430183411,10.1923122406006,262.54638671875,25.5466861724854,42.7792282104492,152.642150878906,187.079742431641,130.600006103516,50533.2578125,25.4393196105957,58.788215637207,2.56492161750793,113.970184326172,232.964401245117,41.2505264282227,2.25083184242249,931.124389648438,66.75,32.3120803833008,79818.59375,39.6517791748047,2152.28735351562,2.95200777053833,22.4300003051758,116.877975463867,46.5513114929199,79.386604309082,77.8490295410156,271.757751464844,56.0442504882812,838000,99.9787750244141,0.356045484542847,34.0798873901367,2048.61865234375,2215.00048828125,679.166687011719,1164.18835449219,52176.73046875,19507.837890625,3725.33129882812,5557.90771484375,1175.69396972656,140.151824951172,4758.02685546875,2182.9755859375,1322.43408203125,5165.68017578125,3597.40673828125,140.221649169922,2102.5263671875,17333.712890625,419.636291503906,1415.28088378906,1425.30224609375,3405.82299804688,1867.025390625,3158.79272460938,3303.732421875,1012.69775390625,12777.59375,1278.0546875,1801.97290039062,1805.83178710938,1842.06518554688,3921.00708007812,1158.30456542969,19407.916015625,2186.78833007812,1565.60021972656,1002.61340332031,1807.95678710938,1256.67333984375,2447.96655273438,1890.45092773438,811.938415527344,4290.64501953125,2685.6005859375,865.284790039062,2327.58666992188,2577.34497070312,493.271026611328,1075.43859863281,600.332702636719,2268.6796875,2385.37036132812,4117.216796875,2169.3046875,3771.13232421875,2184.45629882812,927.55078125,1373.40393066406,2869.79174804688,2828.49438476562,1754.20202636719,10277.9072265625,3570.06201171875,1778.73742675781,60397.28125,1565.11279296875,4183.30029296875,3199.90991210938,1678.89819335938,4842.388671875,782.281127929688,1406.869140625,7705.57763671875,3289.55688476562,1761.62622070312,520.62890625,1817.43444824219,445.303283691406,1580.16162109375,1354.29833984375,4543.5869140625,2040.10107421875,2486.9296875,2251.24560546875,2345.69409179688,1040.61315917969,1808.66223144531,2068.81640625,2924.6494140625,13010.16015625,414.665588378906,1682.88525390625,2357.580078125,2332.06567382812,910.889831542969,1288.38549804688,1719.11315917969,2766.935546875,962.669555664062,1294.00512695312,787.72119140625,1516.08178710938,1415.32995605469,578.374877929688,581.103149414062,2157.71508789062,2288.07446289062,2161.3486328125,1320.04370117188,964.333801269531,562.366394042969,4662.33251953125,1188.21728515625,883.81494140625,6348.802734375,3231.16772460938,2373.67651367188,490.194183349609,634.337219238281,1104.13513183594,17258.421875,4137.31982421875,2060.52075195312,2569.70776367188,5240.51513671875,2013.32263183594,4194.12060546875,799.721618652344,630.005249023438,1411.20568847656,1542.33203125,431.939331054688,631.615112304688,708.256774902344,1113.44873046875,5954.12939453125,4307.89111328125,2977.0078125,5419.8349609375,5124.4306640625,1316.38061523438,5240.03955078125,2630.84545898438,704.140686035156,2397.72607421875,7343.12158203125,874.5595703125,NA,4278.9052734375,1991.18579101562
2022-05-31,60.7320327758789,27279.80078125,532.310791015625,338.841674804688,95.9249801635742,12.1400003433228,187,0.664656221866608,76.6658935546875,0.349999994039536,694.049377441406,24.1862964630127,274.349914550781,3.61603093147278,99.941650390625,311.399871826172,2.3235867023468,9.9573974609375,224.066284179688,25.1378040313721,41.863712310791,168.699310302734,176.186737060547,147.5,52174.5078125,23.612907409668,50.6495246887207,2.39824771881104,122.332817077637,225.043594360352,43.0590057373047,2.27364444732666,943.08544921875,76,34.1494522094727,70661.9140625,42.6381072998047,2280.63500976562,3.27051424980164,25.0699996948242,113.309181213379,48.5749092102051,86.7771987915039,82.0859985351562,267.61572265625,56.8447418212891,847000,97.5543365478516,0.390598446130753,34.4767150878906,1945.06481933594,2391.6875,657.016967773438,1289.38842773438,50932.78125,20088.26953125,3367.40161132812,5326.90771484375,1177.79614257812,142.483428955078,4675.07275390625,2321.99682617188,1337.52001953125,5273.52197265625,3380.57421875,136.982223510742,2175.76318359375,18427.22265625,462.688049316406,1361.93322753906,1462.4052734375,3472.1025390625,1965.26782226562,3310.8251953125,3245.8798828125,943.980102539062,13584.185546875,1322.8984375,1865.623046875,1708.56066894531,1823.54504394531,3806.99609375,1221.5771484375,20027.576171875,2164.89599609375,1732.38061523438,1034.37939453125,1622.46911621094,1195.71704101562,2606.89306640625,2024.44287109375,854.784484863281,4575.06884765625,2907.08447265625,887.819030761719,1960.48071289062,2819.9912109375,408.535003662109,1097.21606445312,607.01708984375,2247.80541992188,2278.10864257812,4047.3857421875,2104.0888671875,3946.92504882812,2255.76806640625,906.189575195312,1486.5537109375,2835.09497070312,3073.06201171875,1907.62585449219,11238.458984375,3416.09716796875,1802.81884765625,63807.5,1396.7900390625,4251.8876953125,3114.11083984375,1554.40686035156,4809.98876953125,859.258422851562,1475.78918457031,8433.9658203125,3328.83251953125,1836.88269042969,441,1748.45227050781,453.229675292969,1673.17993164062,1484.24731445312,4208.291015625,2061.32397460938,2812.912109375,2623.20336914062,2218.5859375,1144.67443847656,2056.55712890625,2213.82470703125,3149.01708984375,12678.8154296875,473.747711181641,1798.283203125,2645.55810546875,2350.78955078125,718.392456054688,1313.25964355469,1802.33239746094,3383.98828125,1003.11993408203,1236.89038085938,802.666809082031,1338.14660644531,1326.388671875,622.671142578125,742.052856445312,2213.84326171875,2246.03491210938,2358.94140625,1314.82250976562,938.684326171875,553.347290039062,4913.306640625,1169.19873046875,879.011535644531,6619.89453125,3529.07666015625,2459.29736328125,474.644500732422,948.2646484375,1294.92663574219,18295.97265625,3679.4775390625,2321.91552734375,2611.07861328125,4901.87939453125,2195.84155273438,3951.12451171875,776.829956054688,647.582458496094,1404.12780761719,1417.27807617188,398.079711914062,633.464599609375,684.32080078125,1026.51831054688,5265.17333984375,4277.05712890625,2917.19165039062,5740.31201171875,5642.57763671875,1423.37585449219,5004.41845703125,2693.1669921875,621.411193847656,2293.0634765625,7057.98876953125,996.869201660156,NA,4312.5595703125,2215.82763671875
2022-06-30,58.5045013427734,26393.0390625,454.921936035156,331.361755371094,111.522132873535,13.6400003433228,194.199996948242,0.648244976997375,80.5986938476562,0.400000005960464,548.909729003906,23.2013339996338,307.784149169922,3.57764410972595,96.4039001464844,354.364227294922,2.30883383750916,9.58704662322998,250.636978149414,22.360803604126,46.0533142089844,142.885208129883,221.457641601562,148.5,42018.0390625,21.8299789428711,47.2518196105957,2.34268999099731,126.384216308594,211.331558227539,45.2119522094727,2.25083184242249,999.756958007812,87.4000015258789,28.2125644683838,67984.015625,34.5805931091309,2348.75805664062,2.99038290977478,38.310001373291,112.832344055176,46.2638969421387,68.7264709472656,79.3469390869141,295.610992431641,43.9973564147949,790000,77.6733703613281,0.358048588037491,31.6894779205322,1924.44592285156,2190.32397460938,656.746826171875,1234.36157226562,45789.15234375,23048.818359375,3347.48510742188,5443.798828125,1210.82983398438,141.936965942383,3945.27124023438,2457.90795898438,1218.03930664062,5132.3466796875,3354.95703125,139.434936523438,2080.21557617188,13840.7255859375,448.96826171875,1383.45166015625,1354.94201660156,2897.36401367188,2033.4853515625,3328.255859375,3346.68383789062,975.376770019531,11395.56640625,1355.59741210938,1636.09704589844,1663.39904785156,1668.669921875,3751.47705078125,1240.97668457031,21058.7265625,1765.97131347656,1772.37194824219,1046.29162597656,1628.60827636719,1081.31323242188,2322.96142578125,1984.63366699219,863.246826171875,4529.87841796875,2818.51416015625,919.493103027344,1817.12548828125,2654.109375,379.970153808594,1016.12951660156,578.550598144531,2301.88916015625,2274.7265625,4593.12158203125,2207.16186523438,3972.17236328125,2094.28076171875,1012.04614257812,1202.70397949219,2887.14013671875,3058.37524414062,1609.67834472656,10309.9248046875,3473.83374023438,1859.48168945312,57925.8359375,1430.58325195312,4105.4052734375,3052.68676757812,1636.73974609375,5133.91259765625,806.336608886719,1327.46118164062,7197.62255859375,3432.28955078125,1883.6396484375,468.2802734375,1884.61340332031,441.651824951172,1670.64721679688,1324.82092285156,4151.830078125,2146.21508789062,2436.98071289062,2658.302734375,2211.48852539062,1226.82824707031,2226.4365234375,1910.20568847656,2738.53149414062,12566.7431640625,466.930511474609,1688.6552734375,2384.4580078125,2627.90356445312,607.259887695312,1380.97229003906,1962.54516601562,3388.65625,965.876037597656,1389.49377441406,865.965881347656,1474.3212890625,1392.12780761719,711.357116699219,719.5947265625,2388.66845703125,2357.51000976562,2382.35302734375,1306.12084960938,932.384399414062,535.839721679688,4734.728515625,1237.12280273438,782.944702148438,5789.12841796875,3872.81787109375,2418.18017578125,500.813446044922,763.982788085938,1306.2607421875,15794.2529296875,3837.99926757812,2170.6318359375,2890.1064453125,5296.95458984375,2222.98559570312,3508.87036132812,755.346435546875,605.027038574219,1265.21911621094,1549.11804199219,430.109069824219,693.574401855469,658.2412109375,954.814819335938,5309.078125,4291.583984375,3064.43115234375,5297.29931640625,4359.09375,1416.59802246094,3927.02734375,2675.36083984375,696.619812011719,2197.91552734375,6549.501953125,975.717956542969,NA,4201.9814453125,2142.22143554688
2022-07-31,56.2385444641113,27801.640625,486.460723876953,286.856048583984,92.7856140136719,12.3400001525879,176.300003051758,0.631833672523499,74.8653411865234,0.379999995231628,575.891418457031,24.6006088256836,279.946380615234,3.43941926956177,101.377113342285,329.577087402344,2.2449266910553,9.82272529602051,231.799545288086,23.4681968688965,39.8812217712402,143.480133056641,197.972747802734,132.5,42279.83203125,21.0839614868164,47.1136436462402,2.41676712036133,104.842575073242,246.155944824219,37.857666015625,2.14747786521912,1027.36926269531,79,27.1753387451172,73167.046875,35.4638786315918,2373.43994140625,2.91842198371887,32.8400001525879,112.369911193848,45.3918113708496,77.7220840454102,80.2457046508789,261.200561523438,46.3000030517578,865000,82.608024597168,0.374323517084122,35.4687843322754,1958.35278320312,2308.77294921875,671.153198242188,1285.36206054688,51762.078125,26006.125,3602.16381835938,5539.35302734375,1233.35241699219,138.694564819336,4891.3466796875,2414.677734375,1191.18615722656,5495.0908203125,3537.02270507812,142.396713256836,2081.6708984375,14374.9833984375,465.621246337891,1419.76379394531,1323.72131347656,3211.71875,2069.45678710938,3411.53442382812,3440.47509765625,1003.51580810547,13053.0146484375,1311.68762207031,1785.57836914062,1714.56115722656,1674.68884277344,3995.36254882812,1288.43103027344,22511.05078125,1909.48693847656,1753.70935058594,971.840087890625,1635.18591308594,1089.26416015625,2433.20483398438,2199.69995117188,851.844970703125,4756.8291015625,2869.6767578125,934.936096191406,1939.17114257812,2654.99169921875,449.656921386719,1013.81286621094,530.837463378906,2391.08032226562,2588.7822265625,4532.10888671875,2207.79858398438,4268.5888671875,2172.0341796875,1026.04956054688,1238.79479980469,3006.75317382812,3307.73217773438,1669.86120605469,10341.9443359375,3834.68920898438,1866.09216308594,62657.98828125,1486.90551757812,4506.14794921875,3038.06176757812,1734.94421386719,5427.57373046875,800.563232421875,1352.93176269531,7513.89697265625,3505.09228515625,1859.14782714844,474.915985107422,1966.67053222656,452.071929931641,1696.4345703125,1359.06811523438,4402.93115234375,2174.5634765625,2734.04541015625,2747.51391601562,2195.03540039062,1232.30517578125,2139.18872070312,2067.1123046875,2972.16430664062,13702.0849609375,465.112609863281,1640.57275390625,2791.46704101562,2444.40893554688,649.926879882812,1357.48022460938,2006.6162109375,3257.96411132812,1040.11730957031,1352.90454101562,858.053405761719,1359.93444824219,1521.67321777344,684.629821777344,748.603149414062,2200.041015625,2301.30004882812,2430.11254882812,1265.22302246094,958.933837890625,541.763977050781,5087.05810546875,1286.02807617188,916.797790527344,6742.32373046875,3886.5673828125,2392.54223632812,476.351165771484,904.740783691406,1253.36804199219,18909.095703125,4543.962890625,2160.09936523438,2965.91284179688,5622.6357421875,2165.89013671875,4014.30346679688,777.222961425781,634.630859375,1318.30517578125,1576.26159667969,412.7216796875,696.348693847656,665.118347167969,975.489990234375,5312.97802734375,4345.56591796875,3197.86767578125,5627.20263671875,4539.73193359375,1418.53454589844,3893.7626953125,2596.12353515625,690.979187011719,2261.66455078125,7028.525390625,980.316040039062,NA,4447.177734375,2243.54956054688
2022-08-31,55.203483581543,28091.529296875,482.637847900391,305.929901123047,93.981575012207,11.5600004196167,189.800003051758,0.640039324760437,71.9749603271484,0.360000014305115,562.400573730469,25.7620334625244,237.405487060547,3.31510281562805,101.377113342285,294.921508789062,2.22078776359558,10.4101781845093,244.688323974609,23.7941493988037,40.0107078552246,140.677215576172,206.067535400391,141.5,43152.48828125,21.5892391204834,48.2054061889648,2.47112703323364,106.621246337891,250.926406860352,35.9826393127441,2.13089489936829,2268.49609375,68.8000030517578,26.3850708007812,67724.8671875,36.3029975891113,2208.59887695312,2.96639609336853,28.7700004577637,111.907485961914,44.2581100463867,76.8225173950195,79.0045700073242,288.218353271484,46.4680061340332,835000,89.3540115356445,0.366186052560806,32.8705101013184,1925.82055664062,2198.22045898438,649.273559570312,1341.34753417969,52166.85546875,26683.4921875,3481.5771484375,5287.0166015625,1259.47900390625,137.310150146484,4427.197265625,2423.38598632812,1377.04528808594,5452.93408203125,3515.98022460938,141.563705444336,2074.3955078125,13796.984375,508.483795166016,1428.72973632812,1477.78942871094,3089.57470703125,2045.62023925781,4064.20971679688,3374.73315429688,1103.03784179688,14016.9892578125,1325.23425292969,1597.52124023438,1762.93090820312,1771.2255859375,4134.15966796875,1241.87194824219,23706.802734375,1945.97387695312,1769.40966796875,1012.54022216797,1723.32531738281,1282.734375,2372.58666992188,2187.5634765625,856.298828125,4898.673828125,3046.9189453125,889.86767578125,1912.0498046875,2585.2861328125,397.799224853516,1049.9541015625,554.809265136719,2249.07006835938,2648.42431640625,4348.1171875,2302.91821289062,4214.35498046875,2112.68383789062,1158.01440429688,1291.46801757812,2863.400390625,3347.64208984375,1872.02478027344,10950.2939453125,3647.04443359375,1775.43188476562,63797.9296875,1503.96301269531,4567.87646484375,3206.73486328125,1914.98559570312,5680.89208984375,945.857788085938,1469.79602050781,6785.5087890625,3276.14575195312,1767.4150390625,472.151092529297,1954.94799804688,448.687561035156,1790.83435058594,1445.58715820312,4418.77978515625,2191.17724609375,2810.283203125,2934.71166992188,2195.03540039062,1228.65393066406,2340.92065429688,2050.1494140625,2749.37524414062,13114.490234375,475.929107666016,1657.88232421875,2806.82592773438,2445.34497070312,670.764221191406,1476.32299804688,2106.69458007812,3486.67504882812,1028.27807617188,1310.96105957031,849.261962890625,1380.814453125,1655.08544921875,746.588562011719,930.139404296875,2156.79443359375,2565.8173828125,2540.61450195312,1506.25927734375,920.6845703125,538.138671875,5145.3466796875,1280.59411621094,995.892761230469,7538.10986328125,3881.98413085938,2600.0634765625,521.388427734375,822.323303222656,1247.263671875,18977.552734375,4451.4091796875,2097.8623046875,2970.650390625,5271.0478515625,2409.24829101562,4047.666015625,880.832397460938,675.335998535156,1327.15283203125,1608.25207519531,404.485534667969,708.37060546875,654.668640136719,999.924194335938,5161.8740234375,4273.58935546875,3050.62768554688,5721.4609375,4458.919921875,1421.92346191406,4070.248046875,2563.1826171875,706.960998535156,2300.67504882812,7023.7724609375,1008.82409667969,NA,4434.96142578125,2337.22924804688
2022-09-30,46.5499572753906,25937.2109375,405.637115478516,249.082305908203,77.6867752075195,8.96000003814697,165.600006103516,0.615422427654266,62.3732109069824,0.46000000834465,464.591735839844,26.3863315582275,190.551712036133,3.04989457130432,94.8666534423828,250.191467285156,2.0679075717926,10.1863040924072,196.900741577148,22.775520324707,34.6565933227539,117.561714172363,210.664581298828,114.099998474121,38569.5859375,18.2360172271729,44.0021286010742,2.50885438919067,74.2593765258789,241.385467529297,32.5897331237793,1.94848382472992,1270.6435546875,50.9500007629395,22.7202033996582,55371.98828125,31.5774269104004,2160.11279296875,2.74944877624512,23.0100002288818,105.433502197266,38.4943733215332,72.0548400878906,74.3396072387695,252.961059570312,36.1802139282227,807000,72.7199783325195,0.35158970952034,27.9668598175049,1741.4580078125,1839.93469238281,600.673522949219,1185.458984375,47426.4375,24977.30859375,3497.97705078125,5488.732421875,1242.69836425781,144.555847167969,4120.1123046875,2440.82836914062,1219.89294433594,4825.4140625,3262.46655273438,137.910217285156,2057.9052734375,11412.2763671875,460.547729492188,1438.96765136719,1427.14074707031,2755.87109375,2057.75537109375,3929.06860351562,3383.869140625,946.355834960938,13697.853515625,1231.75939941406,1534.09155273438,1849.91442871094,1544.37951660156,3910.73779296875,1174.96276855469,21682.837890625,1645.0283203125,1746.55700683594,918.235046386719,1632.10717773438,1153.02770996094,2106.07446289062,1987.09057617188,853.092102050781,4272.72705078125,2897.99926757812,877.906555175781,1817.70593261719,2360.73364257812,364.441619873047,953.951965332031,528.301940917969,2109.08959960938,2629.94165039062,4370.04345703125,2376.82250976562,3837.52758789062,1905.69836425781,1075.15869140625,1172.46569824219,2743.220703125,3020.44165039062,1776.205078125,10331.9638671875,3437.27954101562,1809.40844726562,56192.21875,1443.13513183594,3982.92944335938,3315.08666992188,1965.07971191406,5533.591796875,867.316162109375,1371.05712890625,6459.60693359375,3173.62719726562,1735.03747558594,496.545928955078,1893.71398925781,430.533233642578,1703.51574707031,1224.78356933594,4098.83642578125,2216.09814453125,2205.55517578125,2709.00219726562,2275.01586914062,1128.91455078125,2034.14050292969,1888.53100585938,2515.7421875,11939.181640625,432.840545654297,1529.19970703125,2216.16723632812,2324.92651367188,616.190185546875,1371.34265136719,2044.71948242188,2929.23901367188,976.25,1251.43579101562,834.537780761719,1269.08935546875,1591.35107421875,673.767517089844,818.603942871094,2039.06799316406,2640.66430664062,2075.31958007812,1420.06896972656,876.182922363281,510.607971191406,5087.20654296875,1203.37316894531,926.724731445312,6838.51708984375,3745.31396484375,2629.57104492188,436.339202880859,591.058288574219,1159.95544433594,14371.3037109375,3988.64404296875,2083.77758789062,3141.21411132812,7255.1806640625,2416.73608398438,3672.15991210938,822.494995117188,591.275573730469,1231.14611816406,1603.97216796875,417.843292236328,665.417297363281,604.342407226562,889.970153808594,4928.88330078125,4039.66723632812,2998.42553710938,5037.556640625,3745.873046875,1419.78002929688,3931.07299804688,2427.81372070312,744.837951660156,2053.35205078125,6335.1494140625,987.16357421875,NA,4033.10375976562,2191.36865234375
2022-10-31,42.7267456054688,27587.4609375,374.877899169922,192.23469543457,61.2424964904785,8.8100004196167,124.800003051758,0.564839780330658,56.6552734375,0.28999999165535,497.475769042969,27.0264301300049,172.221893310547,2.8261251449585,95.3316879272461,193.954055786133,2.03572201728821,10.4446201324463,143.858489990234,24.1685199737549,27.7606391906738,84.9222183227539,173.088729858398,75.0999984741211,42408.88671875,18.7412967681885,44.9721145629883,2.35794568061829,67.243522644043,245.67887878418,23.0360317230225,1.85727834701538,1104.96948242188,32.2999992370605,24.9823455810547,58568.1875,34.5364303588867,2120.53173828125,2.56159830093384,13.6199998855591,102.65892791748,34.5917205810547,72.3247146606445,72.2853164672852,210.875747680664,42.8707427978516,877000,71.2818756103516,0.34301432967186,26.0866565704346,1911.79797363281,1979.02954101562,644.928833007812,1310.71350097656,55763.19921875,27022.125,3328.19116210938,5691.25439453125,1288.71264648438,151.513473510742,4544.8974609375,2560.72875976562,1239.26110839844,6302.5810546875,3586.75634765625,139.721710205078,2131.626953125,12623.8330078125,490.637573242188,1479.02868652344,1521.39013671875,2988.57202148438,2135.76635742188,4633.8115234375,3519.51147460938,1017.55133056641,13692.919921875,1236.95251464844,1664.32153320312,1769.62194824219,1732.91320800781,3959.36157226562,1207.1240234375,21770.369140625,1929.83923339844,1877.2001953125,977.796203613281,1716.31567382812,1184.85424804688,2318.2060546875,2206.57763671875,890.415405273438,4906.90966796875,2881.55419921875,908.184692382812,2101.1748046875,2575.01708984375,368.659240722656,1000.96771240234,543.399597167969,2176.10522460938,2700.955078125,4543.54833984375,2575.07788085938,3718.19653320312,2052.72412109375,1204.48474121094,1215.87219238281,2807.05981445312,3151.40356445312,1808.0732421875,11526.5966796875,3200.05859375,1786.98767089844,58026.0390625,1340.14587402344,4035.83911132812,3379.685546875,2031.54125976562,5244.62109375,906.252868652344,1530.19775390625,6314.55517578125,3296.20971679688,1852.24523925781,526.357543945312,1975.94897460938,433.593017578125,1736.41931152344,1368.08056640625,4205.3193359375,2284.39916992188,2412.96850585938,3061.4599609375,2242.78979492188,1049.74133300781,2173.53588867188,1956.85363769531,2461.52392578125,13256.5078125,455.827301025391,1529.19970703125,2513.41625976562,2520.33032226562,660.841674804688,1455.646484375,2010.28881835938,3137.12036132812,976.75,1276.95666503906,858.818542480469,1361.92700195312,1568.06286621094,685.789001464844,835.697692871094,2053.99267578125,2812.73657226562,2397.00854492188,1550.78271484375,875.265869140625,522.868286132812,5135.65673828125,1117.54968261719,1013.50500488281,6567.42529296875,3777.92260742188,2796.94287109375,449.802947998047,657.668762207031,1344.16662597656,20821.03125,4377.564453125,2146.658203125,3321.25366210938,8402.115234375,2597.38330078125,4086.67993164062,932.789123535156,612.965148925781,1251.34387207031,1671.16967773438,423.451904296875,697.327270507812,613.933715820312,910.645263671875,5025.39404296875,4197.115234375,2853.8671875,5485.1279296875,3893.23608398438,1460.41516113281,3951.8623046875,2643.74047851562,777.346923828125,2115.74926757812,6660.71630859375,1018.947265625,879.097229003906,3999.21215820312,2399.42822265625
2022-11-30,54.2709846496582,27968.990234375,471.000427246094,268.530151367188,79.6301956176758,10.3199996948242,163.600006103516,0.60699200630188,74.8097381591797,0.300000011920929,618.050354003906,28.1016712188721,187.709121704102,3.24051284790039,93.4715576171875,283.970977783203,2.2288339138031,10.7115468978882,216.927886962891,27.1634635925293,42.2156219482422,108.434562683105,235.448654174805,101.599998474121,46336.45703125,21.1298942565918,53.6138153076172,2.60845184326172,89.8227157592773,288.136016845703,35.0004844665527,2.15576934814453,1609.13256835938,56.5499992370605,28.6669692993164,57445.19921875,40.4544372558594,2208.59887695312,3.02268576622009,22,104.971069335938,40.1796112060547,87.4373397827148,83.5352935791016,281.909698486328,56.3901443481445,887000,88.9705352783203,0.403041869401932,29.5258235931396,1866.31201171875,2230.07397460938,696.191223144531,1415.2216796875,56575.0859375,26312.296875,3496.04760742188,5526.23681640625,1443.12353515625,141.373092651367,4286.4619140625,2690.14526367188,1415.7275390625,5861.400390625,3994.91381835938,142.772598266602,1993.88366699219,14413.9931640625,522.931518554688,1581.25268554688,1840.17529296875,3378.97119140625,2440.4423828125,4391.76904296875,3638.08618164062,1012.42272949219,13875.4921875,1300.68872070312,1794.55187988281,1777.58740234375,1761.99035644531,3913.71459960938,1255.82568359375,21789.818359375,2241.65795898438,1836.58264160156,963.898620605469,2034.58801269531,1407.63952636719,2370.2861328125,1971.97033691406,960.251770019531,4728.46044921875,2934.5439453125,884.918334960938,2047.59777832031,2874.29052734375,358.019317626953,1197.96423339844,586.272277832031,2334.39086914062,2746.18994140625,4471.09619140625,2501.73315429688,3857.416015625,2076.68017578125,1178.81140136719,1283.66455078125,2944.0576171875,2896.20434570312,1940.85729980469,13108.677734375,2900.8701171875,1850.91076660156,59608.92578125,1415.45678710938,4180.85107421875,3255.38208007812,2150.08081054688,5123.591796875,950.056762695312,1600.58666992188,6237.19482421875,3586.7392578125,1926.00915527344,621.528869628906,2036.00830078125,450.601959228516,1629.07458496094,1381.59899902344,4202.34765625,2369.31420898438,2715.1484375,2735.81420898438,2262.32080078125,1086.06787109375,2207.32861328125,1913.03295898438,2852.8837890625,15244.740234375,433.678100585938,1681.53381347656,2866.02709960938,2396.06860351562,647.942321777344,1499.20349121094,1987.79406738281,3552.88354492188,987.75,1412.76440429688,920.869262695312,1548.53051757812,1498.19885253906,699.135498046875,1060.76635742188,1979.36975097656,2781.75415039062,2776.58203125,1595.24328613281,934.411682128906,548.110229492188,5125.966796875,1188.60766601562,1096.76306152344,5955.28173828125,3880.40649414062,2848.7021484375,465.731903076172,755.693725585938,1390.21936035156,24581.333984375,4140.27392578125,2062.49487304688,3008.55346679688,8737.3017578125,2558.07104492188,4354.89794921875,1037.61401367188,611.079162597656,1400.99108886719,1703.30773925781,445.886444091797,692.634582519531,666.092163085938,988.646911621094,5653.203125,4138.63427734375,3077.69946289062,5351.80859375,4292.5419921875,1390.89489746094,4389.3828125,2912.28784179688,797.425964355469,2153.1875,6744.98095703125,1015.20788574219,941.889953613281,4304.23681640625,2471.67114257812
2022-12-31,53.7844696044922,26094.5,433.591156005859,312.287872314453,85.9587554931641,10.9399995803833,174.699996948242,0.632283329963684,82.7195663452148,0.140000000596046,526.987060546875,27.0874881744385,188.787353515625,3.33167815208435,92.9135208129883,312.924926757812,2.28515839576721,10.4876728057861,218.31591796875,26.7281532287598,45.6636009216309,113.683868408203,273.424255371094,111.699996948242,44046.1953125,20.303071975708,49.6456871032715,2.46460318565369,91.7496032714844,273.347564697266,38.9737548828125,2.22210097312927,1428.22412109375,71.0500030517578,27.5902290344238,60680.2734375,35.9496879577637,2313.48754882812,3.04830193519592,20.3999996185303,104.508644104004,41.5544090270996,84.4687881469727,95.2142105102539,311.727722167969,53.8305473327637,821000,83.5057373046875,0.411617189645767,28.1085834503174,1682.51196289062,1988.34216308594,819.645080566406,1297.33483886719,50911.640625,26221.130859375,3287.40087890625,5186.82373046875,1635.51953125,139.226593017578,4135.955078125,2690.62084960938,1316.73425292969,5558.0888671875,3863.52099609375,141.86686706543,1931.31713867188,12428.833984375,501.561950683594,1709.26342773438,1780.11437988281,3120.30737304688,2401.9951171875,4131.2568359375,3692.88208007812,914.679931640625,12538.2734375,1240.25744628906,1711.94311523438,1803.39575195312,1532.65478515625,3802.57470703125,1293.80676269531,19645.361328125,2082.06567382812,1776.26257324219,920.220397949219,1988.40930175781,1377.63159179688,2092.1015625,1827.10876464844,988.311218261719,4374.21533203125,2663.39794921875,770.339477539062,1881.99780273438,2600.3330078125,318.239379882812,1044.22241210938,690.111755371094,2114.19555664062,2707.2783203125,4151.1953125,2408.53100585938,3757.0263671875,1990.24975585938,1024.77197265625,1154.42016601562,2832.22290039062,2662.138671875,2028.93713378906,12188.4873046875,3016.09130859375,1632.42687988281,53644.171875,1344.10595703125,3350.4619140625,3172.18676757812,1999.30249023438,4998.21044921875,843.9541015625,1495.00329589844,5773.03173828125,3012.43627929688,1816.0419921875,680.117431640625,2119.62915039062,439.712646484375,1528.9638671875,1286.10729980469,3735.80541992188,2153.79614257812,2780.412109375,2293.17016601562,2143.83349609375,1191.32153320312,1903.19311523438,1733.00402832031,2924.9638671875,16699.18359375,416.926574707031,1494.04565429688,2802.1484375,2452.03393554688,596,1409.27941894531,1879.44311523438,3633.20092773438,948.75,1400.00378417969,897.48779296875,1765.77026367188,1346.82641601562,697.242431640625,953.455139160156,1986.83203125,2730.75219726562,2932.20776367188,1375.6083984375,863.253356933594,525.57275390625,4922.478515625,1256.89721679688,1043.92614746094,5501.658203125,3959.59838867188,2708.90356445312,396.422027587891,810.669128417969,1502.47326660156,21315.736328125,3522.92504882812,1890.29772949219,2887.28051757812,8149.322265625,2522.50366210938,4013.529296875,934.983093261719,579.016357421875,1410.171875,1619.55419921875,514.124938964844,660.724609375,625.443298339844,907.636657714844,6356.87841796875,4048.0234375,3142.98413085938,4789.96435546875,4021.58471679688,1297.38537597656,4413.9521484375,2684.56689453125,919.812744140625,1892.07885742188,6133.10693359375,941.357604980469,988.750061035156,4091.20361328125,2027.6181640625
2023-01-31,61.4720268249512,27327.109375,504.647888183594,376.250396728516,107.236656188965,12.9200000762939,174.600006103516,0.657574653625488,84.3872985839844,0.150000005960464,605.402709960938,28.5808086395264,240.150054931641,3.47257018089294,92.7275009155273,327.030670166016,2.40585327148438,11.1334667205811,229.618377685547,25.9707107543945,53.6646766662598,138.704254150391,289.014221191406,132.399993896484,50857.46484375,20.9920902252197,53.0847320556641,2.40706372261047,104.15087890625,275.732818603516,45.4024124145508,2.33818054199219,1390.13818359375,68.6500015258789,33.606143951416,57868.48046875,43.1042900085449,2325.36157226562,3.56062173843384,24.8999996185303,104.046211242676,44.1709632873535,89.9561080932617,99.0477294921875,362.812896728516,61.1832046508789,794000,96.4486541748047,0.454493969678879,32.8327178955078,1760.48779296875,2294.4697265625,878.375549316406,1314.97924804688,58693.93359375,25534.099609375,3277.64013671875,5274.02099609375,1745.4599609375,144.037734985352,4103.27978515625,2582.61547851562,1333.0283203125,6050.4775390625,3898,141.723846435547,1968.6630859375,14439.5673828125,486.804473876953,1867.20446777344,1764.86804199219,3668.40478515625,2396.5791015625,3950.45385742188,3674.01782226562,967.473205566406,14013.6533203125,1346.48425292969,1798.92517089844,1952.19177246094,1634.89453125,4282.85791015625,1273.89758300781,21853.03125,2258.84497070312,1692.90551757812,928.161865234375,2103.40380859375,1442.64868164062,2348.05688476562,1835.400390625,1015.47985839844,4508.4912109375,2698.375,774.801574707031,1951.16015625,2852.5908203125,356.102172851562,1128.380859375,700.945190429688,2181.53076171875,2585.19287109375,4009.44750976562,2318.85131835938,4338.52783203125,2137.275390625,1161.05627441406,1296.83288574219,2899.32373046875,2771.646484375,2385.68310546875,12495.2177734375,3001.56762695312,1594.74084472656,63073.8828125,1397.29602050781,3512.62036132812,3100.73681640625,2119.330078125,4999.1611328125,896.518615722656,1670.97570800781,6159.83447265625,3046.21850585938,1730.96459960938,675.415405273438,2187.54223632812,465.901031494141,1564.90100097656,1308.21801757812,3823.962890625,2316.1103515625,2749.12133789062,2367.75659179688,2012.65161132812,1162.44653320312,2000.81701660156,1848.41040039062,3085.92578125,16748.15234375,431.072296142578,1632.70874023438,2729.75219726562,2579.14111328125,657,1456.11486816406,1868.22814941406,3713.51904296875,989.5,1452.86853027344,904.682067871094,1928.23608398438,1327.41967773438,753.279235839844,932.562683105469,1954.18481445312,2590.61547851562,2807.8974609375,1453.85888671875,900.849914550781,551.716186523438,4636.62548828125,1290.11938476562,1072.74621582031,5725.66650390625,4173.88232421875,2776.14233398438,439.278472900391,783.61767578125,1375.82788085938,25026.017578125,3453.01782226562,2018.96166992188,2762.99365234375,7501.419921875,2573.98291015625,5335.11669921875,989.342468261719,608.250122070312,1567.16357421875,1624.42370605469,532.8203125,682.310729980469,663.260375976562,1051.85864257812,6594.60986328125,4388.81298828125,3124.33154296875,4970.89697265625,4549.2392578125,1498.11279296875,4959.19970703125,2762.5908203125,937.979553222656,2153.1875,7143.32177734375,939.488037109375,1029.98706054688,4870.71142578125,2186.55249023438
2023-02-28,55.310604095459,27445.560546875,494.013488769531,338.251281738281,86.2079086303711,11.8599996566772,136.100006103516,0.64071375131607,79.3364486694336,0.119999997317791,609.618591308594,27.287130355835,207.019149780273,3.24880051612854,93.9365844726562,291.951904296875,2.31734371185303,10.9095916748047,172.213760375977,26.0490646362305,47.1223602294922,120.236831665039,277.421661376953,134.800003051758,46589.07421875,20.9002208709717,52.9083709716797,2.27280521392822,87.9452362060547,273.347564697266,37.9469528198242,2.25526642799377,1325.39208984375,52.5,28.9139289855957,51972.7890625,44.1200675964355,2212.51953125,3.43254137039185,23.6100006103516,106.820785522461,41.5100593566895,95.3534774780273,95.5708160400391,314.613006591797,60.2740097045898,773000,74.8292007446289,0.445918649435043,33.55078125,1728.92614746094,2264.74853515625,889.808044433594,1335.91955566406,58307.78515625,26399.939453125,3312.77880859375,4804.28173828125,1844.28283691406,146.073211669922,3667.60327148438,2750.57104492188,1423.10607910156,5433.02197265625,3791.76708984375,146.586227416992,1933.25720214844,14931.861328125,480.575653076172,1954.69360351562,1766.71606445312,3682.82836914062,2499.93432617188,4163.33544921875,3783.60986328125,1068.5341796875,13293.2333984375,1447.51782226562,1702.71044921875,1957.64013671875,1697.50451660156,4317.5888671875,1363.64294433594,22704.0078125,2654.142578125,1769.89709472656,967.869323730469,2103.40380859375,1582.23059082031,2324.55712890625,1785.65014648438,1077.83374023438,4872.154296875,2742.67944335938,827.071166992188,1841.08483886719,2947.52661132812,353.418273925781,1116.15661621094,669.251647949219,2027.71301269531,2488.2431640625,3986.30493164062,2211.87646484375,4388.72265625,2293.69604492188,1147.61975097656,1720.65673828125,2929.146484375,2694.15869140625,2688.43041992188,13786.7138671875,2943.47290039062,1617.63879394531,66693.2734375,1571.55004882812,3378.38623046875,2996.98754882812,1992.85473632812,4841.27294921875,887.757934570312,1701.57983398438,5811.71142578125,3103.16674804688,1736.84753417969,705.226989746094,2330.76025390625,505.138580322266,1565.36779785156,1320.19458007812,3924.00708007812,2437.53857421875,3157.68969726562,2236.62084960938,1972.28796386719,1194.11584472656,2053.38354492188,1960.47863769531,2915.08911132812,15083.1328125,437.679809570312,1601.46069335938,3032.11181640625,2492.82202148438,672,1569.45678710938,1905.61145019531,3340.27734375,1016,1482.94677734375,905.581359863281,1913.38195800781,1236.20812988281,737.566284179688,917.368225097656,2064.25317382812,2518.640625,2822.13134765625,1448.5234375,870.956176757812,586.874572753906,4631.986328125,1303.03894042969,968.673889160156,5743.58740234375,4136.61572265625,2673.5908203125,500.244598388672,949.707458496094,1334.78454589844,21712.7421875,3201.94287109375,2382.70361328125,2786.89526367188,6883.47998046875,2399.888671875,5240.068359375,1082.5302734375,572.415161132812,1547.88403320312,1597.15515136719,546.841857910156,689.818969726562,724.37060546875,1113.39331054688,6160.40576171875,4642.1025390625,2909.8251953125,5008.98828125,5167.21337890625,1786.96459960938,4781.544921875,2762.5908203125,953.277770996094,2267.42309570312,7001.603515625,989.033142089844,1019.67785644531,5223.29345703125,1959.22814941406
2023-03-31,58.6662139892578,28041.48046875,518.070068359375,379.794342041016,100.060974121094,12.1000003814697,143.5,0.649144172668457,78.7646484375,0.128000006079674,663.58203125,26.3528022766113,225.250961303711,3.46428227424622,96.7267837524414,326.706085205078,2.42194604873657,10.6512746810913,170.5283203125,25.9097652435303,45.1773452758789,137.071090698242,293.611236572266,148.699996948242,43738.48828125,20.0733985900879,49.8220520019531,2.35911440849304,93.8247146606445,287.181915283203,35.8040618896484,2.41280341148376,1505.34826660156,60.4500007629395,26.6122741699219,75192.7421875,46.725757598877,2215.49462890625,3.97047734260559,24.9500007629395,110.520202636719,43.1953010559082,101.200622558594,99.1942672729492,346.542419433594,68.8718719482422,788000,81.3485870361328,0.514521539211273,33.5413360595703,1778.78747558594,2374.716796875,796.857788085938,1420.79846191406,63974.69140625,28343.1328125,3191.74609375,4927.880859375,1675.58874511719,148.834930419922,3624.93969726562,2471.83715820312,1493.23986816406,5124.84521484375,4079.32739257812,149.868774414062,1985.15344238281,15446.5263671875,474.197052001953,1769.00024414062,1939.27307128906,4110.728515625,2525.66015625,4702.47802734375,3989.76171875,1077.50122070312,14436.025390625,1515.28210449219,1745.20983886719,1920.67321777344,1768.29052734375,4497.7353515625,1288.53405761719,23143.78515625,3003.27001953125,1631.50085449219,1012.54022216797,2172.91430664062,1670.66784667969,2577.87231445312,1753.77795410156,1004.12634277344,5004.56494140625,2756.67041015625,802.183959960938,1698.39245605469,3032.10205078125,362.723419189453,1125.79040527344,581.807434082031,2160.41235351562,2513.71313476562,4052.83935546875,2365.26879882812,4560.88525390625,2085.43017578125,1164.60546875,1866.48327636719,2968.3564453125,2785.27514648438,2846.42333984375,15033.373046875,2989.86181640625,1522.4580078125,67833.4765625,1606.79248046875,3353.40112304688,3108.51513671875,2303,4914.5107421875,919.880737304688,1753.74169921875,5928.35400390625,2906.033203125,1731.49658203125,611.564086914062,2149.083984375,469.725738525391,1630.97180175781,1287.02868652344,4043.36669921875,2549.51708984375,2913.42504882812,2276.611328125,1970.20288085938,1226.37683105469,2020.97326660156,1906.59045410156,3115.55053710938,15672.5263671875,443.197082519531,1693.64196777344,3042.65454101562,2398.5703125,614,1613.44226074219,1958.88269042969,3185.23583984375,1009.25,1494.91772460938,930.031433105469,1553.95324707031,1315.36352539062,724.590026855469,907.363952636719,2062.51635742188,2637.12841796875,2805.42333984375,1442.05847167969,866.180603027344,570.682556152344,4954.46630859375,1314.24572753906,965.4716796875,5797.35009765625,3876.95458984375,2782.43090820312,485.012786865234,966.021118164062,1464.27124023438,22820.43359375,3268.72778320312,2602.05444335938,2759.16967773438,7102.015625,2440.61694335938,5338.013671875,1074.7646484375,558.250305175781,1570.26977539062,1723.2783203125,465.340606689453,713.837646484375,731.696350097656,1178.77380371094,6071.99267578125,4536.18115234375,2986.31616210938,5009.9951171875,5716.958984375,1813.89147949219,4881.1513671875,2846.26318359375,819.428588867188,2430.06982421875,7427.6689453125,942.454467773438,905.458251953125,5622.83642578125,2087.5234375
2023-04-30,55.65185546875,28856.439453125,487.938415527344,339.038818359375,81.7729339599609,11.0600004196167,133,0.623852908611298,80.9565200805664,0.109999999403954,560.714172363281,26.6076183319092,231.328216552734,3.49743294715881,97.1918182373047,303.999877929688,2.51850199699402,10.8320951461792,134.983779907227,25.2187480926514,50.128288269043,137.667068481445,274.623443603516,115.699996948242,45436.625,20.7624187469482,52.0265655517578,2.44542336463928,81.3740463256836,286.227844238281,33.6165351867676,2.51230072975159,1343.48291015625,51.2999992370605,25.9405460357666,74013.6015625,43.3692741394043,2203.59399414062,4.63649272918701,23.5,117.456619262695,46.5657730102539,90.8556747436523,98.2925033569336,295.877624511719,70.2850875854492,781000,80.9171600341797,0.56597375869751,36.9427108764648,1757.02575683594,2542.1455078125,801.556762695312,1466.44738769531,60649.3984375,31414.9453125,3420.146484375,5494.52490234375,1754.97204589844,155.859710693359,3797.7451171875,2639.73168945312,1577.15808105469,5037.81591796875,4260.48291015625,150.113830566406,2060.33032226562,14921.6904296875,498.607116699219,1850.95068359375,1992.51354980469,3714.56030273438,2638.94482421875,4531.81494140625,4138.3466796875,1101.44580078125,14089.0068359375,1611.75732421875,1767.22668457031,1975.31994628906,1936.49536132812,4766.92431640625,1394.91796875,24087.931640625,2603.16333007812,1756.06909179688,1034.37939453125,2252.73950195312,1786.51196289062,2526.57153320312,1990.29736328125,1042.83618164062,5070.77001953125,3020.16577148438,869.032653808594,1803.31640625,3094.09497070312,360.582916259766,1212.93908691406,600.802795410156,2277.17333984375,2711.107421875,4436.62060546875,2516.50366210938,4397.0380859375,2203.76245117188,1139.15100097656,1728.46020507812,3295.314453125,3009.681640625,2639.32788085938,15141.455078125,3336.1591796875,1614.68444824219,65812.9609375,1710.88806152344,3284.32470703125,3312.01391601562,2442.5,5235.994140625,904.306030273438,1750.62121582031,6533.8857421875,3079.49829101562,1883.22106933594,645.226501464844,2313.779296875,447.792297363281,1683.77478027344,1357.0458984375,4307.83984375,2636.45385742188,3020.94555664062,2324.72607421875,2001.84753417969,1396.41674804688,2097.91284179688,1953.32531738281,3031.61328125,17084.33203125,459.202514648438,1735.24011230469,3088.6162109375,2682.05517578125,675,1639.11291503906,2064.490234375,3266.78540039062,1099.75,1679.20983886719,1039.28479003906,1566.263671875,1567.11706542969,735.414855957031,889.951843261719,2131.55078125,2846.86157226562,2848.07690429688,1453.01782226562,895.542663574219,578.034362792969,5267.173828125,1426.97583007812,914.556274414062,5931.7548828125,4369.26611328125,2861.27905273438,476.398468017578,1029.89025878906,1388.33166503906,18036.771484375,3287.5419921875,2813.92919921875,2887.28051757812,7413.39111328125,2444.39794921875,4608.32177734375,1087.18969726562,554.785339355469,1498.25622558594,1875.84985351562,489.179748535156,789.028564453125,739.891479492188,1136.46887207031,6681.05810546875,4651.31298828125,3109.365234375,5250.85986328125,5397.98681640625,1909.35961914062,4842.48095703125,3082.29467773438,846.263732910156,2419.42431640625,7654.1513671875,1066.08630371094,972.106018066406,5369.46826171875,2135.09985351562
2023-05-31,54.8556060791016,30887.880859375,542.369689941406,307.93994140625,77.6369476318359,10.3400001525879,110.199996948242,0.623852908611298,72.5993041992188,0.100000001490116,639.973022460938,24.8918342590332,231.720291137695,3.47257018089294,99.0519485473633,268.908538818359,2.47022414207458,10.910153388977,125.051200866699,24.977466583252,43.9396095275879,131.707458496094,251.038619995117,119.400001525879,44059.75390625,22.3241920471191,53.6138153076172,2.38788437843323,73.2238388061523,301.970367431641,32.5004501342773,2.44596910476685,1325.39208984375,53,25.9306678771973,77278.9140625,45.7541427612305,2137.14892578125,4.3205623626709,29.0499992370605,116.531761169434,43.788948059082,100.301063537598,89.9060821533203,245.134613037109,67.0831146240234,784000,70.408203125,0.523096859455109,37.7930526733398,1805.75317382812,2607.53198242188,876.364990234375,1576.357421875,67299.9921875,32072.490234375,3665.1396484375,5701.013671875,1795.7705078125,148.571960449219,4260.54541015625,3051.21923828125,1755.68041992188,5414.61328125,4477.68017578125,145.605026245117,2081.18579101562,18600.353515625,574.365783691406,1933.84326171875,2074.96557617188,4131.88330078125,2744.10546875,4427.46728515625,4054.88232421875,1229.45654296875,17415.439453125,1746.15026855469,1733.95654296875,1878.88452148438,2045.78112792969,5192.06298828125,1505.69567871094,25986.005859375,4423.40234375,1767.56274414062,1300.41931152344,2447.197265625,1853.50610351562,2628.85278320312,2083.53149414062,918.3115234375,5294.5634765625,3228.16333007812,859.828796386719,1958.25061035156,3045.98120117188,337.718109130859,1391.04626464844,572.130554199219,2752.28369140625,2703.76025390625,4988.1845703125,2479.09814453125,4597.2958984375,2276.10302734375,1115.63586425781,2233.73217773438,3471.66162109375,3198.39770507812,2477.39184570312,19995.3671875,3423.95263671875,1548.04956054688,72933.3828125,1765.05688476562,3399.94213867188,3339.54028320312,2710.5,4638.681640625,1039.611328125,1916.00939941406,7217.55126953125,3283.17407226562,2029.8876953125,605.826232910156,2321.35180664062,450.649200439453,1876.75427246094,1363.49475097656,4524.76708984375,2573.61352539062,2803.546875,2079.24291992188,2068.76245117188,1516.10961914062,2292.8896484375,1837.91882324219,2810.41430664062,16720.314453125,441.86328125,1967.00170898438,2918.55859375,2853.10717773438,576,1572.5595703125,1943.4619140625,3094.09204101562,1140.25,1828.888671875,1031.94006347656,1801.1083984375,1606.14855957031,706.197448730469,1083.41967773438,2088.99536132812,2822.69873046875,2839.35205078125,1483.15588378906,886.939819335938,581.710266113281,5364.89501953125,1562.25207519531,910.713623046875,5949.67578125,4198.8505859375,2994.3056640625,506.112945556641,1001.14910888672,1332.83740234375,21222.611328125,3077.61450195312,2912.54370117188,2562.22265625,8392.947265625,2520.01733398438,5005,1068.55187988281,521.290283203125,1612.35546875,1762.39916992188,514.926086425781,805.208923339844,729.461303710938,1201.84924316406,6233.10009765625,4688.154296875,2957.919921875,5655.51318359375,7159.693359375,1946.07800292969,4089.37768554688,3193.36840820312,834.762939453125,2602.33251953125,8119.64501953125,1108.8818359375,976.866638183594,5749.521484375,2555.51733398438
2023-06-30,56.9798202514648,33189.0390625,562.487182617188,328.760101318359,80.9257965087891,10.7200002670288,122.300003051758,0.68623811006546,76.4661178588867,0.101999998092651,642.296813964844,25.8858623504639,246.265243530273,3.46428227424622,105.097373962402,276.977691650391,2.52654838562012,10.9190454483032,131.507369995117,25.0221481323242,45.5091285705566,151.671081542969,272.424896240234,132.800003051758,44299.49609375,22.8294734954834,53.6138153076172,2.39747405052185,77.7505874633789,338.207000732422,31.7861518859863,2.5537576675415,1338.36389160156,53.5499992370605,25.742977142334,69206.3515625,45.9427833557129,2151.033203125,4.83270740509033,35.0999984741211,112.083206176758,44.2513427734375,107.088417053223,89.0043106079102,246.776672363281,73.0818557739258,744000,82.5224914550781,0.519760489463806,37.7930526733398,2184.21850585938,2568.89477539062,1000.888671875,1742.88781738281,67349.625,36037.38671875,4027.033203125,6283.02392578125,1947.8955078125,160.123413085938,4531.67138671875,3217.1728515625,2178.09985351562,6698.296875,5393.89306640625,150.946975708008,2158.302734375,19799.2890625,652.653015136719,2071.36938476562,2549.41870117188,4584.7841796875,2931.6357421875,4437.2197265625,4152.103515625,1332.60180664062,16929.61328125,1945.82006835938,1819.578125,1994.60705566406,2291.43627929688,5563.56298828125,1599.21313476562,28632.546875,4729.65625,2006.44787597656,1382.81225585938,2822.65380859375,2270.35888671875,2640.71606445312,2238.59350585938,966.815490722656,5586.60498046875,3600.09790039062,923.771057128906,1968.05651855469,3590.96411132812,337.036987304688,1670.11267089844,654.204833984375,2754.86401367188,2882.05151367188,5130.5966796875,2575.5146484375,4821.5078125,2503.1865234375,1260.84790039062,2635.12133789062,3614.64624023438,3247.28784179688,2740.5947265625,22215.984375,3863.89672851562,1651.38171386719,77207.578125,1836.93713378906,3843.30639648438,3550.9033203125,2862,5029.63037109375,1083.80444335938,2227.75122070312,7345.494140625,3462.48681640625,1976.09460449219,660.14501953125,2419.7900390625,504.284759521484,1844.78820800781,1506.59460449219,4823.41357421875,2745.59741210938,3008.68432617188,2225.05981445312,2000.85864257812,1715.12268066406,2583.44360351562,2024.61547851562,2717.50122070312,15844.6982421875,471.015991210938,2105.66235351562,3176.86206054688,3020.31494140625,499,1670.48803710938,1995.63415527344,3730.1796875,1254,2030.01940917969,1142.11157226562,1993.81384277344,1598.73266601562,766.739685058594,1163.22521972656,2087.57690429688,2894.70385742188,3561.5498046875,1589.09558105469,908.91455078125,680.316101074219,5346.328125,1650.55725097656,951.3818359375,6222.966796875,4753.64794921875,3314.53686523438,569.316528320312,1123.77795410156,1384.92419433594,21275.28515625,3078.60473632812,3026.78002929688,2572.44702148438,9203.0927734375,2949.15771484375,5257.6982421875,1303.13696289062,555.555358886719,1917.244140625,1696.38256835938,536.476623535156,866.408508300781,803.869506835938,1338.43054199219,6407.72705078125,4850.49951171875,3045.94750976562,6060.16650390625,7969.3916015625,1996.50463867188,4477.04736328125,3728.37329101562,837.542297363281,2617.81689453125,8450.2138671875,1162.61401367188,989.244018554688,6415.1015625,2573.47973632812
2023-07-31,60.5560073852539,33172.21875,551.745239257812,351.364837646484,97.1707611083984,12.2799997329712,146.300003051758,0.757535636425018,74.8227310180664,0.100000001490116,644.1640625,28.1450233459473,271.482818603516,3.4235987663269,105.787506103516,305.688781738281,2.53106093406677,11.8260021209717,158.72265625,26.8988075256348,51.3518257141113,168.468185424805,311.199951171875,152.899993896484,47314.64453125,24.1156387329102,57.7583045959473,2.55091261863708,75.1638793945312,358.823394775391,36.1661949157715,2.56326293945312,1289.44714355469,67.1999969482422,27.2741222381592,80453.515625,44.5218696594238,2108.38916015625,5.07345104217529,42.7999992370605,111.602165222168,44.4825401306152,110.964920043945,87.9672775268555,283.831451416016,124.016799926758,766000,85.3330078125,0.50183767080307,39.2764320373535,2257.54614257812,2638.24365234375,1077.0126953125,1821.64697265625,63289.78515625,34898.953125,4169.94091796875,6194.66650390625,2117.09887695312,152.985931396484,4899.13037109375,3162.82543945312,2283.39038085938,7162.12451171875,5453.64599609375,154.671646118164,2030.74462890625,20458.943359375,654.598022460938,2264.47119140625,2610.66870117188,4499.20458984375,2931.6357421875,4239.2509765625,3981.50708007812,1385.40270996094,16389.251953125,1968.85888671875,1799.02893066406,1894.31433105469,2347.50463867188,5413.57275390625,1660.72143554688,28069.97265625,4822.27392578125,1954.259765625,1426.09338378906,2828.22314453125,2338.74877929688,2669.25219726562,2282.2666015625,969.147399902344,5587.55322265625,3488.96020507812,942.501586914062,1937.16784667969,3667.76123046875,385.101745605469,1676.30358886719,694.226501464844,2660.03540039062,3015.28051757812,5085.822265625,2596.79736328125,4166.11962890625,2616.728515625,1381.09020996094,2687.79467773438,3681.37231445312,3142.66284179688,2961.375,26175.755859375,3932.1806640625,1677.45593261719,72029.9765625,1843.85778808594,4141.1689453125,3565.64965820312,2768.5,5210.982421875,1058.49548339844,2588.48510742188,7783.0400390625,3709.04125976562,1913.10607910156,740.571228027344,2615.720703125,540.502563476562,1809.98107910156,1727.68115234375,4721.38818359375,2796.12670898438,3252.02001953125,2274.6474609375,1955.36950683594,1776.39392089844,2567.67309570312,2068.5029296875,2681.39306640625,17172.876953125,491.022766113281,2000.67639160156,3378.17358398438,3099.1142578125,555.099975585938,1730.38610839844,1996.58361816406,3350.25366210938,1237.75,2101.11694335938,1206.83740234375,2188.4130859375,1597.17150878906,761.758361816406,1148.2314453125,2116.419921875,2823.6650390625,3511.1416015625,1682.24938964844,905.548217773438,707.701477050781,5413.755859375,1674.51232910156,887.657592773438,6012.39794921875,5099.212890625,3295.1875,602.999267578125,1367.43884277344,1795.77673339844,21176.671875,3231.09912109375,3263.06420898438,2622.65991210938,8495.1611328125,2907.56689453125,4493.7265625,1315.150390625,577.500305175781,2148.24877929688,1764.84411621094,619.341613769531,932.367126464844,791.111145019531,1307.42224121094,6148.18115234375,4825.13330078125,3112.205078125,6183.48974609375,7527.73828125,1977.41101074219,4750.63916015625,3940.3388671875,957.150146484375,2543.298828125,7345.74951171875,1201.60559082031,1129.68054199219,6013.609375,2589.01513671875
2023-08-31,55.4977149963379,32619.33984375,536.12060546875,322.216613769531,89.8954162597656,12.3599996566772,128.5,0.712974727153778,68.8291702270508,0.097000002861023,658.167602539062,27.7454414367676,242.127990722656,3.2434093952179,103.837501525879,289.619720458984,2.32962679862976,11.5111455917358,127.931655883789,26.1610565185547,42.8616600036621,162.802886962891,309.201232910156,139.399993896484,50190.63671875,22.7820091247559,56.0828704833984,2.30421566963196,63.7723922729492,339.679595947266,29.1586990356445,2.43645858764648,1550.66284179688,64.1999969482422,26.5727596282959,62312.92578125,43.100959777832,2133.23095703125,5.04670190811157,41.6500015258789,111.602165222168,39.5349006652832,114.356857299805,79.6259460449219,273.054504394531,108.471473693848,737000,76.0382308959961,0.519760489463806,36.054573059082,2379.60131835938,2406.41918945312,1093.45935058594,1899.23071289062,60073.6796875,33021.58203125,4392.67919921875,6018.91064453125,2112.98754882812,158.05729675293,5184.16015625,3131.76977539062,2261.70361328125,6472.8115234375,5189.9736328125,163.689254760742,2097.67626953125,20776.734375,804.267761230469,2270.12280273438,2559.31274414062,4479.9736328125,2966.96801757812,4192.44091796875,4134.67724609375,1443.72888183594,16017.4453125,1822.94641113281,1781.41528320312,1940.78979492188,2366.03564453125,5213.916015625,1644.40283203125,24679.85546875,4522.19384765625,1971.65576171875,1525.95764160156,2783.66967773438,2218.71752929688,2624.36401367188,2165.47900390625,1041.90344238281,5367.57861328125,3408.21899414062,1030.82568359375,1922.94921875,3839.86083984375,425.966522216797,1599.6318359375,647.873046875,2778.40966796875,2974.95385742188,5398.27197265625,2654.51806640625,3979.27685546875,2606.18872070312,1390.30236816406,2390.28881835938,3858.6728515625,3306.93408203125,3144.75048828125,28244.0703125,4082.40576171875,1798.65393066406,68581.46875,1870.55163574219,3738.95654296875,3674.77221679688,3086.5,5439.6025390625,1034.54956054688,2713.30688476562,8258.6767578125,3634.0029296875,2036.32458496094,738.562866210938,2579.75268554688,519.951477050781,1770.67468261719,1918.59814453125,5049.25537109375,2865.08959960938,3665.12451171875,1934.89868164062,2115.24047851562,1970.18237304688,2685.23291015625,2252.251953125,2925.24633789062,16351.373046875,520.461242675781,1970.76538085938,3710.01586914062,3245.18115234375,568.299987792969,1697.58483886719,1942.92993164062,3483.61181640625,1271.5,2276.52197265625,1210.96875,2190.78051757812,1644.39965820312,753.041015625,1167.57824707031,2203.421875,3046.44604492188,3624.560546875,1707.82092285156,880.674682617188,761.829040527344,5448.08251953125,1827.16784667969,931.688110351562,5545.56396484375,4641.931640625,3182.96142578125,600.869934082031,1560.32360839844,1848.70397949219,22360.001953125,2875.11376953125,3437.83642578125,2578.7236328125,8762.0556640625,2836.67407226562,4928.0810546875,1194.70031738281,595.787841796875,2154.32763671875,1800.05297851562,616.385620117188,932.462341308594,810.4814453125,1415.6591796875,5838.3046875,4803.52587890625,3456.74340820312,6623.79150390625,7287.2822265625,1949.99450683594,4369.7373046875,4203.212890625,998.16943359375,2395.7138671875,6782.91552734375,1129.80419921875,1128.25231933594,5606.89892578125,2804.56372070312
2023-09-30,53.0211601257324,31857.619140625,513.578491210938,303.57763671875,85.3109436035156,12.3400001525879,114.599998474121,0.766882538795471,62.110179901123,0.0920000001788139,686.174743652344,28.0287303924561,238.384765625,3.39657044410706,101.400001525879,278.758972167969,2.39969086647034,11.749623298645,114.324012756348,26.2162494659424,41.8305053710938,158.634750366211,279.020660400391,133.399993896484,51763.83984375,23.4029026031494,56.2019195556641,2.34294176101685,54.4204368591309,318.572357177734,30.7577247619629,2.64478015899658,1633.82153320312,62.8499984741211,26.1677474975586,60589.5703125,42.816780090332,2054.70141601562,5.46951293945312,35.6500015258789,111.602165222168,39.4464073181152,106.119285583496,75.568000793457,273.739807128906,101.296699523926,681000,74.5665283203125,0.51079910993576,37.2450523376465,2561.31494140625,2433.08813476562,1211.04663085938,1832.05834960938,55231.59765625,32143.76953125,4557.26904296875,6061.27099609375,2365.53662109375,168.146743774414,4588.5283203125,3419.50366210938,2272.75048828125,6286.673828125,5200.93896484375,165.698623657227,2253.4541015625,19828.2890625,819.420288085938,2439.49560546875,2594.24658203125,4223.34619140625,3198.486328125,4023.634765625,4341.50732421875,1575.09497070312,15239.02734375,1793.72155761719,1734.5361328125,1899.90368652344,2304.42163085938,4881.04931640625,1760.80017089844,23084.5078125,4146.91064453125,2042.7529296875,1652.19995117188,2825.79614257812,2207.20947265625,2654.25830078125,1955.26220703125,1139.67602539062,5526.87060546875,3424.3671875,1074.89294433594,1976.71008300781,3805.27734375,404.269256591797,1618.232421875,739.982604980469,2814.962890625,2919.2783203125,5171.47802734375,2775.92749023438,3769.17211914062,2716.16577148438,1471.59045410156,2229.3427734375,3886.12548828125,2984.01416015625,3264.26416015625,27177.896484375,3820.03442382812,1907.150390625,65506.2578125,1842.2099609375,3395.53295898438,3586.80224609375,2882,5354.7138671875,1090.52160644531,2783.08911132812,7763.43017578125,3814.95532226562,1938.45202636719,802.453857421875,2715.37768554688,559.320922851562,1820.31018066406,2126.95703125,5022.01611328125,2871.35913085938,3719.88232421875,1906.42272949219,2228.66674804688,1996.306640625,2813.6220703125,2125.89453125,2644.79052734375,16512.962890625,572.171875,1942.83508300781,3873.88452148438,3290.04663085938,613.099975585938,1736.34387207031,1987.5625,3055.56298828125,1387,2308.78051757812,1227.62255859375,2369.13134765625,1537.29309082031,753.768981933594,1183.49279785156,2359.05444335938,3015.52465820312,3527.89379882812,1755.7236328125,895.327697753906,810.56005859375,5003.80126953125,1813.87438964844,893.723754882812,5078.7294921875,5042.08203125,3031.0693359375,643.885498046875,1661.1064453125,1904.79992675781,22946.73828125,2689.44702148438,3513.74731445312,2514.50903320312,7934.169921875,2776.35522460938,4913.33544921875,1242.75390625,677.016418457031,2094.54809570312,1693.22375488281,660.0546875,1002.19097900391,892.559875488281,1366.90368652344,5181.05126953125,4926.5966796875,3561.71459960938,6556.7021484375,7228.55126953125,1919.81066894531,4285.91064453125,4285.76416015625,1056.37194824219,2382.32104492188,6475.40234375,1244.1591796875,1176.46569824219,5287.400390625,2820.94482421875
2023-10-31,51.5868682861328,30858.849609375,519.470397949219,286.723236083984,79.7796859741211,14.0200004577637,110.599998474121,0.748623430728912,66.0011825561523,0.142000004649162,786.066772460938,27.3705005645752,233.853469848633,3.38756084442139,94.0875015258789,261.991485595703,2.39969086647034,11.6303844451904,99.1271743774414,24.8548450469971,37.4002952575684,167.387023925781,268.627319335938,102.699996948242,48206.8359375,23.2596206665039,55.6463775634766,2.30421566963196,65.2149887084961,285.193420410156,28.0299739837646,2.61760783195496,1656.3232421875,50.3499984741211,25.1799125671387,57414.96484375,43.7640533447266,1988.09973144531,4.72788429260254,33.810001373291,111.602165222168,37.234016418457,109.995796203613,72.4569091796875,272.903839111328,75.61181640625,709000,69.9551773071289,0.47365003824234,33.2578887939453,2477.61157226562,2469.86254882812,1200.0673828125,1871.95886230469,57868.78125,32567.880859375,4395.63623046875,6052.51513671875,2324.64624023438,168.337173461914,4313.75439453125,3299.10546875,2217.58959960938,6077.2841796875,5169.19091796875,167.119873046875,2209.14331054688,19163.7890625,755.209838867188,2443.81591796875,2591.37622070312,4344.90283203125,3273.79931640625,3780.609375,3800.80688476562,1410.74938964844,14254.5810546875,1627.34875488281,1913.41003417969,1782.43737792969,2111.02709960938,4829.34521484375,1760.15930175781,21270.19921875,3783.89428710938,2066.2509765625,1441,2782.70849609375,2061.4501953125,2405.23950195312,2018.908203125,1269.58471679688,5373.26708984375,3373.07299804688,1059.55603027344,1817.94213867188,3259.38061523438,371.966644287109,1259.37353515625,758.858520507812,2667.02954101562,3120.794921875,4915.4833984375,2554.30737304688,3536.80615234375,2640.3115234375,1414.84033203125,1907.45141601562,3994.53051757812,3043.85131835938,3010.01489257812,25773.671875,3870.07861328125,1867.15405273438,67168.8515625,1791.45861816406,2655.77587890625,3350.97143554688,2740,5299.7294921875,1093.67004394531,2501.77368164062,7632.513671875,3685.36889648438,1775.82397460938,778.427734375,2705.2509765625,541.395751953125,1769.20617675781,2057.66137695312,5175.548828125,2834.70751953125,3519.81665039062,1962.8837890625,2329,1851.2080078125,2478.13696289062,1942.62768554688,2716.017578125,16216.501953125,540.939575195312,1918.07421875,3659.92529296875,3278.40380859375,556.799987792969,1512.2529296875,2012.72741699219,2791.42993164062,1482.25,2351.94848632812,1201.04663085938,2565.43896484375,1669.9736328125,702.225891113281,1054.94860839844,2723.1650390625,2801.48828125,3208.23901367188,1550.32116699219,879.610229492188,811.4052734375,5032.2431640625,1733.50073242188,930.873962402344,5055.43212890625,4886.8232421875,2855.9580078125,553.294982910156,1673.79895019531,2087.849609375,24854.857421875,2291.37719726562,3392.85498046875,2276.96337890625,7606.4462890625,2638.8740234375,3695.32348632812,1149.80810546875,673.274963378906,1992.73620605469,1669.65222167969,674.582641601562,1032.56042480469,802.991455078125,1287.14001464844,4699.46044921875,4801.646484375,3563.63159179688,5518.6708984375,6884.05078125,1929.1875,4107.615234375,3631.4921875,1087.4560546875,2273.03564453125,5193.3369140625,1168.96020507812,1231.95922851562,4779.7314453125,2649.06103515625
2023-11-30,54.8857536315918,33486.890625,566.605651855469,324.199493408203,72.5043411254883,15.6199998855591,90.5999984741211,0.757752954959869,65.5634460449219,0.163000002503395,882.224609375,26.8339691162109,206.862808227539,3.36954188346863,98.9625015258789,264.087432861328,2.51354455947876,11.5019721984863,105.980644226074,25.038818359375,33.5763282775879,175.441879272461,274.423583984375,116.099998474121,49049.27734375,26.1252822875977,59.6277351379395,2.28639936447144,73.7710342407227,310.718475341797,25.678466796875,2.61760783195496,1635.77819824219,57.7000007629395,28.0545120239258,72653.0625,46.3216934204102,2032.83203125,4.75569534301758,36.9500007629395,114.96947479248,36.8574447631836,124.048118591309,72.2738342285156,253.734970092773,92.1058731079102,725000,77.8042831420898,0.47365003824234,39.0874671936035,2673.23779296875,2548.38134765625,1198.15795898438,2031.56018066406,63043.6328125,36976.67578125,5142.697265625,6724.80029296875,2336.880859375,164.81428527832,5480.548828125,3600.10083007812,2195.58935546875,5974.07763671875,5520.345703125,176.284515380859,2277.08666992188,23306,811.76220703125,2411.654296875,2579.41674804688,5068.404296875,3534.14135742188,3919.76098632812,3896.224609375,1413.09057617188,16571.51171875,1948.93798828125,2081.443359375,1783.08654785156,2220.92138671875,4996.388671875,1772.97680664062,21786.466796875,4642.83349609375,2145.63696289062,1648,2935.646484375,2183.54711914062,2799.39794921875,2327.763671875,1241.50927734375,5781.927734375,3616.24584960938,1132.9775390625,1772.08679199219,3550.21166992188,418.961120605469,1471.99499511719,736.15966796875,2815.61328125,3016.34130859375,5537.462890625,2594.21850585938,3983.142578125,2624.265625,1472.8134765625,2539.529296875,4064.21923828125,2886.90112304688,3219.56103515625,31622.142578125,4074.18041992188,1947.634765625,72811.8984375,1797.72009277344,2745.4287109375,3502.92944335938,2763,5494.5869140625,1351.83752441406,2591.642578125,7200.3916015625,4097.68994140625,1680.02294921875,744.519897460938,2680.65795898438,566.976440429688,1964.98498535156,1970.45227050781,5098.7822265625,2921.513671875,3804.12060546875,2126.86669921875,2326,1893.96875,2537.68188476562,2043.90673828125,3163.658203125,16858.837890625,566.837158203125,2082.88232421875,3827.69946289062,3324.97485351562,585.700012207031,1767.66845703125,1981.86474609375,2783.63256835938,1509.5,2216.75170898438,1163.28076171875,2098.908203125,1776.58850097656,743.20849609375,1121.43701171875,2759.576171875,2850.73120117188,3277.4326171875,1825.74719238281,977.820922851562,897.241455078125,5032.2431640625,1737.78112792969,1018.37249755859,6732.810546875,4821.65283203125,2952.70458984375,568.409606933594,1688.76977539062,2299.439453125,32581.017578125,2421.59155273438,3404.6494140625,2353.24829101562,7330.31689453125,2683.74633789062,4891.7080078125,1194.06799316406,798.713989257812,2084.0322265625,1704.51831054688,672.064514160156,936.72802734375,916.987670898438,1632.52258300781,3913.91430664062,5044.97021484375,3280.8798828125,6026.9951171875,10692.41796875,2049.60766601562,4181.6611328125,3615.46557617188,1074.82824707031,2744.81640625,6020.85205078125,1163.65771484375,1154.26818847656,5559.85595703125,2735.49145507812
2023-12-31,56.4033546447754,33464.171875,585.360961914062,291.085540771484,75.4763870239258,15.6000003814697,81.9000015258789,0.757752954959869,66.1957397460938,0.143999993801117,947.574584960938,28.2458343505859,211.197067260742,3.44161748886108,101.887504577637,255.322601318359,2.60988259315491,11.9238958358765,111.741546630859,26.1702575683594,32.9700889587402,139.915634155273,277.421661376953,116.099998474121,50640.57421875,27.0805015563965,59.9980964660645,2.4447648525238,70.4878921508789,307.773284912109,25.5844078063965,2.72629737854004,1374.56237792969,52.9500007629395,30.4055595397949,87809.5234375,49.826602935791,2088.49877929688,4.78350639343262,37.4300003051758,115.45051574707,39.3993339538574,130.832000732422,79.6285018920898,236.821258544922,93.9934539794922,760000,91.2949447631836,0.464362800121307,40.7976036071777,2478.09008789062,2665.66259765625,1156.62829589844,2008.84460449219,61819.578125,34510.90625,5304.3154296875,7159.6943359375,2215.17504882812,164.05256652832,5936.51416015625,3482.66333007812,2155.57373046875,6244.99462890625,5548.24609375,172.461822509766,2208.65087890625,24499.189453125,809.111267089844,2316.12890625,2534.44921875,5753.9814453125,3482.74096679688,3794.32861328125,3792.3876953125,1372.82348632812,17526.125,1939.23706054688,2096.71899414062,1815.53576660156,2041.44311523438,5221.10205078125,1777.14245605469,22602.66015625,4757.8876953125,2189.77563476562,1670,2912.91870117188,2109.248046875,2905.70434570312,2280.39916992188,1198.68212890625,5632.1171875,3504.54370117188,1128.40905761719,1971.28637695312,3471.15087890625,486.193420410156,1343.55627441406,714.894409179688,2754.81396484375,3105.02783203125,5205.57421875,2637.69873046875,4015.09326171875,2582.9345703125,1475.74890136719,2513.77197265625,4134.87646484375,2772.62158203125,3008.15209960938,34470.0078125,4024.13598632812,1895.44421386719,74093.0625,1732.7978515625,2790.01000976562,3536.47875976562,2720,5667.52001953125,1321.73120117188,2628.98266601562,7267.326171875,4117.32470703125,1575.81018066406,694.142456054688,2609.771484375,595.357971191406,1975.06188964844,1829.85229492188,5029.44482421875,3020.85864257812,4184.1494140625,2003.63403320312,2266,1798.83801269531,2503.79443359375,2070.4814453125,2546.61987304688,18657.376953125,543.558410644531,2089.8154296875,4257.5029296875,3141.6015625,628,1730.56091308594,1996.54174804688,2691.03955078125,1491.5,2235.72680664062,1137.63720703125,2150.7451171875,1692.11987304688,710.267456054688,1068.24633789062,2821.85864257812,2867.30786132812,3039.64111328125,1695.50329589844,989.728088378906,891.324890136719,4677.21044921875,1732.54956054688,1034.66650390625,7385.7529296875,4621.35009765625,2960.4443359375,540.423095703125,1968.98376464844,2322.07446289062,36723.98828125,2310.19140625,3867.57958984375,2316.74462890625,6737.9296875,2649.37573242188,4867.13134765625,1217.00476074219,755.686645507812,2091.2021484375,1690.27734375,624.315795898438,902.984252929688,818.045715332031,1653.65942382812,4225.63916015625,5017.2197265625,3209.9521484375,5898.69873046875,11844.0625,2059.47802734375,4136.84375,3513.64819335938,989.347045898438,2828.24389648438,6393.81640625,1044.1103515625,1153.30310058594,5772.5283203125,2626.11083984375
2024-01-31,52.8325386047363,36286.7109375,619.910095214844,268.282531738281,69.4362869262695,12.3199996948242,62.5499992370605,0.757752954959869,59.2892036437988,0.150999993085861,925.7255859375,26.9523277282715,171.696136474609,3.44161748886108,99.9375,225.407974243164,2.5748507976532,11.823000907898,86.2148132324219,26.0966682434082,30.4984970092773,150.762557983398,280.219848632812,101.400001525879,52980.71484375,27.176025390625,59.7203216552734,2.37547993659973,47.5059547424316,274.885223388672,26.8542213439941,2.73535466194153,1570.22961425781,39.0999984741211,30.3166542053223,97238.09375,46.4164199829102,2120.30834960938,5.23775434494019,27.6800003051758,114.488426208496,38.0342445373535,131.801132202148,68.6907806396484,204.131103515625,77.0843200683594,840000,81.6307220458984,0.482937335968018,40.2023620605469,2869.82055664062,2921.09716796875,1331.81701660156,2306.1220703125,66258.0078125,39195.87109375,5309.2802734375,8084.9384765625,2479.193359375,177.382431030273,5900.673828125,3878.39819335938,2453.53759765625,6410.720703125,6495.88232421875,192.457412719727,2411.00390625,27031.080078125,976.117553710938,2594.06420898438,2885.1005859375,5713.13818359375,3721.61206054688,4334.27587890625,4080.51196289062,1569.00805664062,18838.720703125,2137.13842773438,2053.84814453125,1900.22839355469,2246.83520507812,5470.6728515625,1970.04541015625,23487.689453125,5775.5224609375,2442.22216796875,1940,3233.94580078125,2405.49853515625,2927.06274414062,2482.19116210938,1347.62524414062,6214.61669921875,3949.87231445312,1216.51501464844,2110.82470703125,3995.400390625,449.512420654297,1355.10131835938,779.16796875,3059.45971679688,3481.45483398438,5732.13525390625,2738.93676757812,3986.04711914062,2789.5888671875,1635.97033691406,2437.83618164062,4436.861328125,3153.71630859375,3324.7998046875,39791.2734375,4448.03955078125,2012.01928710938,81085.7421875,1815.84558105469,2715.0546875,3644.033203125,3043.5,5729.0810546875,1464.39233398438,3096.6806640625,8983.017578125,4590.51220703125,1612.26123046875,794.316040039062,2932.85864257812,718.126647949219,2094.54443359375,1964.84533691406,5309.27099609375,3290.62939453125,4880.07177734375,2160.25244140625,2370,1941.53430175781,2895.919921875,2197.29516601562,2343.94091796875,19037.8359375,580.6103515625,2438.4482421875,5004.9453125,3299.74877929688,650.5,1904.53259277344,2051.62548828125,2772.9111328125,1642,2508.49194335938,1277.04455566406,2366.25146484375,1791.48327636719,717.436950683594,1205.1630859375,2981.87548828125,2998.4599609375,3283.28002929688,1897.63793945312,1069.26831054688,999.230590820312,4724.287109375,1823.86157226562,1060.0849609375,8321.203125,5160.921875,3163.61206054688,573.772888183594,2343.57885742188,2266.47094726562,39302.66796875,2331.48120117188,4018.94091796875,2281.06469726562,6686.33447265625,2714.77514648438,3407.28686523438,1359.52819824219,811.021606445312,2240.33471679688,1701.57189941406,685.430236816406,953.985595703125,847.302307128906,1852.74035644531,4104.3955078125,5333.4306640625,3422.73486328125,7249.6943359375,14564.32421875,2118.20751953125,3995.5712890625,3991.62475585938,1068.51416015625,3015.10205078125,6517.1669921875,1126.05822753906,1307.23767089844,5514.7734375,2855.61474609375
2024-02-29,55.6736259460449,39166.19140625,681.111389160156,274.826019287109,72.7808074951172,13.2200002670288,79.8000030517578,0.757752954959869,61.8669929504395,0.143999993801117,1092.47106933594,28.1782035827637,190.412292480469,3.63982582092285,100.425003051758,231.314682006836,2.69746255874634,11.9055500030518,88.4496383666992,25.7103233337402,32.7369155883789,175.342330932617,356.570770263672,99.5500030517578,60933.53125,28.0834827423096,62.9609603881836,2.32599067687988,50.5403671264648,289.120361328125,28.7354278564453,2.91650414466858,1508.59448242188,44.5,32.5800018310547,105619.046875,46.2743263244629,2042.67736816406,5.71981287002563,45.8800010681152,115.93155670166,37.422306060791,134.708511352539,74.442512512207,237.385055541992,80.3530502319336,774000,83.151481628418,0.51079910993576,57.689998626709,3463.87353515625,2573.22900390625,1472.15893554688,2501.67333984375,69701.2734375,42839.98046875,5957.673828125,8172.50048828125,2686.5439453125,173.573913574219,6017.154296875,4318.5419921875,3065.72631835938,8722.9462890625,6268.8349609375,193.339553833008,2242.13012695312,35766.5859375,1160.99267578125,2689.10961914062,3134.81420898438,6211.0322265625,3718.74584960938,4874.22265625,4103.89892578125,1668.73901367188,19375.69140625,2310.3017578125,2304.66650390625,2190.34399414062,2643.22265625,5332.46435546875,2374.4365234375,20822.76953125,6853.65966796875,2788.66088867188,2018,3321.068359375,2339.71752929688,2934.8291015625,2879.36157226562,1376.65234375,6216.5458984375,4237.39990234375,1325.17919921875,2400.74853515625,4090.46166992188,401.739562988281,1366.64636230469,814.29150390625,3096.19897460938,3540.67431640625,5986.06591796875,2876.51611328125,4232.9365234375,3050.70239257812,1608.81823730469,2420.57788085938,4191.01416015625,2837.85424804688,3459.84057617188,47556.390625,4125.20556640625,2244.1943359375,88166.453125,1691.603515625,2783.1513671875,3719.02563476562,2751.5,5565.89599609375,1532.08251953125,3061.23974609375,9922.0703125,4356.86376953125,1543.56494140625,790.537719726562,2930.9296875,794.308532714844,2115.65771484375,1932.17797851562,5408.32470703125,3283.74731445312,4568.0078125,2093.48095703125,2494.66674804688,1845.44250488281,3295.79125976562,2140.22900390625,2404.39770507812,21720.822265625,626.876831054688,2723.69311523438,4837.17138671875,3181.380859375,820,2140.189453125,2014.41979980469,3212.4833984375,1957,2635.15014648438,1351.64379882812,2498.72314453125,1920.83215332031,668.994201660156,1800.60327148438,2868.8095703125,3037.9521484375,4027.84106445312,1990.53588867188,992.109558105469,1034.91735839844,4831.6884765625,1775.35205078125,1106.03405761719,7266.37548828125,4511.134765625,3157.80737304688,574.162902832031,2327.95703125,2346.7822265625,39470.62890625,2125.5146484375,3501.95288085938,2904.72827148438,5975.4697265625,2669.42529296875,3322.6650390625,1294.30554199219,933.408386230469,2346.92626953125,1830.2333984375,734.147338867188,837.61767578125,812.838256835938,2498.91162109375,4021.91015625,5129.3310546875,3236.78955078125,8844.646484375,18600.04296875,2155.22192382812,3803.6357421875,4076.47290039062,1183.13659667969,3019.98095703125,5392.44580078125,1200.29321289062,1413.88208007812,6028.16455078125,3090.00170898438
2024-03-31,59.0693054199219,40369.44140625,769.580383300781,301.198181152344,70.135139465332,14.9399995803833,96.8000030517578,0.766882538795471,51.118091583252,0.133000001311302,1135.59497070312,30.4608631134033,198.588302612305,3.54973149299622,147.712509155273,220.475234985352,2.82883262634277,12.3733339309692,107.172561645508,26.9613418579102,30.8249340057373,162.212692260742,344.978240966797,102.699996948242,67457.5078125,31.1401882171631,64.5349884033203,2.5041515827179,39.7458229064941,335.752685546875,29.1116695404053,2.98896384239197,1438.154296875,49.0499992370605,35.4900016784668,100095.234375,48.8793296813965,2028.7275390625,6.20187187194824,30.2800006866455,122.185127258301,35.5864944458008,152.152770996094,72.0115966796875,258.574829101562,78.4199981689453,831000,104.098785400391,0.51079910993576,57.4000015258789,3677.09521484375,2578.19848632812,1499.36181640625,2772.30590820312,69484.734375,46484.25,5723.33837890625,8110.0830078125,2863.62915039062,173.743835449219,6661.79296875,4710,3376.52661132812,8895.4130859375,6300.732421875,191.134170532227,2244.5,38635.05859375,1414.634765625,2963.912109375,3445.23071289062,6463.61328125,3872.57885742188,4691.84521484375,3998.72436523438,1810.35131835938,18733.44140625,2453.84741210938,2469.88818359375,2175.11962890625,2794.017578125,4825.21240234375,2650.43017578125,20394.603515625,6755.48291015625,3097.10986328125,2193,3527.9755859375,2532.83471679688,2760.27465820312,2684.60424804688,1477.14416503906,6428.71484375,4377.77490234375,1618.21313476562,2400.5849609375,4265.09033203125,382.845458984375,1408.5087890625,946.788879394531,3316.91137695312,3563.45336914062,6169.1318359375,2870.34838867188,4096.2431640625,3269.13525390625,1711.87866210938,2604.00732421875,4453.43603515625,2799.42333984375,3495.94677734375,56523.37109375,4181.642578125,2726.92358398438,83600.9375,1841.88037109375,3022.61010742188,3706.5234375,2845.5,5499.44921875,1484.53503417969,3309.84252929688,10165.4541015625,5730.17529296875,1569.95556640625,928.302551269531,3237.04541015625,923.738586425781,1970.04650878906,2255.96899414062,5415.75390625,3461.69897460938,3969.1513671875,2193.54248046875,2571.66674804688,2133.3935546875,3394.7919921875,2322.158203125,2492.10961914062,23139.982421875,720.801574707031,2743.50170898438,4447.99267578125,3463.84545898438,851.200012207031,2319.4091796875,2029.8818359375,4026.9931640625,2058,3025.4921875,1777.90258789062,2532.21899414062,1940.06237792969,724.313293457031,2293.5,3298.3466796875,3099.08154296875,4975.025390625,1967.12341308594,1079.67016601562,1099.73486328125,4921.12744140625,1922.27587890625,1241.27380371094,7621.57275390625,5475.69580078125,3140.94409179688,607,2017,2453.0029296875,41397.23046875,2143,3829.68188476562,2630.04272460938,6008.53564453125,2825.7431640625,2934.3271484375,1379.81970214844,1044,2474.86767578125,1819.16772460938,753.810729980469,975.186645507812,887.654602050781,2744.54370117188,4078.55688476562,5299.89306640625,3295.689453125,10035.236328125,19890,2328.08471679688,4534.43505859375,4342.55224609375,1245.59692382812,2907.82153320312,5327.68896484375,1326.28784179688,1420.52844238281,6280.3642578125,3425.8154296875
2024-04-30,59.7309265136719,38405.66015625,783.464538574219,344.226501464844,74.2284317016602,17.3199996948242,109.5,0.766882538795471,56.2250366210938,0.100000001490116,950.6416015625,32.945915222168,212.379150390625,3.81100583076477,152.100006103516,243.509948730469,3.09157252311707,13.0704231262207,114.426063537598,28.7484683990479,33.5296936035156,149.757781982422,385.152404785156,104.699996948242,73378.2421875,32.5730171203613,63.9794502258301,2.35568428039551,38.203742980957,314.645416259766,32.3097190856934,3.17917060852051,1730.6767578125,55.9500007629395,33.75,91523.8125,48.0267868041992,1976.91320800781,6.84152698516846,26.2800006866455,119.298866271973,36.0101432800293,143.430633544922,69.4346466064453,273.146850585938,71.5500030517578,781000,107.336555480957,0.538660883903503,57.7700004577637,3521.26147460938,2601.05859375,1527.89819335938,2908.58349609375,70113.0625,41146.58203125,5014.37548828125,7629.763671875,2891.31884765625,164.955261230469,6883.1875,4991,3497.28955078125,7873.7646484375,6949.30908203125,187.311492919922,2200,34281.5390625,1404.23303222656,2983.46313476562,3698.44262695312,6068.8212890625,4056.03149414062,5288.30810546875,3970.0458984375,1732.43017578125,18429.1171875,2721.8076171875,2412.92138671875,2003.72265625,2609.78588867188,4344.1845703125,2787.52978515625,21517.740234375,4968.40771484375,3018.73852539062,2300,4001.83984375,2717.6005859375,2845.53784179688,2668.25903320312,1461.66650390625,6730.57275390625,4143.49365234375,1579.05480957031,2451.11303710938,4571.80029296875,378.108001708984,1345.70275878906,897.359069824219,3316.91137695312,3270.29541015625,6635.6552734375,2842.833984375,4526.70556640625,3204.85986328125,1818.56237792969,2592.17309570312,4373.646484375,2946.13354492188,3373.98388671875,45321.609375,3788.47119140625,2857.61938476562,82164.625,1781.24230957031,3635.5146484375,3582.70874023438,2937.5,6375.9599609375,1404.62744140625,3237.57543945312,9465.958984375,5422.14404296875,1444.93176269531,980.925720214844,3253.71606445312,853.29443359375,1877.27563476562,2298.72485351562,5438.041015625,3564.93041992188,4357.48046875,2178.69116210938,2458,2293.349609375,3467.439453125,2483.1142578125,2449.49243164062,21058.42578125,719.816711425781,2588.994140625,4814.638671875,3470.71020507812,763.5,2404.6201171875,2223.15795898438,3737.79956054688,1853.5,2928.92358398438,1691.50354003906,2505.96313476562,1862.59814453125,708.326354980469,2728,3403.36499023438,2957.81005859375,4801.478515625,1910.74243164062,1065.15185546875,1114.6025390625,5253.044921875,1955.59338378906,1109.61865234375,7642.12158203125,5595.9130859375,2948.32055664062,581.700012207031,2211,2536.88745117188,34184.828125,1691.5,3707.037109375,2589.47534179688,6291.0625,2714.7109375,3340.49682617188,1426.20007324219,1074.5,2301.36376953125,1844.83837890625,837.709533691406,948.50244140625,887.654602050781,2596.96630859375,4188.86865234375,5589.2744140625,3425.92309570312,9665.1572265625,16590,2288.82763671875,5251.958984375,4338.72802734375,1314.00390625,2928.9423828125,5354.166015625,1335.08093261719,1442.57116699219,6482.32080078125,3451.3740234375
2024-05-31,62.3190460205078,38487.8984375,814.208068847656,359.799987792969,74.7775344848633,17.4799995422363,105.099998474121,0.865384578704834,59.9609031677246,0.122000001370907,1183.51049804688,34.4965362548828,216.319396972656,3.98218607902527,167.699996948242,254.349822998047,3.24045848846436,13.7127857208252,113.528991699219,29.117280960083,36.8873252868652,137.103591918945,391.348449707031,93.5,77066.5703125,33.8148078918457,67.960807800293,2.45466256141663,42.9500007629395,319.063201904297,32.7329902648926,3.17696738243103,2336.26684570312,55.4500007629395,34.4000015258789,84952.3828125,52.1000633239746,2060.61303710938,7.38847780227661,20.25,123.147216796875,37.4736480712891,152.152770996094,71.8684387207031,264.591033935547,67.4100036621094,730000,94.7156524658203,0.585097134113312,56.3800010681152,3291.86645507812,2563.2900390625,1603.83349609375,3211.97534179688,70502.0234375,39819.58984375,4747.27294921875,8455.0029296875,3313.10375976562,149.019882202148,7926.3369140625,5429,3191.03515625,8994.892578125,7216.14013671875,185.008071899414,2168.5,32827.11328125,1355.19641113281,3141.8251953125,3858.69702148438,5735.74609375,4253.81689453125,5499.2880859375,3989.16479492188,1691.79650878906,19017.810546875,2679.6015625,2247.4697265625,1991.93615722656,2465.79443359375,4369.08251953125,3213.0283203125,22705.19921875,5283.65673828125,3217.08520507812,2325,3930.5673828125,2944.708984375,2907.2802734375,2644.97924804688,1465.53601074219,6596.52099609375,4406.818359375,1410.18518066406,2386.21923828125,4419.8876953125,368.040924072266,1347.16345214844,1034.58203125,3515.31713867188,3354.47924804688,6371.8828125,2682.16918945312,4303.6474609375,3380.875,1840.78820800781,2895.42333984375,4112.60693359375,2846.6689453125,3270.12524414062,60847.72265625,4152.994140625,2593.77099609375,77531.0703125,1891.97265625,3867.26440429688,3477.71362304688,2802.5,6730.6689453125,1556.70947265625,3063.81274414062,10863.9560546875,4840.6357421875,1477.85791015625,1062.26110839844,3572.41943359375,901.173706054688,1734.96203613281,2328.509765625,4839.75732421875,3472.513671875,4863.869140625,2448.98559570312,2346.66674804688,2758.6318359375,3436.02416992188,2166.5673828125,2667.53344726562,17217.45703125,798.111206054688,2376.05078125,5001.8212890625,3456.98022460938,816,2506.57739257812,2101.87719726562,3995.40869140625,1843,2567.2744140625,1756.30285644531,2747.61303710938,1795.00183105469,770.70458984375,3224,3473.376953125,3100.0693359375,5853.54833984375,2003.91455078125,992.076965332031,1183.66564941406,4932.05859375,2092.24365234375,1198.58374023438,6925.85595703125,5784.9638671875,2940.45825195312,558.400024414062,2331.5,2563.69091796875,40004.1484375,1524,4025.51806640625,2595.8291015625,6533.919921875,2567.31469726562,3174.06616210938,1480.79382324219,1073,2317.93432617188,1811.7626953125,928.985107421875,843.900329589844,800.189575195312,2270.11694335938,4940.181640625,5257.7314453125,3418.14770507812,9150.177734375,15005,2426.97241210938,5055.2822265625,4063.37475585938,1470.01110839844,3230.03930664062,5038.40771484375,1371.23022460938,1589.52233886719,5898.1240234375,3967.45776367188
2024-06-30,65.6728134155273,39583.078125,961.711303710938,372.399993896484,70.5,16.4799995422363,111.099998474121,0.903846144676208,52.5711822509766,0.125,1341.63122558594,34.3048362731934,232,4.18039417266846,208.650009155273,242.154968261719,3.37182831764221,13.6371803283691,102.963523864746,29.6279430389404,34.4143257141113,148.66716003418,374.359344482422,85.25,76964.609375,36.1550941467285,73.4235916137695,2.72190403938293,48.25,387.5,33.3443832397461,3.24497556686401,1713,46.1500015258789,34.810001373291,84571.4296875,52.7631530761719,2108.44165039062,7.57983016967773,17.8799991607666,120.741996765137,36.78515625,163.297714233398,64.4716186523438,233.211395263672,65.7399978637695,727000,88.2825088500977,0.6129589676857,65.25,3184.42822265625,2711.38232421875,1672.51403808594,3582.01416015625,70362.3984375,40166.1953125,5716,8455.9921875,3453.162109375,146.605438232422,8583.5400390625,6005,3041.28930664062,10335.8701171875,7648.5244140625,192.555419921875,2127,34066.7890625,1706.87377929688,3282.59130859375,3535.283203125,6110.9453125,4245.92919921875,5446.05029296875,3988.208984375,1644.47009277344,18663.59765625,2520.10131835938,2493.66577148438,1925.14538574219,2422.16040039062,4463.6943359375,3500.93774414062,22136.20703125,6389.51513671875,3323.51513671875,2649,3868.9267578125,2863.392578125,3255.68359375,2628.138671875,1542.92395019531,6198.06201171875,4287.1953125,1437.59582519531,2340.1494140625,4491.03662109375,383.832427978516,1282.40991210938,1056.96069335938,3695.06079101562,3405.97998046875,6722.96435546875,2618.29614257812,4313.4306640625,3512.39208984375,1828.44055175781,2967.41455078125,4016.0712890625,3123.17993164062,3240.58715820312,60402.421875,4466.1484375,2476.34155273438,75101.1484375,1891.66662597656,3542.81469726562,3440.07397460938,2820.5,6446.984375,1956.048828125,3017.88256835938,11473.2900390625,4660.951171875,1517.46472167969,1043.15222167969,3598.89624023438,874.152709960938,1798.59020996094,2315.80249023438,4703.55859375,3502.99145507812,4568.2314453125,2567.79638671875,2092.33325195312,2627.36108398438,3347.66943359375,2219.44604492188,2955.94995117188,16840.791015625,814.065490722656,2517.68286132812,4648.68310546875,3388.33129882812,829.900024414062,2465.20336914062,2037.29321289062,4742.57373046875,1876,2686.0537109375,1835.50207519531,2731.08178710938,1838.91467285156,746.871398925781,3176,3445.177734375,2958.7978515625,5990.8173828125,2036.4052734375,997.400390625,1176.95129394531,4674.67333984375,1835.84338378906,1312.64135742188,6390.61376953125,5769.4521484375,2918.34594726562,545.900024414062,2340,2654.5244140625,35814.23046875,1533.5,4384.55029296875,2714.14111328125,6378.14306640625,2461.61572265625,3209.72998046875,1463.03210449219,1041.5,2257.01293945312,1749.56042480469,930.6572265625,876.697631835938,860.297668457031,2543.5,4588,5088.87353515625,3371.49682617188,8960.2421875,14500,2689.34765625,4821.04931640625,4118.82763671875,1409.47839355469,3236.916015625,5421.82861328125,1343.8740234375,1512.61791992188,5691.2412109375,3823.9375
2024-07-31,65.3890228271484,39101.8203125,929.853393554688,362.200012207031,77.3000030517578,16.8400001525879,109.300003051758,0.951923072338104,52.0752258300781,0.100000001490116,1194.99645996094,35.0716400146484,228,4.2108883857727,198,224.346603393555,3.27077174186707,14.034104347229,103.661239624023,30.592529296875,33.1991310119629,145.775573730469,337.582977294922,87.6999969482422,86180.75,35.5,84,3.04853248596191,43.9000015258789,414.5,32.5,3.4004237651825,1605,43.7999992370605,43.3300018310547,95619.046875,50.4000015258789,2119.40234375,6.53400564193726,19.7399997711182,121.5,40.3259735107422,150,64.757942199707,218.879913330078,65.4400024414062,938000,99.0703964233398,0.581538498401642,59.5299987792969,2854.37036132812,2689.51635742188,1692.82800292969,3270.66430664062,65714.7890625,41245.61328125,6609,8289.9560546875,3514.3369140625,154.9111328125,8634.40234375,6022,3037.4248046875,9114.267578125,7579.3818359375,192.604431152344,2260,30279.421875,1812.87231445312,3370.5703125,3418.1181640625,6610.55810546875,4329.91064453125,6061.24462890625,4112.48193359375,1574.67578125,18898.076171875,2552.98291015625,2707.16796875,1778.30395507812,2437.6748046875,4264.51123046875,3507.79272460938,21676.068359375,5995.7021484375,3354.4765625,2600,3638.73657226562,2752.7255859375,3284.1044921875,2680.64184570312,1551.63012695312,6063.748046875,4669.2421875,1540.38623046875,2337.67260742188,4189.1337890625,368.139617919922,1213.27465820312,1143.03234863281,3516.29931640625,3402.01831054688,7709.0654296875,2776.01318359375,4412.2412109375,3623.14306640625,1738.0556640625,2542.37109375,4228.84326171875,3188.826171875,3125.29443359375,48943.3828125,4613.34033203125,2529.89721679688,72946.6875,1851.66662597656,3302.68237304688,3511.39135742188,3115.5,6526.0400390625,2088.8974609375,2922.48974609375,11304.85546875,4939.3642578125,1667.77966308594,1070.10070800781,3766.58325195312,891.313415527344,1846.67565917969,2275.68920898438,4765.46728515625,3780,4779.958984375,2578.19213867188,2199,2501.43823242188,2931.91040039062,2150.396484375,3254.02880859375,17708.107421875,780.187194824219,2602.86010742188,4642.89404296875,3238.28344726562,882.400024414062,2275.57250976562,2093.802734375,5477.89501953125,1774.5,2819.80102539062,1906.06140136719,2770.46533203125,1865.06506347656,770.214172363281,3059,3312.9326171875,2920.26928710938,5496.6484375,1975.72387695312,1058.86083984375,1206.20715332031,5384.22216796875,1828.60046386719,1429.30615234375,7093.18017578125,6228.99169921875,2826.94799804688,486.200012207031,2340,2820.80444335938,26624.986328125,1405.5,4228.27734375,3140.40209960938,5573.134765625,2388.40258789062,4502.5380859375,1390.32263183594,1004,2154.177734375,1798.43359375,944.23046875,922.497436523438,861.357299804688,2194,4720,5277.53125,3692.2216796875,8353.232421875,12895,2469.70776367188,4556.17822265625,3625.486328125,1406.03344726562,3564.0458984375,5463.01416015625,1379.04626464844,1486.65649414062,5179.94580078125,3756.10913085938
2024-08-31,65.9566040039062,38647.75,939.808959960938,382,81.4499969482422,19.5,118.199996948242,1.00961530208588,55.0013580322266,0.0869999974966049,1214.58654785156,35.403564453125,241.199996948242,4.35642576217651,184.5,232.670074462891,3.32716417312622,14.1893291473389,106.850807189941,30.5817489624023,36.3586387634277,127.329277038574,369.962188720703,82.9499969482422,84219.875,32.6500015258789,87.523811340332,3.09802174568176,48.2999992370605,399.5,32.3499984741211,3.35184621810913,1614,40.2999992370605,42.4500007629395,65714.2890625,55.5,2006.34497070312,6.78346824645996,19.4599990844727,124,42.3422698974609,153.5,72.9660263061523,240.967727661133,63.8199996948242,980000,104.018966674805,0.629999995231628,67.0800018310547,2670.951171875,2822.7001953125,1478.08068847656,3553.1669921875,69424.8984375,46423.15234375,7384,7809.63671875,3074.84350585938,150.371963500977,9022.341796875,5506,2910.86547851562,8361.2119140625,7504.39599609375,199.759704589844,2455.5,25188.927734375,1924.3193359375,2941.4287109375,3024.01782226562,6291.19775390625,4104.33349609375,6021.80908203125,4142.1162109375,1518.2666015625,20549.4140625,2395.93676757812,2652.67797851562,2081.00146484375,2172.47827148438,3971.71215820312,3275.70263671875,18316.548828125,6604.322265625,3318.67724609375,2573,3318.974609375,2393.2978515625,2972.45288085938,2664.29663085938,1373.15405273438,5570.60888671875,4940.0224609375,1535.001953125,2192.52758789062,3899.73120117188,394.49169921875,1180.65466308594,1027.20446777344,3835.5166015625,3631.55932617188,8494.5703125,2752.92065429688,4194.07568359375,3603.3662109375,1672.86010742188,2479.25561523438,4421.9140625,3110.24951171875,3153.87963867188,42214.40625,4850.4287109375,2457.17919921875,65912.71875,1809,2931.88256835938,3347.95556640625,2798.5,6467.73681640625,1952.47973632812,2690.75268554688,13023.8681640625,4901.84716796875,1734.10900878906,1009.83410644531,3533.1943359375,804.277404785156,1741.27624511719,2122.57421875,5259.74462890625,3754,5144.87109375,2633.14208984375,2269,2513.5927734375,2710.04150390625,2007.36560058594,2841.68627929688,21529.25390625,777.528076171875,2399.8212890625,5052.95849609375,3573.68408203125,1033.5,2372.6044921875,2164.56274414062,6255.6572265625,1684,2567.2744140625,1789.42260742188,2381.00537109375,1621.32385253906,735.984680175781,4207,3494.76953125,2745.40869140625,5050.52392578125,2098.04223632812,998.852172851562,1030.19201660156,5601,1756.65393066406,1513.05700683594,8543.32421875,6401.5615234375,2894.75927734375,425.5,2138.5,2741,27865.435546875,1408,4335.09716796875,3284.62939453125,5920.48779296875,2380.64501953125,4650.85546875,1244.90368652344,1059,1964.10327148438,1759.92761230469,807.513793945312,944.718078613281,817.624755859375,1971.5,3261,4490.642578125,3524.08422851562,8533.3779296875,10895,2608.34936523438,4036.3193359375,3394.11303710938,1205.73388671875,3005.076171875,5909.19482421875,1485.05163574219,1271.12805175781,4781.67431640625,4018.57470703125
2024-09-30,70.7320938110352,37919.55078125,957,444.600006103516,110,22.5,172,1.02999997138977,69.6500015258789,0.0740000009536743,1150.91870117188,37.0491104125977,283.799987792969,4.50196361541748,187.5,321.633209228516,3.44934844970703,14.7256956100464,166.555709838867,31.3416633605957,50.1500015258789,150.169311523438,490.6845703125,105.599998474121,80101.9140625,34.4000015258789,90.4000015258789,3.20689797401428,57.5,380.5,38.5499992370605,3.5558717250824,1503,54.8499984741211,42.3699989318848,65428.5703125,53.7999992370605,2051.24072265625,6.34000015258789,25.6499996185303,125.5,44.7000007629395,151,81.6513290405273,300.130004882812,69.9899978637695,977000,118.099998474121,0.620000004768372,62.0699996948242,2497.5556640625,2770.30810546875,1430.14794921875,3781,68360,47189.40625,6932,7579.92431640625,3000.08837890625,144.255477905273,8692.408203125,5231,2899.814453125,8403.8896484375,7572.052734375,183.488800048828,2297,24942.814453125,2108.76977539062,2936,3125.52294921875,5906.93115234375,4080.89672851562,4671.19677734375,4014.9375,1472.29736328125,19785,2279.97094726562,2922.25146484375,2129.09716796875,2091.27807617188,3689.66845703125,3282.69873046875,19916.69921875,6722.2802734375,3150.59057617188,2750,3137.24487304688,2294.35034179688,2776.20190429688,2687.61474609375,1344.91320800781,5392.1767578125,4630.84033203125,1323.86120605469,2562.8759765625,3893.60888671875,413.836273193359,1229.47448730469,920.5,3651.21801757812,3880.36450195312,8026.84228515625,2824.4853515625,4142.8115234375,3281.00122070312,1592.5,2050.267578125,4505,3269.11889648438,3123.6279296875,37215.984375,5263.8876953125,2239.20043945312,63105.515625,1878.5,2983.474609375,3300.46459960938,2773,7025.07861328125,1807.33752441406,2537.07641601562,14474.3583984375,4778.32470703125,1606.44165039062,989.352355957031,3391,725.318298339844,1636.33984375,1896.08154296875,5243.89599609375,3974,5220,2691.55737304688,2053.5,2331.81518554688,2482,2003.419921875,2811.38159179688,21680.25,766.891906738281,2365.6513671875,4926,3306.05078125,925.599975585938,2295.5,2148.34692382812,7395.44091796875,1855.5,2626.15502929688,1777.98303222656,2465.12866210938,1616.03332519531,836.071044921875,4818,3180.419921875,2691.07348632812,5761.93603515625,1888.30554199219,1064.56396484375,990.111145019531,5813,1651.41357421875,1717.32312011719,8303.5908203125,6130.32861328125,3016.1318359375,402.5,2214,2634,23424.62890625,1438,4220.173828125,2496.318359375,5247.1513671875,2480.32763671875,5283.3876953125,1257.67700195312,1028,1918.5,1840.30822753906,792,971.219421386719,900.324645996094,2327.5,3875,4542.4501953125,3537.22143554688,8511.66015625,9973,2552,4291,3379.810546875,1152.5,2787.65991210938,6471.8466796875,1524.99768066406,1219.20532226562,4958.2587890625,3620.50756835938
2024-10-31,69.9785842895508,39081.25,1030,404.600006103516,94.5500030517578,26.7000007629395,182.5,1.0900000333786,61.4500007629395,0.0740000009536743,1263.56188964844,37.6430625915527,281.399993896484,4.52136850357056,211.5,306.448791503906,3.46814608573914,14.8134641647339,154.99348449707,31.3319225311279,48.1500015258789,123.527976989746,500.678161621094,89.1999969482422,89409.1875,35.9000015258789,90.8000030517578,3.09802174568176,50.6500015258789,404,38,3.71131944656372,1579,45.9000015258789,37.8199996948242,59333.33203125,48.1500015258789,2162.9814453125,5.84000015258789,25.0100002288818,122,40.9000015258789,157,80.3151245117188,267.959991455078,60.1100006103516,1002000,112.199996948242,0.560000002384186,57.6599998474121,2635.0810546875,2716.44799804688,1602.33642578125,3924,69780,49279.1953125,7340,8085.1865234375,3224.7255859375,145.139862060547,9519.2109375,5568,2784.90234375,9471.9521484375,7547.3974609375,188.977783203125,2389,23078.76171875,2183.95849609375,3212,3109.78735351562,5687.53369140625,4180.50244140625,4941.01318359375,4172.48193359375,1521.12976074219,20725,2363.11279296875,2949.62744140625,2180.66357421875,2181.30493164062,3696.65258789062,3390.150390625,18502.935546875,9122.595703125,3271.65356445312,2647,3187.33862304688,2277.68212890625,2677.77612304688,2930.9931640625,1395.6181640625,5379.431640625,4927.22216796875,1311.98803710938,2432.96533203125,3937.78759765625,413.934997558594,1224.52893066406,966,3642.30786132812,3722.12426757812,9207.5810546875,3044.1181640625,4070.6337890625,3233.53662109375,1542.5,2080.83911132812,4571,3215.23217773438,2997.6279296875,44144.96484375,4560.7119140625,2268.94409179688,65633.703125,1839.5,3052.9501953125,3172.10766601562,2952,6699.96240234375,1826.67004394531,2594.0009765625,14021.568359375,4573.51123046875,1751.28479003906,1011.56719970703,3378,780.180908203125,1550.57983398438,1969.94848632812,5409.3154296875,3716,5138,2683.63671875,2189,2415.44580078125,2781.5,1944.72790527344,2662.34204101562,19148.6484375,764.626770019531,2534.02514648438,5223,3734.04418945312,922.700012207031,2382.5,2209.27905273438,8202.251953125,1815,2604.56079101562,1853.98620605469,2438.94580078125,1799.17724609375,829.130187988281,5732,3237.63598632812,2679.21875,5904.8681640625,1952.35729980469,1042.42663574219,1001.93334960938,5827,1724.11120605469,1637.28686523438,7897.51123046875,6328.14453125,2958.14819335938,411.200012207031,2125.5,2512,23295.623046875,1585.5,4488.658203125,2492.36694335938,5083.20849609375,2419.24291992188,4954.669921875,1330.38647460938,1047,1850,1874.07543945312,766.299987792969,1004.30108642578,814.005554199219,2350.5,3360,4596.212890625,3497.8095703125,7850.0810546875,10030,2670,4291,3266.85815429688,1130,2722.37036132812,6029.97802734375,1653.52270507812,1202.55078125,4419.57666015625,3403.57446289062
2024-11-30,67.757194519043,38208.03125,996,398,83.6500015258789,27.75,168.699996948242,1.13999998569489,58.1500015258789,0.0740000009536743,1229.27917480469,41.8420562744141,253.600006103516,4.42434358596802,195.5,285.742797851562,3.39295554161072,15.8764457702637,143.331604003906,35.4237785339355,44.7999992370605,134.190277099609,508.17333984375,81.3000030517578,95250.984375,37.4000015258789,88,3.09999990463257,62.9500007629395,381,35.25,3.76961278915405,1432,48.2000007629395,38.5800018310547,53904.76171875,43.5499992370605,2105.11572265625,5.51000022888184,23.6800003051758,123,40.5,151.5,76.2956771850586,251,51.6199989318848,975000,109.599998474121,0.5,55.810001373291,2506.39672851562,2999.2138671875,1763.20959472656,3751,64720,50861.46484375,6598,8745.302734375,3631.63403320312,150.741058349609,10369.978515625,5564,2480.43408203125,8911.4931640625,7282.109375,189.271835327148,2475,22989.99609375,2188.43994140625,3784,3084.21655273438,5488.89013671875,4119.95751953125,4710.8759765625,3995.36669921875,1261.34130859375,19260,2520.98364257812,2853.06518554688,2582.28637695312,2094.7216796875,3530.02880859375,3293.54248046875,17952.3125,8217.1181640625,3883.8583984375,2549,3150.99609375,2210.02807617188,2482.90283203125,3037.00463867188,1476.35241699219,5244.13720703125,4793.30859375,1240.74877929688,2884.91528320312,3952.513671875,406.53271484375,1449.55334472656,1012.75,3340.349609375,3576.822265625,8624.66015625,2895.38256835938,3843.22412109375,3329.45483398438,1586.5,1936.36376953125,4705,3153.36254882812,2987.8603515625,40303.25,4549.78662109375,2101.38818359375,62996.45703125,1629.5,2734.35546875,3071.61108398438,3141,6437.1025390625,1912.4267578125,2503.70678710938,14703.2412109375,4611.29248046875,1523.04711914062,1239.66564941406,3746,879.948791503906,1452.498046875,1931.30285644531,5173.56787109375,3540,4796,2336.6103515625,2119,1894.47680664062,2406.5,1847.56555175781,2045.31860351562,19123.78125,796.535400390625,2365.15600585938,5129,4468.171875,858.400024414062,2886,2053.50903320312,7667.68994140625,1803.5,2682.59448242188,2093.76391601562,2799.08203125,1629.43420410156,946.231689453125,5322,3239.60888671875,2781.46752929688,5494.931640625,1952.84619140625,1050.78967285156,990.603698730469,6543,1555.13842773438,1552.30993652344,8052.11474609375,6376.12939453125,2839.23266601562,358.899993896484,1992.5,3070,16314.37890625,1450,3984.50463867188,2455.81616210938,4584.50830078125,2458.65234375,5389.9716796875,1277.81945800781,999.700012207031,1709,1738.01379394531,897.700012207031,1173.16589355469,769.033447265625,2239.5,2855.5,4584.482421875,3152.955078125,8317.13671875,9402,2285,3696,3289.25390625,1250.5,2422.63256835938,4711.291015625,1682.68786621094,1304.92687988281,3887.83862304688,3301.54638671875
2024-12-31,68.2099990844727,39894.5390625,1090,419,82,34.4500007629395,152.800003051758,1.19000005722046,56.2999992370605,0.0649999976158142,1390.89758300781,43.2423782348633,268.200012207031,5.01619672775269,185,290.869995117188,3.71251368522644,16.2860355377197,134.26123046875,35.4237785339355,46.3499984741211,139.981216430664,535.156005859375,83.8000030517578,82082.1875,39.4500007629395,91.3000030517578,3.09999990463257,70.1999969482422,434.5,39.6500015258789,4.29424953460693,1300,41.9000015258789,32.8699989318848,56700,43.0999984741211,2184.9306640625,6.03999996185303,24.2700004577637,124,41.4000015258789,163.5,73.5302658081055,249.95100402832,43.2999992370605,949000,102.5,0.560000002384186,52,3090.38745117188,3360.27661132812,1816.34204101562,3937,64630,53558.28515625,6999,9195.96875,3708.48364257812,155.261337280273,11128.87890625,5728,2557.533203125,9159.810546875,7723.927734375,194.956848144531,2521,23852.984375,2213.83471679688,3873,3256.32690429688,5233.91455078125,4080,4317.06298828125,4091.26318359375,1499.15515136719,19815,2659.5537109375,2786.865234375,2466.26196289062,2178.84521484375,3414.29028320312,3400.00854492188,18512.85546875,9172.45703125,4054.1337890625,2744,3367.0869140625,2345.826171875,2531.86840820312,3047.9541015625,1467.49133300781,5340,5161,1256.57971191406,3016.3193359375,4270.599609375,413.934997558594,1625.12194824219,1058.75,3275.998046875,3677.33935546875,8600,2771.4365234375,4127.98046875,3369.99780273438,1790,2046.5,4858,3771.06225585938,3108,42417.68359375,4627.25537109375,2181.69604492188,61648.08984375,1657,2833.60620117188,2950.21948242188,3226,6388,2054.69384765625,2775.5712890625,14728.1201171875,4911.55322265625,1496.71203613281,1135.03784179688,3692,909.13720703125,1553.04418945312,1970.5,5318.18603515625,3782,5273,2347.00634765625,2219,1725.248046875,2821,1839,2376.5,18536.88671875,813.770080566406,2654.36279296875,5508,4329.47021484375,858.900024414062,2853.5,2049,9251.5048828125,1770,2827.86499023438,2052.57495117188,2870.7138671875,1749.54467773438,993.032653808594,6548,3413.22998046875,2763.19116210938,7225.994140625,2110.775390625,1074.89477539062,1032.47412109375,6154,1626.36242675781,1612.91369628906,8567,6501.47802734375,2816.13745117188,480,2254.5,3598,15185,1397,4185.37060546875,2375.5,4249.75048828125,2455.69677734375,5299.3251953125,1404.5,1035.5,1779.5,1676.43835449219,871.099975585938,1236.86047363281,783.534240722656,2460.5,2786.5,4625,3153.9404296875,8450.439453125,9490,2219.5,3613,3424.60205078125,1222.5,2541.83520507812,5291.552734375,1790.94543457031,1258.39233398438,4034.66162109375,3365.93310546875
