"date","^AXJO","CBA.AX","BHP.AX","WBC.AX","CSL.AX","ANZ.AX","NAB.AX","WES.AX","MQG.AX","WOW.AX","RIO.AX","TLS.AX","TCL.AX","SCG.AX","IAG.AX","ALL.AX","SUN.AX","S32.AX","ORG.AX","GMG.AX","AMC.AX","AGL.AX","BXB.AX","FMG.AX","QBE.AX","STO.AX","TWE.AX","ASX.AX","APA.AX","COH.AX","LLC.AX","RHC.AX","AMP.AX","SHL.AX","QAN.AX","CPU.AX","JHX.AX","VCX.AX","DXS.AX","SGP.AX","URW.AX","GPT.AX","AZJ.AX","MPL.AX","MGR.AX","ORI.AX"
1989-12-31,NA,NA,0.685844004154205,0.825334906578064,NA,0.77937650680542,0.805428862571716,0.257719069719315,NA,NA,2.63350749015808,NA,NA,NA,NA,NA,0.632639467716217,NA,NA,NA,0.438934713602066,NA,0.972670018672943,0.00559118762612343,0.289333909749985,0.769400358200073,NA,NA,NA,NA,1.60962557792664,NA,NA,0.0392965972423553,NA,NA,0.93969988822937,NA,NA,0.24290032684803,NA,0.681892037391663,NA,NA,NA,1.51970934867859
1990-01-31,NA,NA,0.728617429733276,0.907867908477783,NA,0.838501513004303,0.829909861087799,0.258315563201904,NA,NA,2.67833280563354,NA,NA,NA,NA,NA,0.695208311080933,NA,NA,NA,0.431789547204971,NA,1.00803971290588,0.00497010117396712,0.30394658446312,0.814881861209869,NA,NA,NA,NA,1.5974315404892,NA,NA,0.0392965972423553,NA,NA,1.00585114955902,NA,NA,0.255356818437576,NA,0.705958604812622,NA,NA,NA,1.49944615364075
1990-02-28,NA,NA,0.712393045425415,0.816164135932922,NA,0.747126221656799,0.793188512325287,0.232663005590439,NA,NA,2.58868193626404,NA,NA,NA,NA,NA,0.68130373954773,NA,NA,NA,0.417498558759689,NA,0.958521902561188,0.00372757646255195,0.306869357824326,0.837622880935669,NA,NA,NA,NA,1.54865550994873,NA,NA,0.0360218808054924,NA,NA,0.953546643257141,NA,NA,0.239789396524429,NA,0.69308340549469,NA,NA,NA,1.45892107486725
1990-03-31,NA,NA,0.713868200778961,0.779482960700989,NA,0.720251560211182,0.77605140209198,0.218249753117561,NA,NA,2.76798391342163,NA,NA,NA,NA,NA,0.707728445529938,NA,NA,NA,0.415888398885727,NA,0.909003973007202,0.00372757646255195,0.335955500602722,0.831937491893768,NA,NA,NA,NA,1.60980272293091,NA,NA,0.0327471569180489,NA,NA,0.925382673740387,NA,NA,0.241044908761978,NA,0.706780910491943,NA,NA,NA,1.16004467010498
1990-04-30,NA,NA,0.64454597234726,0.770312607288361,NA,0.642313718795776,0.746674060821533,0.220729887485504,NA,NA,2.5321147441864,NA,NA,NA,NA,NA,0.69258975982666,NA,NA,NA,0.419063061475754,NA,0.855949580669403,0.00248505058698356,0.348632901906967,0.786455571651459,NA,NA,NA,NA,1.56612610816956,NA,NA,0.0327471569180489,NA,NA,0.94549959897995,NA,NA,0.247321993112564,NA,0.734175264835358,NA,NA,NA,1.13978147506714
1990-05-31,NA,NA,0.704569041728973,0.758085072040558,NA,0.679938971996307,0.790740191936493,0.2108094394207,NA,NA,2.79804611206055,NA,NA,NA,NA,NA,0.703943610191345,NA,NA,NA,0.446577131748199,NA,0.965595960617065,0.00248505058698356,0.366381496191025,0.833832800388336,NA,NA,NA,NA,1.63476061820984,NA,NA,0.0327471569180489,NA,NA,1.0589599609375,NA,NA,0.244811087846756,NA,0.738386511802673,NA,NA,NA,1.13218331336975
1990-06-30,NA,NA,0.707599461078644,0.753256738185883,NA,0.699606239795685,0.822604835033417,0.223830044269562,NA,NA,2.83273196220398,NA,NA,NA,NA,NA,0.700158894062042,NA,NA,NA,0.455043196678162,NA,0.983280420303345,0.00186361116357148,0.38665360212326,0.795049607753754,NA,NA,NA,NA,1.69763576984406,NA,NA,0.0163735784590244,NA,NA,1.09257781505585,NA,NA,0.254854738712311,NA,0.763654828071594,NA,NA,NA,1.18537282943726
1990-07-31,NA,NA,0.803057253360748,0.82407557964325,NA,0.716464161872864,0.863479435443878,0.234990566968918,NA,NA,2.98303961753845,NA,NA,NA,NA,NA,0.768282651901245,NA,NA,NA,0.460334211587906,NA,1.06109464168549,0.00248505058698356,0.399986565113068,0.868736922740936,NA,NA,NA,NA,1.77937400341034,NA,NA,0.0163735784590244,NA,NA,1.0715663433075,NA,NA,0.248577460646629,NA,0.786114811897278,NA,NA,NA,1.13532364368439
1990-08-31,NA,NA,0.837149143218994,0.753256738185883,NA,0.639198422431946,0.843042314052582,0.2108094394207,NA,NA,2.54367828369141,NA,NA,NA,NA,NA,0.768282651901245,NA,NA,NA,0.437052994966507,NA,0.962058901786804,0.00186361116357148,0.391986817121506,0.980446934700012,NA,NA,NA,NA,1.73536098003387,NA,NA,0.0163735784590244,NA,NA,0.953904390335083,NA,NA,0.240599751472473,NA,0.785540103912354,NA,NA,NA,1.08000612258911
1990-09-30,NA,NA,0.818209111690521,0.659904539585114,NA,0.566147267818451,0.745964407920837,0.190727815032005,NA,NA,2.40493178367615,NA,NA,NA,NA,NA,0.748683571815491,NA,NA,NA,0.388215154409409,NA,0.891319215297699,0.00124252529349178,0.378653883934021,1.02788758277893,NA,NA,NA,NA,1.60800719261169,NA,NA,0.00982414931058884,NA,NA,0.874062061309814,NA,NA,0.234268292784691,NA,0.771152496337891,NA,NA,NA,1.00098180770874
1990-10-31,NA,NA,0.791693210601807,0.619666457176208,NA,0.540860235691071,0.7357457280159,0.173388957977295,NA,NA,2.27237606048584,NA,NA,NA,NA,NA,0.744763553142548,NA,NA,NA,0.409110575914383,NA,0.954563021659851,0.00124252529349178,0.387744724750519,0.919168412685394,NA,NA,NA,NA,1.72378385066986,NA,NA,0.0130988685414195,NA,NA,0.941297769546509,NA,NA,0.234268292784691,NA,0.748132944107056,NA,NA,NA,0.94829785823822
1990-11-30,NA,NA,0.821804642677307,0.634151995182037,NA,0.477642774581909,0.73319149017334,0.185392826795578,NA,NA,2.31498456001282,NA,NA,NA,NA,NA,0.8035609126091,NA,NA,NA,0.424507468938828,NA,0.994336485862732,0.00124252529349178,0.404070883989334,0.882885634899139,NA,NA,NA,NA,1.83956062793732,NA,NA,0.0130988685414195,NA,NA,0.962308645248413,NA,NA,0.234268292784691,NA,0.768832564353943,NA,NA,NA,0.882444560527802
1990-12-31,NA,NA,0.779163658618927,0.574456870555878,NA,0.483539789915085,0.706307351589203,0.181391522288322,NA,NA,2.24870610237122,NA,NA,NA,NA,NA,0.815320491790771,NA,NA,NA,0.435504764318466,NA,1.04134154319763,0.000621085986495018,0.414955019950867,0.804272592067719,NA,NA,NA,NA,1.92961013317108,NA,NA,0.0130988685414195,NA,NA,0.988553643226624,NA,NA,0.235534638166428,NA,0.7303906083107,NA,NA,NA,0.89561527967453
1991-01-31,NA,NA,0.786916792392731,0.673083662986755,NA,0.507127046585083,0.789878129959106,0.196729779243469,NA,NA,2.32918524742126,NA,NA,NA,NA,NA,0.921155095100403,NA,NA,NA,0.466298043727875,NA,1.0341100692749,0.00124252529349178,0.414955019950867,0.723643839359283,NA,NA,NA,NA,1.90387988090515,NA,NA,0.0130988685414195,NA,NA,1.15477061271667,NA,NA,0.240599751472473,NA,0.810230612754822,NA,NA,NA,1.00098180770874
1991-02-28,NA,NA,0.821804642677307,0.714610517024994,NA,0.526291847229004,0.843794941902161,0.194729164242744,NA,NA,2.6037654876709,NA,NA,NA,NA,NA,0.901556015014648,NA,NA,NA,0.501490473747253,NA,1.13535141944885,0.000621085986495018,0.476177871227264,0.761942446231842,NA,NA,NA,NA,2.03252100944519,NA,NA,0.0147362155839801,NA,NA,1.13727414608002,NA,NA,0.259520679712296,NA,0.82905924320221,NA,NA,NA,1.00362944602966
1991-03-31,NA,NA,0.860569000244141,0.712880432605743,NA,0.496807724237442,0.80633133649826,0.216850221157074,NA,NA,3.00616526603699,NA,NA,NA,NA,NA,0.870197892189026,NA,NA,NA,0.529293656349182,NA,1.14819920063019,0.000621085986495018,0.479501247406006,0.693407952785492,NA,NA,NA,NA,1.94326913356781,NA,NA,0.0147362155839801,NA,NA,1.1722674369812,NA,NA,0.258242309093475,NA,0.801727712154388,NA,NA,NA,1.07248055934906
1991-04-30,NA,NA,0.953603506088257,0.79766434431076,NA,0.574940323829651,0.85311484336853,0.230618521571159,NA,NA,3.2827320098877,NA,NA,NA,NA,NA,0.917235434055328,NA,NA,NA,0.581541657447815,NA,1.21812129020691,0.00124252529349178,0.517467617988586,0.711549460887909,NA,NA,NA,NA,2.21706366539001,NA,NA,0.0147362155839801,NA,NA,1.20288610458374,NA,NA,0.268469631671906,NA,0.798690617084503,NA,NA,NA,1.13868260383606
1991-05-31,NA,NA,0.985808789730072,0.821888744831085,NA,0.530714511871338,0.916410863399506,0.258154898881912,NA,NA,3.01818799972534,NA,NA,NA,NA,NA,0.838839411735535,NA,NA,NA,0.599714696407318,NA,1.25860249996185,0.00124252529349178,0.494969189167023,0.713564991950989,NA,NA,NA,NA,2.17699646949768,NA,NA,0.021285654976964,NA,NA,1.26849818229675,NA,NA,0.268469631671906,NA,0.798379302024841,NA,NA,NA,1.07248055934906
1991-06-30,NA,NA,1.00956308841705,0.796874761581421,NA,0.550426661968231,0.954595386981964,0.254712969064713,NA,NA,3.27070689201355,NA,NA,NA,NA,NA,0.846678674221039,NA,NA,NA,0.608801186084747,NA,1.25124275684357,0.000621085986495018,0.478095203638077,0.701119244098663,NA,NA,NA,NA,2.24141931533813,NA,NA,0.021285654976964,NA,NA,1.26849818229675,NA,NA,0.27358341217041,NA,0.785904705524445,NA,NA,NA,1.05923986434937
1991-07-31,NA,NA,1.0689492225647,0.829035639762878,NA,0.585302114486694,0.994488835334778,0.268481254577637,NA,NA,3.4270281791687,NA,NA,NA,NA,NA,0.866277575492859,NA,NA,NA,0.62015962600708,NA,1.29172384738922,0.000621085986495018,0.478095203638077,0.738457083702087,NA,NA,NA,NA,2.26155376434326,NA,NA,0.024560384452343,NA,NA,1.34946608543396,NA,NA,0.286367684602737,NA,0.764074146747589,NA,NA,NA,1.11823558807373
1991-08-31,NA,NA,1.07290804386139,0.821889162063599,NA,0.573171555995941,0.988789498806,0.280872702598572,NA,NA,3.27070689201355,NA,NA,NA,NA,NA,0.862357676029205,NA,NA,NA,0.611073076725006,NA,1.24388229846954,0.00124252529349178,0.480907559394836,0.676227569580078,NA,NA,NA,NA,2.21457719802856,NA,NA,0.0327471569180489,NA,NA,1.34946608543396,NA,NA,0.266838252544403,NA,0.745437800884247,NA,NA,NA,1.09946429729462
1991-09-30,NA,1.09027135372162,1.10062146186829,0.798661530017853,NA,0.583785951137543,1.03153359889984,0.334845155477524,NA,NA,3.22260904312134,NA,NA,NA,NA,NA,0.963573575019836,NA,NA,NA,0.652706265449524,NA,1.27700364589691,0.000621085986495018,0.479244142770767,0.649261236190796,NA,NA,NA,NA,2.23100209236145,NA,NA,0.0392965972423553,NA,NA,1.38545179367065,NA,NA,0.279729157686234,NA,0.739011824131012,NA,NA,NA,1.22013700008392
1991-10-31,NA,1.20605278015137,1.20672523975372,0.866556882858276,NA,0.635340929031372,1.13981533050537,0.33696898818016,NA,NA,3.29529857635498,NA,NA,NA,NA,NA,1.13361620903015,NA,NA,NA,0.74511444568634,NA,1.40751075744629,0.00248505058698356,0.518061518669128,0.71546858549118,NA,NA,NA,NA,2.45547199249268,NA,NA,0.0229230150580406,NA,NA,1.38545179367065,NA,NA,0.305510520935059,NA,0.74865072965622,NA,NA,NA,1.2764505147934
1991-11-30,NA,1.18997192382812,1.11328554153442,0.793301105499268,NA,0.682347178459167,1.11131989955902,0.322810709476471,NA,NA,2.9560763835907,NA,NA,NA,NA,NA,1.11337292194366,NA,NA,NA,0.72756838798523,NA,1.34298706054688,0.00186361116357148,0.503878176212311,0.659939765930176,NA,NA,NA,NA,2.30491352081299,NA,NA,0.026197737082839,NA,NA,1.3719574213028,NA,NA,0.310666859149933,NA,0.726427018642426,NA,NA,NA,1.34080946445465
1991-12-31,NA,1.26394295692444,1.10524153709412,0.823675394058228,NA,0.745929658412933,1.17280721664429,0.358914405107498,NA,NA,2.93184757232666,NA,NA,NA,NA,NA,1.12956714630127,NA,NA,NA,0.80126142501831,NA,1.43301975727081,0.00248505058698356,0.503878176212311,0.636446833610535,NA,NA,NA,NA,2.47737121582031,NA,NA,0.0327471569180489,NA,NA,1.34496808052063,NA,NA,0.342893660068512,NA,0.789450287818909,NA,NA,NA,1.4882994890213
1992-01-31,NA,1.17710745334625,1.10363256931305,0.767662048339844,NA,0.65133136510849,1.11695921421051,0.361038058996201,NA,NA,3.14022564888,NA,NA,NA,NA,NA,1.11742150783539,NA,NA,NA,0.760320901870728,NA,1.31597721576691,0.00186361116357148,0.488202124834061,0.60227507352829,NA,NA,NA,NA,2.2036280632019,NA,NA,0.0327471569180489,NA,NA,1.22102880477905,NA,NA,0.340315341949463,NA,0.769548118114471,NA,NA,NA,1.55657041072845
1992-02-29,NA,1.19640374183655,1.09558868408203,0.738277733325958,NA,0.644522845745087,1.09785330295563,0.378736317157745,NA,NA,3.33406734466553,NA,NA,NA,NA,NA,1.15385937690735,NA,NA,NA,0.796582221984863,NA,1.21544098854065,0.00186361116357148,0.467300444841385,0.593732118606567,NA,NA,NA,NA,2.23921418190002,NA,NA,0.024560384452343,NA,NA,1.26234185695648,NA,NA,0.311620622873306,NA,0.791476547718048,NA,NA,NA,1.56203091144562
1992-03-31,NA,1.18193161487579,1.07950103282928,0.690528392791748,NA,0.61458146572113,1.08168733119965,0.379633635282516,NA,NA,3.3679895401001,NA,NA,NA,NA,NA,1.09990191459656,NA,NA,NA,0.809262931346893,NA,1.21157205104828,0.00186361116357148,0.455290049314499,0.561696529388428,NA,NA,NA,NA,2.15824556350708,NA,NA,0.0180109404027462,NA,NA,1.23939001560211,NA,NA,0.32849994301796,NA,0.753786981105804,NA,NA,NA,1.57022392749786
1992-04-30,NA,1.24970614910126,1.13902568817139,0.747460007667542,NA,0.701253414154053,1.12871694564819,0.397711426019669,NA,NA,3.54551148414612,NA,NA,NA,NA,NA,1.15385913848877,NA,NA,NA,0.879893779754639,NA,1.2881555557251,0.00186361116357148,0.521443247795105,0.57451069355011,NA,NA,NA,NA,2.32576704025269,NA,NA,0.024560384452343,NA,NA,1.34955823421478,NA,NA,0.350573152303696,NA,0.760639727115631,NA,NA,NA,1.61118566989899
1992-05-31,NA,1.26954293251038,1.18299734592438,0.640942692756653,NA,0.669736325740814,1.17574644088745,0.43748265504837,NA,NA,3.62934184074402,NA,NA,NA,NA,NA,1.12065482139587,NA,NA,NA,0.900244653224945,NA,1.35095536708832,0.00186361116357148,0.50587785243988,0.60334712266922,NA,NA,NA,NA,2.28947138786316,NA,NA,0.026197737082839,NA,NA,1.34955823421478,NA,NA,0.360960513353348,NA,0.782392263412476,NA,NA,NA,1.55657041072845
1992-06-30,NA,1.18358421325684,1.17808198928833,0.654255926609039,NA,0.619707763195038,1.16636824607849,0.426635712385178,NA,NA,3.45181894302368,NA,NA,NA,NA,NA,1.09990191459656,NA,NA,NA,0.912216246128082,NA,1.36014568805695,0.00497010117396712,0.50587785243988,0.590038120746613,NA,NA,NA,NA,2.3119170665741,NA,NA,0.021285654976964,NA,NA,1.31742572784424,NA,NA,0.3635573387146,NA,0.789408504962921,NA,NA,NA,1.57295501232147
1992-07-31,NA,1.19019627571106,1.11581909656525,0.614315688610077,NA,0.601955652236938,1.21023881435394,0.426635712385178,NA,NA,3.30388426780701,NA,NA,NA,NA,NA,1.16216027736664,NA,NA,NA,0.954115867614746,NA,1.26058495044708,0.00372757646255195,0.512103796005249,0.585601925849915,NA,NA,NA,NA,2.2866644859314,NA,NA,0.021285654976964,NA,NA,1.2846075296402,NA,NA,0.379138380289078,NA,0.803443133831024,NA,NA,0.478469640016556,1.59774708747864
1992-08-31,NA,1.13399255275726,1.04700231552124,0.560665845870972,NA,0.519650638103485,1.12552237510681,0.432420790195465,NA,NA,3.13622546195984,NA,NA,NA,NA,NA,1.17461228370667,NA,NA,NA,0.9217928647995,NA,1.19012773036957,0.00248505058698356,0.494203567504883,0.54567414522171,NA,NA,NA,NA,2.00609350204468,NA,NA,0.0360218808054924,NA,NA,1.19084060192108,NA,NA,0.369923144578934,NA,0.761080920696259,NA,NA,0.467255353927612,1.46551978588104
1992-09-30,NA,1.01662623882294,0.97163063287735,0.539830207824707,NA,0.464780688285828,1.09526658058167,0.44170218706131,NA,NA,3.09677505493164,NA,NA,NA,NA,NA,1.14392185211182,NA,NA,NA,0.912867963314056,NA,1.1947226524353,0.00248505058698356,0.511349618434906,0.621092617511749,NA,NA,NA,NA,1.81810891628265,NA,NA,0.0360218808054924,NA,NA,1.17208695411682,NA,NA,0.373844414949417,NA,0.753900945186615,NA,NA,0.485945492982864,1.44348216056824
1992-10-31,NA,1.00124859809875,0.926349639892578,0.518994688987732,NA,0.448642611503601,1.03929281234741,0.403950035572052,NA,NA,2.98448181152344,NA,NA,NA,NA,NA,1.1738007068634,NA,NA,NA,0.909196496009827,NA,1.18138062953949,0.00310613680630922,0.460214704275131,0.554382741451263,NA,NA,NA,NA,1.8166698217392,NA,NA,0.0360218808054924,NA,NA,1.10176181793213,NA,NA,0.384301722049713,NA,0.761080920696259,NA,NA,0.478469640016556,1.28095209598541
1992-11-30,1452.30004882812,1.03542101383209,0.954775393009186,0.568242490291595,NA,0.453484058380127,1.09829199314117,0.426601380109787,NA,NA,2.96451902389526,NA,NA,NA,NA,NA,1.1140433549881,NA,NA,NA,0.912867963314056,NA,1.21424043178558,0.00372757646255195,0.465244442224503,0.552082598209381,NA,NA,NA,NA,1.95774245262146,NA,NA,0.0458460301160812,NA,NA,1.11113882064819,NA,NA,0.389530390501022,NA,0.794171631336212,NA,NA,0.504636108875275,1.47102928161621
1992-12-31,1564.69995117188,1.03542101383209,1.11028146743774,0.624293565750122,NA,0.502012014389038,1.18875801563263,0.460578382015228,NA,NA,3.27893805503845,NA,NA,NA,NA,NA,1.21648454666138,NA,NA,NA,0.945907175540924,NA,1.31438362598419,0.00434866175055504,0.473627179861069,0.598089218139648,NA,NA,NA,NA,2.11608982086182,NA,NA,0.049120768904686,NA,NA,1.1392685174942,NA,NA,0.386916011571884,NA,0.797848343849182,NA,NA,0.497159838676453,1.65284144878387
1993-01-31,1538.30004882812,1.02516937255859,1.1035932302475,0.574040591716766,NA,0.4986652135849,1.17468059062958,0.462843328714371,NA,NA,3.15915942192078,NA,NA,NA,NA,NA,1.1951425075531,NA,NA,NA,0.944683372974396,NA,1.25648820400238,0.00434866175055504,0.504643559455872,0.632594406604767,NA,NA,NA,NA,2.09881520271301,NA,NA,0.049120768904686,NA,NA,1.11042606830597,NA,NA,0.381687521934509,NA,0.790495157241821,NA,NA,0.482207626104355,1.62468445301056
1993-02-28,1652.80004882812,1.149897813797,1.20057535171509,0.595301687717438,NA,0.563926517963409,1.27478671073914,0.493045479059219,NA,NA,3.23402070999146,NA,NA,NA,NA,NA,1.22502088546753,NA,NA,NA,0.999749183654785,NA,1.23145270347595,0.00372757646255195,0.521409213542938,0.662498950958252,NA,NA,NA,NA,2.19958090782166,NA,NA,0.049120768904686,NA,NA,1.20175993442535,NA,NA,0.400044977664948,NA,0.839429974555969,NA,NA,0.485945492982864,1.86120676994324
1993-03-31,1674.5,1.33271968364716,1.23067343235016,0.587570190429688,NA,0.590700447559357,1.37020027637482,0.517006278038025,NA,NA,3.34381866455078,NA,NA,NA,NA,NA,1.20794796943665,NA,NA,NA,1.0206184387207,NA,1.23145270347595,0.00497010117396712,0.586769998073578,0.798219323158264,NA,NA,NA,NA,2.33935403823853,NA,NA,0.114615082740784,NA,NA,1.28828692436218,NA,NA,0.414520382881165,NA,0.8958939909935,NA,NA,0.467255353927612,2.01325702667236
1993-04-30,1685.19995117188,1.43442785739899,1.20726358890533,0.643621325492859,NA,0.573967158794403,1.41086792945862,0.489226788282394,NA,NA,3.35913276672363,NA,NA,NA,NA,NA,1.18660545349121,NA,NA,NA,1.0093754529953,NA,1.17627191543579,0.00683371350169182,0.584134817123413,0.805120527744293,NA,NA,NA,NA,2.25107622146606,NA,NA,0.108065597712994,NA,NA,1.23060238361359,NA,NA,0.435575276613235,NA,0.914715230464935,NA,NA,0.485945492982864,1.94286334514618
1993-05-31,1737.40002441406,1.46248412132263,1.20868742465973,0.720933139324188,NA,0.615801215171814,1.54225718975067,0.447557598352432,NA,NA,3.29276657104492,NA,NA,NA,NA,NA,1.17806935310364,NA,NA,NA,1.01437258720398,NA,1.03882730007172,0.0074551529251039,0.597310960292816,0.805120170116425,NA,NA,NA,NA,2.11277461051941,NA,NA,0.130988627672195,NA,NA,1.24983036518097,NA,NA,0.427679806947708,NA,0.93393212556839,NA,NA,0.504636108875275,2.05549311637878
1993-06-30,1734.59997558594,1.52385973930359,1.20187819004059,0.728790938854218,NA,0.636442244052887,1.59661185741425,0.44601434469223,NA,NA,3.34381866455078,NA,NA,NA,NA,NA,1.1738007068634,NA,NA,NA,0.998132407665253,NA,1.00366699695587,0.00683371350169182,0.601702630519867,0.866869866847992,NA,NA,NA,NA,2.17796635627747,NA,NA,0.186658769845963,NA,NA,1.16330397129059,NA,NA,0.411888360977173,NA,0.983895897865295,NA,NA,0.504636108875275,1.99917888641357
1993-07-31,1837.09997558594,1.56769919395447,1.25975930690765,0.777900755405426,NA,0.677725672721863,1.66240119934082,0.470707148313522,NA,0.65746533870697,3.55823183059692,NA,NA,NA,NA,NA,1.29758334159851,NA,NA,NA,1.04185545444489,NA,1.04681813716888,0.0186382327228785,0.654406666755676,0.864494740962982,NA,NA,NA,NA,2.42983913421631,NA,NA,0.24232904613018,NA,NA,1.16330397129059,NA,NA,0.453998357057571,NA,1.03770220279694,NA,NA,0.564444601535797,2.12146067619324
1993-08-31,1961.59997558594,1.68343532085419,1.37552094459534,0.821117520332336,NA,0.749970197677612,1.85495781898499,0.536297619342804,NA,0.659756243228912,4.02279281616211,NA,NA,NA,NA,NA,1.4299031496048,NA,NA,NA,1.0918242931366,NA,1.07558596134186,0.0149103058502078,0.674609839916229,0.938119471073151,NA,NA,NA,NA,2.48910403251648,NA,NA,0.24232904613018,NA,NA,1.14851593971252,NA,NA,0.465843081474304,NA,1.08077657222748,NA,NA,0.635467350482941,2.20677495002747
1993-09-30,1919.80004882812,1.6511310338974,1.38403272628784,0.773971855640411,NA,0.694926381111145,1.93839883804321,0.581795990467072,NA,0.682664394378662,3.79306435585022,NA,NA,NA,NA,NA,1.58389258384705,NA,NA,NA,1.17320919036865,NA,1.02763986587524,0.0124252568930387,0.676366627216339,0.997493922710419,NA,NA,NA,NA,2.55133175849915,NA,NA,0.229230165481567,NA,NA,1.1090817451477,NA,NA,0.449962109327316,NA,0.998543739318848,NA,NA,0.575658798217773,2.35749506950378
1993-10-31,2091.69995117188,1.81265497207642,1.53250253200531,0.889871180057526,NA,0.746530115604401,2.03146743774414,0.615500211715698,NA,0.765855252742767,4.2515664100647,NA,NA,NA,NA,NA,1.78187894821167,NA,NA,NA,1.27140164375305,NA,1.06286108493805,0.00869768019765615,0.818910300731659,1.01944398880005,NA,NA,NA,NA,2.8549530506134,NA,NA,0.212856560945511,NA,NA,1.14358699321747,NA,NA,0.457902491092682,NA,1.0377025604248,NA,NA,0.497159838676453,2.50252795219421
1993-11-30,1949,1.6906144618988,1.41661381721497,0.834868311882019,NA,0.798133492469788,1.92556190490723,0.609882771968842,NA,0.70261949300766,4.36619138717651,NA,NA,NA,NA,NA,1.80387735366821,NA,NA,NA,1.1834112405777,NA,0.985770225524902,0.00621262844651937,0.796852052211761,0.938961327075958,NA,NA,NA,NA,2.63743352890015,NA,NA,0.183384120464325,NA,NA,1.18794965744019,NA,NA,0.460549294948578,NA,1.0373033285141,NA,NA,0.52332615852356,2.48546481132507
1993-12-31,2113.60009765625,1.7139458656311,1.52039563655853,0.922539114952087,NA,0.86845326423645,2.02560496330261,0.722229599952698,NA,0.75414502620697,4.79343032836914,NA,NA,NA,NA,NA,1.79507791996002,NA,NA,NA,1.2471729516983,NA,1.08090329170227,0.00931911636143923,0.879570126533508,0.941400051116943,NA,NA,NA,NA,2.68274927139282,NA,NA,0.206307098269463,NA,NA,1.36993384361267,NA,NA,0.476430475711823,NA,1.07719945907593,NA,NA,0.560706615447998,2.90065813064575
1994-01-31,2244.19995117188,1.75163459777832,1.65877044200897,1.09389650821686,NA,0.982723593711853,2.11424565315247,0.70778477191925,NA,0.812696754932404,4.78822135925293,NA,NA,NA,NA,NA,2.11185693740845,NA,NA,NA,1.35174143314362,NA,1.13995170593262,0.00931911636143923,0.907143175601959,0.992616236209869,NA,NA,NA,NA,2.80359506607056,NA,NA,0.212856560945511,NA,NA,1.40531969070435,NA,NA,0.471136897802353,NA,1.11310613155365,NA,NA,0.616777241230011,3.17801213264465
1994-02-28,2112,1.65472054481506,1.55498909950256,1.00821793079376,NA,0.94756406545639,1.95994460582733,0.75593376159668,NA,0.796302556991577,4.5798134803772,NA,NA,NA,NA,NA,2.15259432792664,NA,NA,NA,1.27267730236053,NA,1.16947507858276,0.00931911636143923,0.820289015769958,0.963349997997284,NA,NA,NA,NA,2.63441181182861,NA,NA,0.235779449343681,NA,NA,1.25872147083282,NA,NA,0.452504515647888,NA,1.05952143669128,NA,NA,0.53827828168869,2.9468822479248
1994-03-31,1980.09997558594,1.53494608402252,1.42526245117188,0.910584330558777,NA,0.835051417350769,1.8680214881897,0.761062145233154,NA,0.746432423591614,4.44119262695312,NA,NA,NA,NA,NA,1.95895063877106,NA,NA,NA,1.23219203948975,NA,1.14172720909119,0.00931911636143923,0.749770700931549,0.941400051116943,NA,NA,NA,NA,2.62208771705627,NA,NA,0.212856560945511,NA,NA,1.21322560310364,NA,NA,0.433872044086456,NA,1.04328334331512,NA,NA,0.534539878368378,2.9757730960846
1994-04-30,2004.19995117188,1.51652002334595,1.4702342748642,0.944457650184631,NA,0.829777598381042,1.95009565353394,0.781520843505859,NA,0.748825013637543,4.41986513137817,NA,NA,NA,NA,NA,1.89140093326569,NA,NA,NA,1.25945889949799,NA,1.21056628227234,0.00931911636143923,0.778063952922821,0.973105192184448,NA,NA,NA,NA,2.63133120536804,NA,NA,0.183384120464325,NA,NA,1.31938254833221,NA,NA,0.421894013881683,NA,0.998629152774811,NA,NA,0.575658798217773,3.03355646133423
1994-05-31,2021.19995117188,1.48887979984283,1.60752213001251,0.924531817436218,0.497662901878357,0.755941569805145,1.94024646282196,0.767609238624573,NA,0.727293074131012,4.82506322860718,NA,NA,NA,NA,NA,1.83736026287079,NA,NA,NA,1.24907159805298,NA,1.2004919052124,0.00931911636143923,0.763917803764343,0.945937216281891,NA,NA,NA,NA,2.54197573661804,NA,NA,0.186658769845963,NA,0.0657913237810135,1.23850083351135,NA,NA,0.403261214494705,NA,1.02306735515594,NA,NA,0.52332615852356,3.09133648872375
1994-06-30,1931.09997558594,1.43175709247589,1.58114063739777,0.90405410528183,0.465555667877197,0.725270569324493,1.85603737831116,0.703777849674225,NA,0.691406726837158,4.74509000778198,NA,NA,NA,NA,NA,1.71126770973206,NA,NA,NA,1.17376363277435,NA,1.09471464157104,0.00931911636143923,0.70025771856308,0.938528120517731,NA,NA,NA,NA,2.52027702331543,NA,NA,0.196483075618744,NA,0.0698489546775818,1.16595304012299,NA,NA,0.405923098325729,NA,1.02306735515594,NA,NA,0.542016088962555,3.09133648872375
1994-07-31,2003.5,1.47782349586487,1.66907966136932,0.940751671791077,0.485622853040695,0.741507887840271,1.88990700244904,0.741421818733215,NA,0.693799257278442,4.99567413330078,NA,NA,NA,NA,NA,1.70226049423218,NA,NA,NA,1.19453823566437,NA,1.13668954372406,0.00931911636143923,0.728551208972931,0.970635414123535,NA,NA,NA,NA,2.58847618103027,NA,NA,0.196483075618744,NA,0.0797032415866852,1.24368286132812,NA,NA,0.415239214897156,NA,0.985789120197296,NA,NA,0.549492180347443,3.24021315574646
1994-08-31,2063.89990234375,1.40964484214783,1.80274629592896,0.902229905128479,0.491642892360687,0.710837721824646,1.85942387580872,0.777428984642029,NA,0.727293074131012,5.26758241653442,NA,NA,NA,NA,NA,1.68424713611603,NA,NA,NA,1.24257898330688,NA,1.25589966773987,0.00931911636143923,0.749770700931549,0.992863714694977,NA,NA,NA,NA,2.6845760345459,NA,NA,0.193208172917366,NA,0.0927458256483078,1.24368286132812,NA,NA,0.395147264003754,NA,1.00228297710419,NA,NA,0.530802249908447,3.29859566688538
1994-09-30,1967.69995117188,1.4386500120163,1.72711837291718,0.851542532444,0.521743535995483,0.705424845218658,1.74765503406525,0.74878716468811,NA,0.674659967422485,5.14306735992432,NA,NA,NA,NA,NA,1.57526624202728,NA,NA,NA,1.17765867710114,NA,1.15012204647064,0.00931911636143923,0.809186816215515,0.96322637796402,NA,NA,NA,NA,2.63497614860535,NA,NA,0.189933523535728,NA,0.0891847759485245,1.07267665863037,NA,NA,0.388449966907501,NA,0.943076193332672,NA,NA,0.530802249908447,3.21102261543274
1994-10-31,1965.19995117188,1.4405837059021,1.81505823135376,0.916421413421631,0.515723526477814,0.703620791435242,1.80184626579285,0.739675045013428,NA,0.689014792442322,5.18637704849243,NA,NA,NA,NA,NA,1.57031273841858,NA,NA,NA,1.188267827034,NA,1.1595379114151,0.00683371350169182,0.845459520816803,1.00643110275269,NA,NA,NA,NA,2.62864255905151,NA,NA,0.183384120464325,NA,0.0900704637169838,1.16595304012299,NA,NA,0.391128867864609,NA,0.964221060276031,NA,NA,0.527064085006714,3.38616752624512
1994-11-30,1845.30004882812,1.42318069934845,1.66638612747192,0.851542532444,0.505490958690643,0.714445471763611,1.78491163253784,0.666989803314209,NA,0.674674272537231,4.81824111938477,NA,NA,NA,NA,NA,1.5108687877655,NA,NA,NA,1.14052510261536,NA,1.0735194683075,0.00683371350169182,0.791493535041809,0.912396311759949,NA,NA,NA,NA,2.51779651641846,NA,NA,0.217344209551811,NA,0.0900704637169838,1.00012826919556,NA,NA,0.375055015087128,NA,0.959897518157959,NA,NA,0.493421792984009,3.26940298080444
1994-12-31,1857.40002441406,1.53726720809937,1.74667227268219,0.901389062404633,0.497305244207382,0.794867813587189,1.82086992263794,0.70632541179657,NA,0.686941206455231,4.81824111938477,NA,NA,NA,NA,NA,1.48610031604767,NA,NA,NA,1.23601090908051,NA,1.05975556373596,0.00559118762612343,0.85445374250412,0.884439587593079,NA,NA,NA,NA,2.52412891387939,NA,NA,0.193572029471397,NA,0.0930236056447029,1.23340249061584,NA,NA,0.395147264003754,NA,0.985840857028961,NA,NA,0.493421792984009,3.16431593894958
1995-01-31,1789.69995117188,1.59527683258057,1.64497649669647,0.934620201587677,0.507537364959717,0.804219305515289,1.8314356803894,0.671265661716461,NA,0.686941206455231,4.47176265716553,NA,NA,NA,NA,NA,1.48610031604767,NA,NA,NA,1.18561553955078,NA,0.980618059635162,0.00559118762612343,0.836465239524841,0.83106803894043,NA,NA,NA,NA,2.45128703117371,NA,NA,0.200364038348198,NA,0.0900704637169838,1.09933686256409,NA,NA,0.385771036148071,NA,0.951249659061432,NA,NA,0.485945492982864,2.9050920009613
1995-02-28,1878.09997558594,1.74223625659943,1.66816973686218,1.03846645355225,0.515723943710327,0.888381361961365,1.92300832271576,0.723427593708038,NA,0.743368268013,4.67748498916626,NA,NA,NA,NA,NA,1.59012722969055,NA,NA,NA,1.29568946361542,NA,1.10448575019836,0.00559118762612343,0.890430390834808,0.930186152458191,NA,NA,NA,NA,2.69198250770569,NA,NA,0.190176114439964,NA,0.0900704637169838,1.17977631092072,NA,NA,0.410265505313873,NA,0.991530358791351,NA,NA,0.485945492982864,2.74121499061584
1995-03-31,1867.09997558594,1.73063385486603,1.5950198173523,1.01354348659515,0.542867004871368,0.899603068828583,2.02866768836975,0.729710102081299,NA,0.704114615917206,4.89234972000122,NA,NA,NA,NA,NA,1.57526624202728,NA,NA,NA,1.26732039451599,NA,1.11787843704224,0.00434866175055504,0.917429268360138,0.907313823699951,NA,NA,NA,NA,2.6887469291687,NA,NA,0.173196107149124,NA,0.0958402156829834,1.17977631092072,NA,NA,0.426460236310959,NA,1.03579521179199,NA,NA,0.485945492982864,2.6816234588623
1995-04-30,2006.5,1.89583945274353,1.78413927555084,1.05508196353912,0.584626317024231,0.950100719928741,2.09558510780334,0.849117338657379,NA,0.752310276031494,5.43778085708618,NA,NA,NA,NA,NA,1.63966417312622,NA,NA,NA,1.36751413345337,NA,1.19924306869507,0.00434866175055504,1.03926050662994,0.960684657096863,NA,NA,NA,NA,2.84081816673279,NA,NA,0.169800072908401,NA,0.10682824999094,1.16905093193054,NA,NA,0.438606321811676,NA,1.07120716571808,NA,NA,0.493421792984009,3.00937724113464
1995-05-31,1981.40002441406,1.84748661518097,1.76576554775238,1.06131267547607,0.626385509967804,0.935138404369354,2.08854150772095,0.787202656269073,NA,0.727149128913879,5.11823749542236,NA,NA,NA,NA,NA,1.58517420291901,NA,NA,NA,1.40000987052917,NA,1.21162474155426,0.00434866175055504,1.05033612251282,0.897860765457153,NA,NA,NA,NA,2.94435524940491,NA,NA,0.186780154705048,NA,0.109880551695824,1.14760065078735,NA,NA,0.449402660131454,NA,1.13044285774231,NA,NA,0.483302116394043,2.87529587745667
1995-06-30,1981,1.87972271442413,1.729811668396,1.0847555398941,0.615945637226105,0.964060246944427,2.02915573120117,0.788971364498138,NA,0.734697580337524,5.2724986076355,NA,NA,NA,NA,NA,1.58022034168243,NA,NA,NA,1.40542531013489,NA,1.17978596687317,0.00434866175055504,1.03372323513031,0.884772062301636,NA,NA,NA,NA,2.92645215988159,NA,NA,0.203760236501694,NA,0.100723803043365,1.19050145149231,NA,NA,0.4426549077034,NA,1.07618141174316,NA,NA,0.479526370763779,2.7992308139801
1995-07-31,2083.30004882812,1.87972271442413,1.93155610561371,1.07623100280762,0.659792363643646,0.965988397598267,2.02185535430908,0.77393501996994,NA,0.709536671638489,5.78487491607666,NA,NA,NA,NA,NA,1.90220856666565,NA,NA,NA,1.45958483219147,NA,1.19216752052307,0.00372757646255195,1.02449309825897,0.931890189647675,NA,NA,NA,NA,3.02736401557922,NA,NA,0.186780154705048,0.809552133083344,0.102249711751938,1.29822623729706,NA,NA,0.429159373044968,NA,1.09426808357239,NA,NA,0.460647135972977,3.18260359764099
1995-08-31,2094.30004882812,1.97844362258911,1.92756152153015,1.06557524204254,0.71407949924469,1.04118490219116,2.0838987827301,0.734132468700409,NA,0.764890670776367,5.86751699447632,NA,NA,NA,NA,NA,1.71396946907043,NA,NA,NA,1.40271735191345,NA,1.18332409858704,0.00434866175055504,1.05771994590759,0.918801963329315,NA,NA,NA,NA,3.08921360969543,NA,NA,0.237720176577568,0.817082524299622,0.10682824999094,1.26508033275604,NA,NA,0.414417237043381,NA,1.07853031158447,NA,NA,0.456871598958969,3.04264187812805
1995-09-30,2091.30004882812,2.1644504070282,1.82169497013092,1.14229607582092,0.730782628059387,1.09324467182159,2.13499188423157,0.742808699607849,NA,0.779987156391144,5.78369426727295,NA,NA,NA,NA,NA,1.91410279273987,NA,NA,NA,1.37265515327454,NA,1.29122018814087,0.00310613680630922,1.09665203094482,0.968537151813507,NA,NA,NA,NA,3.04364037513733,NA,NA,0.217344209551811,0.884859085083008,0.111778058111668,1.24298322200775,NA,NA,0.419851958751678,NA,1.06001472473145,NA,NA,0.460647135972977,3.04264187812805
1995-10-31,2010.59997558594,2.1137216091156,1.77575302124023,1.14869022369385,0.724518775939941,1.06046605110168,2.05105233192444,0.738165855407715,NA,0.812540650367737,5.64398908615112,NA,NA,NA,NA,NA,1.78581261634827,NA,NA,NA,1.36158585548401,NA,1.2660459280014,0.00434866175055504,1.1317138671875,0.957745552062988,NA,NA,NA,NA,3.03367233276367,NA,NA,0.213781103491783,0.873563230037689,0.111778058111668,1.18773913383484,NA,NA,0.415775775909424,NA,1.06931173801422,NA,NA,0.44176834821701,2.73837661743164
1995-11-30,2119.10009765625,2.21517968177795,1.86168599128723,1.18918204307556,0.765006482601166,1.15687203407288,2.14229106903076,0.760450005531311,NA,0.817732155323029,5.96251249313354,NA,NA,NA,NA,NA,1.79094338417053,NA,NA,NA,1.3560506105423,NA,1.33315694332123,0.00434866175055504,1.18041098117828,0.96044397354126,NA,NA,NA,NA,3.09680390357971,NA,NA,0.228033185005188,0.875474572181702,0.128854990005493,1.2264096736908,NA,NA,0.417134553194046,NA,1.097700715065,NA,NA,0.437992334365845,3.02742910385132
1995-12-31,2154.89990234375,2.2849326133728,1.93078768253326,1.2701655626297,0.852375328540802,1.25427258014679,2.29510521888733,0.76509302854538,NA,0.841096222400665,5.92912483215332,NA,NA,NA,NA,NA,2.07318377494812,NA,NA,NA,1.31453895568848,NA,1.36036443710327,0.00372757646255195,1.21157705783844,1.06026494503021,NA,NA,NA,1.50219416618347,3.2396821975708,NA,NA,0.249411389231682,0.856359958648682,0.139722555875778,1.27060508728027,NA,NA,0.42121085524559,NA,1.12608957290649,NA,NA,0.460647135972977,3.13392066955566
1996-01-31,2224.39990234375,2.4730532169342,1.92265820503235,1.40570795536041,0.884339153766632,1.35365986824036,2.45443367958069,0.770663738250732,NA,0.885227680206299,5.72788238525391,NA,NA,NA,NA,NA,2.06292080879211,NA,NA,NA,1.39202737808228,NA,1.43745160102844,0.00372757646255195,1.38298964500427,1.06296253204346,NA,NA,NA,1.47629451751709,3.40582180023193,NA,NA,0.289172440767288,0.833421468734741,0.153694584965706,1.37009334564209,NA,NA,0.440233319997787,NA,1.1797593832016,NA,NA,0.475750386714935,3.35373592376709
1996-02-29,2249.80004882812,2.36381983757019,1.92570674419403,1.35105419158936,0.926958203315735,1.27613759040833,2.38046026229858,0.756735980510712,NA,0.877439975738525,6.02223539352417,NA,NA,NA,NA,NA,2.14502716064453,NA,NA,NA,1.31453895568848,NA,1.47826254367828,0.00497010117396712,1.32065749168396,1.11152493953705,NA,NA,NA,1.61615443229675,3.33604192733765,NA,NA,0.325319021940231,0.935429632663727,0.147484675049782,1.40988826751709,NA,NA,0.434938788414001,NA,1.1265732049942,NA,NA,0.464423090219498,3.40711903572083
1996-03-31,2164,2.18249273300171,1.85152387619019,1.31388926506042,0.997279107570648,1.21650469303131,2.16233015060425,0.746106386184692,NA,0.814483463764191,5.85409927368164,NA,0.375648260116577,NA,NA,NA,2.36568760871887,NA,NA,NA,1.17607700824738,NA,1.53086364269257,0.00447316095232964,1.26143515110016,1.19211065769196,NA,NA,NA,1.59025454521179,3.14420008659363,NA,NA,0.332548379898071,0.892194986343384,0.149986088275909,1.46673822402954,NA,NA,0.416580855846405,NA,1.08789265155792,NA,NA,0.464423090219498,3.45108079910278
1996-04-30,2248.69995117188,2.28298711776733,1.98972761631012,1.35105419158936,1.04466605186462,1.20855379104614,2.16612410545349,0.766193807125092,NA,0.865056037902832,6.30959129333496,NA,0.386117070913315,NA,NA,NA,2.37081933021545,NA,NA,NA,1.29198884963989,NA,1.6183568239212,0.00434866175055504,1.31868374347687,1.25880205631256,NA,NA,NA,1.63238024711609,3.29360103607178,NA,NA,0.332548379898071,0.888264954090118,0.145249933004379,1.59180915355682,NA,NA,0.412344396114349,NA,1.06371748447418,NA,NA,0.44931972026825,3.68973612785339
1996-05-31,2198,2.21420049667358,1.95025300979614,1.27672362327576,1.07697558403015,1.14693379402161,2.22871708869934,0.720279812812805,NA,0.83311539888382,6.20871067047119,NA,0.382730156183243,NA,NA,NA,2.46318912506104,NA,NA,NA,1.20858919620514,NA,1.63226711750031,0.00565343862399459,1.41146516799927,1.22823512554169,NA,NA,NA,1.60078597068787,3.32755303382874,NA,NA,0.379538953304291,0.88040429353714,0.140513271093369,1.46105349063873,NA,NA,0.402459472417831,NA,1.02987158298492,NA,NA,0.434216767549515,3.38827800750732
1996-06-30,2171.80004882812,2.27064085006714,1.81493306159973,1.26548540592194,1.15236341953278,1.23515915870667,2.31657910346985,0.726975440979004,NA,0.817145466804504,5.97943687438965,NA,0.376263916492462,NA,NA,NA,2.4368166923523,NA,NA,NA,1.22272491455078,NA,1.63968706130981,0.0047366633079946,1.4904283285141,1.22267723083496,NA,NA,NA,1.7640243768692,3.31906414031982,NA,NA,0.426529467105865,0.845030963420868,0.156301379203796,1.46105349063873,NA,NA,0.409520119428635,NA,1.05404686927795,NA,NA,0.44931972026825,3.55753183364868
1996-07-31,2114.10009765625,2.2641282081604,1.759153008461,1.30144929885864,1.09851491451263,1.31312620639801,2.31460809707642,0.711670637130737,1.88989520072937,0.774557769298553,5.57897424697876,NA,0.42491340637207,NA,NA,0.402088791131973,2.42099356651306,NA,NA,NA,1.10681295394897,NA,1.65081548690796,0.00427827658131719,1.42133557796478,1.32271456718445,NA,NA,NA,1.73769521713257,3.29020428657532,NA,NA,0.422914832830429,0.793936014175415,0.157880395650864,1.57478821277618,NA,NA,0.420817196369171,NA,1.06371748447418,NA,NA,0.464423090219498,3.56072545051575
1996-08-31,2196.10009765625,2.49031329154968,1.77877974510193,1.39360749721527,1.21698200702667,1.35621309280396,2.4309298992157,0.746106386184692,1.89835798740387,0.758587300777435,5.87550067901611,NA,0.452624917030334,NA,NA,0.402088791131973,2.45791459083557,NA,NA,NA,1.0940910577774,NA,1.7528338432312,0.00458386866375804,1.50029850006104,1.34494519233704,NA,NA,NA,1.80088412761688,3.51090908050537,NA,NA,0.397612273693085,0.786075174808502,0.167353257536888,1.62728106975555,NA,NA,0.437385529279709,NA,1.13298273086548,NA,NA,0.483302116394043,3.68527102470398
1996-09-30,2218.60009765625,2.65480947494507,1.67444920539856,1.47003185749054,1.40868377685547,1.48342180252075,2.61822724342346,0.786892771720886,1.9011777639389,0.750602424144745,5.87133073806763,NA,0.498811393976212,NA,NA,0.448872417211533,2.48956227302551,NA,NA,NA,1.10904562473297,NA,1.90122139453888,0.0047366633079946,1.72623217105865,1.49222242832184,NA,NA,NA,1.80357611179352,3.48035168647766,NA,NA,0.512808203697205,0.754632353782654,0.185920298099518,1.9597362279892,NA,NA,0.452112406492233,NA,1.16266751289368,NA,NA,0.479526370763779,3.91200852394104
1996-10-31,2276.10009765625,2.70735812187195,1.76238608360291,1.61388742923737,1.35290634632111,1.5121465921402,2.72863483428955,0.833530843257904,2.19453525543213,0.801678121089935,6.11236476898193,NA,0.53883945941925,NA,NA,0.481623113155365,2.84295344352722,NA,NA,NA,1.14106512069702,NA,1.97535693645477,0.00412548100575805,1.70084655284882,1.40052092075348,NA,NA,NA,1.77665758132935,3.71665978431702,NA,NA,0.538820207118988,0.749671697616577,0.188804984092712,1.92474114894867,NA,NA,0.456530511379242,NA,1.19753241539001,NA,NA,0.505956888198853,3.95991039276123
1996-11-30,2325.89990234375,2.7370593547821,1.89601218700409,1.65209913253784,1.38345646858215,1.65577030181885,3.01648187637329,0.833530843257904,2.4427592754364,0.843001902103424,6.33794641494751,NA,0.551155865192413,NA,NA,0.446945905685425,2.88514924049377,NA,NA,NA,1.10176777839661,NA,2.03206515312195,0.00412548100575805,1.63230466842651,1.38940572738647,NA,NA,NA,2.0135440826416,3.95470476150513,NA,NA,0.63172036409378,0.778192222118378,0.185920298099518,2.02389454841614,NA,NA,0.480093538761139,NA,1.25311458110809,NA,NA,0.517284274101257,4.02377891540527
1996-12-31,2367.80004882812,2.75076651573181,1.88549053668976,1.64749693870544,1.29835391044617,1.67691612243652,3.00754404067993,0.873222529888153,2.34290719032288,0.834736883640289,6.10309314727783,NA,0.532681465148926,NA,NA,0.419975161552429,3.03283476829529,NA,NA,NA,1.17745113372803,NA,2.3203341960907,0.00504225445911288,1.68307626247406,1.41719448566437,NA,NA,NA,1.91125237941742,4.23966979980469,NA,NA,0.557400226593018,0.855603694915771,0.205153346061707,2.35378050804138,NA,NA,0.478620797395706,NA,1.23795509338379,NA,NA,0.509732723236084,4.35909366607666
1997-01-31,2370.69995117188,2.91526532173157,1.88654339313507,1.72573018074036,1.26125800609589,1.70017755031586,3.22091603279114,0.893068730831146,2.47274827957153,0.903609752655029,5.73845291137695,NA,0.509896039962769,NA,NA,0.408416330814362,2.85350179672241,NA,NA,NA,1.17890632152557,NA,2.10767674446106,0.00443107262253761,1.64499771595001,1.32549357414246,NA,NA,NA,1.94893896579742,3.93559288978577,NA,NA,0.583412289619446,0.920792818069458,0.211564421653748,2.13980007171631,NA,NA,0.477148145437241,NA,1.21774446964264,NA,NA,0.498405396938324,4.05307865142822
1997-02-28,2386,3.03604340553284,1.79500412940979,1.67971074581146,1.42928063869476,1.70017755031586,3.29610562324524,1.03199064731598,2.48140406608582,0.989011883735657,5.9609432220459,NA,0.515438318252563,NA,NA,0.385298162698746,2.99327611923218,NA,NA,NA,1.23421311378479,NA,2.05096817016602,0.0047366633079946,1.63738167285919,1.28936851024628,NA,NA,NA,2.1373724937439,4.18234348297119,NA,NA,0.594560384750366,1.02356886863708,0.211564421653748,2.20518326759338,NA,NA,0.506611883640289,NA,1.29459452629089,NA,NA,0.532387793064117,3.97169160842896
1997-03-31,2360.5,3.01946592330933,1.78869080543518,1.70272016525269,1.3485426902771,1.70863676071167,3.2818808555603,0.968864381313324,2.45255088806152,0.961786508560181,5.96537113189697,NA,0.508048474788666,NA,NA,0.353244721889496,2.96406054496765,NA,NA,NA,1.22235810756683,NA,1.98197257518768,0.00657021254301071,1.69144606590271,1.40052092075348,NA,NA,NA,2.01892828941345,3.88056135177612,NA,NA,0.598299741744995,0.985814392566681,0.190449818968773,2.30266261100769,NA,NA,0.486714869737625,NA,1.23785948753357,NA,NA,0.513508081436157,3.74087715148926
1997-04-30,2424.10009765625,3.29654550552368,1.9023255109787,1.58997249603271,1.56540966033936,1.73189747333527,3.56637620925903,1.07696914672852,2.66895174980164,1.06614518165588,6.04760885238647,NA,0.549308300018311,NA,NA,0.350628197193146,3.05436372756958,NA,NA,NA,1.25753796100616,NA,2.23368334770203,0.00855655316263437,1.88710832595825,1.42729568481445,NA,NA,NA,2.07349371910095,4.34921169281006,NA,NA,0.61699652671814,1.117955327034,0.22711256146431,2.25867772102356,NA,NA,0.474470436573029,NA,1.23944139480591,NA,NA,0.509732723236084,3.9196047782898
1997-05-31,2544.89990234375,3.34272575378418,2.02311873435974,1.64059376716614,1.77237033843994,1.90106987953186,3.81429719924927,1.24422597885132,2.72954440116882,1.15076005458832,6.80039691925049,NA,0.608426809310913,NA,NA,0.379410892724991,3.17653799057007,NA,NA,NA,1.29689133167267,NA,2.27700901031494,0.00718139298260212,2.01325869560242,1.53270518779755,NA,NA,NA,2.07349371910095,4.61904096603394,NA,NA,0.635693490505219,1.16619741916656,0.228734493255615,2.37755513191223,NA,NA,0.512734115123749,NA,1.30800664424896,NA,NA,0.528611421585083,3.95541572570801
1997-06-30,2664.69995117188,3.78913497924805,2.08630752563477,1.8840823173523,1.78778052330017,2.14601826667786,3.9531626701355,1.27686107158661,3.39461302757263,1.22691357135773,7.14199829101562,NA,0.649686753749847,NA,NA,0.344086110591888,3.68648290634155,NA,NA,NA,1.3117983341217,NA,2.51867008209229,0.0068758032284677,2.05960011482239,1.58683359622955,NA,NA,NA,2.34632229804993,4.96875286102295,NA,NA,0.691784083843231,1.30043601989746,0.275779485702515,2.57114768028259,NA,NA,0.53263133764267,NA,1.39766895771027,NA,NA,0.528611421585083,4.3195104598999
1997-07-31,2673.69995117188,3.94306683540344,1.9535037279129,2.06610751152039,1.78337848186493,2.32593846321106,4.06986141204834,1.25442409515381,4.07472229003906,1.18178498744965,6.60112857818604,NA,0.671240031719208,NA,NA,0.346702814102173,3.60680484771729,NA,NA,NA,1.2924200296402,NA,2.67656970024109,0.00488945981487632,2.05960011482239,1.83753669261932,NA,NA,NA,2.48273706436157,5.41077518463135,NA,NA,0.691784083843231,1.27946138381958,0.429891258478165,2.68004417419434,NA,NA,0.546406328678131,NA,1.39239358901978,NA,NA,0.521060109138489,4.46845960617065
1997-08-31,2526.80004882812,3.68804359436035,1.82926762104034,1.86044311523438,1.87144672870636,2.12434196472168,3.93857645988464,1.34927093982697,3.89058876037598,1.17332351207733,6.36074352264404,NA,0.642912447452545,NA,NA,0.35473445057869,3.60149216651917,NA,NA,NA,1.22832071781158,NA,2.58029007911682,0.00519505050033331,1.89998126029968,1.84608352184296,NA,NA,NA,2.42817068099976,5.2970724105835,NA,NA,0.620736062526703,1.25009655952454,0.480180680751801,2.80103874206543,NA,NA,0.538878619670868,NA,1.34517550468445,NA,NA,0.498405396938324,4.2036623954773
1997-09-30,2703.10009765625,4.17847347259521,1.72216737270355,2.05665159225464,2.03657364845276,2.44516158103943,4.4178729057312,1.39432656764984,3.99156641960144,1.29906845092773,6.63770437240601,NA,0.646607577800751,NA,NA,0.401586294174194,3.94676947593689,NA,NA,NA,1.33123874664307,NA,2.76803493499756,0.0047366633079946,2.29982352256775,2.02271485328674,NA,NA,NA,2.56414771080017,5.9179220199585,1.0234911441803,NA,0.697369992733002,1.17374873161316,0.516757071018219,3.08719277381897,NA,NA,0.581672132015228,NA,1.47914457321167,NA,NA,0.513508081436157,4.34929895401001
1997-10-31,2415,4.00927543640137,1.53609251976013,1.95736527442932,2.00474524497986,2.14601826667786,4.05318927764893,1.25616931915283,3.26690626144409,1.32888865470886,5.53408718109131,NA,0.56039309501648,NA,NA,0.37882998585701,3.77147388458252,NA,NA,NA,1.02650499343872,NA,2.66703176498413,0.0038198905531317,2.19966435432434,1.86317694187164,NA,NA,NA,2.44204592704773,5.2555627822876,0.897880673408508,NA,0.574755489826202,1.09515464305878,0.457131296396255,2.78289008140564,NA,NA,0.524614155292511,NA,1.4249404668808,NA,NA,0.479526370763779,3.54166722297668
1997-11-30,2472,4.25449085235596,1.46622049808502,2.17248702049255,2.1367335319519,2.17636656761169,4.14473676681519,1.28592610359192,3.29002904891968,1.29993712902069,5.15022087097168,0.758459687232971,0.645375907421112,NA,NA,0.401586294174194,3.82459425926208,NA,NA,NA,1.00352299213409,NA,2.73409652709961,0.00320870778523386,2.13350868225098,1.75579726696014,NA,NA,NA,2.69180083274841,5.39633703231812,0.883924305438995,NA,0.567092180252075,1.15528118610382,0.5101318359375,2.567875623703,NA,NA,0.570260584354401,NA,1.46405625343323,NA,NA,0.513508081436157,3.4102795124054
1997-12-31,2567.39990234375,4.31579494476318,1.55574333667755,2.36822843551636,2.1367335319519,2.25425291061401,4.58552980422974,1.36584448814392,3.58719253540039,1.48522901535034,5.72601890563965,0.893602967262268,0.677398264408112,NA,NA,0.408279329538345,4.03707122802734,NA,NA,NA,1.0341649055481,NA,2.97258710861206,0.00305591220967472,2.28235840797424,1.83415508270264,NA,NA,NA,2.77505254745483,5.41258096694946,0.986273050308228,NA,0.632231116294861,1.16644716262817,0.556507706642151,2.74602961540222,NA,NA,0.563762128353119,NA,1.51993703842163,NA,NA,0.521060109138489,3.66055989265442
1998-01-31,2600.80004882812,4.47518634796143,1.57572329044342,2.41655921936035,2.18124842643738,2.19416856765747,4.31805753707886,1.44533836841583,3.69938826560974,1.51128482818604,6.19177675247192,0.915667951107025,0.837510645389557,NA,NA,0.448438256978989,4.04769611358643,NA,NA,NA,1.01424789428711,NA,2.89937090873718,0.00305591220967472,2.03758335113525,1.80223214626312,NA,NA,NA,2.99705743789673,6.16933059692383,0.976968765258789,NA,0.689706563949585,1.03073382377625,0.543257713317871,2.73988771438599,NA,NA,0.583256900310516,NA,1.5707870721817,NA,NA,0.547490656375885,3.59109425544739
1998-02-28,2626.89990234375,4.59090185165405,1.58303773403168,2.46005749702454,2.52401614189148,2.24757695198059,4.34373426437378,1.5069785118103,4.1845531463623,1.748690366745,6.16746520996094,1.0783919095993,0.834431707859039,NA,NA,0.512692034244537,4.17518186569214,NA,NA,NA,0.982073903083801,NA,3.00675559043884,0.00305591220967472,2.01112151145935,1.63826084136963,NA,NA,NA,3.20796036720276,6.74624109268188,1.07001328468323,NA,0.862133085727692,1.10798323154449,0.49025684595108,2.80131888389587,NA,NA,0.614904880523682,NA,1.66441023349762,NA,NA,0.57014536857605,3.40517091751099
1998-03-31,2686,4.51040315628052,1.68347895145416,2.44314122200012,2.48840403556824,2.24757695198059,4.60264778137207,1.4786125421524,4.35132646560669,1.66202902793884,6.53054523468018,1.09243321418762,0.828273713588715,NA,NA,0.507976174354553,4.57958555221558,NA,NA,NA,1.06488609313965,NA,3.07020902633667,0.00433911150321364,2.21253204345703,1.64261329174042,NA,NA,NA,3.32012677192688,6.45292854309082,1.10772323608398,NA,0.842802882194519,1.09032642841339,0.60930323600769,2.83203530311584,NA,NA,0.62966251373291,NA,1.66441023349762,NA,NA,0.566370069980621,3.57883453369141
1998-04-30,2709,4.62863445281982,1.63762521743774,2.48905611038208,2.37203979492188,2.38109660148621,4.66470050811768,1.43337202072144,4.36648941040039,1.55318820476532,6.99508619308472,1.0109920501709,0.825194418430328,NA,NA,0.485070377588272,4.61783933639526,NA,NA,NA,1.1402473449707,NA,3.12511563301086,0.00277684815227985,2.36003470420837,1.642613530159,NA,NA,NA,3.78561663627625,6.45292854309082,1.08415460586548,NA,0.792544066905975,1.03294098377228,0.697313725948334,2.91804146766663,NA,NA,0.62966251373291,NA,1.70518505573273,NA,NA,0.577697157859802,3.84784436225891
1998-05-31,2655.30004882812,4.72674083709717,1.5258469581604,2.5494692325592,2.405606508255,2.52351713180542,4.73745155334473,1.40618371963501,4.50294351577759,1.61202085018158,6.32985877990723,1.05592501163483,0.800561308860779,NA,NA,0.495849251747131,4.75446176528931,NA,NA,NA,1.21233153343201,NA,3.20321798324585,0.00277684815227985,2.19577121734619,1.55944323539734,NA,NA,NA,3.7295343875885,6.25127410888672,1.06058609485626,NA,0.792544066905975,1.09032642841339,0.729809641838074,3.05848169326782,NA,NA,0.634581983089447,NA,1.7189462184906,NA,NA,0.577697157859802,3.66055989265442
1998-06-30,2620.10009765625,4.73931980133057,1.522500872612,2.42865347862244,2.3384735584259,2.53261137008667,4.66470813751221,1.30449843406677,4.47914218902588,1.54436337947845,6.31669807434082,1.16264116764069,0.742059051990509,NA,NA,0.512018322944641,4.45935583114624,NA,NA,NA,1.15826845169067,NA,3.13302397727966,0.00208254787139595,1.91082322597504,1.4851838350296,NA,NA,NA,3.51641798019409,5.98545789718628,0.895605742931366,7.35969591140747,0.8312047123909,1.072669506073,0.758244156837463,2.81505131721497,NA,NA,0.605066537857056,NA,1.5615907907486,NA,NA,0.566370069980621,3.31673073768616
1998-07-31,2661.30004882812,5.16948080062866,1.490154504776,2.56919431686401,2.31609582901001,2.42575979232788,5.01948833465576,1.30508244037628,4.46674346923828,1.4737640619278,5.92848300933838,1.3199063539505,0.79748272895813,NA,NA,0.525492489337921,4.53586483001709,NA,NA,NA,1.1402473449707,NA,3.43841791152954,0.00295051094144583,2.04491639137268,1.29210996627808,NA,NA,NA,3.75757622718811,6.48959541320801,0.79661762714386,8.4461259841919,0.811874270439148,1.09915518760681,0.78397011756897,2.64028096199036,NA,NA,0.624743521213531,NA,1.72911810874939,NA,NA,0.58548504114151,3.18128275871277
1998-08-31,2430.10009765625,4.8148398399353,1.34515476226807,2.29304337501526,2.23105955123901,2.0074462890625,4.73697853088379,1.29940807819366,3.93668508529663,1.53553819656372,5.59290933609009,1.27216458320618,0.852905988693237,NA,NA,0.512018322944641,4.38831424713135,NA,NA,NA,1.02556705474854,NA,3.42072153091431,0.00319349975325167,1.8732762336731,1.1822065114975,NA,NA,NA,3.80024409294128,6.15264177322388,0.678774833679199,8.2942590713501,0.811874270439148,1.03735494613647,0.697313725948334,2.15966248512268,NA,NA,0.601693570613861,NA,1.58430254459381,NA,NA,0.539863109588623,2.77841353416443
1998-09-30,2511.30004882812,5.16689109802246,1.34738540649414,2.29057836532593,2.29901003837585,2.04996013641357,4.45665693283081,1.44487977027893,4.08547306060791,1.74797570705414,6.71807193756104,1.34832417964935,0.914487957954407,NA,NA,0.652034223079681,4.88839054107666,NA,NA,NA,0.998344123363495,NA,3.64761590957642,0.00312417559325695,2.13101530075073,1.38716197013855,NA,NA,NA,4.15296220779419,6.70181846618652,0.690444469451904,7.96326732635498,0.871865272521973,1.16095471382141,0.828652501106262,2.0410680770874,NA,NA,0.630507171154022,NA,1.79471731185913,NA,NA,0.555070161819458,2.84787273406982
1998-10-31,2563,5.14877033233643,1.55629813671112,2.39906620979309,2.63876676559448,2.08019685745239,4.64280652999878,1.41612589359283,4.22806167602539,1.69091093540192,6.57989597320557,1.42619502544403,0.899092614650726,NA,NA,0.693215370178223,4.83220195770264,NA,NA,NA,1.13475239276886,NA,3.51251864433289,0.0026035385672003,2.19685125350952,1.43289279937744,NA,1.63836550712585,NA,4.61149311065674,6.58081150054932,0.758516371250153,7.41810369491577,0.899860620498657,1.23110997676849,0.923714339733124,1.95118653774261,NA,NA,0.626608848571777,NA,1.80541121959686,NA,NA,0.558871984481812,3.06320095062256
1998-11-30,2646,5.68202781677246,1.44758677482605,2.61357665061951,2.80864381790161,2.46481037139893,5.35534429550171,1.50202810764313,4.68310880661011,1.68190085887909,6.74439144134521,1.59015130996704,0.929883301258087,NA,NA,0.700078904628754,4.697350025177,NA,NA,NA,1.17891907691956,NA,3.9033989906311,0.00277684815227985,2.37703394889832,1.40697824954987,NA,3.05351972579956,NA,5.12008714675903,7.23237800598145,0.753654062747955,8.02557277679443,1.023841381073,1.28089725971222,0.971258282661438,1.90374839305878,NA,NA,0.672879993915558,NA,1.93751466274261,NA,NA,0.56267386674881,3.16016054153442
1998-12-31,2717.60009765625,5.99266386032104,1.37549340724945,2.74954319000244,3.16946315765381,2.50467824935913,5.53070497512817,1.59344053268433,5.07998275756836,1.66988718509674,6.31669807434082,1.71367967128754,1.01917672157288,NA,NA,0.947165310382843,4.50630903244019,NA,NA,NA,1.18401563167572,NA,3.97785401344299,0.00208254787139595,2.33891892433167,1.33533346652985,NA,2.89223504066467,NA,5.23386812210083,8.19110870361328,0.797414720058441,8.05088138580322,1.01984190940857,1.50720417499542,1.08848822116852,2.08476042747498,NA,NA,0.688134133815765,NA,1.91864287853241,NA,NA,0.577881276607513,3.04883646965027
1999-01-31,2805,6.25152397155762,1.32937669754028,2.83766961097717,3.27297592163086,2.46246457099915,6.04196214675903,1.67730641365051,5.6197304725647,1.6458603143692,6.3495979309082,2.05506801605225,1.14849805831909,NA,NA,1.09404468536377,4.50630903244019,NA,NA,NA,1.24024331569672,NA,NA,NA,2.26164770126343,1.40545380115509,NA,3.79716539382935,NA,4.8925313949585,8.0607967376709,0.89952278137207,5.64828729629517,1.27980196475983,1.61130559444427,1.45942044258118,NA,NA,NA,0.70508337020874,NA,1.91864287853241,NA,NA,NA,2.92673945426941
1999-02-28,2794.10009765625,6.45378303527832,1.36176085472107,2.66897034645081,3.23900055885315,2.46246457099915,6.13773822784424,1.94327914714813,5.57210636138916,1.54374468326569,6.72794198989868,1.90907979011536,1.16327786445618,NA,NA,1.39192163944244,4.50630903244019,NA,0.464521676301956,NA,1.3776707649231,NA,NA,NA,2.15828037261963,1.38106453418732,NA,4.63599109649658,NA,5.96387767791748,7.68417024612427,0.739067256450653,5.39756774902344,1.61140120029449,1.99401044845581,1.3733344078064,NA,NA,NA,0.668289124965668,NA,1.94932115077972,NA,NA,NA,3.17452478408813
1999-03-31,2867,6.83361911773682,1.53913402557373,2.89558148384094,2.97399234771729,2.68525981903076,6.4412522315979,1.81414306163788,6.06422901153564,1.5456258058548,7.25005483627319,1.86952221393585,1.26242399215698,NA,NA,1.38913786411285,4.50630903244019,NA,0.452809423208237,NA,1.37759160995483,NA,NA,NA,2.30275130271912,1.42809915542603,NA,4.98253345489502,NA,6.39396715164185,7.58637142181396,0.72448068857193,5.01143741607666,1.73225617408752,1.92338979244232,1.84606838226318,NA,NA,NA,0.67353767156601,NA,1.94932115077972,NA,NA,NA,2.98060631752014
1999-04-30,3027.80004882812,7.26281881332397,1.95498597621918,2.90464568138123,2.73334884643555,2.80721044540405,6.61436700820923,1.91613185405731,6.01660346984863,1.46910977363586,8.37291812896729,1.85706603527069,1.22855424880981,NA,NA,1.34737968444824,4.50630903244019,NA,0.490328788757324,NA,1.41926753520966,NA,NA,NA,2.37621760368347,1.62853360176086,NA,4.97555255889893,NA,6.68069124221802,7.69285678863525,0.789322257041931,5.12188100814819,1.77254116535187,1.91554284095764,2.10209321975708,NA,NA,NA,0.647295832633972,NA,1.9798299074173,NA,NA,NA,3.15872263908386
1999-05-31,2831.89990234375,6.63855600357056,1.80330693721771,2.69062304496765,2.91557216644287,2.65477108955383,5.72383260726929,1.73859906196594,5.77530384063721,1.5670508146286,7.00758981704712,1.73341286182404,1.13310289382935,NA,NA,1.59374988079071,4.50630903244019,NA,0.490328788757324,NA,1.41421008110046,NA,NA,NA,2.09852361679077,1.48133945465088,NA,3.5401496887207,NA,6.70936155319214,7.38209199905396,0.685072183609009,4.84323263168335,1.70083367824554,2.07709503173828,1.87706124782562,NA,NA,NA,0.606708526611328,NA,1.62281155586243,NA,NA,NA,3.08115553855896
1999-06-30,2903.69995117188,6.34819889068604,2.03901720046997,2.52395343780518,2.97069549560547,2.66731834411621,5.74811267852783,1.66513705253601,6.62902069091797,1.5379741191864,8.14985752105713,1.96056294441223,1.03888285160065,NA,NA,1.59374988079071,4.50630903244019,NA,0.508194744586945,NA,1.46443152427673,NA,NA,NA,2.0211911201477,1.55023837089539,NA,3.52688002586365,NA,6.87910461425781,7.83256721496582,0.536143362522125,4.79266548156738,1.70808529853821,2.30326747894287,2.40244889259338,NA,NA,NA,0.6035595536232,NA,1.59424865245819,NA,NA,0.645492672920227,3.01472043991089
1999-07-31,2951,6.36667728424072,1.97493433952332,2.55897998809814,2.98550176620483,2.58832430839539,5.38023471832275,1.70186817646027,6.59685325622559,1.69804608821869,9.01840209960938,1.90009605884552,1.0899955034256,NA,NA,1.53528940677643,4.71982479095459,NA,0.512164771556854,NA,1.44176244735718,NA,NA,0.00381847587414086,2.02822113037109,1.57999134063721,NA,3.99790024757385,NA,7.51219511032104,7.22765159606934,0.506357729434967,5.04634952545166,1.73225617408752,2.3494246006012,2.44570446014404,2.93708539009094,NA,NA,0.643796980381012,NA,1.76406526565552,NA,NA,0.673712730407715,2.98914384841919
1999-08-31,2875.69995117188,6.69219255447388,1.96328222751617,2.44669008255005,4.24967384338379,2.44666218757629,5.4469141960144,1.72635567188263,6.79149675369263,1.67662215232849,8.84995460510254,1.84574270248413,1.22547554969788,NA,NA,1.83733642101288,4.79286861419678,NA,0.476432293653488,NA,1.42380154132843,NA,NA,0.00451277568936348,1.96846377849579,1.4656800031662,NA,4.01535797119141,NA,9.3838472366333,7.34217405319214,0.456714630126953,4.52946281433105,2.01517629623413,2.33096170425415,2.69499087333679,2.75162196159363,NA,NA,0.652268052101135,NA,1.75745832920074,NA,NA,0.673712730407715,2.97050857543945
1999-09-30,2817,6.55485486984253,2.05649280548096,2.43458485603333,3.90242886543274,2.46106863021851,5.15743827819824,1.65056753158569,6.42430353164673,1.67320275306702,8.54925632476807,1.82073247432709,1.18544721603394,NA,NA,2.22832441329956,4.67928552627563,NA,0.465712904930115,NA,1.31862878799438,NA,NA,0.00555405067279935,2.1365602016449,1.34260070323944,NA,3.5525906085968,NA,9.38962936401367,7.17301940917969,0.412036180496216,4.14164018630981,2.64569187164307,2.21556758880615,2.48286819458008,2.8512852191925,NA,NA,0.626532554626465,NA,1.71120977401733,NA,NA,0.696512937545776,3.01435446739197
1999-10-31,2834.30004882812,7.02713108062744,1.87398982048035,2.58834028244019,4.39597272872925,2.53790283203125,5.72281980514526,1.50959122180939,7.63637447357178,1.6369241476059,8.4058141708374,1.81568908691406,1.01609718799591,NA,NA,2.13722920417786,4.73121452331543,NA,0.472462385892868,NA,1.21995544433594,NA,NA,0.00468643987551332,2.34168386459351,1.30453038215637,NA,3.31989526748657,NA,9.93855667114258,7.07713079452515,0.443910866975784,4.61388206481934,2.55090880393982,2.33620071411133,3.11842179298401,2.52127528190613,NA,NA,0.612577199935913,NA,1.69042408466339,NA,NA,0.679524481296539,3.08012175559998
1999-11-30,2976.30004882812,7.0569863319397,2.05426836013794,2.77119755744934,5.02931451797485,2.76425909996033,5.36926460266113,1.49436736106873,7.78849172592163,1.67633056640625,9.29081439971924,2.00253081321716,1.11770713329315,NA,NA,2.77209115028381,4.66024684906006,NA,0.459955871105194,NA,1.23251473903656,NA,NA,0.00399213936179876,2.35983633995056,1.31966948509216,NA,3.68474769592285,NA,9.70743179321289,7.85691833496094,0.506580770015717,4.33819675445557,2.57563376426697,1.96807253360748,3.86242151260376,2.58265662193298,NA,NA,0.601703345775604,NA,1.69715988636017,NA,NA,0.683771371841431,3.06338167190552
1999-12-31,3117.69995117188,7.11941528320312,2.37375974655151,2.76777338981628,5.02724838256836,2.73123073577881,5.49255323410034,1.60809874534607,8.6465482711792,1.63880062103271,10.7650375366211,1.89822041988373,1.0314929485321,NA,NA,3.06920146942139,4.73698377609253,NA,0.468492209911346,NA,1.27987718582153,NA,NA,0.00451277568936348,2.57766723632812,1.33674108982086,NA,4.1849513053894,NA,11.7009191513062,8.1852502822876,0.522248208522797,4.88385629653931,2.94652652740479,1.7934467792511,4.04639577865601,2.63347744941711,NA,NA,0.579954862594604,NA,1.67022085189819,NA,NA,0.679831862449646,3.07988834381104
2000-01-31,3072.30004882812,6.96633148193359,2.19063425064087,2.76856398582458,5.32566785812378,2.57570266723633,5.13424062728882,1.58763015270233,7.82149410247803,1.51370120048523,8.94865894317627,1.76066863536835,0.785166323184967,NA,NA,3.37752294540405,4.73121452331543,NA,0.474447250366211,NA,1.18533039093018,3.70032978057861,NA,0.00850491598248482,2.60489726066589,1.36412000656128,NA,4.56507778167725,NA,11.6720294952393,7.61373996734619,0.532693147659302,4.37014293670654,2.75283789634705,1.8123254776001,3.69570755958557,2.40907192230225,NA,NA,0.589016795158386,NA,1.63654685020447,NA,NA,0.649521052837372,2.87956380844116
2000-02-29,3187.19995117188,7.15713500976562,1.92264902591705,2.83626341819763,4.9856972694397,2.53404784202576,5.21109008789062,1.6029816865921,8.4155330657959,1.56655597686768,7.78072547912598,1.76204288005829,0.803640782833099,NA,NA,2.51157569885254,4.51348447799683,NA,0.423504114151001,NA,1.07338154315948,3.36352062225342,NA,0.00728997867554426,2.74321985244751,1.19984591007233,NA,5.50651502609253,NA,12.709493637085,8.21527862548828,0.4961356818676,4.3527946472168,2.88471007347107,1.68830347061157,3.75505542755127,2.38531064987183,NA,NA,0.644729256629944,NA,1.77229070663452,NA,NA,0.734391748905182,2.41214179992676
2000-03-31,3133.30004882812,6.25278186798096,2.11752486228943,2.7166690826416,4.70587110519409,2.56337785720825,4.99280071258545,1.53206276893616,8.71255302429199,1.63457751274109,7.7034125328064,1.76047325134277,0.831352472305298,NA,NA,2.18695020675659,4.51348447799683,NA,0.473133444786072,NA,1.06213963031769,3.30164241790771,NA,0.00850491598248482,2.59248185157776,1.28815686702728,NA,4.9352912902832,NA,13.338282585144,8.30026245117188,0.470023274421692,4.51528739929199,2.46402359008789,1.67370641231537,4.21643686294556,2.42623066902161,NA,NA,0.648499429225922,NA,1.75168323516846,NA,NA,0.736321091651917,2.41964387893677
2000-04-30,3115.80004882812,7.23480653762817,2.1884970664978,2.87920093536377,4.7480731010437,2.91830778121948,5.53026962280273,1.56542313098907,7.78849172592163,1.84313797950745,8.36863994598389,1.70024573802948,0.95451557636261,NA,NA,2.17413687705994,4.91019487380981,NA,0.423504114151001,NA,1.17927634716034,3.69617772102356,NA,0.00347114796750247,2.66396021842957,1.30285584926605,NA,4.54189777374268,NA,12.9421653747559,7.23402452468872,0.44972088932991,4.3527946472168,2.36049342155457,1.78561162948608,3.77211785316467,2.57407450675964,NA,NA,0.654155075550079,NA,1.8203763961792,NA,NA,0.753957211971283,2.53968811035156
2000-05-31,3081,7.73441982269287,2.11372828483582,3.1478910446167,5.46258926391602,3.06829142570496,6.15236520767212,1.49725830554962,7.89079999923706,1.85529327392578,8.23605537414551,1.575159907341,1.04935193061829,NA,NA,2.56283283233643,4.90366315841675,NA,0.456590086221695,NA,1.17229878902435,3.79169678688049,NA,0.00281186401844025,2.46656060218811,1.50329518318176,NA,3.54053544998169,NA,14.5975923538208,7.75798034667969,0.471394211053848,4.41690301895142,2.46402359008789,1.57639861106873,3.69437503814697,2.67057347297668,NA,NA,0.671121776103973,NA,1.8258467912674,NA,NA,0.778868734836578,2.66348433494568
2000-06-30,3311.19995117188,7.68143510818481,2.38644194602966,3.24221611022949,7.61420440673828,3.23736095428467,6.73254203796387,1.74680149555206,8.81696891784668,1.972048163414,9.0865068435669,1.5705269575119,1.1571192741394,NA,NA,3.21777820587158,5.12042856216431,NA,0.532688558101654,NA,1.35861039161682,4.13224172592163,NA,0.00295051094144583,3.02653765678406,1.7003937959671,NA,4.09486150741577,0.425611466169357,16.7276744842529,8.30688667297363,0.44972088932991,4.93315315246582,2.84832882881165,1.64451467990875,4.63754081726074,2.96513056755066,NA,NA,0.689818024635315,NA,1.88181126117706,NA,NA,0.760716259479523,2.9094934463501
2000-07-31,3251.10009765625,7.71084308624268,2.20519280433655,3.30033254623413,7.8366265296936,3.2879056930542,5.97525453567505,1.68769860267639,8.48565483093262,1.93846154212952,8.50188255310059,1.64696824550629,1.18544721603394,NA,NA,3.30320715904236,5.19644451141357,NA,0.57305371761322,NA,1.29511058330536,4.28175115585327,NA,0.00381847587414086,2.88876581192017,1.82433271408081,NA,3.91604685783386,0.405167251825333,15.7533731460571,8.11664295196533,0.585178971290588,5.02032375335693,2.69179034233093,1.92670905590057,4.22723245620728,3.08065629005432,NA,NA,0.732674717903137,NA,1.94477140903473,NA,NA,0.803352653980255,2.85842967033386
2000-08-31,3331.69995117188,7.73969030380249,2.30065083503723,3.44132328033447,8.07863903045654,3.28285098075867,6.22599267959595,1.90966165065765,9.23279857635498,2.23914766311646,8.65256404876709,1.49176931381226,1.04073011875153,NA,0.982301592826843,3.45128178596497,5.38648557662964,NA,0.651799201965332,NA,1.2885981798172,4.40219020843506,NA,0.00347114796750247,3.2406017780304,1.91853857040405,NA,4.41672706604004,0.434904247522354,16.3040103912354,7.9586877822876,0.612270593643188,5.23507499694824,2.96975016593933,1.92483150959015,4.42158937454224,2.41858553886414,NA,NA,0.742655098438263,NA,1.87216126918793,NA,NA,0.807840704917908,2.39616656303406
2000-09-30,3298.80004882812,7.85928964614868,2.31394267082214,3.43055939674377,8.03262138366699,3.35613989830017,6.15552663803101,1.84178233146667,9.4931116104126,2.20604467391968,8.14262104034424,1.42220759391785,1.13926064968109,NA,0.913848757743835,3.78268527984619,5.45911693572998,NA,0.628638923168182,NA,1.23450803756714,4.24852657318115,NA,0.00295051094144583,3.29718995094299,2.10461330413818,NA,3.88121747970581,0.427469938993454,16.2817916870117,8.23585605621338,0.731473624706268,4.75902366638184,3.10454702377319,1.77834355831146,4.5107741355896,2.42601561546326,NA,NA,0.727391064167023,NA,1.83656978607178,NA,NA,0.799160063266754,2.20150899887085
2000-10-31,3276.80004882812,8.34736156463623,2.32294607162476,3.53818607330322,8.12521934509277,3.57348012924194,6.56167936325073,1.99947273731232,9.64490795135498,2.55147409439087,9.1065731048584,1.5022656917572,1.21623837947845,NA,0.903580963611603,3.4789252281189,5.95274066925049,NA,0.719011664390564,NA,1.32381081581116,4.85486745834351,NA,0.00277684815227985,3.39139676094055,2.10622620582581,NA,4.3346996307373,0.464455246925354,15.8438911437988,8.80998802185059,0.816744148731232,5.05205965042114,3.2814679145813,2.12138843536377,4.67337799072266,2.55369997024536,NA,NA,0.737762808799744,NA,1.84870111942291,NA,NA,0.778609871864319,2.2652428150177
2000-11-30,3284.10009765625,9.07263851165771,2.41646862030029,3.82944869995117,8.46087455749512,3.88264107704163,7.40749835968018,2.20848417282104,9.61986637115479,2.5351185798645,8.68546295166016,1.45752727985382,1.31476867198944,NA,0.965188384056091,3.24164772033691,6.36836004257202,NA,0.776546955108643,NA,1.24152612686157,4.98361015319824,NA,0.00347114796750247,3.56096529960632,2.1540949344635,NA,4.99380874633789,0.462782680988312,17.2429504394531,8.29525184631348,0.889468312263489,5.51351070404053,3.70692276954651,1.92752766609192,4.95915126800537,2.5442910194397,NA,NA,0.761245787143707,NA,1.93569874763489,NA,NA,0.792310178279877,2.20290422439575
2000-12-31,3206.19995117188,8.80012512207031,2.36726522445679,3.62191820144653,9.04190731048584,3.89598393440247,7.11366701126099,2.23248910903931,9.89471817016602,2.75428414344788,9.68461799621582,1.51239097118378,1.40344619750977,NA,0.942941009998322,2.96253132820129,6.96301412582397,NA,0.723600566387177,NA,1.36063313484192,5.28428840637207,NA,0.00277684815227985,3.72676610946655,2.05835747718811,NA,4.6471791267395,0.475352197885513,21.326696395874,6.86093187332153,0.978974103927612,5.86790466308594,3.69007349014282,1.98268437385559,4.66095352172852,2.49712562561035,NA,NA,0.790391802787781,NA,2.00602054595947,NA,NA,0.935488998889923,2.28625726699829
2001-01-31,3364.30004882812,9.09912300109863,2.41084909439087,3.86596083641052,7.83816957473755,3.90075993537903,7.25934886932373,2.59836220741272,10.0321407318115,2.50240755081177,9.70534420013428,1.68781232833862,1.49335515499115,NA,0.930961966514587,3.42161059379578,6.86807823181152,NA,0.780076920986176,NA,1.43029606342316,4.73442935943604,4.95845603942871,0.00416544917970896,3.86355328559875,2.24641370773315,NA,4.77349519729614,0.472305119037628,20.5795249938965,6.63263750076294,1.09085726737976,5.67325258255005,3.69007349014282,2.14354348182678,4.3865270614624,2.56648898124695,NA,NA,0.802140176296234,NA,1.97919797897339,NA,NA,0.822538316249847,2.30213403701782
2001-02-28,3350.10009765625,9.01169300079346,2.61003494262695,3.92141103744507,8.5187463760376,4.10265874862671,7.62256097793579,2.58953332901001,9.99091720581055,2.81022024154663,10.9699964523315,1.51403915882111,1.30553150177002,NA,0.934384822845459,3.9178512096405,7.25200700759888,NA,0.811844408512115,NA,1.37705326080322,4.98361015319824,4.61330938339233,0.00381847587414086,3.82850813865662,2.1848680973053,NA,4.93872880935669,0.4570691883564,23.0406608581543,5.9369306564331,1.33140516281128,5.83849573135376,3.3022129535675,1.7734409570694,4.07860469818115,2.65666103363037,NA,NA,0.818345069885254,NA,2.02302503585815,NA,NA,0.820215106010437,1.94490599632263
2001-03-31,3147.19995117188,8.31534957885742,2.44768953323364,3.47258305549622,8.28725624084473,3.5668511390686,7.0618143081665,2.80554628372192,9.49102401733398,2.76260209083557,10.9043121337891,1.53017580509186,1.2932151556015,NA,0.961619138717651,3.94103479385376,6.95040988922119,NA,0.75183892250061,NA,1.392254114151,4.41879987716675,4.43375110626221,0.00468643987551332,4.1035885810852,2.3306622505188,NA,4.59060096740723,0.470407009124756,20.8194713592529,5.01402854919434,1.18595767021179,5.82410717010498,3.32338070869446,1.39464819431305,3.76771569252014,2.90637254714966,NA,NA,0.815711677074432,NA,1.93442535400391,NA,NA,0.834706723690033,1.96475207805634
2001-04-30,3329.39990234375,8.38512897491455,2.68746256828308,3.59062433242798,8.53957462310791,3.62638568878174,7.43218946456909,3.21337056159973,10.2520294189453,2.98893690109253,12.420166015625,1.58976256847382,1.13926064968109,NA,0.965090692043304,3.7613697052002,7.77102899551392,NA,0.783606588840485,NA,1.51656305789948,4.38142251968384,5.04331588745117,0.0036448126193136,4.25808620452881,2.3584086894989,NA,4.57186460494995,0.484213978052139,22.5539875030518,5.59733390808105,1.25252103805542,5.803795337677,3.45462203025818,1.543869972229,3.81636381149292,3.19076561927795,NA,NA,0.810242593288422,NA,1.94919192790985,NA,NA,0.82784914970398,1.8694908618927
2001-05-31,3379.10009765625,9.07129096984863,2.80984687805176,3.81572365760803,9.07329559326172,4.04509925842285,8.01244449615479,3.17793250083923,11.2002696990967,3.19529891014099,12.2182025909424,1.53255951404572,1.18236780166626,NA,1.00674974918365,3.69124126434326,8.33054447174072,NA,0.970683872699738,NA,1.65330147743225,4.257248878479,5.17573928833008,0.00468643987551332,4.02822399139404,2.29944825172424,NA,4.69178342819214,0.513383448123932,21.74755859375,4.77431440353394,1.44039881229401,5.88504219055176,3.15954089164734,2.03744888305664,3.78393220901489,3.32834625244141,NA,NA,0.800114333629608,NA,2.001389503479,NA,NA,0.839435815811157,1.78216910362244
2001-06-30,3490.30004882812,9.92899513244629,2.71746349334717,4.05456304550171,11.0689601898193,4.47795486450195,8.83429050445557,3.81245064735413,12.8614616394043,3.66128063201904,11.4722127914429,1.28229677677155,1.3855881690979,NA,1.18102121353149,4.08592414855957,9.32772445678711,NA,1.05892777442932,NA,1.64584350585938,3.52175092697144,4.85225820541382,0.00485974829643965,4.45026445388794,2.250892162323,NA,5.3408374786377,0.497995793819427,22.9231071472168,5.01402854919434,1.73644983768463,6.38203859329224,3.3487823009491,2.00875306129456,3.32445383071899,3.74668288230896,NA,NA,0.844945430755615,NA,2.09167742729187,NA,NA,0.894870579242706,1.79995048046112
2001-07-31,3324.5,8.57702255249023,2.53699684143066,3.84479522705078,10.8847103118896,4.12986898422241,8.16337394714355,3.98682880401611,12.6000242233276,3.67792272567749,11.1227359771729,1.18457567691803,1.24456548690796,NA,1.14561188220978,3.77411866188049,9.01439571380615,NA,1.04127895832062,NA,1.63341188430786,3.50929141044617,4.68647146224976,0.00451277568936348,4.08700799942017,2.13990902900696,NA,4.87165832519531,0.505529046058655,21.9826736450195,4.7942910194397,1.67951667308807,5.56725311279297,3.45462203025818,1.89396631717682,3.07579565048218,4.2964596748352,NA,NA,0.871619164943695,NA,2.08415389060974,NA,NA,0.90449333190918,1.85410284996033
2001-08-31,3275.60009765625,8.74807262420654,2.43760919570923,3.8997597694397,10.6890869140625,4.47424650192261,8.36752319335938,4.06375455856323,13.5321550369263,3.57041239738464,11.4582872390747,1.14644014835358,1.32400584220886,NA,1.13519668579102,4.20529651641846,8.25345706939697,NA,1.12952315807343,NA,1.60606455802917,3.46360921859741,4.15900707244873,0.00416544917970896,4.0319938659668,2.21759676933289,NA,4.76673030853271,0.496806472539902,26.7612342834473,4.26499080657959,2.13042449951172,5.7092227935791,3.45716285705566,1.62728714942932,2.47577261924744,3.74527359008789,NA,NA,0.915725350379944,NA,2.10664224624634,NA,NA,0.959821343421936,1.88481521606445
2001-09-30,3049.5,7.7804365158081,2.244065284729,3.72701120376587,10.4704627990723,4.23318290710449,6.46718597412109,4.17105436325073,12.5821981430054,4.00786638259888,10.6284189224243,1.27725481987,1.37635004520416,NA,1.05493986606598,3.68619680404663,7.85034132003784,NA,1.08331739902496,NA,1.58831799030304,3.50513815879822,4.31896924972534,0.0036448126193136,2.20066022872925,2.10252666473389,NA,4.07720422744751,0.468767821788788,27.5103893280029,4.45007610321045,2.33424258232117,5.26406335830688,3.43810415267944,1.83439660072327,2.40247249603271,3.21527910232544,NA,NA,0.903123259544373,NA,2.12962341308594,NA,NA,0.929769277572632,1.75388085842133
2001-10-31,3248.80004882812,8.88937282562256,2.34083724021912,4.11401605606079,11.705023765564,4.73999404907227,7.68703126907349,4.33308219909668,13.1693696975708,3.84890365600586,10.9515247344971,1.19437956809998,1.4009827375412,NA,1.10804116725922,3.82384586334229,8.57694244384766,NA,1.09404301643372,NA,1.65970349311829,3.68371772766113,4.58837842941284,0.00347114796750247,2.79890847206116,2.18776392936707,NA,4.37266778945923,0.503265976905823,29.7419185638428,4.38207530975342,2.84763479232788,5.19424295425415,3.65755867958069,2.35512852668762,2.73741245269775,3.10928225517273,NA,NA,0.941138565540314,NA,2.19094610214233,NA,NA,0.954236626625061,1.85491144657135
2001-11-30,3337.5,8.52568912506104,2.64983701705933,4.27440977096558,11.1706666946411,4.55491828918457,8.13800621032715,4.61273670196533,12.3790969848633,3.75082159042358,11.8072385787964,1.34063017368317,1.43793201446533,NA,1.06910014152527,3.76027059555054,8.38131904602051,NA,1.0368378162384,NA,1.78641128540039,3.68496370315552,4.17710733413696,0.00347114796750247,2.74478459358215,2.28756284713745,NA,4.2289400100708,0.521529376506805,26.5658302307129,4.78805446624756,2.76577877998352,5.53065061569214,3.31632947921753,2.30778908729553,3.0063374042511,3.81593751907349,NA,NA,0.927066802978516,NA,2.18003129959106,NA,NA,0.954236626625061,2.82661318778992
2001-12-31,3422.30004882812,8.92514514923096,2.77041673660278,4.50909519195557,11.9938640594482,5.05126714706421,8.20833873748779,4.48115110397339,13.2463493347168,3.80155444145203,12.6541147232056,1.32600486278534,1.29629421234131,NA,1.10450112819672,3.8495078086853,9.44747161865234,NA,1.00859320163727,NA,1.95394551753998,3.77217841148376,4.37790203094482,0.00315883755683899,2.96900653839111,2.20196962356567,NA,4.29662036895752,0.531877279281616,26.8610038757324,5.43506574630737,2.64011383056641,5.35102033615112,3.44240784645081,2.19698619842529,2.85699462890625,4.00502109527588,NA,NA,0.938390552997589,NA,2.20654034614563,NA,NA,1.08693444728851,3.10488605499268
2002-01-31,3445.5,9.7777156829834,2.98149490356445,4.44670295715332,10.9945669174194,4.74080991744995,8.89932346343994,4.40292310714722,12.9870939254761,3.98080849647522,13.4683361053467,1.32356786727905,1.2932151556015,NA,1.17176222801208,3.69552826881409,9.32386875152588,NA,1.04398906230927,NA,1.87895691394806,4.07410049438477,4.01588296890259,0.00347114796750247,2.93807911872864,2.07411432266235,NA,4.46772575378418,0.527738094329834,24.8396301269531,5.30307245254517,2.72658157348633,5.55709648132324,3.23930644989014,2.30187201499939,1.78670394420624,4.4872555732727,NA,NA,0.905807733535767,NA,2.17535281181335,NA,NA,0.939099788665771,3.35122919082642
2002-02-28,3417.30004882812,9.83292484283447,3.06328797340393,4.73948669433594,9.93471145629883,4.99959659576416,9.14356708526611,4.64888763427734,11.4064598083496,4.10561084747314,13.3227643966675,1.26750504970551,1.23826813697815,NA,1.19654262065887,3.46167850494385,8.34575176239014,NA,1.07969450950623,NA,1.94969832897186,3.97858214378357,3.9527416229248,0.00333250034600496,3.05405712127686,2.1273877620697,NA,4.96202611923218,0.538085758686066,22.849365234375,4.86493015289307,2.76693224906921,5.47500562667847,3.03362250328064,2.67466902732849,1.48260712623596,4.12686252593994,NA,NA,0.938390552997589,NA,2.1593337059021,NA,NA,0.97542941570282,3.17185235023499
2002-03-31,3414.80004882812,9.75105857849121,3.00787997245789,4.46759605407715,9.62490749359131,5.04020595550537,8.8034839630127,4.68231582641602,11.7636871337891,4.28287410736084,13.0617876052856,1.33804380893707,1.23826813697815,NA,1.21952962875366,3.71569299697876,8.57783889770508,NA,1.11928379535675,NA,2.1205883026123,3.80000019073486,4.0446047782898,0.00329783768393099,2.83269119262695,2.12010216712952,NA,5.01315879821777,0.521244406700134,25.4890727996826,4.91399335861206,2.83610558509827,5.51351070404053,2.6076238155365,2.72886085510254,1.33351612091064,4.23023319244385,NA,NA,0.938390552997589,NA,2.18314981460571,NA,NA,1.1223019361496,3.32451009750366
2002-04-30,3350,9.99757385253906,2.84957027435303,4.6479024887085,9.1235237121582,5.14321660995483,8.95291233062744,4.17738962173462,11.5302486419678,4.50593948364258,12.5107622146606,1.26591897010803,1.33113861083984,NA,1.19800913333893,3.24901556968689,8.13608264923096,NA,1.15887260437012,NA,1.92887437343597,4.00350093841553,4.28302145004272,0.00333250034600496,2.87996697425842,2.13831615447998,NA,5.20226240158081,0.536016643047333,22.8600444793701,4.714928150177,2.76486659049988,5.33663368225098,2.47767663002014,2.71081352233887,1.4148268699646,4.42366170883179,NA,NA,0.953595876693726,NA,2.18314981460571,NA,NA,1.02468430995941,3.35818982124329
2002-05-31,3373.60009765625,10.1953945159912,2.84957027435303,4.7366247177124,8.64235687255859,5.39275979995728,9.3213357925415,4.22729444503784,11.4418277740479,4.46132612228394,12.1746015548706,1.17638432979584,1.36828696727753,NA,1.18366158008575,3.51484394073486,8.09077167510986,NA,1.24164927005768,NA,2.36286664009094,4.0907130241394,3.8700475692749,0.00347114796750247,2.90754675865173,2.25852727890015,NA,5.35663318634033,0.519134044647217,22.5811157226562,4.18789529800415,2.57860136032104,4.90416669845581,2.29574942588806,2.75298047065735,1.06789660453796,4.2893967628479,NA,NA,0.997040510177612,NA,2.23857760429382,NA,NA,1.05757510662079,3.78001141548157
2002-06-30,3216,10.0219202041626,2.73744702339172,4.74503087997437,7.51651287078857,5.3346848487854,9.31008815765381,3.99244523048401,10.5277137756348,4.51280212402344,11.6166381835938,1.15897488594055,1.30018198490143,NA,1.12985861301422,3.19585037231445,7.96779489517212,NA,1.21285712718964,NA,2.1513831615448,4.0907130241394,4.01905822753906,0.00312417559325695,2.61600399017334,2.35323977470398,NA,5.17138814926147,0.505959331989288,20.2072772979736,4.27302932739258,2.44472408294678,4.52692365646362,2.23077416419983,2.77105331420898,1.19257497787476,4.59325885772705,NA,NA,0.986405730247498,NA,2.2709047794342,NA,NA,1.07463705539703,3.98399949073792
2002-07-31,3086.19995117188,9.48628425598145,2.70934009552002,4.45577335357666,6.65694952011108,4.96133995056152,8.7893533706665,4.13922643661499,8.71370983123779,4.16276025772095,11.4641542434692,1.19628083705902,1.17635500431061,NA,1.0437741279602,3.20766425132751,8.07782745361328,NA,1.20205998420715,NA,2.17227029800415,3.99934649467468,3.43152642250061,0.00318324216641486,2.67116093635559,2.23302817344666,NA,4.90895938873291,0.505959331989288,22.2428493499756,4.12302827835083,2.3457715511322,4.1090579032898,2.16146874427795,2.92165374755859,0.94863897562027,4.16926717758179,NA,NA,0.948207974433899,NA,2.25474119186401,NA,NA,1.05149865150452,3.75087070465088
2002-08-31,3120.10009765625,9.64072036743164,2.58993554115295,4.41778755187988,5.37227535247803,5.24342250823975,9.11284160614014,4.35939931869507,8.74610328674316,4.11814641952515,11.4814100265503,1.20871663093567,1.25065124034882,NA,1.1477929353714,3.10961174964905,8.11666488647461,NA,1.33882164955139,NA,2.3132598400116,4.15300893783569,2.95043039321899,0.00265270145609975,2.90360736846924,2.34231233596802,NA,4.91667795181274,0.521030724048615,23.1452770233154,4.50496101379395,2.39815878868103,4.04219913482666,2.6645176410675,2.59470725059509,1.21425795555115,4.7911171913147,NA,NA,0.99314671754837,NA,2.26410150527954,NA,NA,1.06178212165833,4.00065135955811
2002-09-30,2970.89990234375,9.4127368927002,2.57287812232971,4.04671621322632,5.19853353500366,4.88113927841187,8.80513572692871,4.12053775787354,7.97586917877197,4.29607152938843,10.5966119766235,1.20560932159424,1.20407366752625,NA,1.1148943901062,2.88280725479126,7.50823879241943,NA,1.28471636772156,NA,2.19139337539673,4.06994867324829,2.78801536560059,0.00282954866997898,2.8857421875,2.27094388008118,NA,4.48810911178589,0.563556134700775,20.4240570068359,4.12886619567871,2.18861055374146,3.39519333839417,2.6244843006134,2.22226119041443,1.20640993118286,4.59325885772705,NA,NA,1.02685081958771,NA,2.31349968910217,NA,NA,1.07184708118439,3.96318340301514
2002-10-31,3010.30004882812,9.01299285888672,2.68090987205505,4.16651153564453,4.0805196762085,5.181067943573,8.88666439056396,3.9986720085144,8.07304859161377,4.257652759552,10.998797416687,1.20815253257751,1.23214817047119,NA,0.921158730983734,2.89474487304688,7.73478078842163,NA,1.35366952419281,NA,2.17277717590332,4.22776222229004,2.80098295211792,0.00183920608833432,3.17995882034302,2.2933177947998,NA,4.45276880264282,0.574606120586395,20.9623165130615,4.00622701644897,2.24251317977905,3.58370900154114,2.802414894104,2.34020209312439,1.23931205272675,4.17271709442139,NA,NA,1.03359186649323,NA,2.37272500991821,NA,NA,1.07707619667053,4.28373670578003
2002-11-30,3061.39990234375,8.47896003723145,2.90259146690369,4.26535177230835,5.04522085189819,5.32561874389648,8.81982803344727,4.26982164382935,8.80690288543701,3.95378184318542,12.1214027404785,1.16236972808838,1.27893853187561,NA,0.935779929161072,3.07380127906799,7.60532665252686,NA,1.30649101734161,NA,2.18075561523438,4.23606824874878,1.94512760639191,0.00282954866997898,3.22429299354553,2.23738408088684,NA,4.53129959106445,0.559136092662811,22.4275913238525,4.08389854431152,2.1123411655426,3.81602072715759,2.86024212837219,2.35261678695679,1.08576893806458,4.50922775268555,NA,NA,1.0965062379837,NA,2.40626120567322,NA,NA,1.08753287792206,4.45974445343018
2002-12-31,3007.10009765625,8.43211460113525,2.91119623184204,4.12147617340088,5.09475231170654,5.14712762832642,8.55052089691162,4.05198812484741,8.66012001037598,3.98172426223755,11.8730993270874,1.12167394161224,1.25398373603821,NA,1.00157737731934,2.79327917098999,7.65143251419067,NA,1.34641134738922,NA,2.41299557685852,4.37727069854736,2.03157734870911,0.00212216121144593,3.28474712371826,2.43138694763184,NA,4.48025560379028,0.59253203868866,23.3127365112305,4.11299276351929,2.10642409324646,3.24433755874634,2.90917301177979,2.37744688987732,1.01448142528534,4.59672069549561,NA,NA,1.11841583251953,NA,2.49010324478149,NA,NA,1.24211156368256,4.73007106781006
2003-01-31,2956.89990234375,8.09170532226562,2.55841135978699,4.24137401580811,4.18901777267456,4.8863034248352,8.53705501556396,4.2957181930542,9.559157371521,4.17033338546753,11.1631631851196,1.14202165603638,1.28517758846283,NA,0.98695570230484,2.69778203964233,6.9710111618042,NA,1.41173565387726,NA,2.2020320892334,4.41049480438232,1.97970712184906,0.00247585540637374,3.11950278282166,2.21500968933105,NA,4.60590696334839,0.585849642753601,22.1285514831543,3.7037148475647,1.9525842666626,2.6610164642334,2.83800148963928,2.32158017158508,1.09673643112183,4.45907545089722,NA,NA,1.15090119838715,NA,2.43979835510254,NA,NA,1.10844433307648,4.36549711227417
2003-02-28,2800.89990234375,7.88004970550537,2.62437891960144,4.21139812469482,3.29979515075684,4.653892993927,7.78299331665039,3.87985610961914,9.1041316986084,4.04110050201416,11.7157297134399,1.01739096641541,1.35707032680511,NA,1.11854910850525,1.10003423690796,6.60207223892212,NA,1.5605309009552,NA,2.19139337539673,4.49355602264404,1.84571003913879,0.00226363865658641,3.26459574699402,2.1814489364624,NA,4.35853147506714,0.565801560878754,20.0322971343994,3.6024272441864,1.90524899959564,2.03136038780212,2.73124217987061,1.91188931465149,0.976094841957092,4.47258758544922,NA,NA,1.12769746780396,NA,2.36438155174255,NA,NA,1.0765472650528,3.52581310272217
2003-03-31,2885.19995117188,8.36492538452148,2.6616644859314,4.52013301849365,3.71171998977661,5.081871509552,8.6043815612793,3.46350955963135,9.06376838684082,4.34975242614746,10.9509620666504,1.04284489154816,1.39538729190826,NA,1.07615208625793,1.00733411312103,6.58265352249146,NA,1.56420266628265,NA,2.20190072059631,4.60983848571777,2.02175521850586,0.00293565611355007,3.46081352233887,2.24268198013306,NA,4.41819190979004,0.583709001541138,20.1168689727783,3.84644985198975,1.9525842666626,2.03707313537598,2.69565582275391,1.89028131961823,0.8192298412323,4.0064115524292,NA,NA,1.15322148799896,NA,2.55216646194458,NA,NA,1.1191680431366,3.89424562454224
2003-04-30,3007.5,8.74062252044678,2.59282875061035,4.76891946792603,3.71647214889526,5.28593873977661,8.7524995803833,3.82062125205994,9.20321178436279,4.59516000747681,11.2156524658203,1.07871627807617,1.50714600086212,NA,1.15036964416504,0.964074969291687,7.35936594009399,NA,1.64865517616272,NA,2.25620079040527,4.74688768386841,2.28334140777588,0.00406747590750456,3.5226879119873,2.21971964836121,NA,4.60645484924316,0.610649764537811,20.4551677703857,4.18146371841431,2.09103178977966,2.5334358215332,2.86695218086243,2.02393746376038,0.947408854961395,4.43204975128174,NA,NA,1.16018283367157,NA,2.56070065498352,NA,NA,1.12998116016388,4.24125814437866
2003-05-31,3011,9.0681562423706,2.46662950515747,4.88582134246826,2.83250379562378,5.37868785858154,8.91408348083496,3.91262888908386,10.4006595611572,4.35686635971069,10.9686107635498,1.15558457374573,1.53907716274261,NA,1.23943078517914,0.574736714363098,7.26227760314941,NA,1.65232682228088,NA,2.22633624076843,4.71366357803345,2.00402021408081,0.00565909733995795,3.70418429374695,2.02071022987366,NA,4.92690706253052,0.655550599098206,18.7938709259033,3.51970863342285,2.20552706718445,1.38414335250854,2.93456840515137,2.04939579963684,0.947408854961395,4.5266375541687,NA,NA,1.23443412780762,NA,2.6837329864502,NA,NA,1.18404746055603,4.28409957885742
2003-06-30,3026.89990234375,9.4888105392456,2.50458717346191,4.98376369476318,2.83963346481323,5.40190696716309,9.24833583831787,3.94537615776062,10.7786636352539,4.45289516448975,10.3086566925049,1.12739992141724,1.52311170101166,NA,1.26169562339783,0.8219353556633,7.50823879241943,NA,1.4870936870575,NA,2.20461559295654,4.5475435256958,2.02618908882141,0.0074275666847825,3.84443187713623,2.25799083709717,NA,5.0150294303894,0.667907774448395,19.5127601623535,3.45353388786316,2.2175784111023,1.44232785701752,2.95259976387024,2.081218957901,1.04214954376221,4.75634908676147,NA,NA,1.19900572299957,NA,2.53608441352844,NA,NA,1.22170460224152,4.71929359436035
2003-07-31,3122.30004882812,9.58514404296875,2.85738778114319,5.09417247772217,3.24359703063965,5.29741096496582,9.01367855072021,4.159019947052,11.4523267745972,4.19681978225708,11.2227087020874,1.19914352893829,1.45286321640015,NA,1.3915764093399,1.03823482990265,7.89659595489502,NA,1.51279675960541,NA,2.27520632743835,4.4312596321106,2.1902346611023,0.010610805824399,3.94755578041077,2.39576578140259,NA,5.39956998825073,0.692645072937012,20.3826808929443,3.58588337898254,2.45862007141113,1.41609168052673,3.02021646499634,2.03030228614807,1.08673346042633,4.94552087783813,NA,NA,1.20857834815979,NA,2.57950973510742,NA,NA,1.20244371891022,5.31628608703613
2003-08-31,3199.69995117188,9.27261352539062,3.18686246871948,4.79974603652954,4.01588296890259,5.08551406860352,8.58300495147705,4.39605283737183,11.8490419387817,4.18259191513062,12.2239580154419,1.28626084327698,1.39858090877533,NA,1.47692573070526,1.05104959011078,7.89659595489502,NA,1.53115618228912,NA,2.45168471336365,4.46863651275635,2.27890729904175,0.00884233880788088,4.12748622894287,2.23502850532532,NA,5.56780290603638,0.676903009414673,19.9572925567627,4.46859884262085,2.68158268928528,1.93551623821259,2.98415446281433,2.12104272842407,1.5102813243866,4.99956893920898,NA,NA,1.17028701305389,NA,2.46735548973083,NA,NA,1.21620166301727,5.0156102180481
2003-09-30,3169.5,9.15691184997559,3.07898116111755,4.96842575073242,3.8640832901001,5.21032762527466,8.50294589996338,4.4163064956665,12.9119386672974,4.25835657119751,11.7109146118164,1.24462914466858,1.39599680900574,NA,1.56737112998962,1.20839202404022,7.91568803787231,NA,1.59029996395111,NA,2.40611481666565,4.41049480438232,2.12860703468323,0.00972657278180122,4.1905951499939,2.2477388381958,NA,5.75895738601685,0.625468075275421,19.2104263305664,4.34212875366211,2.6213231086731,1.9325532913208,3.10263419151306,2.14722847938538,1.49039173126221,4.97254419326782,NA,NA,1.10088324546814,NA,2.43198108673096,NA,NA,1.17729556560516,5.22913312911987
2003-10-31,3272,9.09079742431641,3.41720247268677,4.95309400558472,4.09279775619507,5.40798711776733,8.44497203826904,4.72245121002197,13.0391893386841,4.04035186767578,12.7013711929321,1.24462914466858,1.36003494262695,NA,1.68067538738251,1.49160861968994,8.60573959350586,NA,1.59773123264313,NA,2.35080099105835,4.44371891021729,2.11952972412109,0.0091960309073329,4.33364772796631,2.40099453926086,NA,6.49353790283203,0.600173473358154,19.2838916778564,4.72575426101685,2.6443145275116,1.90923666954041,3.1719925403595,2.36326098442078,2.01343560218811,4.84417772293091,NA,NA,1.16071355342865,NA,2.51427698135376,NA,NA,1.19411444664001,5.75640535354614
2003-11-30,3170.10009765625,9.01476764678955,3.26566696166992,4.80328750610352,3.79907870292664,5.23431539535522,8.18000221252441,4.60031938552856,12.9456539154053,4.13118743896484,12.3949670791626,1.284015417099,1.36984264850616,NA,1.5975855588913,1.1706291437149,8.2739839553833,NA,1.73521018028259,NA,2.30102014541626,4.45202493667603,2.07414364814758,0.0176846776157618,4.33364772796631,2.51495289802551,NA,6.3271427154541,0.602472960948944,17.7289352416992,4.44330406188965,2.67506265640259,1.71492516994476,3.1951117515564,2.1865074634552,1.79971814155579,4.75171852111816,NA,NA,1.20379197597504,NA,2.61340618133545,NA,NA,1.22775185108185,5.85331344604492
2003-12-31,3299.80004882812,9.73541450500488,3.59606862068176,5.0297679901123,4.29743671417236,5.53816366195679,8.51550483703613,4.93096160888672,13.5276947021484,4.28742504119873,13.2536058425903,1.2656352519989,1.45811462402344,NA,1.60513949394226,1.08251762390137,8.71580410003662,NA,1.76493608951569,NA,2.44136548042297,4.66382837295532,2.39638543128967,0.0279417932033539,4.45987367630005,2.92398691177368,NA,6.93185472488403,0.656391024589539,13.1375331878662,4.3854455947876,2.9333438873291,1.95090293884277,3.23672652244568,2.15377497673035,1.86158382892609,4.67026042938232,NA,NA,1.29292905330658,NA,2.69451284408569,NA,NA,1.39181387424469,6.5589542388916
2004-01-31,3272,10.0858268737793,3.33056640625,5.20906448364258,4.20595169067383,5.50057506561279,8.68894290924072,5.24554491043091,13.0483703613281,4.26562309265137,12.6871185302734,1.29189324378967,1.45484495162964,NA,1.61269330978394,1.35314667224884,8.34696960449219,NA,1.9470032453537,NA,2.18762755393982,4.56000280380249,2.36915349960327,0.0247585456818342,4.3504786491394,2.44814944267273,NA,6.69240522384644,0.649358093738556,13.4681148529053,4.3758544921875,2.8411009311676,1.74841368198395,3.41243529319763,2.26506495475769,1.79971814155579,4.46661472320557,NA,NA,1.29045259952545,NA,2.667475938797,NA,NA,1.23880994319916,6.03203773498535
2004-02-29,3381.39990234375,10.8173274993896,3.66686916351318,5.33803272247314,4.76690721511841,5.64466619491577,8.81404495239258,5.33282327651978,12.7250099182129,4.28742504119873,12.9151401519775,1.27088737487793,1.49080717563629,NA,1.72977316379547,1.68042075634003,9.09010314941406,NA,2.1223726272583,NA,2.1572060585022,4.74688768386841,2.39638543128967,0.021221611648798,4.75860023498535,2.40099453926086,NA,6.84256744384766,0.644669711589813,14.5774040222168,4.29364585876465,3.04403686523438,1.90806901454926,3.64466333389282,2.44181799888611,1.90095269680023,4.54807376861572,NA,NA,1.33008217811584,NA,2.75341725349426,NA,NA,1.31873297691345,6.16608381271362
2004-03-31,3415.30004882812,11.2849950790405,3.61671710014343,5.52047538757324,5.08064794540405,5.93911743164062,8.81404495239258,5.53118133544922,13.6190004348755,4.39582061767578,12.4132204055786,1.22515630722046,1.55460298061371,NA,1.82552242279053,2.18272686004639,9.40858745574951,NA,2.06602621078491,NA,2.26384329795837,4.81748962402344,2.60024333000183,0.021221611648798,4.79721736907959,2.45679140090942,NA,6.83813142776489,0.622341215610504,12.5918426513672,4.39240121841431,3.07478499412537,2.19233226776123,3.78051710128784,2.2802107334137,1.78197944164276,4.4123101234436,NA,NA,1.39943492412567,NA,2.82684183120728,NA,NA,1.35003054141998,6.38055753707886
2004-04-30,3400.80004882812,10.590274810791,3.42117881774902,5.49531173706055,5.34218835830688,5.81695032119751,8.37903118133545,5.4510760307312,13.1815176010132,4.37727308273315,11.7350196838379,1.28992247581482,1.52438378334045,NA,1.86779701709747,2.57091021537781,8.89104843139648,NA,2.14115428924561,NA,1.96388375759125,4.83825445175171,2.57243371009827,0.0137940505519509,4.99888753890991,2.58970069885254,NA,6.64405345916748,0.608089208602905,12.373987197876,4.58132123947144,3.30706191062927,2.24684810638428,4.22556018829346,2.24009013175964,1.70252871513367,4.54807376861572,NA,NA,1.28054487705231,NA,2.76259613037109,NA,NA,1.21938252449036,6.59949827194214
2004-05-31,3460.19995117188,11.0308303833008,3.60610723495483,5.45441913604736,5.59888315200806,5.80419874191284,8.58658790588379,5.38813495635986,13.0419769287109,4.34388780593872,12.6873826980591,1.2656352519989,1.5176682472229,NA,1.77940320968628,2.81272768974304,9.24934577941895,NA,2.0735387802124,NA,1.87616097927094,4.84240674972534,2.74392890930176,0.0153856733813882,5.31641483306885,2.75885581970215,NA,6.37977504730225,0.639198303222656,12.6665363311768,4.35805034637451,3.49425435066223,2.200119972229,4.21619081497192,2.26683688163757,1.74792778491974,4.19508695602417,NA,NA,1.31522107124329,NA,3.23342347145081,NA,NA,1.23389911651611,6.63524532318115
2004-06-30,3532.89990234375,11.0409984588623,3.73734664916992,5.67338275909424,5.40030717849731,5.87815761566162,8.73204708099365,5.6074743270874,13.1859817504883,4.22889184951782,12.9687633514404,1.35738730430603,1.63518691062927,NA,1.92160129547119,3.08000063896179,9.4218578338623,NA,2.11861634254456,NA,1.97237384319305,5.03759813308716,2.78100919723511,0.0180383734405041,5.49234104156494,2.79107642173767,NA,6.41694211959839,0.644040286540985,14.1417036056519,4.41386890411377,3.39441728591919,2.46491312980652,4.27240705490112,2.35376596450806,1.80467998981476,4.10180044174194,NA,NA,1.33026647567749,NA,3.26146125793457,NA,NA,1.27245688438416,6.85201263427734
2004-07-31,3536.10009765625,10.5801086425781,3.93122291564941,5.43162107467651,6.17281675338745,5.8074140548706,7.80441188812256,5.62273263931274,12.8512706756592,4.34388780593872,13.6686086654663,1.33040165901184,1.70569825172424,NA,1.91391587257385,3.27727270126343,9.22280693054199,NA,2.28389835357666,NA,1.94124591350555,5.23279094696045,2.76246809959412,0.0187457595020533,5.35503149032593,2.91995763778687,NA,6.50365447998047,0.6343554854393,13.8118143081665,4.46539258956909,3.66272568702698,2.44154930114746,4.25366830825806,2.33370518684387,1.68550336360931,3.89671039581299,NA,NA,1.41758131980896,NA,3.26146125793457,NA,NA,1.3464367389679,7.0789008140564
2004-08-31,3552.69995117188,10.5918550491333,3.96359062194824,5.43162107467651,6.25999689102173,5.90066766738892,7.79856204986572,5.99262046813965,13.1937637329102,4.79897499084473,13.1670436859131,1.29531991481781,1.88029718399048,NA,1.95234763622284,4.47363567352295,9.88631725311279,NA,2.24248862266541,NA,2.07424712181091,5.52765560150146,3.12863492965698,0.021221611648798,5.53128528594971,2.71922945976257,NA,6.5477294921875,0.693703472614288,12.2449989318848,4.89945697784424,3.89359617233276,2.43376088142395,4.47404861450195,2.34221053123474,2.04870891571045,3.71896529197693,NA,NA,1.44069409370422,NA,3.36988806724548,NA,NA,1.33755934238434,7.35116577148438
2004-09-30,3665,10.5883483886719,4.33489465713501,5.71529197692871,6.93815755844116,6.11611461639404,7.89512825012207,6.37937021255493,14.1356172561646,5.16695499420166,13.8683052062988,1.28940284252167,1.8690938949585,NA,2.05258250236511,4.96016311645508,10.1517219543457,NA,2.30710315704346,NA,2.08145213127136,5.54426574707031,3.33157587051392,0.021928995847702,5.72805166244507,3.02823257446289,NA,6.85032320022583,0.718478679656982,15.1868505477905,5.02260160446167,3.86863827705383,2.42597317695618,4.7611517906189,2.36968517303467,2.34220457077026,3.93772912025452,NA,NA,1.46123898029327,NA,3.50278520584106,NA,NA,1.31127846240997,7.85031986236572
2004-10-31,3791.19995117188,11.2862892150879,4.18395757675171,6.14079427719116,6.98702096939087,6.64025974273682,8.33992576599121,6.80798387527466,15.6379165649414,5.21248054504395,13.4336681365967,1.29772114753723,2.15135169029236,NA,2.14731764793396,5.50418090820312,11.2796897888184,NA,2.47813963890076,NA,2.26988530158997,5.46951246261597,3.36451435089111,0.0519929453730583,5.99040460586548,3.40727591514587,NA,7.85055351257324,0.743253648281097,15.6262273788452,4.94783449172974,4.04589557647705,2.48827767372131,4.88077878952026,2.27352428436279,3.03278040885925,4.2932186126709,NA,2.20075035095215,1.51260042190552,NA,3.5217707157135,NA,NA,1.36553835868835,7.93199634552002
2004-11-30,3899.30004882812,10.9460868835449,4.60959911346436,6.02890300750732,6.41779565811157,6.52698278427124,8.37967014312744,7.4957594871521,17.334644317627,5.54252910614014,14.3175573348999,1.36149823665619,2.16856360435486,NA,2.2657356262207,5.67698383331299,11.1602573394775,NA,2.62257170677185,NA,2.13653349876404,5.37814712524414,3.2704017162323,0.112474530935287,6.00789451599121,3.58855819702148,NA,7.99764442443848,0.794466435909271,14.709282875061,5.45361375808716,4.71175479888916,2.66740274429321,5.34971618652344,2.42463445663452,3.04429006576538,4.0129280090332,NA,2.2178099155426,1.50232803821564,NA,3.50717377662659,NA,NA,1.42281305789948,9.25365543365479
2004-12-31,4050.60009765625,11.2582321166992,4.63072967529297,6.43148994445801,7.14581441879272,6.79770183563232,8.69650840759277,7.9343409538269,18.3822345733643,5.69427537918091,14.2883453369141,1.36149823665619,2.30624938011169,NA,2.53809762001038,6.36820697784424,11.5318231582642,NA,2.61877155303955,NA,2.13073515892029,5.689621925354,3.2704017162323,0.0954972505569458,6.71187686920166,3.49379730224609,NA,8.57340812683105,0.827253818511963,16.0783290863037,5.82744932174683,4.51516723632812,2.8270571231842,5.82822561264038,2.54826998710632,3.26297283172607,4.58034420013428,NA,2.34355759620667,1.58932185173035,NA,3.6035258769989,NA,NA,1.50334143638611,9.47220802307129
2005-01-31,4127.7001953125,11.8193912506104,4.99901390075684,6.30279302597046,7.69549131393433,6.76798963546753,9.00731563568115,7.9223837852478,19.7658462524414,5.55770349502563,15.9501953125,1.38368165493011,2.70898246765137,NA,2.59730792045593,7.01462936401367,12.3081331253052,NA,2.65297889709473,NA,2.07275581359863,5.76022291183472,3.52921056747437,0.120255820453167,6.68564081192017,3.86048102378845,NA,8.77934169769287,0.925616323947906,16.8742847442627,5.98138380050659,4.6927318572998,2.99449872970581,5.39756774902344,2.46584725379944,3.59675192832947,4.66921615600586,NA,2.29029512405396,1.53094899654388,NA,3.70951151847839,NA,NA,1.4205037355423,9.15135288238525
2005-02-28,4184.89990234375,12.9442090988159,5.86090612411499,6.34239196777344,8.08881378173828,7.03210353851318,8.81419467926025,7.94154787063599,19.1610050201416,6.05467176437378,17.6057834625244,1.48073351383209,2.50656127929688,NA,2.51836180686951,6.90582704544067,12.7327785491943,NA,2.68895387649536,7.45373821258545,2.12889409065247,5.93464994430542,3.77860760688782,0.157039925456047,6.68546676635742,3.66187739372253,NA,8.90300464630127,0.960926413536072,18.9381542205811,5.64694023132324,4.55955934524536,2.82316279411316,5.80419492721558,2.51392674446106,3.31476497650146,4.23852634429932,NA,2.27253985404968,1.52564299106598,NA,3.57070755958557,NA,NA,1.40823173522949,9.27690601348877
2005-03-31,4109.7998046875,12.5528287887573,5.454918384552,6.27969360351562,8.39238262176514,6.80760717391968,8.55469036102295,8.07154083251953,18.9870700836182,6.19709348678589,16.7064342498779,1.42726898193359,2.48893332481384,NA,2.55016493797302,6.53997802734375,13.1804962158203,NA,2.81944823265076,7.32958745956421,2.13187122344971,5.89727163314819,3.79004645347595,0.109645016491413,6.64086771011353,3.78380084037781,NA,8.68857860565186,0.959796011447906,21.1426639556885,5.65592098236084,4.65468168258667,2.75696444511414,5.84289073944092,2.50667357444763,3.25671315193176,4.09496355056763,NA,2.29029512405396,1.54952228069305,NA,3.47288036346436,NA,NA,1.37884211540222,8.4863920211792
2005-04-30,3983.19995117188,13.0483360290527,4.89629983901978,6.41829204559326,7.75890350341797,7.1212420463562,8.79608917236328,7.29160213470459,18.0857486724854,5.90364742279053,15.3222455978394,1.35716807842255,2.61232304573059,NA,2.43753933906555,6.23160886764526,13.3772192001343,NA,2.77199530601501,7.61891460418701,1.92344832420349,5.96372079849243,3.74237370491028,0.112120859324932,6.64532566070557,3.89310932159424,NA,8.54276657104492,0.934201121330261,19.7890224456787,5.36414480209351,5.06850337982178,2.61678004264832,5.70746040344238,2.27365827560425,2.92581868171692,3.82834720611572,NA,2.31692600250244,1.54952228069305,NA,3.60983848571777,NA,NA,1.31005597114563,7.30062055587769
2005-05-31,4106.39990234375,13.3032703399658,5.09166526794434,6.48098707199097,7.09595823287964,7.24852418899536,9.49012279510498,7.45815181732178,20.0726623535156,6.2048134803772,15.7552709579468,1.40764081478119,2.5629677772522,NA,2.35307025909424,6.73270750045776,13.2958164215088,NA,2.82340145111084,7.71535730361938,2.01872777938843,5.77683544158936,3.79004645347595,0.0852401405572891,6.54274797439575,4.23785448074341,NA,9.81646060943604,0.948375403881073,20.8203678131104,5.47636651992798,5.14549446105957,2.57005167007446,5.6107234954834,2.27365827560425,3.4250648021698,4.59401512145996,NA,2.43232870101929,1.46461689472198,NA,3.50825119018555,NA,NA,1.04429256916046,7.32387256622314
2005-06-30,4277.5,13.6264247894287,5.54038953781128,6.75173425674438,8.27943229675293,7.34989976882935,9.28190803527832,8.12637519836426,23.8200969696045,6.37470436096191,16.5879993438721,1.41885721683502,2.69065713882446,NA,2.41742777824402,7.45223188400269,13.6417818069458,NA,3.0092568397522,7.99541521072388,1.99490785598755,5.9097318649292,3.89492917060852,0.102571129798889,7.14930152893066,4.75917959213257,NA,9.91938972473145,0.97695642709732,25.2680702209473,5.81751823425293,5.68442153930664,2.5194296836853,6.07989597320557,2.37957453727722,3.40184473991394,5.23383140563965,NA,2.5170693397522,1.51584434509277,NA,3.62751269340515,NA,NA,1.14298903942108,8.39675140380859
2005-07-31,4388.7998046875,14.0249900817871,5.90974855422974,6.68404817581177,8.5642557144165,7.25190353393555,9.4297685623169,8.10403633117676,25.1157493591309,6.33223104476929,18.1794414520264,1.42166090011597,2.5859215259552,NA,2.45765137672424,7.99187803268433,13.845287322998,NA,2.89062547683716,7.95622062683105,2.08720922470093,5.94710826873779,3.96167278289795,0.1061080545187,7.550696849823,4.49851703643799,NA,11.0215435028076,0.984751224517822,26.0609092712402,5.87138175964355,5.49836301803589,2.64014458656311,6.21048831939697,2.34426951408386,3.57599973678589,6.07510662078857,NA,2.55394840240479,1.5735125541687,NA,3.79646444320679,NA,NA,1.21982824802399,9.03829860687256
2005-08-31,4446.7998046875,13.8336877822876,6.24553060531616,6.6806640625,8.43873500823975,7.48845148086548,9.44787406921387,8.36151313781738,25.1635894775391,6.27431440353394,18.802360534668,1.31230247020721,2.58230900764465,NA,2.17608714103699,8.04969596862793,13.8610572814941,NA,2.86689949035645,8.367751121521,1.96513319015503,5.89311838150024,4.23341035842896,0.108230233192444,7.77123880386353,4.94576549530029,NA,11.6148624420166,0.984751224517822,27.3571796417236,6.04654502868652,5.84481763839722,2.86989092826843,7.51435232162476,2.33677077293396,3.87786865234375,5.94408893585205,NA,2.5170693397522,1.62019598484039,NA,3.94492888450623,NA,NA,1.22303009033203,8.97225761413574
2005-09-30,4641.2001953125,14.2072772979736,6.86802291870117,7.14093160629272,9.45571613311768,8.1102352142334,9.97292423248291,8.52067852020264,30.0392436981201,6.55083322525024,22.1023998260498,1.17966175079346,2.60036778450012,NA,2.25600171089172,7.67408609390259,13.8680963516235,NA,2.9228789806366,8.44343090057373,2.05652451515198,6.15475654602051,4.28412818908691,0.170480281114578,8.48928356170654,5.34296464920044,NA,11.8642206192017,0.911024570465088,25.5398769378662,6.42273330688477,6.10308361053467,2.89714980125427,7.61258316040039,2.45324540138245,3.86484265327454,6.17164659500122,NA,2.52628874778748,1.69159471988678,NA,3.93484020233154,NA,NA,1.31754910945892,9.90627670288086
2005-10-31,4474.7001953125,14.5179758071899,6.44822597503662,6.96494674682617,9.58868503570557,7.98858451843262,9.98801136016846,7.5593204498291,26.2120723724365,6.44447565078735,21.3026180267334,1.22603666782379,2.34755396842957,NA,2.15270447731018,7.41504335403442,13.4951829910278,NA,2.64298677444458,8.08498096466064,2.06265449523926,6.30426597595215,4.10038471221924,0.157393634319305,8.22115421295166,4.74503087997437,NA,12.6210422515869,0.971759796142578,24.4195423126221,6.32180643081665,5.8433780670166,2.83095097541809,7.11653423309326,2.52604222297668,3.882408618927,5.90960931777954,NA,2.45252871513367,1.69983267784119,NA,3.87430238723755,NA,NA,1.26862990856171,9.17981624603271
2005-11-30,4580.10009765625,15.2170562744141,6.63651752471924,7.61526775360107,9.84970378875732,8.14836120605469,9.86140060424805,7.5869083404541,27.0957527160645,6.70839977264404,22.5733070373535,1.1129983663559,2.39811611175537,NA,2.13617777824402,7.90074634552002,13.7977313995361,NA,2.81092143058777,8.54299926757812,2.14540648460388,6.70710706710815,4.66612148284912,0.170480281114578,8.59835720062256,4.89451503753662,NA,13.3384952545166,1.02193224430084,25.6962051391602,6.30804204940796,6.15502500534058,2.97113537788391,7.36210250854492,2.69347429275513,4.03466129302979,6.17634057998657,NA,2.54472875595093,1.70532560348511,NA,4.00100564956665,NA,NA,1.31754910945892,10.3855791091919
2005-12-31,4763.39990234375,15.8125658035278,7.02236175537109,7.87487840652466,10.465311050415,8.30086135864258,10.0348386764526,7.84581804275513,27.5402698516846,6.63749408721924,25.7873840332031,1.13908398151398,2.47222113609314,NA,2.23947477340698,7.97845935821533,14.1073217391968,NA,3.00284743309021,9.66017913818359,2.2894549369812,7.13902235031128,4.8933835029602,0.194177761673927,8.90738677978516,5.23192071914673,NA,14.2178211212158,1.07242834568024,29.7867603302002,6.64294195175171,6.16801023483276,2.99449872970581,7.2687840461731,2.9409830570221,3.97610211372375,6.24573755264282,NA,2.66584587097168,1.84191679954529,NA,4.20618581771851,NA,NA,1.36889863014221,10.4676780700684
2006-01-31,4956.7001953125,16.4598712921143,8.02246856689453,8.16564178466797,10.8445262908936,8.73063373565674,10.7007331848145,8.07289123535156,25.6409473419189,6.79900121688843,28.1082553863525,1.18835723400116,2.71569800376892,NA,2.33037495613098,7.5121865272522,15.6482210159302,NA,2.93887090682983,9.82186031341553,2.11475849151611,7.45880222320557,4.80151319503784,0.228132322430611,8.72560024261475,5.75297784805298,NA,15.2896203994751,1.1260495185852,30.3794975280762,6.65211725234985,6.13554763793945,3.23203492164612,7.29334211349487,3.03561806678772,3.9702455997467,6.14164209365845,NA,2.64666748046875,1.85608541965485,NA,4.17540740966797,NA,NA,1.35228550434113,11.211706161499
2006-02-28,4850.60009765625,16.5206851959229,7.50461196899414,8.0306453704834,12.7972288131714,8.78608798980713,11.1281452178955,7.79606771469116,24.913537979126,7.22836875915527,26.4467182159424,1.12986207008362,2.62205362319946,NA,2.16923236846924,7.73884725570679,14.1706466674805,NA,2.76161742210388,9.94311714172363,2.25574111938477,7.8990216255188,4.81118297576904,0.184274345636368,9.38911437988281,4.92742013931274,NA,14.0581216812134,1.17710185050964,31.2672061920166,6.2638349533081,6.20047426223755,3.30212736129761,7.43909883499146,2.9409830570221,3.94086289405823,6.14164209365845,NA,2.67543601989746,1.89292323589325,NA,4.2533106803894,NA,NA,1.39880168437958,11.5041856765747
2006-03-31,5129.7001953125,17.1216449737549,8.74445056915283,8.24525928497314,13.5387725830078,9.18466567993164,11.676344871521,7.59359931945801,26.1380043029785,7.54593563079834,29.6843242645264,1.10043847560883,2.524662733078,NA,2.31978559494019,9.06449508666992,13.6781196594238,NA,2.96408247947693,10.2025499343872,2.327885389328,7.69552516937256,5.2630500793457,0.221058487892151,10.1248645782471,4.94480085372925,NA,14.5520887374878,1.17710185050964,34.9429931640625,6.49374294281006,6.56010913848877,3.45166850090027,7.78625583648682,2.64913010597229,4.34853792190552,6.57884216308594,NA,2.81927609443665,1.90425872802734,NA,4.30543422698975,NA,NA,1.43758690357208,11.8992881774902
2006-04-30,5258.7998046875,17.7641754150391,9.15044212341309,8.68832588195801,14.2812986373901,9.68722534179688,11.6484689712524,7.88097143173218,28.853645324707,7.47780847549438,29.6090240478516,1.15928530693054,2.47222113609314,NA,2.39612197875977,9.6894063949585,14.3113679885864,NA,2.85475206375122,10.5508317947388,2.27440667152405,8.05683708190918,5.46378183364868,0.307713449001312,10.3562364578247,5.13598775863647,NA,14.618839263916,1.21516144275665,34.719425201416,6.69549989700317,6.96027183532715,3.58289551734924,7.42918109893799,2.58926248550415,4.65577268600464,6.5580244064331,NA,2.8096866607666,1.94959843158722,NA,4.37840843200684,NA,NA,1.4308215379715,12.4996452331543
2006-05-31,5001.7001953125,16.3203659057617,8.8162784576416,7.94064664840698,12.7467432022095,9.35088539123535,10.8679828643799,7.5435266494751,26.3816566467285,7.45376348495483,29.4019718170166,1.09161150455475,2.50218820571899,NA,2.25996685028076,8.82768630981445,13.1222696304321,NA,2.78186511993408,11.3498258590698,2.07307600975037,6.93552255630493,5.21898937225342,0.261733293533325,9.91199970245361,4.99694299697876,NA,13.5730495452881,1.10642182826996,32.3521919250488,6.19345474243164,6.56010913848877,3.63278675079346,6.96795415878296,2.35727620124817,4.59077930450439,5.86405229568481,NA,2.81927609443665,1.9127596616745,NA,4.31020069122314,NA,NA,1.44773423671722,12.0378351211548
2006-06-30,5073.89990234375,16.7852611541748,9.05674934387207,8.25997734069824,13.3036394119263,9.40037441253662,11.1589164733887,7.69156694412231,28.4471740722656,8.0749101638794,29.2890281677246,1.0827841758728,2.70248031616211,NA,2.3206958770752,8.47247314453125,13.6147909164429,NA,2.98027944564819,12.4324512481689,2.10138845443726,7.27191686630249,5.38544797897339,0.336008876562119,9.48627471923828,5.25765419006348,NA,14.4986867904663,1.17757403850555,35.9227638244629,6.564124584198,6.3042631149292,3.7905535697937,7.04234504699707,2.21509051322937,4.63804769515991,5.3791298866272,NA,2.91763973236084,2.05031585693359,NA,4.59613704681396,NA,NA,1.49761188030243,12.3986330032349
2006-07-31,4986,16.9326648712158,8.67262268066406,7.80581951141357,13.0561285018921,8.92664241790771,11.3937749862671,7.70680618286133,25.4993801116943,7.63008451461792,27.9939880371094,1.12397730350494,2.7530300617218,NA,2.25562834739685,7.9330735206604,13.6147909164429,NA,3.05721688270569,12.370285987854,2.12970018386841,7.8990216255188,5.31690502166748,0.364304304122925,10.2035322189331,4.99694299697876,NA,14.8347215652466,1.15826916694641,34.9035339355469,6.68611669540405,6.04841995239258,3.74073243141174,6.26372194290161,2.28244161605835,4.64395427703857,4.89011812210083,NA,3.08692216873169,1.99774324893951,NA,4.78675937652588,NA,NA,1.47006964683533,12.1547117233276
2006-08-31,5115.39990234375,17.7857780456543,8.65075969696045,8.29190826416016,12.5858602523804,9.63370609283447,11.5270729064941,7.78164005279541,26.7155990600586,8.29531478881836,27.6545124053955,1.10173630714417,2.71803450584412,NA,2.46198225021362,8.70336246490479,14.4239416122437,NA,2.70087909698486,13.1369590759277,2.1108250617981,8.37661933898926,5.85055494308472,0.349802911281586,11.2313823699951,4.94875955581665,NA,14.9616708755493,1.32925200462341,33.4489707946777,7.52138233184814,6.51418590545654,3.75733876228333,6.12550020217896,2.74156284332275,4.6085057258606,4.68054151535034,NA,3.11679553985596,2.1145703792572,NA,4.83970928192139,NA,NA,1.5733528137207,11.6616687774658
2006-09-30,5154.10009765625,17.7974452972412,8.08953094482422,8.05773258209229,13.4830303192139,9.49582958221436,11.6476774215698,8.09207057952881,28.5090160369873,8.26691055297852,26.5741062164307,1.13540089130402,2.83857679367065,NA,2.35921263694763,9.3677396774292,15.8109197616577,NA,2.73793435096741,13.6797389984131,2.40518856048584,8.90820407867432,6.31788444519043,0.293565601110458,11.5326452255249,4.94875955581665,NA,14.7349786758423,1.36004161834717,35.2444496154785,7.66980075836182,6.68784666061401,3.79291605949402,6.67776012420654,3.01958084106445,4.5973424911499,5.21146774291992,NA,3.18650031089783,2.16130137443542,NA,5.05368661880493,NA,NA,1.66012740135193,11.6616687774658
2006-10-31,5416.39990234375,18.5521335601807,8.68606758117676,8.51898670196533,14.294056892395,10.4432916641235,12.1999073028564,7.99245309829712,30.4796981811523,8.5974235534668,29.9896945953369,1.19966864585876,2.83079981803894,NA,2.52900433540344,9.5006160736084,14.9749736785889,NA,2.98832869529724,14.0573987960815,2.28217816352844,6.37486553192139,6.17418432235718,0.344143807888031,11.589129447937,4.70552349090576,NA,15.9772491455078,1.28463864326477,37.2394027709961,8.04323482513428,7.15366649627686,4.09414339065552,6.68789196014404,3.28215265274048,4.54367685317993,5.62363576889038,NA,3.28607845306396,2.24015831947327,NA,5.17166328430176,NA,NA,1.71616518497467,12.6477479934692
2006-11-30,5427.89990234375,18.3303966522217,8.18421649932861,8.69116401672363,14.3863887786865,10.1750688552856,12.5247192382812,7.93917179107666,30.0632762908936,8.87489223480225,28.249683380127,1.359050989151,2.86190724372864,NA,2.52006816864014,10.2513637542725,14.5353803634644,NA,3.1361038684845,14.5189895629883,2.37929129600525,6.46208000183105,6.30797338485718,0.385525971651077,11.8856840133667,4.49324417114258,NA,16.3807640075684,1.2296587228775,36.4015312194824,8.28261756896973,7.32002973556519,4.0135326385498,6.70308923721313,3.90769267082214,5.3248085975647,5.86115646362305,NA,3.37569832801819,2.28104901313782,NA,5.56444787979126,NA,NA,1.85625970363617,12.4923696517944
2006-12-31,5669.89990234375,19.2484722137451,7.98537158966064,8.81480407714844,16.3128929138184,10.2076368331909,13.1087665557861,8.69671440124512,33.1271057128906,9.75218296051025,28.16628074646,1.50039196014404,3.06804966926575,NA,2.83731150627136,10.5636215209961,14.6650953292847,NA,3.39470887184143,16.1249465942383,2.34692001342773,6.719566822052,6.35752773284912,0.469351351261139,13.5802736282349,4.36499166488647,NA,17.2965965270996,1.2355705499649,38.5693893432617,8.82840919494629,7.55294275283813,4.28506135940552,7.53907775878906,4.03125619888306,5.30691909790039,6.76551818847656,NA,3.65119743347168,2.48426413536072,NA,6.10998344421387,NA,NA,1.98770177364349,12.8738164901733
2007-01-31,5814.10009765625,19.5752506256104,8.2852201461792,9.2366361618042,17.1438884735107,10.6744184494019,13.2320747375488,8.94691276550293,34.7387771606445,9.8909158706665,29.6788349151611,1.51851296424866,3.16065549850464,NA,2.84624862670898,10.8692350387573,15.7820949554443,NA,3.73541212081909,15.5945253372192,2.38900208473206,7.22623443603516,6.77871942520142,0.560604453086853,14.5452480316162,4.05984020233154,NA,17.4371490478516,1.247394323349,36.6542205810547,9.07258033752441,7.87235927581787,4.43355321884155,7.23001670837402,4.14709615707397,5.48580408096313,6.67399787902832,NA,3.70262503623962,2.57127332687378,NA,6.00087547302246,NA,NA,2.02325916290283,12.773154258728
2007-02-28,5810.2001953125,19.6950798034668,8.72594261169434,9.11663150787354,19.2650337219238,10.5586271286011,12.946533203125,8.6352481842041,33.5762062072754,10.9355020523071,28.8221073150635,1.58178699016571,3.07610297203064,NA,2.64517879486084,11.0286874771118,15.4794216156006,NA,3.75593662261963,15.0216627120972,2.37958836555481,6.51191711425781,6.4814076423645,0.636648237705231,15.0865783691406,4.20587110519409,NA,19.5015258789062,1.22374725341797,38.158748626709,8.61296653747559,7.6461009979248,4.34021711349487,7.03748416900635,4.07581233978271,6.013840675354,6.70919847488403,NA,3.57920265197754,2.59827613830566,NA,5.62902307510376,NA,NA,1.99836838245392,12.9691724777222
2007-03-31,5995,19.9692268371582,9.53632164001465,9.5821008682251,20.6822986602783,10.746787071228,13.1087665557861,9.02993392944336,34.7303771972656,11.2646732330322,30.2096462249756,1.7425833940506,3.12441849708557,NA,2.68054723739624,11.0575323104858,14.9893856048584,NA,3.73906636238098,14.9923410415649,2.50920295715332,6.73982000350952,6.74403238296509,0.714107394218445,15.1124935150146,4.58042907714844,NA,20.2852764129639,1.26009297370911,43.4412422180176,9.76245307922363,7.74048900604248,4.49993276596069,7.56989622116089,4.17115354537964,6.51849889755249,5.88550806045532,NA,3.54834818840027,2.44537305831909,NA,5.46313714981079,NA,NA,1.89037883281708,13.4300889968872
2007-04-30,6166,20.9625282287598,9.41508483886719,9.8366527557373,21.9151573181152,11.0724420547485,13.9524116516113,9.36481761932373,36.5141181945801,11.7245388031006,31.7659358978271,1.74632298946381,3.24118328094482,NA,2.74001264572144,11.1923770904541,15.4578075408936,NA,3.77641606330872,15.2497158050537,2.47596836090088,6.42643594741821,6.53591442108154,0.794749319553375,14.7866668701172,5.07231760025024,NA,22.1293926239014,1.28415167331696,42.588794708252,9.71849918365479,7.78760528564453,4.65585041046143,7.3338212966919,4.22676849365234,6.27818727493286,6.2656741142273,NA,3.70262503623962,2.58639478683472,NA,5.47419595718384,NA,NA,1.89759397506714,16.6882801055908
2007-05-31,6313.5,22.0114479064941,10.0595617294312,9.69817733764648,22.3922233581543,10.6526432037354,13.803150177002,9.07538223266602,37.5577239990234,11.3972463607788,36.5919723510742,1.81737267971039,3.37807679176331,NA,2.73086404800415,10.3832893371582,15.2488203048706,NA,3.64361906051636,15.4427556991577,2.4726448059082,6.43479347229004,6.3476152420044,1.34403550624847,14.9591617584229,6.04706954956055,NA,22.4060153961182,1.3082115650177,41.76318359375,9.71849918365479,7.61933469772339,4.54937314987183,7.47238731384277,4.52868127822876,6.75280332565308,6.53319692611694,NA,4.05231666564941,2.65240406990051,NA,5.76585531234741,NA,NA,2.0743670463562,16.5293445587158
2007-06-30,6274.89990234375,21.9518489837646,11.1762247085571,9.54931640625,22.0959339141846,10.7080488204956,13.5981645584106,10.9387788772583,36.4429969787598,11.1859569549561,37.8684349060059,1.71640741825104,3.33573055267334,NA,2.60735750198364,9.68882274627686,14.5353803634644,NA,4.12500858306885,14.5771255493164,2.48261475563049,6.33868885040283,6.0354380607605,1.19548428058624,14.949577331543,6.29075765609741,NA,22.452112197876,1.28319549560547,40.9443054199219,9.0543212890625,7.54529190063477,4.55387258529663,7.72899436950684,4.44923162460327,6.78284215927124,6.25565004348755,NA,4.15880393981934,2.51003861427307,NA,5.22740936279297,NA,NA,2.0847179889679,15.9725370407104
2007-07-31,6144.2001953125,21.5585079193115,11.8047466278076,9.75027656555176,22.3344707489014,10.4531841278076,12.7163782119751,9.32654762268066,35.371150970459,11.3060998916626,35.6796607971191,1.72014665603638,2.99008083343506,NA,2.60735750198364,9.20337104797363,13.9804859161377,NA,4.07935857772827,13.1888284683228,2.27656126022339,6.46404266357422,5.49036502838135,1.16825008392334,14.3602237701416,6.00194311141968,NA,22.613468170166,1.27097463607788,41.4812850952148,9.09827423095703,7.2020206451416,4.52687358856201,7.9034857749939,4.56046152114868,6.00182390213013,5.40912771224976,NA,3.84133863449097,2.38068628311157,NA,5.05914545059204,NA,NA,1.8799033164978,14.9809503555298
2007-08-31,6247.2001953125,22.552173614502,12.2577934265137,10.1224222183228,24.6570587158203,10.7080488204956,13.2401494979858,9.22368812561035,31.4267311096191,12.5964584350586,36.1001434326172,1.68993902206421,2.98175239562988,NA,2.37555241584778,9.54259872436523,14.8920230865479,NA,4.13745737075806,14.6205101013184,2.52582049369812,6.54464721679688,6.8381814956665,1.20255839824677,16.6984806060791,6.07383823394775,NA,21.8195362091064,1.13654434680939,45.4464302062988,9.59223461151123,7.0808629989624,4.73386859893799,8.06527709960938,4.55626153945923,6.24261379241943,5.81086874008179,NA,4.2540454864502,2.64554929733276,NA,5.45104169845581,NA,NA,1.96768093109131,15.3507852554321
2007-09-30,6567.7998046875,23.059232711792,14.3595695495605,10.6062145233154,27.0890235900879,10.9703025817871,13.1639013290405,10.0465488433838,36.1857604980469,12.5080471038818,41.7745704650879,1.68607187271118,3.04005455970764,NA,2.47945380210876,9.47443771362305,15.0402040481567,NA,4.32209014892578,15.1754121780396,2.51746463775635,6.74438428878784,7.4144082069397,1.68676447868347,16.4646663665771,6.8989634513855,NA,25.2758712768555,1.16427326202393,52.8806457519531,9.43743991851807,7.31011915206909,4.8417706489563,8.16471862792969,4.55626153945923,5.6304759979248,5.11499834060669,NA,4.2540454864502,2.77182173728943,NA,5.81596517562866,NA,NA,2.02358150482178,16.1333255767822
2007-10-31,6828.7001953125,25.2101783752441,15.1170282363892,11.5589151382446,27.1142654418945,11.2362480163574,14.4202880859375,10.4651546478271,36.4644355773926,14.0320835113525,44.3917617797852,1.82142162322998,3.03588914871216,NA,2.23859214782715,7.02062511444092,14.8179340362549,NA,3.89407777786255,15.3291435241699,2.42195248603821,5.38020944595337,7.1582179069519,1.77907860279083,15.9385843276978,6.31679201126099,NA,27.8481140136719,1.24521172046661,47.5966606140137,10.121527671814,7.40576601028442,4.77745866775513,8.91838550567627,4.94003248214722,5.40622663497925,4.72760629653931,NA,4.4233603477478,2.78106093406677,NA,5.44311237335205,NA,NA,2.16096186637878,16.72292137146
2007-11-30,6533.10009765625,24.3923282623291,13.853512763977,10.7836894989014,26.4099082946777,10.6657037734985,12.9870920181274,10.8877506256104,34.4279022216797,14.2510070800781,56.0455665588379,1.80595302581787,2.99424529075623,NA,2.10635542869568,7.48412370681763,13.8399496078491,NA,3.6506974697113,13.5502557754517,2.33667159080505,5.45245552062988,6.20881271362305,2.00190544128418,15.792444229126,6.55516242980957,NA,26.5220241546631,1.14559471607208,51.1509857177734,9.58724117279053,7.4945797920227,4.65802192687988,8.75613689422607,4.77672529220581,6.15170335769653,4.61978054046631,NA,4.2540454864502,2.77490186691284,NA,5.01461458206177,NA,NA,2.13497138023376,15.2608585357666
2007-12-31,6339.7998046875,24.1674213409424,12.9381151199341,10.6276245117188,27.5384101867676,10.4005756378174,12.8141584396362,10.1532106399536,32.6700820922852,14.3099508285522,51.7067642211914,1.81368768215179,2.97272181510925,NA,1.94578063488007,7.73863744735718,12.5359716415405,NA,3.71363973617554,10.928765296936,2.35713815689087,5.66069316864014,5.79187726974487,2.65270161628723,16.240592956543,6.4726505279541,NA,28.4500408172607,1.13002932071686,50.8050270080566,8.63850402832031,7.4809136390686,4.5707426071167,8.75090408325195,4.4419469833374,5.98806190490723,4.72977590560913,NA,4.36023378372192,2.65998816490173,NA,4.67876100540161,NA,NA,2.25827741622925,17.3294792175293
2008-01-31,5842.89990234375,20.9042053222656,12.4256200790405,10.0947189331055,27.3187637329102,10.1846866607666,12.003734588623,9.37605571746826,30.1957702636719,12.3775358200073,49.1435966491699,1.70540750026703,2.95099186897278,NA,1.79937481880188,7.02324533462524,11.8321199417114,NA,3.65909028053284,10.2806377410889,2.42195248603821,5.18471813201904,5.55075836181641,2.29900813102722,14.2969856262207,5.85838937759399,NA,22.6330680847168,1.03975164890289,47.9493675231934,7.34023141860962,7.64487934112549,3.90465521812439,8.60959243774414,3.91119885444641,5.00015258789062,4.85443592071533,NA,3.52088904380798,2.3693482875824,NA,4.47030115127563,NA,NA,1.8818975687027,15.8830814361572
2008-02-29,5572.10009765625,17.658203125,12.882080078125,8.8766565322876,27.6444435119629,8.33258056640625,9.78270626068115,9.67146110534668,23.4608039855957,12.2049255371094,53.2469520568848,1.88329601287842,2.80322575569153,NA,1.78048324584961,7.15394163131714,10.305871963501,NA,3.71363973617554,9.81130504608154,2.48063325881958,4.75974273681641,5.24433755874634,2.77649402618408,11.2990550994873,6.01186990737915,NA,20.2428703308105,0.996169090270996,37.0472145080566,6.93077611923218,7.71319913864136,3.69793653488159,7.51049566268921,3.58515310287476,5.21581649780273,4.39979124069214,NA,3.65169596672058,2.2271876335144,NA,3.70594930648804,NA,NA,1.45282518863678,15.7193412780762
2008-03-31,5361.2001953125,17.6414394378662,11.9284582138062,8.90710639953613,27.875732421875,8.48787117004395,9.87765121459961,10.0483722686768,22.7080974578857,12.3481206893921,48.2603912353516,1.75986647605896,2.89014744758606,NA,1.80963325500488,6.85791635513306,10.0329284667969,NA,3.85239481925964,9.59151458740234,2.50165557861328,4.71744823455811,5.1239972114563,2.3237669467926,11.3891658782959,6.86938047409058,NA,17.8882637023926,0.926062345504761,37.3495903015137,6.66606712341309,7.55203628540039,3.80210471153259,7.19252729415894,3.28780651092529,5.3874306678772,4.61978054046631,NA,3.64079594612122,2.19559621810913,NA,3.80431771278381,NA,NA,1.55455923080444,16.008617401123
2008-04-30,5595.39990234375,18.7982482910156,13.7575950622559,9.32201194763184,30.3384838104248,8.29470539093018,10.2438669204712,9.82474613189697,27.7538509368896,12.3052425384521,52.8893890380859,1.81560897827148,2.98141479492188,NA,2.13330698013306,5.29321002960205,10.5183944702148,NA,5.93166780471802,10.3222951889038,2.36501097679138,5.4398627281189,4.55580186843872,2.62086939811707,12.6607494354248,7.40532112121582,NA,17.2815532684326,1.06627583503723,38.9645195007324,6.40769481658936,8.24488162994385,3.70740652084351,8.09491062164307,2.88851284980774,5.4854941368103,4.36312675476074,NA,3.84790587425232,2.28405165672302,NA,3.9465343952179,NA,NA,1.61612582206726,15.8830814361572
2008-05-31,5654.7001953125,17.7378387451172,14.157922744751,9.10642623901367,30.3461093902588,8.44620609283447,10.9568309783936,9.95609092712402,24.764009475708,11.885064125061,53.635612487793,1.89125967025757,2.47292160987854,NA,1.97147071361542,5.25092172622681,11.119441986084,NA,6.63326215744019,9.13477516174316,2.13376522064209,6.27107334136963,4.19748067855835,3.76683664321899,12.2352170944214,9.824049949646,NA,16.55446434021,0.939105570316315,37.2396354675293,6.28884077072144,7.6074628829956,3.47539901733398,7.64371824264526,2.94798159599304,5.84710836410522,4.0580472946167,NA,3.44458389282227,1.9934116601944,NA,3.49331974983215,NA,NA,1.26596474647522,16.7480773925781
2008-06-30,5215.2998046875,16.8366947174072,14.2230138778687,7.83348417282104,27.2200031280518,7.29303550720215,9.27358436584473,9.79847717285156,22.1013145446777,10.4830379486084,52.6639595031738,1.68819761276245,1.96266794204712,NA,1.70174205303192,4.58728218078613,10.0483417510986,NA,6.85437154769897,7.23122930526733,1.76937830448151,6.22320175170898,4.46878099441528,4.20895338058472,11.2139492034912,9.99648571014404,NA,15.1195545196533,0.897485733032227,29.9964962005615,4.93495655059814,6.03470087051392,3.16763138771057,7.72334003448486,2.58266973495483,5.64484930038452,3.15708661079407,NA,3.13348412513733,1.77812099456787,NA,2.69276714324951,NA,NA,1.16910922527313,16.1953372955322
2008-07-31,4977.39990234375,16.6606540679932,12.9243955612183,8.44057846069336,26.3812866210938,6.33076000213623,8.6436824798584,9.03403854370117,23.3690452575684,10.8046035766602,48.7384490966797,1.79171884059906,2.41273617744446,NA,1.91752421855927,3.4654700756073,10.3103370666504,NA,6.73956537246704,5.96752071380615,1.86748218536377,5.81412506103516,4.22307538986206,3.07713413238525,11.3090667724609,8.43525981903076,NA,16.660400390625,1.02815449237823,30.3744583129883,5.18299531936646,6.6513352394104,3.1060779094696,7.36769676208496,2.82054758071899,5.36291265487671,3.46237087249756,NA,3.1788969039917,1.52740299701691,NA,1.8436963558197,NA,NA,1.00717222690582,13.6914863586426
2008-08-31,5135.60009765625,18.4161415100098,13.4744338989258,9.22393035888672,31.2991962432861,6.4710111618042,8.57369327545166,8.59167098999023,20.011137008667,12.1594648361206,49.5546607971191,1.79056525230408,2.51945304870605,NA,1.99294066429138,4.21572732925415,9.23099327087402,NA,6.86712884902954,7.44184970855713,1.9270453453064,6.8025975227356,3.94153785705566,2.70575618743896,12.311824798584,9.47819232940674,NA,17.4920463562012,1.25166630744934,38.3968544006348,4.98663187026978,7.48967838287354,3.29547309875488,7.68618249893188,3.00942015647888,5.54678440093994,3.47726273536682,NA,3.36054801940918,1.73853385448456,NA,2.11054801940918,NA,NA,1.14146173000336,14.2877655029297
2008-09-30,4600.5,18.5117015838623,10.2288236618042,8.41316223144531,28.6077938079834,7.30472135543823,8.4897050857544,7.94450664520264,16.8122634887695,11.9023342132568,33.0552215576172,1.72058868408203,2.58905124664307,NA,2.05820059776306,4.7221508026123,7.51735782623291,NA,6.90588045120239,5.6866979598999,1.95725035667419,6.07137537002563,4.03672885894775,1.64821195602417,13.6226902008057,9.00664043426514,NA,14.9147338867188,1.04878640174866,41.3611869812012,4.92217588424683,7.08193922042847,3.41526031494141,7.11374521255493,2.78682947158813,5.77014636993408,3.7006413936615,NA,3.2470166683197,1.78141987323761,NA,2.17518210411072,NA,NA,0.980227053165436,12.0115842819214
2008-10-31,4018,17.504020690918,9.2356367111206,7.9431529045105,27.9175338745117,6.76319980621338,8.39521884918213,5.98906326293945,13.3589296340942,12.1648893356323,30.3560390472412,1.69589185714722,2.50089454650879,NA,1.9076007604599,2.77773547172546,6.4746265411377,NA,6.73012638092041,2.26036190986633,2.10223197937012,6.19102954864502,4.16254806518555,1.04339587688446,13.1086273193359,6.36123275756836,NA,14.791069984436,1.00752234458923,39.7569541931152,3.75329232215881,7.11717367172241,2.64707112312317,7.44499683380127,2.15467286109924,5.21174383163452,3.16453170776367,NA,1.69162774085999,1.3096741437912,NA,1.28537285327911,NA,NA,0.40603119134903,11.0942296981812
2008-11-30,3681.19995117188,14.3333196640015,9.86586284637451,6.85633277893066,26.069149017334,5.82926845550537,7.08794498443604,5.28331899642944,14.5246210098267,11.9460964202881,16.7036399841309,1.66707754135132,2.20394086837769,NA,1.81724059581757,2.80060386657715,6.34529781341553,NA,6.70869255065918,2.39332389831543,2.08410930633545,6.89123153686523,3.51247787475586,0.884233951568604,12.3066864013672,6.78562927246094,NA,15.0334615707397,0.94562703371048,38.417781829834,3.89270114898682,6.26452159881592,2.57857036590576,7.21692276000977,2.0923478603363,4.06391954421997,2.71777534484863,NA,1.95275092124939,1.43173372745514,NA,1.58730578422546,NA,NA,0.546188473701477,9.25080394744873
2008-12-31,3722.30004882812,12.5525121688843,10.0440454483032,6.86847591400146,25.8467273712158,6.19816017150879,7.61324882507324,5.0211067199707,13.8929138183594,11.6704187393188,14.8650722503662,1.57652032375336,2.5585355758667,NA,1.95278036594391,2.85205912590027,6.78987169265747,NA,6.91016674041748,2.06582713127136,2.10223197937012,6.76271390914917,3.88993906974792,0.682628452777863,13.2679843902588,7.01197528839111,NA,16.472993850708,1.03159308433533,38.6409721374512,3.86052989959717,7.32857322692871,2.65196418762207,7.9065752029419,2.34164834022522,4.83947563171387,3.47726273536682,NA,1.95357465744019,1.39652395248413,NA,1.58730578422546,NA,NA,0.539253652095795,8.27423095703125
2009-01-31,3540.69995117188,11.6838283538818,10.0638427734375,6.33016729354858,28.7611827850342,5.37930393218994,6.90554714202881,4.61140203475952,12.5330381393433,12.1211309432983,16.488489151001,1.56005561351776,2.43060851097107,NA,1.96282041072845,2.75649952888489,6.06238555908203,NA,6.00138854980469,1.9960355758667,1.95362627506256,6.49238204956055,3.56490230560303,0.62603759765625,12.3375301361084,6.7762017250061,NA,13.430685043335,1.03847014904022,41.1379890441895,3.64069533348083,7.11717367172241,2.57857036590576,7.54817008972168,2.18138360977173,4.49823188781738,2.91881585121155,NA,1.81063008308411,1.25825417041779,NA,1.31125235557556,NA,NA,0.482379198074341,8.01381301879883
2009-02-28,3344.5,13.426609992981,9.76258754730225,6.83609485626221,28.1169338226318,5.3955192565918,6.5225133895874,5.43268775939941,8.18818855285645,11.438494682312,18.8659057617188,1.46126568317413,2.11789870262146,NA,1.72688066959381,2.7270975112915,4.80298185348511,NA,5.82991886138916,0.725831031799316,1.66807305812836,5.85422229766846,2.42203712463379,0.937287867069244,9.79805660247803,7.3969349861145,NA,13.5413990020752,0.959381580352783,37.853141784668,2.89539694786072,7.10307741165161,2.36328148841858,6.51640748977661,1.39341425895691,4.43821144104004,2.47205829620361,NA,1.66768610477448,0.940233886241913,NA,0.810906052589417,NA,NA,0.358098119497299,7.86584758758545
2009-03-31,3579.69995117188,15.602801322937,10.86989402771,7.8600926399231,24.831392288208,6.43733024597168,7.41260957717896,5.94200372695923,12.7307481765747,11.1493644714355,22.120023727417,1.32756531238556,2.04682874679565,NA,1.75368595123291,2.5835657119751,5.38737440109253,NA,6.58798456192017,1.06082999706268,1.71356618404388,6.91152858734131,2.71918892860413,0.912529289722443,10.0979642868042,8.95391368865967,NA,15.3954048156738,1.03206157684326,35.942798614502,3.63916969299316,6.84906339645386,2.34431171417236,6.13452529907227,1.57395648956299,5.55248498916626,3.05284285545349,NA,1.89401459693909,1.08196043968201,NA,0.78300017118454,NA,NA,0.366524040699005,8.71220779418945
2009-04-30,3780.5,15.8190698623657,11.2660894393921,7.77104902267456,26.6260604858398,6.44543552398682,7.52569818496704,6.98841238021851,16.144905090332,11.9691066741943,25.7255077362061,1.43067681789398,2.11316132545471,NA,1.76385188102722,2.71954345703125,5.38737440109253,NA,7.1118803024292,1.03291356563568,1.81592524051666,6.83468198776245,3.23244976997375,0.834716856479645,11.6297378540039,8.50336933135986,NA,16.7577381134033,1.0756698846817,35.1645050048828,4.06102132797241,6.63391017913818,2.63925695419312,6.4614782333374,1.83319699764252,5.75393533706665,3.42514181137085,NA,1.82519423961639,1.08541703224182,NA,0.85583758354187,NA,NA,0.440250068902969,9.94328117370605
2009-05-31,3818,15.8325834274292,11.736777305603,7.85251760482788,22.5880584716797,6.62868309020996,8.03276062011719,6.58096122741699,15.4499921798706,11.3554201126099,25.7694244384766,1.33615756034851,1.91416311264038,NA,1.84518206119537,2.74220609664917,5.38737440109253,NA,6.46137762069702,0.69791442155838,1.93723964691162,6.32388973236084,3.21061015129089,0.926677048206329,10.3221254348755,8.18927192687988,NA,17.7410793304443,0.999355316162109,38.5606651306152,3.8866560459137,7.88897609710693,2.46127247810364,6.55568265914917,1.77301573753357,5.57137250900269,3.20920825004578,NA,1.88770067691803,1.13443803787231,NA,1.10926723480225,NA,NA,0.484485507011414,11.9201040267944
2009-06-30,3954.89990234375,17.5717353820801,11.7570934295654,8.42678737640381,24.8700714111328,6.87465190887451,8.46303272247314,6.99150037765503,19.0867176055908,11.8078441619873,26.4261856079102,1.4564551115036,2.03537130355835,NA,1.78418457508087,2.86307501792908,6.11786556243896,NA,6.39152526855469,1.03291356563568,1.89174711704254,6.07979345321655,3.25429034233093,1.34049832820892,10.6210098266602,8.21170902252197,NA,18.9446411132812,1.05879652500153,40.8247871398926,3.94290161132812,8.27624988555908,2.481614112854,6.82722187042236,1.86097264289856,5.678391456604,3.12730240821838,NA,1.9696341753006,1.24525654315948,NA,1.06576633453369,NA,NA,0.50140655040741,13.1030540466309
2009-07-31,4244,19.2838497161865,12.8169946670532,9.02602386474609,23.6323719024658,7.72512626647949,9.17583084106445,7.97926187515259,21.4884204864502,12.2065181732178,30.577428817749,1.51660299301147,2.10841131210327,NA,1.86551439762115,3.24834299087524,6.48311185836792,NA,6.33040237426758,1.42374587059021,1.87658262252808,6.73523569107056,3.27067136764526,1.49258708953857,10.4075241088867,8.14440155029297,NA,19.2468185424805,1.0857480764389,39.3672676086426,4.35912895202637,7.53038358688354,2.85792374610901,6.483642578125,2.14798831939697,6.18831396102905,3.86445307731628,NA,1.91711008548737,1.22198104858398,NA,1.15276801586151,NA,NA,0.591938316822052,13.5494775772095
2009-08-31,4479.10009765625,21.2452411651611,12.6570873260498,10.1412734985352,24.916482925415,8.87576389312744,10.7409620285034,8.01381015777588,24.7980861663818,12.5514354705811,28.4056148529053,1.45948672294617,1.96720016002655,NA,1.85001170635223,3.49008059501648,7.33587455749512,NA,6.79588174819946,1.90585684776306,2.58708763122559,6.31033039093018,4.05694389343262,1.55978870391846,12.553147315979,8.99088859558105,NA,17.3243064880371,1.13194966316223,40.4679527282715,5.30407571792603,7.53038358688354,3.23423409461975,7.74712419509888,2.34241819381714,6.43551683425903,5.17494058609009,NA,1.95650339126587,1.46637713909149,NA,1.33764564990997,NA,NA,0.687112808227539,13.6218690872192
2009-09-30,4743.60009765625,23.9009056091309,12.9769535064697,10.9236106872559,26.1896591186523,10.1681480407715,11.6008405685425,8.44750690460205,28.6984214782715,13.4140930175781,29.9901809692383,1.4639641046524,1.9964165687561,NA,1.95336425304413,4.00337553024292,8.31961250305176,NA,7.24420547485352,2.04418516159058,2.45706081390381,6.30380487442017,4.49141502380371,1.35110950469971,13.2005548477173,8.6494607925415,NA,18.4234352111816,1.22050344944,48.0120887756348,6.06983232498169,8.02172470092773,3.39083075523376,8.06744861602783,2.64795088768005,7.10389375686646,5.8525242805481,NA,2.21912145614624,1.58275628089905,NA,1.51202523708344,NA,NA,0.789448499679565,14.1768817901611
2009-10-31,4643.2001953125,24.1318302154541,12.8806457519531,10.9735498428345,24.6555347442627,9.61367321014404,11.2576427459717,8.95773696899414,24.4075794219971,13.1297607421875,32.2885398864746,1.48634839057922,2.22040557861328,NA,1.95336425304413,3.44671583175659,8.30087471008301,NA,7.13323450088501,1.90585684776306,2.57812118530273,6.39603137969971,3.95778250694275,1.36171972751617,12.4927997589111,8.59255790710449,NA,17.7430229187012,1.22050344944,46.0990829467773,5.37122821807861,7.73653841018677,3.09439325332642,7.95957899093628,2.59239959716797,6.9638524055481,5.36853694915771,NA,2.11407327651978,1.46249771118164,NA,1.29129135608673,NA,NA,0.702515363693237,14.478512763977
2009-11-30,4719,24.8707942962646,14.2185859680176,10.2948579788208,24.835563659668,9.3906135559082,11.045168876648,9.36273288726807,24.126033782959,12.9417343139648,36.146167755127,1.5400722026825,2.6829891204834,NA,2.03087830543518,3.12644529342651,8.26339721679688,NA,6.9024133682251,1.82900786399841,2.63640785217285,6.45136976242065,3.69096326828003,1.51027131080627,12.3830652236938,8.50150966644287,NA,17.4865531921387,1.25515532493591,46.0918922424316,5.66899538040161,7.93397378921509,3.18800497055054,7.95957899093628,2.4998140335083,6.86837005615234,6.07590246200562,NA,2.16659736633301,1.54396307468414,NA,1.34784257411957,NA,NA,0.7189621925354,15.3230981826782
2009-12-31,4870.60009765625,25.3326435089111,14.8308038711548,10.771710395813,25.4304275512695,9.77957153320312,10.600266456604,9.97182178497314,24.0762939453125,12.8408403396606,37.9129676818848,1.53559529781342,2.7572124004364,NA,2.08255481719971,3.06544208526611,8.1416015625,NA,7.46614646911621,2.00244903564453,2.79333758354187,6.4836483001709,3.7687873840332,1.57039928436279,14.0454835891724,8.017822265625,NA,18.2873477935791,1.41221785545349,49.6733894348145,5.88086605072021,7.96322679519653,3.52084755897522,8.72601509094238,2.76831269264221,7.28849267959595,6.32906341552734,NA,2.30541801452637,1.57551169395447,NA,1.35907447338104,NA,NA,0.747434020042419,16.0954246520996
2010-01-31,4524.10009765625,24.4689807891846,13.4825487136841,10.0181169509888,24.1859111785889,9.31794834136963,10.0973329544067,8.69943046569824,24.7727108001709,11.6989250183105,34.1262245178223,1.48634839057922,2.61288213729858,NA,1.95853209495544,3.36283612251282,8.28213596343994,NA,7.00006771087646,1.84477531909943,2.62744092941284,6.4144778251648,3.5464391708374,1.5562516450882,12.399528503418,7.27806758880615,NA,17.7796573638916,1.27099585533142,44.8189468383789,5.29678726196289,8.7017765045166,3.22440958023071,8.16963958740234,2.62943410873413,7.41580438613892,5.55468559265137,NA,2.19692778587341,1.49573886394501,NA,1.2804502248764,NA,NA,0.673642814159393,14.8287992477417
2010-02-28,4686.5,25.7384586334229,14.2889423370361,11.2953948974609,27.2776336669922,10.083044052124,9.9077672958374,10.6499004364014,22.8824272155762,12.6298818588257,36.404167175293,1.37724149227142,2.59795117378235,NA,2.11356067657471,3.27895498275757,7.84179639816284,NA,7.5416088104248,1.87630975246429,2.66331100463867,6.75572299957275,3.95222401618958,1.66235959529877,11.7521200180054,7.56425714492798,NA,19.2604885101318,1.40414810180664,47.4057731628418,5.52230501174927,9.27946186065674,3.19064450263977,7.77790546417236,2.42574524879456,7.67761945724487,5.54723834991455,NA,2.2647340297699,1.63534128665924,NA,1.32577204704285,NA,NA,0.726010739803314,15.421950340271
2010-03-31,4907.7001953125,26.8445739746094,15.3245258331299,11.8914594650269,28.6130294799805,10.8096780776978,10.6969861984253,10.3395490646362,23.4345836639404,13.2229433059692,40.585033416748,1.40534865856171,2.51832032203674,NA,2.06870341300964,3.40858817100525,8.11349678039551,NA,7.49655675888062,2.06551766395569,2.92924618721008,7.08916091918945,4.16211938858032,1.75785672664642,11.8993816375732,8.51700592041016,NA,18.1821193695068,1.42432200908661,52.8953170776367,5.2835955619812,10.2840948104858,3.34003782272339,8.32328605651855,2.62943410873413,8.13492393493652,5.33130645751953,NA,2.19692778587341,1.57152330875397,NA,1.33720135688782,NA,NA,0.704587697982788,16.6206111907959
2010-04-30,4807.39990234375,27.6576271057129,14.2087450027466,11.5806522369385,25.6015434265137,10.3437795639038,10.832389831543,9.56857585906982,25.0164585113525,12.7071552276611,36.7610702514648,1.48966920375824,2.54320597648621,NA,2.02648568153381,3.27132987976074,8.4601469039917,NA,7.37942218780518,2.25472617149353,3.02107167243958,7.07975339889526,4.11115455627441,1.61991667747498,11.9503536224365,7.9915509223938,NA,17.6938991546631,1.46467125415802,54.0925178527832,5.21055030822754,10.06165599823,3.34003782272339,7.9764838218689,2.62943410873413,7.62609052658081,5.73338890075684,NA,2.19692778587341,1.59146678447723,NA,1.33720135688782,NA,NA,0.678044736385345,16.3425731658936
2010-05-31,4429.7001953125,24.2825527191162,13.3335542678833,10.0331907272339,25.0008296966553,9.74614238739014,9.52863216400146,9.50650405883789,22.0766563415527,12.4961500167847,34.2321548461914,1.37724149227142,2.14605093002319,NA,1.90510714054108,3.12644529342651,7.62631177902222,NA,6.75771331787109,1.9866806268692,2.81905460357666,6.50584983825684,3.76572751998901,1.42892158031464,11.1347856521606,7.17160797119141,NA,16.5833320617676,1.40414810180664,53.1362075805664,4.6870584487915,10.343412399292,2.98255848884583,5.90722179412842,2.31464195251465,6.96267032623291,5.51000928878784,NA,2.10199880599976,1.55158007144928,NA,1.2215268611908,NA,NA,0.632198512554169,16.1141490936279
2010-06-30,4301.5,22.9920825958252,13.1278352737427,9.28124904632568,25.7517242431641,9.44034576416016,9.29033756256104,9.35950088500977,18.9126586914062,12.6696453094482,33.987419128418,1.52246057987213,2.1788854598999,NA,1.79956114292145,2.79092478752136,7.53262186050415,NA,6.73068284988403,2.05957579612732,2.92924618721008,6.91510772705078,3.09186100959778,1.4572172164917,10.3078889846802,7.27554416656494,NA,15.6444530487061,1.52059328556061,54.2530937194824,4.46183633804321,10.4175596237183,2.77980828285217,6.0286021232605,2.03688502311707,6.83385324478149,4.66861629486084,NA,2.08843731880188,1.52649986743927,NA,1.30018544197083,NA,NA,0.643841981887817,15.8314437866211
2010-07-31,4493.5,24.845064163208,13.9890756607056,10.4878549575806,26.1943588256836,10.0694122314453,10.0286169052124,10.1566066741943,18.9534206390381,12.0928945541382,36.0013771057129,1.50840747356415,2.30221796035767,NA,1.79956114292145,2.58503699302673,7.84179639816284,NA,6.95593976974487,1.99470663070679,3.01188921928406,6.94803810119629,3.05788350105286,1.5173454284668,9.45833492279053,7.67974138259888,NA,15.5049600601196,1.56705594062805,51.5959281921387,4.43748998641968,10.4842910766602,2.82782793045044,5.95346307754517,2.28686618804932,6.51180601119995,4.84731864929199,NA,2.21048951148987,1.55522394180298,NA,1.32332038879395,NA,NA,0.648738205432892,15.8314437866211
2010-08-31,4404.2001953125,24.5887451171875,12.9186239242554,9.48672294616699,26.0520782470703,9.86845970153809,9.25841045379639,10.7751588821411,19.0858917236328,13.0166254043579,35.9804267883301,1.35219097137451,2.50263500213623,NA,1.81539344787598,2.83667778968811,8.01503658294678,NA,6.98238182067871,2.05957579612732,3.09453201293945,7.0656418800354,3.31837010383606,1.65528583526611,9.68864154815674,8.19942569732666,NA,16.0590419769287,1.57972753047943,51.301326751709,4.22443914413452,11.0303716659546,2.68910431861877,6.38696622848511,2.32390069961548,6.20851039886475,3.9686975479126,NA,2.25117301940918,1.6167768239975,NA,1.40232217311859,NA,NA,0.656082391738892,15.7372121810913
2010-09-30,4582.89990234375,25.0140342712402,13.7773427963257,10.1599740982056,26.4900035858154,10.3446264266968,10.112419128418,11.0887022018433,18.479585647583,13.878077507019,39.4095840454102,1.28826892375946,2.55402326583862,NA,1.94603157043457,2.71661806106567,8.63896083831787,NA,7.25710010528564,2.0920090675354,3.07276201248169,7.75774431228638,3.63067293167114,1.84274363517761,10.1410531997681,7.51320552825928,NA,17.967809677124,1.71066784858704,52.0797538757324,4.70947933197021,11.6037683486938,2.80727672576904,6.5564022064209,2.58314180374146,6.37860584259033,4.16973638534546,NA,2.31897926330566,1.5757417678833,NA,1.3788720369339,NA,NA,0.660833597183228,16.1518402099609
2010-10-31,4698.5,24.1047897338867,14.9776811599731,10.0769100189209,26.3537521362305,10.8775844573975,10.3319101333618,11.1527605056763,18.5458145141602,13.5652923583984,42.6026000976562,1.31777167320251,2.71846747398376,NA,2.04761028289795,2.70892286300659,8.8981294631958,NA,7.3166184425354,2.0920090675354,3.20492458343506,7.72895812988281,3.64804458618164,2.23180651664734,10.2468118667603,7.45455551147461,NA,20.7261486053467,1.67265272140503,53.2288436889648,4.56714344024658,11.9206476211548,2.95011186599731,6.56832313537598,2.63869214057922,6.81038999557495,3.99848008155823,NA,2.25117301940918,1.54701721668243,NA,1.32715606689453,NA,NA,0.650896191596985,15.7372121810913
2010-11-30,4586.60009765625,23.7186069488525,15.2963552474976,9.68420600891113,28.0850219726562,10.1940155029297,9.60360622406006,10.5728702545166,18.2487144470215,12.8001699447632,42.6590614318848,1.3718593120575,2.65680170059204,NA,1.99949419498444,1.97782266139984,8.6485595703125,NA,7.14263439178467,2.05957579612732,3.05860233306885,7.35474395751953,3.96073412895203,2.24595427513123,9.84727954864502,7.26100444793701,NA,20.8585453033447,1.66842865943909,57.6621017456055,4.68472719192505,11.6264038085938,2.79628944396973,7.04515266418457,2.41648650169373,6.45711135864258,4.09527778625488,NA,2.10199880599976,1.49367225170135,NA,1.31288611888885,1.43887412548065,NA,0.628537118434906,16.2126617431641
2010-12-31,4745.2001953125,24.8185043334961,16.0222225189209,10.0273265838623,29.0869064331055,10.5090627670288,9.7684736251831,10.7886419296265,19.3353805541992,12.9782180786133,43.8756904602051,1.3718593120575,2.69843792915344,1.20734977722168,2.07434153556824,2.30104517936707,8.26460647583008,NA,7.62796688079834,2.15882444381714,3.18604326248169,7.30676889419556,4.12286901473999,2.31315565109253,10.6639680862427,7.7126202583313,NA,20.7868366241455,1.78096926212311,59.6118583679199,5.34071159362793,13.4295883178711,2.90616321563721,6.9140248298645,2.35167670249939,7.05244827270508,5.04835939407349,NA,2.22701716423035,1.52703392505646,NA,1.39850854873657,1.42334640026093,NA,0.61868155002594,15.9752769470215
2011-01-31,4752.10009765625,25.6397533416748,15.7991542816162,10.4156007766724,29.391487121582,10.6530838012695,10.1353063583374,11.3483047485352,21.3049716949463,12.8434810638428,43.177547454834,1.36202502250671,2.75114178657532,1.22144317626953,1.98880136013031,2.21639132499695,8.02463436126709,NA,7.45855855941772,2.22524929046631,3.2238039970398,7.09567260742188,4.18077516555786,2.26717615127563,10.1234245300293,8.02347087860107,NA,20.5330677032471,1.74579000473022,56.8836936950684,5.38403034210205,12.7052984237671,2.91165661811829,6.96766805648804,2.19428086280823,6.62066650390625,4.74307680130005,NA,2.33906769752502,1.5143084526062,NA,1.39850854873657,1.44404935836792,NA,0.613631188869476,16.1549205780029
2011-02-28,4826.39990234375,26.564323425293,16.4187927246094,10.505895614624,28.4136352539062,10.8106098175049,10.5392303466797,11.5420961380005,19.8682651519775,13.0407733917236,43.7935523986816,1.43480455875397,2.79857587814331,1.25641441345215,1.97276246547699,2.43570375442505,8.25500679016113,NA,7.49760580062866,2.24185538291931,3.38499975204468,7.03809976577759,4.08812618255615,2.32022953033447,10.5640830993652,8.37512874603271,NA,20.3259582519531,1.77657151222229,57.8630790710449,5.71202421188354,13.8219165802002,3.02199554443359,6.5265998840332,2.1572470664978,6.45942831039429,4.81753492355347,NA,2.38108706474304,1.58641910552979,NA,1.46510422229767,1.65625774860382,NA,0.64645916223526,16.5142021179199
2011-03-31,4861.7998046875,26.4140777587891,16.723970413208,11.0205783843994,29.463773727417,10.7431011199951,10.7082262039185,11.2407264709473,19.0532684326172,13.405161857605,43.8759841918945,1.45028829574585,2.81965637207031,1.22347450256348,1.97810900211334,2.47436594963074,8.12062358856201,NA,7.90252733230591,2.32488751411438,3.52563762664795,7.03606510162354,4.18183088302612,2.2990574836731,10.7825212478638,9.45388126373291,NA,19.4495964050293,1.8601233959198,62.1834487915039,5.75769948959351,14.1537132263184,3.12931823730469,7.18181943893433,2.01836776733398,6.16068983078003,4.56437253952026,NA,2.40910029411316,1.57369351387024,NA,1.50663304328918,1.77012538909912,NA,0.638965308666229,16.867073059082
2011-04-30,4823.2001953125,26.8998928070068,16.4194469451904,11.21471118927,27.8044147491455,10.9051208496094,11.1616153717041,11.5351696014404,18.3688774108887,13.0939884185791,42.5108375549316,1.50190007686615,2.79330444335938,1.24700319766998,1.95618999004364,2.02588653564453,7.98623991012573,NA,7.82120609283447,2.35809993743896,3.39469861984253,7.12426090240479,3.97510075569153,2.18534827232361,11.4106874465942,8.96192073822021,NA,18.1491832733154,1.86891853809357,60.5003776550293,5.50461483001709,13.8176279067993,3.09542679786682,7.62003183364868,1.95355820655823,6.42623615264893,4.39311599731445,NA,2.46512508392334,1.60338616371155,NA,1.52594888210297,1.77530121803284,NA,0.651795923709869,17.0531330108643
2011-05-31,4708.2998046875,25.3523063659668,15.8927869796753,10.3217859268188,27.4401569366455,10.2429122924805,10.9143104553223,11.5005311965942,18.323205947876,13.5385217666626,42.1437034606934,1.55867254734039,2.87763023376465,1.25170838832855,1.94523191452026,2.11094307899475,8.02463436126709,NA,7.84034061431885,2.44113183021545,3.50623941421509,7.0409665107727,4.3472146987915,2.3168249130249,10.7825212478638,8.74854278564453,2.26998209953308,18.2848834991455,1.89090538024902,59.9368553161621,5.66279172897339,14.0773296356201,2.94291543960571,7.48613500595093,1.94429969787598,6.24035215377808,4.35588550567627,NA,2.47913241386414,1.4973418712616,NA,1.52719163894653,1.78565287590027,NA,0.654361844062805,16.9862937927246
2011-06-30,4608,26.1937046051025,15.6921558380127,10.3824195861816,26.7602272033691,10.1827402114868,10.924654006958,11.0328893661499,16.841178894043,13.7064590454102,42.9141807556152,1.49157738685608,2.83105397224426,1.27523672580719,1.86303889751434,1.87123835086823,7.81346035003662,NA,7.55332279205322,2.40839338302612,3.49169039726257,7.17815971374512,4.26452159881592,2.25641655921936,10.5202798843384,8.02542495727539,2.31076002120972,17.2162837982178,1.86620581150055,54.0987129211426,5.67544746398926,13.8863706588745,2.76216006278992,7.83305406570435,1.70357692241669,5.88850116729736,4.36333227157593,NA,2.53775310516357,1.49705111980438,NA,1.5467711687088,1.74942219257355,NA,0.652795374393463,17.539701461792
2011-07-31,4424.60009765625,24.6761741638184,14.8394775390625,9.52421283721924,24.8418426513672,9.64120388031006,10.2338676452637,10.1564903259277,14.8579664230347,13.3063764572144,41.3680419921875,1.54318928718567,2.76609683036804,1.14818382263184,1.79728424549103,1.88670325279236,7.10314559936523,NA,7.02712678909302,2.32298994064331,3.41409683227539,6.95277070999146,4.09323406219482,2.24220275878906,10.0018873214722,7.6342282295227,2.33794569969177,16.8826999664307,1.84786462783813,53.2496757507324,5.60584831237793,13.3516960144043,2.57575702667236,7.38875341415405,1.7082062959671,5.45035123825073,4.26653480529785,NA,2.4944953918457,1.33900475502014,NA,1.473348736763,1.73907041549683,NA,0.600571572780609,16.7388877868652
2011-08-31,4296.5,25.122932434082,14.2375869750977,9.60817050933838,22.7615776062012,9.39126300811768,10.1144742965698,11.0990915298462,13.9256362915039,12.4568243026733,37.769889831543,1.63855636119843,2.79857587814331,1.2761355638504,1.66577565670013,1.62799882888794,7.85185623168945,NA,6.89985466003418,2.22050476074219,3.34973955154419,7.58484029769897,3.97510075569153,2.14981365203857,9.01041507720947,7.05451440811157,2.41950154304504,16.9446926116943,1.84327936172485,57.8275184631348,5.31479930877686,13.596116065979,2.55881094932556,7.15138959884644,1.45359528064728,5.240807056427,4.43034553527832,NA,2.48007655143738,1.31266367435455,NA,1.54846441745758,1.70283997058868,NA,0.629294633865356,15.2804985046387
2011-09-30,4008.60009765625,23.7318458557129,12.7507171630859,9.48690032958984,24.4307346343994,9.03486824035645,9.538818359375,11.402286529541,12.3250541687012,12.6658267974854,32.1866989135742,1.67641031742096,2.9339029788971,1.17872095108032,1.69381892681122,1.6436527967453,7.65987825393677,NA,6.52491521835327,1.96429252624512,3.46473097801208,7.1502275466919,3.90985584259033,1.58095812797546,8.21913051605225,6.82636785507202,2.67527914047241,17.7095909118652,1.85703504085541,35.4281272888184,4.53866958618164,14.7560348510742,2.30920624732971,7.15138816833496,1.30545830726624,5.05798816680908,4.28142642974854,NA,2.36472511291504,1.27754247188568,NA,1.55839014053345,1.65427267551422,NA,0.611744999885559,15.2870111465454
2011-10-31,4298.10009765625,25.6699886322021,13.7629108428955,10.4104051589966,23.7557506561279,10.0346279144287,10.9587659835815,11.7163124084473,13.4244432449341,12.1308717727661,36.0459785461426,1.67641031742096,2.83105397224426,1.2420402765274,1.76673197746277,1.77671098709106,8.2454080581665,NA,7.00698089599609,2.13510060310364,3.50972676277161,7.20022869110107,4.00050115585327,1.73476135730743,9.41243648529053,7.78098058700562,2.60615015029907,17.9256381988525,1.99459421634674,44.7300109863281,5.02864170074463,14.6007051467896,2.5021276473999,6.92555665969849,1.4924807548523,5.13924169540405,4.63883304595947,NA,2.45123815536499,1.38729703426361,NA,1.58501219749451,1.73279821872711,NA,0.667600035667419,16.9276943206787
2011-11-30,4228.60009765625,25.3209209442139,13.2349700927734,10.2258720397949,26.0687732696533,9.83185577392578,10.684642791748,11.4564266204834,13.517071723938,12.6709260940552,34.3324775695801,1.7196729183197,3.0259256362915,1.2420402765274,1.64334070682526,1.91759598255157,8.12062358856201,NA,7.03619813919067,2.04969692230225,3.69471311569214,7.275230884552,4.36912727355957,1.71687746047974,8.91469383239746,7.95508861541748,2.70293021202087,17.8906002044678,2.13215184211731,43.8365058898926,4.77720880508423,14.4919776916504,2.51381993293762,7.28312683105469,1.4628541469574,5.55227613449097,5.09303522109985,NA,2.50891494750977,1.49266088008881,NA,1.58501219749451,1.78514862060547,NA,0.683558642864227,17.264196395874
2011-12-31,4056.60009765625,25.6439418792725,12.5322589874268,9.6790075302124,26.3404102325439,9.84624576568604,10.3265733718872,10.6479110717773,13.2062072753906,12.7881107330322,31.4054679870605,1.8007892370224,3.12171769142151,1.21281588077545,1.67138421535492,1.72192215919495,8.04383182525635,NA,6.49569892883301,2.00743508338928,3.60472059249878,7.16523027420044,4.32682609558105,1.52730572223663,8.2637996673584,7.34870195388794,2.54393410682678,17.8555698394775,2.13621950149536,47.3495178222656,4.61603403091431,14.9734907150269,2.37935996055603,7.07611083984375,1.35175096988678,5.42362642288208,5.10835742950439,0.809602200984955,2.46889972686768,1.45201849937439,NA,1.54475772380829,1.79038381576538,NA,0.637910068035126,16.1141357421875
2012-01-31,4225.7001953125,26.2795639038086,13.4388637542725,10.090368270874,25.8053684234619,10.2011499404907,10.4591951370239,10.723708152771,13.8889999389648,12.5843105316162,35.801197052002,1.78456628322601,3.09394407272339,1.21281588077545,1.62090623378754,1.91759598255157,8.04383182525635,NA,6.51517724990845,2.2891800403595,3.50972676277161,7.2302303314209,4.40538549423218,1.7812602519989,7.23640727996826,7.99711751937866,2.39876389503479,17.3300628662109,2.29322457313538,44.9820442199707,4.60958814620972,14.6084690093994,2.47289752960205,7.14511680603027,1.44433641433716,5.13247013092041,5.20572996139526,0.868611037731171,2.63250088691711,1.51119124889374,NA,1.54475772380829,1.94743525981903,NA,0.659534156322479,16.1540260314941
2012-02-29,4255.5,26.2854423522949,13.1648397445679,10.0177736282349,26.7766723632812,10.4025831222534,10.423825263977,10.9174175262451,14.6050977706909,12.8900051116943,34.9388961791992,1.86096954345703,3.08283472061157,1.26471436023712,1.80521857738495,2.14457583427429,7.69827508926392,NA,6.64450693130493,2.41244316101074,3.59626984596252,6.93437194824219,4.32078266143799,1.97798597812653,7.64481258392334,8.4279260635376,2.75185585021973,18.5554943084717,2.29322457313538,46.2927436828613,4.87391233444214,14.1191921234131,2.44951319694519,7.32244491577148,1.59247350692749,5.37872266769409,5.49035978317261,0.880412936210632,2.63250088691711,1.44291460514069,NA,1.59488451480865,2.05075144767761,NA,0.648722290992737,17.3772068023682
2012-03-31,4335.2001953125,26.8426494598389,12.8167409896851,10.593674659729,29.8629474639893,11.1555595397949,10.8747301101685,11.2048149108887,16.1427707672119,13.6094646453857,34.4906196594238,1.85533046722412,3.11060810089111,1.29998517036438,1.93619644641876,2.39874815940857,8.0630292892456,NA,6.61971187591553,2.43005299568176,3.82779002189636,7.5318112373352,4.37724351882935,2.09327816963196,9.23069953918457,8.64029407501221,2.87821698188782,19.9624843597412,2.42644047737122,48.1924133300781,4.91781330108643,15.3950386047363,2.61281418800354,8.01372528076172,1.65265476703644,6.20621871948242,5.75251817703247,0.868611037731171,2.58788228034973,1.33822345733643,NA,1.59488451480865,1.97146999835968,NA,0.643002092838287,18.5937480926514
2012-04-30,4396.60009765625,27.8445568084717,13.1648397445679,11.0001926422119,30.5036392211914,11.4673023223877,11.1532297134399,11.3018589019775,16.2149333953857,13.5885133743286,34.9916343688965,1.99631321430206,3.26058340072632,1.37052714824677,2.01592254638672,2.4622905254364,7.81346035003662,NA,6.57508707046509,2.5357072353363,3.86894941329956,7.64925479888916,4.45738983154297,2.03202939033508,9.0157299041748,8.50680828094482,3.03265714645386,19.2409515380859,2.48353385925293,51.1119842529297,4.90464544296265,15.7730274200439,2.58257293701172,8.07133197784424,1.51377654075623,5.79936742782593,5.61020421981812,0.873331904411316,2.78123068809509,1.4110518693924,NA,1.67156136035919,1.9239010810852,NA,0.711698889732361,17.862491607666
2012-05-31,4076.30004882812,26.4676055908203,11.8390998840332,10.1870193481445,31.3273830413818,10.3182497024536,10.3425588607788,10.8987560272217,15.4035034179688,13.8504409790039,29.9868087768555,2.00195240974426,3.1439356803894,1.37052714824677,1.89633393287659,2.32726263999939,7.44870376586914,NA,6.3866605758667,2.38074731826782,3.84322428703308,8.01175308227539,4.10597658157349,1.66453444957733,8.0646505355835,7.27508020401001,3.10285758972168,17.7137012481689,2.38837933540344,48.8308258056641,4.83223009109497,16.9857234954834,2.34669375419617,7.80889987945557,1.3795268535614,5.37182664871216,5.55777215957642,0.89693546295166,2.79610276222229,1.45201849937439,NA,1.67993068695068,1.80233585834503,NA,0.675976514816284,16.713565826416
2012-06-30,4094.60009765625,28.4499988555908,11.6465339660645,10.6087589263916,32.8001518249512,10.8761234283447,10.8302412033081,11.1600275039673,14.8495035171509,14.0390157699585,29.796947479248,2.08090257644653,3.24541091918945,1.43603003025055,1.98175442218781,2.19223284721375,7.76546621322632,NA,6.04947853088379,2.65225291252136,3.64772057533264,7.79022979736328,3.81754446029663,1.76541554927826,8.71607494354248,6.46201705932617,3.05371785163879,17.9301662445068,2.4609637260437,51.2599143981934,4.74006128311157,17.8046989440918,2.32854914665222,8.12893676757812,0.995295524597168,5.10978651046753,6.27256107330322,0.966099321842194,2.84844136238098,1.4550187587738,NA,1.70585596561432,1.79704999923706,NA,0.714480638504028,16.6663112640381
2012-07-31,4269.2001953125,30.8235054016113,11.8242874145508,11.6480474472046,35.5293350219727,11.6216058731079,11.492751121521,12.1640520095825,14.2669467926025,14.9662227630615,28.0565891265869,2.25572109222412,3.49066925048828,1.53680467605591,2.14690041542053,1.87451803684235,8.1494197845459,NA,5.85609102249146,2.71729469299316,3.87923979759216,8.28074645996094,3.86092638969421,1.48799312114716,9.14601612091064,6.52269458770752,3.10285758972168,18.771951675415,2.41657781600952,51.3377647399902,5.33257007598877,18.6787891387939,2.42531967163086,8.09693336486816,1.05547690391541,5.2890772819519,6.5956449508667,1.0002543926239,3.0322117805481,1.58256947994232,NA,1.77844512462616,1.69134140014648,NA,0.767716348171234,16.8013134002686
2012-08-31,4316.10009765625,30.3719635009766,11.7724418640137,12.436297416687,36.9688262939453,12.2535371780396,11.5985727310181,13.3997488021851,15.3406820297241,15.516261100769,26.2868022918701,2.25197076797485,3.45074367523193,1.50172936916351,2.43349647521973,2.14518404006958,8.82133769989014,NA,6.02723550796509,2.8835117816925,3.98626589775085,8.16987323760986,4.22036981582642,1.28979349136353,8.74765014648438,6.89975833892822,3.3699324131012,18.8266906738281,2.37712240219116,53.4501075744629,5.58932161331177,19.6080093383789,2.69748830795288,8.58339023590088,1.06473553180695,5.89308547973633,6.60352516174316,1.04416823387146,2.92501282691956,1.50225985050201,NA,1.84561681747437,1.84990453720093,NA,0.756508946418762,16.3355484008789
2012-09-30,4387,30.9434642791748,12.4955635070801,12.4764614105225,38.693229675293,12.2189779281616,11.7273902893066,13.2988233566284,16.2544956207275,15.4743251800537,28.4862689971924,2.29291582107544,3.42222476005554,1.50172936916351,2.56250095367432,2.16937780380249,8.86933422088623,NA,5.73347091674805,2.86183166503906,4.10802364349365,8.06216239929199,4.44043588638306,1.27157628536224,8.69394397735596,6.9796314239502,3.58367133140564,18.2766017913818,2.33766889572144,53.2518424987793,5.30596303939819,19.1807899475098,2.69437670707703,8.90543174743652,1.12954521179199,5.82292890548706,6.85568857192993,1.01977157592773,2.90969800949097,1.57784557342529,NA,1.78777682781219,1.82633924484253,NA,0.801339030265808,16.7878131866455
2012-10-31,4457.60009765625,31.7757053375244,12.7905550003052,12.6220626831055,39.4418563842773,12.5053215026855,11.5111560821533,13.2522420883179,17.9907474517822,15.6088418960571,30.029088973999,2.39235377311707,3.45074367523193,1.63683319091797,2.66218614578247,2.306476354599,8.8309383392334,NA,5.66256141662598,3.14367842674255,4.12390565872192,7.7282600402832,4.51001501083374,1.45375037193298,8.65366077423096,6.97348690032959,3.49105143547058,18.1406230926514,2.52014541625977,56.7808113098145,5.81290292739868,18.6936836242676,2.80638313293457,8.55052947998047,1.19435501098633,6.03339719772339,7.21029138565063,1.04416823387146,3.00158357620239,1.62981069087982,NA,1.87016916275024,1.99237024784088,NA,0.829357802867889,16.9430637359619
2012-11-30,4506,33.1184349060059,13.0061292648315,13.2314405441284,43.4878311157227,12.4107751846313,11.6155443191528,13.7995700836182,19.2029781341553,15.9140110015869,31.3637199401855,2.5210382938385,3.54200196266174,1.5536926984787,2.71496033668518,2.62906002998352,9.3012809753418,NA,5.56126403808594,3.3388032913208,4.18213701248169,7.7390308380127,4.57959508895874,1.42460215091705,7.34453582763672,6.8444619178772,3.58367133140564,18.1962490081787,2.76180219650269,59.7943229675293,5.81290292739868,21.2250328063965,2.86238574981689,8.8331356048584,1.22676014900208,6.1035532951355,7.16301155090332,1.06368517875671,3.07815408706665,1.60146594047546,NA,1.85951328277588,1.93345546722412,NA,0.823753893375397,16.6368370056152
2012-12-31,4649,34.4999847412109,14.0310354232788,13.5116338729858,45.3383827209473,12.7623138427734,11.9501438140869,14.3041954040527,20.8032264709473,15.9411869049072,35.2394752502441,2.55613374710083,3.56203842163086,1.56928110122681,2.7501437664032,2.55603075027466,9.76202487945557,NA,5.88541793823242,3.19943904876709,4.272132396698,8.2829704284668,4.7503809928894,1.69422018527985,7.31767988204956,6.81988668441772,3.3414351940155,19.2902450561523,2.81127309799194,62.7285385131836,6.27252769470215,21.7840118408203,2.99306082725525,8.76084041595459,1.3795268535614,6.30700445175171,7.22374725341797,1.13974547386169,3.19634127616882,1.72577548027039,NA,1.96074748039246,2.00308203697205,NA,0.855806946754456,17.3208293914795
2013-01-31,4921.10009765625,36.0923728942871,14.3411560058594,14.6843061447144,46.0281257629395,13.6233234405518,13.3841638565063,14.6729593276978,23.0306835174561,17.0716953277588,35.8747520446777,2.71991348266602,3.60883045196533,1.65761888027191,2.96124172210693,3.05912232398987,10.4243488311768,NA,6.3311276435852,3.4284975528717,4.42565488815308,8.38529682159424,5.14255666732788,1.74522924423218,8.02259254455566,7.31140899658203,3.39843201637268,22.2199420928955,2.9485330581665,64.3145904541016,7.13094472885132,23.6685485839844,3.3166356086731,9.05002212524414,1.42581939697266,7.16992044448853,7.94453573226929,1.17489159107208,3.33805155754089,1.69155335426331,NA,2.06942677497864,2.15840125083923,NA,0.916318655014038,17.6662769317627
2013-02-28,5086.10009765625,38.5901031494141,13.9327049255371,16.1008453369141,50.4526100158691,14.5811328887939,14.5313758850098,16.5974044799805,21.7762699127197,18.9305057525635,35.2768478393555,2.73234176635742,3.56788754463196,1.63336038589478,3.37768912315369,3.04289412498474,11.0492477416992,NA,6.30694961547852,3.4211094379425,4.87714147567749,8.56840419769287,5.57268571853638,1.65049827098846,9.17731285095215,8.23294639587402,3.92565083503723,22.5969696044922,3.08070802688599,56.2982063293457,7.15122127532959,25.2496471405029,3.37886095046997,8.82706356048584,1.4998881816864,7.3735818862915,7.64354753494263,1.21505928039551,3.3537974357605,1.81866419315338,NA,2.10184645652771,2.16375660896301,NA,0.927844643592834,18.4539012908936
2013-03-31,4966.5,38.6811027526855,12.6184320449829,15.960750579834,50.2297058105469,14.5352783203125,14.74169921875,16.0388412475586,21.7762699127197,18.7458457946777,30.9828224182129,2.72027850151062,3.73165917396545,1.61729466915131,3.41355895996094,2.96986436843872,11.5884742736816,NA,6.8709020614624,3.53194355964661,5.02887439727783,8.70355224609375,5.44932460784912,1.4355331659317,9.13673400878906,7.72343635559082,4.09709739685059,22.9193210601807,3.02987122535706,54.9339447021484,7.0407772064209,26.0313949584961,3.31835293769836,9.32936477661133,1.65265476703644,7.25970554351807,7.9286961555481,1.18493366241455,3.27506947517395,1.78444194793701,NA,2.00458860397339,2.18053030967712,NA,0.933607935905457,16.8924713134766
2013-04-30,5191.2001953125,41.7751274108887,12.5953226089478,17.538143157959,53.3929252624512,16.2216358184814,16.2521934509277,17.3035945892334,22.9720611572266,20.1993560791016,30.2245044708252,3.00376534461975,3.98901462554932,1.76724290847778,3.47931861877441,3.19706702232361,12.7257528305054,NA,6.37421274185181,3.84967184066772,5.35943794250488,8.70904159545898,5.61016798019409,1.2752194404602,9.04205417633057,7.67372798919678,4.20510578155518,23.8186149597168,3.30947279930115,53.2629165649414,7.44113779067993,25.7815608978271,3.43936800956726,8.88064289093018,1.75912833213806,7.06753873825073,8.03166389465332,1.30543518066406,3.63721656799316,1.89199721813202,NA,2.21531367301941,2.24545907974243,NA,1.02005279064178,15.787034034729
2013-05-31,4926.60009765625,38.0270309448242,13.4350061416626,15.1524248123169,50.5434722900391,14.3642139434814,14.3137607574463,15.6558218002319,26.0687446594238,18.3075733184814,29.8886775970459,2.85900592803955,4.04750490188599,1.64942646026611,3.39562487602234,3.52975678443909,12.2257423400879,NA,6.96920585632324,3.79794764518738,5.37569522857666,7.90234327316284,5.89324951171875,1.22056722640991,10.8274707794189,8.12731552124023,4.37791872024536,23.6856212615967,3.27897191047668,52.1004638671875,6.91652870178223,27.8608436584473,3.29924464225769,9.53028392791748,1.47674167156219,7.96432209014893,7.88909244537354,1.24518489837646,3.46401524543762,1.78444194793701,NA,2.12825512886047,2.32662010192871,NA,0.9653040766716,15.8056125640869
2013-06-30,4802.60009765625,39.3465385437012,12.0830345153809,15.3868570327759,52.2226181030273,14.9066505432129,14.6493997573853,15.7994546890259,25.2837200164795,18.2021675109863,28.3666152954102,2.8771014213562,4.04628753662109,1.6601368188858,3.25214695930481,3.52975678443909,11.6865148544312,NA,6.50355768203735,3.68149209022522,5.49491405487061,7.94624376296997,6.00905609130859,1.1076192855835,10.2052803039551,7.78557062149048,4.19070434570312,21.2731437683105,3.1400420665741,49.8159255981445,5.76377630233765,28.8601951599121,2.70691013336182,9.91872882843018,1.2499064207077,7.30952644348145,7.5409083366394,1.22901165485382,3.47392845153809,1.76050782203674,NA,2.10089945793152,2.25086975097656,NA,0.95207929611206,14.5189418792725
2013-07-31,5052,42.207389831543,13.3425636291504,16.4577541351318,56.0303382873535,15.5221118927002,15.4144420623779,16.1824741363525,26.5035228729248,18.4850997924805,31.1507320404053,3.0097975730896,4.05825996398926,1.61193954944611,3.47334027290344,3.57924008369446,12.5688877105713,NA,6.182776927948,3.56078672409058,5.73876953125,7.98465919494629,5.84177875518799,1.33351492881775,11.0979881286621,8.4939136505127,3.43464922904968,22.3216819763184,3.14528346061707,49.3073539733887,6.05368947982788,29.6822376251221,2.87887811660767,9.58386135101318,1.16658020019531,6.96077585220337,7.42044639587402,1.21345472335815,3.40899515151978,1.81109702587128,NA,2.0024197101593,2.45647811889648,NA,0.972841203212738,12.7119846343994
2013-08-31,5135,42.5902709960938,13.7701120376587,16.7241458892822,57.658576965332,15.4856014251709,16.0166110992432,16.8159713745117,26.4854068756104,19.7888240814209,32.0547027587891,3.03893446922302,4.04030323028564,1.61618900299072,3.47931861877441,3.72768759727478,12.2797594070435,NA,6.98823690414429,3.49289131164551,5.65206527709961,8.6431884765625,5.66163682937622,1.57762885093689,10.4101247787476,9.36591815948486,3.42744922637939,22.8041400909424,3.1400420665741,47.3166885375977,6.61281108856201,30.1013240814209,3.0190007686615,10.595477104187,1.2684234380722,6.96646785736084,7.87820148468018,1.18234074115753,3.34406137466431,1.8869811296463,NA,1.96899020671844,2.46188855171204,NA,0.975807189941406,13.1830615997314
2013-09-30,5218.89990234375,41.6371955871582,14.07080078125,17.4380779266357,54.7418403625488,16.0541191101074,16.9395980834961,17.0103492736816,28.9310474395752,19.8903388977051,33.946102142334,3.08234763145447,4.07023143768311,1.64386332035065,3.6658718585968,3.8101589679718,13.0167436599731,NA,7.43653917312622,3.68149209022522,5.79517984390259,8.64319038391113,5.95980644226074,1.77156901359558,10.0471420288086,9.46635723114014,3.23095750808716,22.740255355835,3.12955713272095,49.8991012573242,7.15791702270508,29.5068550109863,3.00920963287354,11.1029644012451,1.36563920974731,7.16138553619385,8.57688045501709,1.18234074115753,3.26289486885071,1.9578058719635,NA,1.93016541004181,2.57870101928711,NA,1.03216063976288,14.104115486145
2013-10-31,5411.10009765625,44.3210067749023,14.7755222320557,18.4237308502197,58.7961578369141,17.587553024292,17.5861854553223,17.7630615234375,32.0651016235352,19.8164596557617,34.9357833862305,3.20018434524536,4.17198705673218,1.71581661701202,3.82824397087097,4.06581974029541,13.255765914917,NA,7.66860103607178,3.79465270042419,5.94476938247681,8.63758373260498,6.01214361190796,1.92448318004608,9.96495628356934,9.54796504974365,3.41370511054993,24.2154445648193,3.12431526184082,48.4882659912109,7.89766263961792,31.5033168792725,3.05490255355835,10.993236541748,1.14806222915649,7.65228748321533,8.64915752410889,1.27568340301514,3.4576952457428,2.03368997573853,NA,2.03000140190125,2.63380265235901,NA,1.04105865955353,14.687686920166
2013-11-30,5320.10009765625,45.5021133422852,14.720401763916,17.9802398681641,58.7876014709473,17.0986347198486,17.5597896575928,17.5305442810059,33.3763542175293,19.1458702087402,36.3213348388672,3.13816475868225,4.19593000411987,1.6881422996521,3.7782838344574,3.95441913604736,13.1362543106079,NA,7.35742664337158,3.65131568908691,6.11651992797852,8.4133768081665,6.22148847579956,2.11842322349548,10.7183179855347,8.78839588165283,3.58913993835449,24.4327697753906,3.20818996429443,48.2490005493164,7.78494215011597,31.5685138702393,3.04184699058533,11.3772811889648,1.12954521179199,7.86164140701294,10.0706062316895,1.23419809341431,3.3927628993988,1.94768822193146,NA,1.98562932014465,2.57319188117981,NA,1.00843286514282,16.6784057617188
2013-12-31,5352.2001953125,45.4904365539551,14.9566259384155,17.7068176269531,58.9843330383301,17.2755146026611,17.6867370605469,17.9880084991455,34.4336090087891,19.2368030548096,37.4869651794434,3.25600075721741,4.19622755050659,1.64386332035065,3.63464570045471,3.92928457260132,13.0466203689575,NA,7.42071628570557,3.64565277099609,6.50980186462402,8.42458629608154,6.57391691207886,2.17063856124878,7.88292980194092,9.18387508392334,3.52335238456726,24.2088584899902,3.23755955696106,48.6120223999023,7.84834909439087,35.251766204834,2.86560344696045,11.3704214096069,1.0138133764267,8.2153787612915,10.4733848571777,1.25311017036438,3.36165356636047,1.88800716400146,NA,1.94400024414062,2.68890261650085,NA,1.02273213863373,17.1676769256592
2014-01-31,5190,43.403018951416,14.3975715637207,16.8810787200928,60.0962677001953,16.1499004364014,16.8844127655029,17.1547718048096,33.8823699951172,19.3618202209473,36.0904159545898,3.18777990341187,4.23917293548584,1.67153787612915,3.42855858802795,3.81199097633362,12.1303701400757,NA,7.37324905395508,3.59940648078918,6.60852670669556,8.51987361907959,6.47333431243896,1.98788666725159,7.86923170089722,8.37408542633057,2.66078948974609,23.4580936431885,3.23216414451599,47.2176818847656,7.4185905456543,35.7407073974609,2.78727221488953,11.3224172592163,1.01844203472137,8.06377792358398,10.4410104751587,1.2156240940094,3.32820534706116,1.89846706390381,NA,2.06407117843628,2.71094298362732,NA,1.01664400100708,16.9086494445801
2014-02-28,5404.7998046875,44.7316703796387,15.1101675033569,18.3028774261475,61.7556495666504,17.22727394104,17.641040802002,18.0345783233643,35.2479400634766,20.4984111785889,36.7501945495605,3.22092247009277,4.33732891082764,1.77967619895935,3.4716808795929,4.17224597930908,12.0905342102051,NA,7.74891185760498,3.69960498809814,6.35454368591309,8.77210998535156,6.73197937011719,2.06527328491211,8.78011798858643,8.65581703186035,2.87113809585571,24.7357120513916,3.60448312759399,48.3287696838379,7.94698143005371,39.3180351257324,3.15281558036804,12.0966176986694,1.07862317562103,8.67112922668457,11.7360210418701,1.27988636493683,3.57907462120056,2.0187554359436,NA,2.12696480751038,2.84904336929321,NA,1.07447743415833,17.3691425323486
2014-03-31,5389.2001953125,46.2115592956543,14.8883104324341,18.9153442382812,59.9109382629395,17.7257595062256,17.9863452911377,17.2661666870117,36.3003158569336,20.6853790283203,35.7588272094727,3.22092247009277,4.44162130355835,1.72817409038544,3.53561544418335,4.37331676483154,12.7080059051514,NA,7.6415867805481,3.66106653213501,6.48653507232666,8.58923816680908,6.75413465499878,2.01591920852661,8.80842685699463,8.49717044830322,2.60405564308167,24.1907939910889,3.4803774356842,47.9492225646973,8.58647537231445,39.3219032287598,3.34338903427124,12.0200147628784,1.02307140827179,9.0363826751709,11.8684225082397,1.24240016937256,3.51217651367188,1.94553637504578,NA,2.09265971183777,2.84904336929321,NA,1.04099500179291,15.5127840042114
2014-04-30,5489.10009765625,47.2720336914062,15.1695985794067,19.2051734924316,59.0140380859375,18.476167678833,17.925407409668,17.9337959289551,36.1437072753906,21.666524887085,34.5547370910645,3.32934904098511,4.4600248336792,1.82545518875122,3.66988015174866,4.21413516998291,12.966947555542,NA,7.99576091766357,3.83833909034729,6.46768045425415,9.01212692260742,6.87070941925049,1.91721177101135,8.00640296936035,8.72562217712402,2.82662487030029,23.9682445526123,3.59369158744812,49.5011367797852,9.30500984191895,36.7775993347168,3.37682294845581,12.3264303207397,1.12954521179199,9.02177238464355,11.3473691940308,1.33343815803528,3.79649543762207,2.03444528579712,NA,2.2413182258606,2.89941883087158,NA,1.06534600257874,15.7358436584473
2014-05-31,5492.5,48.8837051391602,14.8722333908081,19.3171329498291,60.8768043518066,18.4027881622314,17.5275573730469,18.2067356109619,38.6334571838379,21.7884483337402,33.2106285095215,3.40588521957397,4.6205620765686,1.82545518875122,3.80414390563965,4.44871997833252,13.2956018447876,NA,8.09772205352783,3.92312264442444,6.66881275177002,8.80068206787109,7.00914430618286,1.67423856258392,7.86812257766724,9.21425914764404,3.8578610420227,24.2649765014648,3.77175712585449,50.4963912963867,9.63553333282471,38.8622817993164,3.53730511665344,12.3333940505981,1.30082893371582,9.29936599731445,11.8518800735474,1.34950351715088,3.72959661483765,2.03967523574829,NA,2.22988271713257,2.76508355140686,NA,1.10187184810638,14.4298992156982
2014-06-30,5395.7001953125,48.4583129882812,14.4261846542358,19.0140762329102,57.3927192687988,18.3203601837158,17.1559638977051,17.5684967041016,38.3760261535645,20.4473495483398,33.2162322998047,3.32297134399414,4.70539808273315,1.88995063304901,3.73381423950195,4.47423934936523,13.4848289489746,NA,7.84550476074219,3.97243762016296,6.55567455291748,8.84639930725098,6.69584655761719,1.65145969390869,7.51551103591919,9.04926300048828,3.71690058708191,24.0356826782227,3.81864190101624,52.0398750305176,9.41997528076172,37.3438949584961,3.54399275779724,12.0687599182129,1.16658020019531,9.11674118041992,11.60693359375,1.37517511844635,3.81975793838501,2.09197473526001,NA,2.255690574646,2.78747248649597,NA,1.114750623703,14.2977809906006
2014-07-31,5632.89990234375,50.1778450012207,15.5433149337769,19.4237613677979,58.4707107543945,18.6665458679199,18.485315322876,18.483865737915,37.6616630554199,21.4517154693604,37.1757354736328,3.50155639648438,4.95371961593628,2.00807285308838,4.02791690826416,4.84850883483887,14.2317705154419,NA,7.6898832321167,4.19269132614136,6.55567455291748,8.44636821746826,6.87070941925049,1.86785733699799,7.60539293289185,9.23963928222656,3.73915815353394,24.4066047668457,4.14009523391724,53.6845741271973,9.75768375396729,39.7158584594727,3.67104172706604,12.6537466049194,1.23601937294006,9.60618114471436,11.4727487564087,1.42488014698029,4.09505701065063,2.18902492523193,NA,2.39079761505127,2.80986142158508,NA,1.13348579406738,16.1473922729492
2014-08-31,5625.89990234375,50.062686920166,14.7356081008911,19.6650810241699,63.7054901123047,18.3698120117188,18.4225158691406,18.2430114746094,37.5200843811035,20.9930744171143,35.6169700622559,3.64136028289795,5.13200283050537,2.02579092979431,4.13660573959351,4.70390558242798,14.6593923568726,NA,8.47199726104736,4.38934707641602,7.17793273925781,8.40909957885742,6.92171049118042,1.58312344551086,8.07112121582031,9.53738689422607,3.7910897731781,25.2833271026611,4.29527950286865,61.1911430358887,10.2750282287598,42.6459121704102,3.93182587623596,12.277684211731,1.3610098361969,9.11106014251709,10.7431221008301,1.47121798992157,4.14667463302612,2.29146671295166,NA,2.34380388259888,2.71785736083984,NA,1.14597582817078,15.0464334487915
2014-09-30,5292.7998046875,46.3504676818848,13.9103813171387,18.0375499725342,64.534294128418,16.990571975708,17.0303573608398,17.7586097717285,37.0631446838379,20.3526039123535,33.8824729919434,3.47108173370361,4.91551685333252,1.93719971179962,4.07639169692993,4.96759510040283,14.2631940841675,NA,8.16650295257568,4.06683254241943,7.26992082595825,8.2683629989624,7.0364875793457,1.35362863540649,8.16920566558838,8.79137325286865,3.18915677070618,24.7746696472168,4.12346839904785,59.6713638305664,10.6693639755249,41.5154228210449,3.73055768013,12.4974327087402,1.28694128990173,8.99273490905762,10.0386562347412,1.42697072029114,3.81975793838501,2.12971615791321,NA,2.27331376075745,2.58111000061035,NA,1.07415747642517,13.8720722198486
2014-10-31,5526.60009765625,49.5455627441406,13.9473428726196,19.5191650390625,69.772216796875,18.4082813262939,18.3126049041748,18.5926208496094,39.367130279541,21.3987636566162,34.3544845581055,3.68720602989197,5.17657327651978,2.09075784683228,4.3428225517273,5.45244693756104,14.8828926086426,NA,7.7846360206604,4.35788202285767,7.52016592025757,8.29889678955078,7.04387950897217,1.36140811443329,8.07812404632568,8.29617500305176,3.49754190444946,24.8644866943359,4.36178779602051,63.0622901916504,11.6514825820923,43.2973785400391,3.99702548980713,13.3096981048584,1.55543982982635,9.07408332824707,10.0805883407593,1.5044037103653,4.16388034820557,2.28607511520386,NA,2.42016839981079,2.66657638549805,NA,1.12099587917328,15.1198310852051
2014-11-30,5207.7001953125,49.1269302368164,12.0211658477783,18.5844211578369,72.3476715087891,17.9033966064453,17.3469715118408,17.1153049468994,38.1021270751953,18.1176242828369,32.2219009399414,3.68065571784973,5.32938766479492,2.06713366508484,4.20960807800293,5.466881275177,14.4765338897705,NA,6.3826379776001,4.26348686218262,7.930823802948,7.90807342529297,7.08822631835938,1.01911115646362,7.50361776351929,5.85877227783203,3.49002003669739,24.7470417022705,4.33961772918701,59.4052352905273,11.1604232788086,44.1427612304688,3.77155256271362,12.2979326248169,1.86097264289856,8.23101615905762,9.87092685699463,1.526526927948,3.997563123703,2.21059131622314,NA,2.44366526603699,2.5583188533783,1.42774653434753,1.09913778305054,12.8433504104614
2014-12-31,5411,52.7283515930176,12.0622329711914,19.1147441864014,75.419075012207,18.1465587615967,18.1293354034424,17.4116153717041,38.3190574645996,18.2365055084229,32.983943939209,3.90987873077393,5.58647108078003,2.06713366508484,4.16298151016235,5.64767503738403,14.2835130691528,NA,6.36627149581909,4.56038427352905,8.71363925933838,8.15844440460205,7.85691785812378,1.06578814983368,7.85392570495605,5.30569314956665,3.58780097961426,25.3826427459717,4.41542291641235,66.7021102905273,12.2020626068115,47.3254203796387,3.757887840271,13.1814441680908,2.22205686569214,8.72650241851807,11.1562213897705,1.63505578041077,4.10800790786743,2.28591871261597,NA,2.61765551567078,2.63239026069641,1.61543142795563,1.13896298408508,14.3503255844116
2015-01-31,5588.2998046875,54.9938468933105,12.0170564651489,19.8641166687012,76.5240783691406,18.6611518859863,19.2246513366699,18.1920528411865,40.8565673828125,18.8903579711914,32.7337226867676,4.25698709487915,5.996666431427,2.24431657791138,4.26289367675781,6.04370212554932,14.954005241394,NA,5.82620334625244,4.91303205490112,8.2003173828125,8.67140197753906,7.83474445343018,0.917977929115295,7.4335560798645,5.06774091720581,3.7006254196167,26.3498611450195,4.81251335144043,71.2519760131836,12.4103927612305,49.2731437683105,3.94236612319946,13.4237022399902,2.41648650169373,8.60078048706055,11.0040893554688,1.72620868682861,4.5441517829895,2.43017625808716,NA,2.7199547290802,2.82041764259338,1.59532225131989,1.23494327068329,13.7369346618652
2015-02-28,5928.7998046875,57.8129768371582,13.8200283050537,21.9047145843506,80.2567596435547,19.984395980835,20.449462890625,18.8040027618408,47.8971748352051,18.254337310791,36.6292419433594,4.26901626586914,5.95759916305542,2.34002637863159,4.06307029724121,6.40529155731201,14.2022409439087,NA,6.79904651641846,5.00119209289551,8.91615676879883,9.37233352661133,8.20430850982666,0.96854442358017,9.10102653503418,5.20243215560913,4.08422708511353,30.4950981140137,5.44667625427246,77.6217269897461,13.1104726791382,55.447826385498,4.57779026031494,13.85120677948,2.67572689056396,9.4187650680542,12.7958478927612,1.69772350788116,4.65613603591919,2.60217428207397,NA,2.82827138900757,2.75190496444702,1.71597683429718,1.33092308044434,15.0091533660889
2015-03-31,5860.7998046875,58.6935157775879,12.8518495559692,22.5849094390869,81.2482452392578,20.6120910644531,20.7354297637939,18.6753559112549,51.0131874084473,17.8376350402832,32.8553733825684,4.24220943450928,6.20501947402954,2.26727962493896,4.08348798751831,7.27482509613037,13.7349262237549,NA,6.21993017196655,5.04126739501953,9.1511344909668,9.39724349975586,8.59124088287354,0.746094405651093,9.11384582519531,4.54066276550293,3.97063708305359,29.2839546203613,5.31035995483398,79.6032104492188,12.6117458343506,55.2190856933594,4.51224422454834,14.8447198867798,2.95348453521729,9.54604721069336,12.6606197357178,1.73190569877625,4.46163892745972,2.49675583839417,NA,2.75605940818787,2.79844903945923,1.58861923217773,1.27653455734253,14.6532354354858
2015-04-30,5790,55.8946952819824,13.5423059463501,21.016996383667,79.8010025024414,19.2209892272949,19.8397579193115,18.7439708709717,51.2564277648926,18.0086860656738,33.2863807678223,4.17519283294678,6.45895051956177,2.26727962493896,3.95417618751526,7.16290616989136,13.323489189148,NA,7.09417295455933,5.00920867919922,8.83130264282227,9.45951461791992,8.10480213165283,0.854366600513458,9.76228904724121,5.4383111000061,4.23686933517456,29.7426204681396,5.68967247009277,72.5186996459961,12.1281328201294,52.1842498779297,4.49132251739502,14.367488861084,3.13865542411804,9.21661472320557,12.3479080200195,1.6806321144104,4.34965515136719,2.46346569061279,NA,2.68986654281616,2.82172060012817,1.48137056827545,1.28613233566284,15.2969207763672
2015-05-31,5777.2001953125,53.517261505127,13.4135236740112,19.8883666992188,82.0113525390625,19.2706489562988,19.3418273925781,18.7225246429443,55.0757141113281,17.1045837402344,33.8979454040527,4.16849088668823,6.62172508239746,2.39458656311035,3.85208988189697,6.78392362594604,13.7450866699219,1.75286960601807,7.41157388687134,5.24965047836304,9.46444320678711,10.1071720123291,8.56130504608154,0.95279598236084,10.4392337799072,5.40555000305176,4.0923433303833,29.3756904602051,5.52372217178345,76.7850112915039,12.5890760421753,52.9596328735352,4.64475202560425,14.5193338394165,3.25901651382446,9.64337730407715,14.9256734848022,1.73190569877625,4.72096920013428,2.40798234939575,NA,2.78013038635254,3.10680198669434,1.43444919586182,1.28613233566284,16.8856906890869
2015-06-30,5459,53.5424194335938,12.2621126174927,19.0527744293213,75.8451614379883,18.6958389282227,18.7726173400879,16.7370643615723,54.8399124145508,16.469274520874,31.306095123291,4.11487579345703,6.18303966522217,2.2733416557312,3.79764366149902,6.65346240997314,13.643497467041,1.43271100521088,6.66540336608887,5.11240720748901,8.95531749725342,9.68370723724365,7.93267822265625,0.752000093460083,9.74091148376465,5.13035821914673,3.7956862449646,28.1549434661865,4.99890756607056,69.5010681152344,11.3573722839355,51.2504501342773,4.19840955734253,15.4520959854126,2.9257082939148,8.76738548278809,15.2111873626709,1.71123135089874,4.42709350585938,2.34044146537781,NA,2.64111304283142,2.98462414741516,1.34730994701385,1.21450877189636,16.4151382446289
2015-07-31,5699.2001953125,55.0707702636719,11.990122795105,20.6587715148926,86.8004684448242,18.9745349884033,19.5954341888428,18.2036476135254,55.3451995849609,17.4711074829102,30.7877254486084,4.34943723678589,6.62848424911499,2.40064859390259,4.0086236000061,7.4536190032959,14.4968500137329,1.4287086725235,6.31459426879883,5.33255958557129,9.40569686889648,10.3874092102051,8.14221858978271,0.730345606803894,10.403603553772,4.8486156463623,4.38899993896484,31.3655948638916,5.50243949890137,79.1436157226562,11.7805366516113,55.7610321044922,4.60988140106201,14.9459466934204,3.47196412086487,9.25404834747314,16.6778583526611,1.75811409950256,4.71819019317627,2.42606782913208,NA,2.84475016593933,3.08353066444397,1.40093421936035,1.2407683134079,14.8183670043945
2015-08-31,5207,48.8106727600098,11.4144153594971,18.4305210113525,80.5816497802734,16.216609954834,17.5665702819824,18.142599105835,51.154712677002,16.1271820068359,30.0894317626953,3.9716055393219,6.43568086624146,2.37347555160522,3.45054793357849,7.34055233001709,13.3882436752319,1.21660363674164,4.74827432632446,4.97379398345947,8.95531749725342,10.740306854248,7.36392021179199,0.752000093460083,9.54916381835938,3.46631026268005,4.53352642059326,27.8303508758545,5.32043981552124,74.0795516967773,10.7345733642578,52.0758514404297,4.14959049224854,14.9820976257324,3.11087965965271,7.5366702079773,15.4307460784912,1.65848755836487,4.46954536437988,2.23198223114014,NA,2.77069997787476,2.96739554405212,1.56180655956268,1.14885973930359,12.2342176437378
2015-09-30,5021.60009765625,47.2763824462891,10.4913520812988,17.6008491516113,79.0283508300781,15.7230815887451,16.8959178924561,17.5000629425049,51.6465301513672,15.7010641098022,29.0782737731934,3.86147475242615,6.60853910446167,2.42954182624817,3.4029061794281,7.48840713500977,12.7203960418701,1.09254169464111,3.50659489631653,4.76995038986206,8.78295993804932,10.1552829742432,7.3931074142456,0.724375426769257,9.32490539550781,2.68926167488098,5.05934572219849,27.4123497009277,5.18697452545166,73.2544250488281,9.6641960144043,49.2391662597656,3.97103667259216,13.4696359634399,3.44418835639954,8.06195068359375,14.9652805328369,1.60574400424957,4.33612680435181,2.19773173332214,NA,2.78304243087769,2.99730920791626,1.65940034389496,1.12916493415833,11.6016788482666
2015-10-31,5239.39990234375,49.8833656311035,10.8690757751465,18.7230587005615,83.0949401855469,15.79856300354,16.9917259216309,17.5848407745361,57.7368659973145,15.2396440505981,30.3048267364502,3.71692752838135,6.94095993041992,2.57905220985413,3.9442777633667,8.10591793060303,13.6804265975952,1.17258191108704,3.6141242980957,4.94933319091797,9.10306739807129,10.6385641098022,7.87889766693115,0.831837594509125,9.58533763885498,3.94605135917664,5.55691480636597,29.8293857574463,5.58130645751953,78.0637588500977,10.010721206665,52.2202987670898,4.09245347976685,14.2298402786255,3.43405079841614,8.22943305969238,16.0718631744385,1.70537102222443,4.693932056427,2.31189966201782,NA,2.94348311424255,3.09303116798401,1.61825799942017,1.18496680259705,12.7124767303467
2015-11-30,5266.10009765625,52.6528396606445,8.8529634475708,20.1781806945801,89.225830078125,16.731761932373,17.4552516937256,17.3885116577148,56.8117294311523,15.4798374176025,28.0730972290039,3.77887582778931,6.86645126342773,2.57905220985413,4.00052452087402,8.46408271789551,14.3169689178467,0.956474542617798,3.74554657936096,5.13686943054199,9.06972312927246,10.7021551132202,8.46335887908936,0.792036950588226,9.16575241088867,3.14996767044067,6.10632753372192,30.7484321594238,5.35683917999268,84.4089126586914,10.0877275466919,56.8435745239258,4.22815465927124,15.1967010498047,3.20801186561584,8.86129474639893,14.5876340866089,1.6350462436676,4.82128620147705,2.34044146537781,NA,2.92497062683105,3.36225032806396,1.63197243213654,1.24405074119568,12.6265745162964
2015-12-31,5295.89990234375,55.6043739318848,8.43274021148682,20.6520195007324,93.3013076782227,16.8160514831543,17.624490737915,18.5664920806885,56.8667030334473,15.4861602783203,26.7508163452148,3.86147475242615,7.14015245437622,2.61020016670227,3.90912437438965,8.96455383300781,12.6682224273682,0.852422654628754,3.08843326568604,5.20973253250122,8.96302127838135,11.4970264434814,8.78216075897217,0.744275867938995,9.10787773132324,2.85514307022095,6.51446294784546,30.7267227172852,5.38382434844971,83.8823318481445,10.9809885025024,57.2141227722168,4.16387557983398,13.1891717910767,3.55576395988464,8.84607028961182,15.4349021911621,1.69356882572174,4.68930721282959,2.41011762619019,NA,3.02129340171814,2.62040185928345,1.47426080703735,1.3308173418045,12.3868274688721
2016-01-31,5043.60009765625,50.8520240783691,7.20040988922119,18.8612747192383,95.6756896972656,14.8051118850708,16.2413768768311,19.0216159820557,49.4947090148926,15.4419136047363,23.3164691925049,3.9027738571167,7.47431468963623,2.70987391471863,3.69819951057434,9.33331966400146,12.3238639831543,0.800396978855133,2.7664475440979,5.13495254516602,9.04304695129395,11.8594875335693,8.56962776184082,0.666664063930511,7.84189033508301,2.3663547039032,7.16590929031372,30.7339534759521,5.32179880142212,83.7770080566406,10.210934638977,52.9529495239258,3.88533091545105,13.6393918991089,3.45143818855286,8.03150081634521,14.5513935089111,1.77824723720551,4.62678337097168,2.44538807868958,NA,3.1161036491394,2.23751187324524,1.707399725914,1.28376805782318,10.9643430709839
2016-02-29,4922.2998046875,47.6957702636719,7.56869220733643,18.1351318359375,91.5204849243164,13.8899517059326,14.9272041320801,17.9947414398193,44.7540893554688,14.2851915359497,25.6123332977295,3.54629945755005,7.78119897842407,2.81487274169922,3.6600170135498,8.72748851776123,11.7394971847534,1.04051625728607,3.08882927894592,5.47562074661255,9.52330207824707,11.7880983352661,9.63229274749756,0.863678455352783,7.79125070571899,2.70150065422058,7.37782573699951,30.6109447479248,5.36521577835083,89.5166091918945,10.4141597747803,55.5298614501953,3.79229044914246,13.5360641479492,3.38188791275024,7.04998779296875,15.6911211013794,1.89921677112579,4.80185079574585,2.46890091896057,NA,3.14138627052307,2.54863691329956,1.76911306381226,1.23671901226044,11.4358406066895
2016-03-31,4999.39990234375,48.7510681152344,8.12164688110352,18.2458972930908,90.2055892944336,13.7334136962891,15.5320358276367,18.7550792694092,44.1082725524902,14.0454444885254,26.721061706543,3.73070788383484,7.61070728302002,2.77657580375671,3.83907866477966,8.98211193084717,12.1360301971436,1.156574010849,3.29744338989258,5.47562074661255,9.62526607513428,11.7169303894043,9.227858543396,1.03318524360657,7.93253231048584,3.08742880821228,7.46566200256348,30.2856254577637,5.24116563796997,91.165397644043,10.650486946106,51.5688438415527,4.13704347610474,13.7744312286377,3.59923243522644,7.36762571334839,15.6822862625122,1.89316785335541,4.87062692642212,2.46890091896057,NA,3.12874507904053,2.45013928413391,2.02392101287842,1.25688278675079,12.1390914916992
2016-04-30,5252.2001953125,49.3521919250488,9.89721202850342,19.107421875,93.9388656616211,14.6124458312988,16.4453258514404,19.7089595794678,43.6273384094238,14.3042297363281,31.9302501678467,3.80163192749023,7.89713096618652,2.99359512329102,4.13274002075195,8.7801685333252,13.0438852310181,1.32865905761719,3.69448184967041,5.72489023208618,10.4681577682495,11.8333864212036,9.58100414276123,1.3762354850769,8.289381980896,3.78052520751953,7.37857532501221,32.4049644470215,5.42724275588989,95.8221282958984,10.0045251846313,55.0887489318848,4.31308937072754,14.56969165802,2.79940319061279,7.83245897293091,16.3714237213135,2.0080885887146,5.26452922821045,2.56883335113525,NA,3.17931056022644,2.628666639328,2.1914176940918,1.25688278675079,12.2269973754883
2016-05-31,5378.60009765625,51.716609954834,9.1314697265625,19.4767818450928,103.388114929199,15.8451805114746,17.0011138916016,18.7228221893311,53.2107696533203,14.3106966018677,27.6811408996582,3.96476268768311,8.21765327453613,2.97444653511047,4.21152782440186,11.2912979125977,13.5447702407837,1.24861943721771,3.84253072738647,5.9076886177063,11.0663366317749,12.0274810791016,9.86505794525146,1.2026926279068,9.24842548370361,3.56787085533142,8.18610191345215,32.9829559326172,5.43964719772339,107.033744812012,10.5795879364014,61.7044830322266,4.13704347610474,16.0551700592041,2.67769002914429,8.32053470611572,18.6243686676025,1.97179806232452,5.41458654403687,2.66288614273071,NA,3.40053486824036,2.77641463279724,2.23329210281372,1.30729246139526,11.032208442688
2016-06-30,5233.39990234375,49.6728019714355,8.92567539215088,18.6520309448242,100.190734863281,14.9994449615479,15.9240713119507,18.4785900115967,48.967830657959,13.5149383544922,28.1828536987305,3.94348430633545,8.33761405944824,3.14040231704712,3.90354132652283,12.2115917205811,12.7099628448486,1.23261141777039,3.86944890022278,6.00924205780029,10.1486740112305,12.480375289917,9.51191139221191,1.41255819797516,7.75410842895508,3.65450811386108,7.30732202529907,33.9092330932617,5.87812232971191,107.548202514648,9.92574787139893,60.864803314209,3.7849555015564,16.16770362854,2.45165133476257,7.10421848297119,18.4041175842285,2.06340265274048,5.76766300201416,2.84198045730591,NA,3.49306845664978,2.96725416183472,2.05881595611572,1.39339506626129,10.0019950866699
2016-07-31,5562.2998046875,51.6631698608398,9.34204769134521,19.7242069244385,105.388732910156,16.069055557251,16.619140625,19.782693862915,52.86962890625,15.1452741622925,30.6976337432861,4.09242963790894,8.73397922515869,3.38295388221741,4.32612609863281,14.1052742004395,14.0143518447876,1.46872854232788,3.70121121406555,6.37266826629639,10.2098541259766,13.3149890899658,10.3256826400757,1.78789508342743,8.15556335449219,3.4576051235199,7.63983345031738,36.8288650512695,6.17711591720581,117.730918884277,10.56383228302,66.8274612426758,4.26174211502075,17.2405471801758,2.74724054336548,6.87954902648926,19.6190567016602,2.15041351318359,6.2472357749939,3.041100025177,NA,3.6222026348114,3.2011866569519,2.14256429672241,1.51755928993225,11.4783639907837
2016-08-31,5433,49.4061012268066,9.77756118774414,18.6900978088379,96.5467987060547,16.7282333374023,17.1200923919678,20.164083480835,57.354190826416,15.339358329773,29.8324279785156,3.83909797668457,7.96906185150146,3.2395715713501,3.98232889175415,13.3619594573975,13.2630233764648,1.53676223754883,3.5397036075592,6.41492795944214,10.8760061264038,12.2311792373657,9.45816993713379,1.97758150100708,7.53154611587524,3.49698519706726,8.98682403564453,37.9033470153809,5.87812232971191,124.977630615234,11.1160097122192,70.372802734375,3.96041750907898,17.2555503845215,2.81679105758667,7.78452682495117,19.5200653076172,2.05718779563904,6.21526622772217,2.92645525932312,NA,3.44141459465027,2.78300619125366,1.87736141681671,1.6003350019455,11.9731893539429
2016-09-30,5435.89990234375,49.8120460510254,10.8209819793701,18.7218189239502,96.4187393188477,17.1821975708008,17.451976776123,20.9527816772461,58.2354774475098,15.3018407821655,32.3456115722656,3.78070783615112,7.90647840499878,3.06357860565186,4.01063919067383,13.9902362823486,12.6369161605835,1.94076263904572,3.6473753452301,6.15292119979858,10.4828433990479,12.5608587265015,9.30842208862305,2.04791378974915,7.05323314666748,2.84327006340027,8.83477687835693,36.401008605957,5.42008590698242,126.145729064941,11.2929639816284,67.7088317871094,3.97547602653503,16.8435230255127,2.76965594291687,8.13120365142822,18.2871227264404,1.97017693519592,5.85078811645508,2.87215065956116,NA,3.26708483695984,2.97952818870544,1.7695506811142,1.54515111446381,12.3301153182983
2016-10-31,5290.5,50.0597305297852,11.0240602493286,19.3308658599854,89.7955856323242,17.1324462890625,17.4644966125488,19.2708568572998,56.3662986755371,15.4333572387695,33.9688568115234,3.59094262123108,7.25281953811646,2.76373863220215,4.01797103881836,13.3442621231079,12.4490833282471,2.11792755126953,3.62045812606812,5.73033142089844,10.1783933639526,12.6136064529419,8.93546485900879,2.26718521118164,7.72135210037231,2.76450896263123,8.61870861053467,35.2294654846191,5.08928108215332,113.288696289062,10.7057952880859,61.8981399536133,3.40324783325195,15.6344022750854,2.6542534828186,8.31242275238037,17.4951591491699,1.78372490406036,5.75487518310547,2.64889478683472,NA,2.99590349197388,3.0999767780304,1.83376836776733,1.42788517475128,13.1007471084595
2016-11-30,5500.2001953125,54.7175445556641,12.3827238082886,20.6889362335205,89.4081115722656,18.3540000915527,19.083797454834,19.7222213745117,61.8771095275879,15.2163562774658,36.7891464233398,3.64933180809021,7.04420709609985,2.6920382976532,4.12795257568359,13.6893720626831,13.4091148376465,2.31925177574158,4.3472409248352,5.48522806167603,9.95005321502686,13.8861799240112,9.16856384277344,2.62712168693542,8.83741855621338,3.4576051235199,8.85078144073486,37.0056800842285,5.01930522918701,105.683631896973,11.0918798446655,59.869945526123,3.50112891197205,16.7976055145264,2.85842657089233,9.34458351135254,18.9890880584717,1.76507997512817,5.68453741073608,2.55235171318054,NA,3.04755687713623,3.13801264762878,1.8837149143219,1.37959921360016,14.5038442611694
2016-12-31,5665.7998046875,56.6990280151367,12.1167936325073,21.3099308013916,90.4804229736328,19.467529296875,19.9217128753662,20.0215454101562,63.435302734375,15.8476305007935,37.5412254333496,3.72231841087341,7.34916830062866,3.02446889877319,4.39190673828125,13.8512725830078,14.10826587677,2.21456289291382,4.43472480773926,6.13404130935669,10.3444566726685,14.5653209686279,9.63476181030273,2.43681001663208,9.4296178817749,3.16618990898132,8.54668521881104,37.5952339172363,5.58223009109497,109.64720916748,11.7594833374023,58.4493637084961,3.79477310180664,16.376708984375,2.95607471466064,9.81732749938965,19.8738861083984,1.91305446624756,6.28952503204346,2.8405077457428,NA,3.32546091079712,3.20140767097473,2.01215028762817,1.5030574798584,14.6029615402222
2017-01-31,5653.2001953125,56.4307022094727,13.093487739563,20.9111843109131,102.113739013672,18.8403701782227,19.785306930542,19.4133911132812,61.6295280456543,16.4986324310303,42.0160865783691,3.70042276382446,7.36341047286987,2.88106775283813,4.27459335327148,13.5295658111572,13.753472328186,2.23872208595276,4.84522342681885,5.95337629318237,9.84626007080078,15.303807258606,7.9875283241272,2.81743311882019,9.49035358428955,3.14256143569946,9.18688678741455,37.97314453125,5.51057958602905,112.680297851562,11.4699192047119,56.7463684082031,3.80230188369751,16.0246868133545,2.96495175361633,10.2191572189331,19.0054798126221,1.82987821102142,5.90378475189209,2.72267007827759,NA,3.08084416389465,3.21408700942993,1.92652702331543,1.43954813480377,15.4454383850098
2017-02-28,5704.7998046875,58.3247985839844,12.0297613143921,22.1662483215332,106.439071655273,19.8642997741699,20.8440742492676,21.0713768005371,63.0857963562012,16.7748146057129,39.3914947509766,3.4991021156311,7.95447683334351,2.8970308303833,4.50350046157837,14.9504375457764,14.1938352584839,2.00518584251404,4.36070013046265,6.48677110671997,9.95278739929199,16.2218990325928,7.19499111175537,2.73055219650269,9.24740314483643,2.92990708351135,9.58701038360596,39.1598129272461,5.56268835067749,117.42227935791,12.3064374923706,59.4420547485352,3.80940389633179,16.4532375335693,3.32891297340393,10.7609567642212,17.7752361297607,1.84907257556915,6.17184209823608,2.92113375663757,NA,3.24612593650818,3.35646390914917,2.02642107009888,1.51717090606689,15.4536943435669
2017-03-31,5864.89990234375,60.5081825256348,11.9054288864136,22.9179840087891,113.699920654297,20.363468170166,21.6560134887695,22.1578788757324,65.6779632568359,17.7043800354004,38.8073921203613,3.51418566703796,8.3105411529541,2.86365509033203,4.53347444534302,16.0585422515869,14.12965965271,2.2610936164856,4.74428033828735,6.65883350372314,10.607855796814,17.6838111877441,7.37961006164551,2.65802145004272,10.0439939498901,2.99291563034058,9.89239978790283,38.9219970703125,5.83626413345337,122.183052062988,12.8079013824463,60.2770233154297,4.01071405410767,17.1777038574219,3.51887822151184,11.2156448364258,18.6074600219727,1.81068336963654,6.38759565353394,2.87771987915039,NA,3.4047966003418,3.41500759124756,2.05032110214233,1.54539716243744,14.5368814468384
2017-04-30,5924.10009765625,61.5576210021973,11.7469530105591,22.9179840087891,120.249954223633,20.9650344848633,22.0847148895264,21.1401996612549,67.7167510986328,17.9582500457764,38.7945556640625,3.18237352371216,8.68797016143799,2.87700486183167,4.65336751937866,17.5509052276611,14.7607326507568,2.27747821807861,4.83176326751709,6.97715044021606,11.0656976699829,17.9453468322754,8.16097927093506,2.26550483703613,10.0284061431885,2.74088096618652,9.7063627243042,39.107048034668,5.96653747558594,126.384429931641,13.1778326034546,61.8380813598633,4.1500825881958,17.1544055938721,3.8354868888855,11.7580785751343,20.50710105896,1.8426741361618,6.66872644424438,3.00796127319336,NA,3.47090840339661,3.34996008872986,2.11575675010681,1.60184991359711,15.305025100708
2017-05-31,5724.60009765625,56.0991363525391,11.8360967636108,20.5374927520752,117.292457580566,18.4056396484375,20.1764316558838,20.992712020874,67.3302536010742,17.403736114502,40.315788269043,3.31811451911926,8.77342510223389,2.84362959861755,4.76576852798462,19.6104030609131,14.8035182952881,2.16278529167175,5.18169498443604,7.31267213821411,10.8050785064697,17.6704006195068,8.18465709686279,2.06924653053284,10.0517845153809,2.6463680267334,10.5314016342163,39.4154663085938,6.24011421203613,132.447082519531,13.4244556427002,59.4490737915039,3.91005945205688,17.9853363037109,4.5320258140564,11.4948387145996,17.7119140625,1.76589608192444,6.79294967651367,2.92733526229858,NA,3.46429681777954,3.57762742042542,1.99942624568939,1.60890650749207,16.4514217376709
2017-06-30,5721.5,58.3247985839844,11.529049873352,20.544225692749,125.221450805664,18.872184753418,19.8214015960693,19.7243022918701,66.466552734375,17.0630130767822,40.6110496520996,3.24270343780518,8.6231575012207,2.70345044136047,5.08048868179321,20.2940616607666,15.8517446517944,2.19555473327637,4.61641979217529,6.88117504119873,11.4178829193115,17.1003837585449,7.67953014373779,2.22710585594177,9.20244884490967,2.38645672798157,10.6446418762207,41.3353500366211,6.12108993530273,140.452239990234,13.6875162124634,63.4767417907715,4.01845693588257,18.808500289917,5.17428874969482,11.2794589996338,18.8274192810059,1.69781529903412,6.34853363037109,2.79279637336731,NA,3.24552845954895,3.48655962944031,2.03577995300293,1.54071962833405,17.28737449646
2017-07-31,5720.60009765625,58.9727630615234,12.8017997741699,21.426326751709,114.307762145996,19.4701538085938,20.0625514984131,20.0241928100586,64.4612808227539,17.8379917144775,42.2285575866699,3.09187936782837,8.30297470092773,2.75685167312622,4.99806070327759,18.2160873413086,15.2848472595215,2.38397908210754,4.6567964553833,6.95986747741699,10.8050785064697,16.1615428924561,7.29278945922852,2.4489631652832,9.23361778259277,2.66999626159668,9.85195636749268,40.3252906799316,5.75395965576172,129.067886352539,13.8519353866577,60.8721199035645,4.17331123352051,17.3097171783447,4.81245136260986,11.2236194610596,17.5967464447021,1.81672811508179,6.28156566619873,2.67802405357361,NA,3.24552845954895,3.26539754867554,1.977614402771,1.56965339183807,16.626974105835
2017-08-31,5714.5,54.9428100585938,13.5595064163208,21.0559787750244,116.593910217285,19.319019317627,20.2300243377686,21.8169269561768,65.1897964477539,17.3703327178955,44.4663772583008,2.88402128219604,8.8487434387207,2.64620471000671,4.8032341003418,19.0436782836914,13.9371271133423,2.39217138290405,5.14804887771606,7.24840497970581,11.3474464416504,16.438268661499,7.34804010391235,2.56415867805481,8.30473136901855,2.96141123771667,11.8200225830078,42.1603507995605,5.91416263580322,141.138916015625,13.6299743652344,58.9143409729004,4.06386280059814,17.0068588256836,5.17428874969482,11.3657569885254,16.2466812133789,1.73084652423859,6.4221978187561,2.82467842102051,NA,3.38781690597534,3.2835578918457,2.21027565002441,1.67815470695496,16.9947948455811
2017-09-30,5681.60009765625,54.5441360473633,13.0469217300415,21.4936618804932,122.374397277832,19.4504432678223,21.1008472442627,21.1565799713135,68.2840423583984,17.237512588501,43.6077346801758,2.74257111549377,8.64498901367188,2.69419312477112,4.92600584030151,18.8907566070557,13.9585180282593,2.74680280685425,5.03364753723145,7.20468616485596,10.914999961853,16.0134410858154,7.21800088882446,2.28815579414368,7.96267938613892,3.16618990898132,11.1751461029053,41.1947021484375,5.57373142242432,145.129699707031,15.0307159423828,54.3831558227539,3.84871697425842,16.594596862793,5.33995389938354,11.7055158615112,16.2742328643799,1.7572717666626,6.3619270324707,2.74178743362427,NA,3.36071491241455,3.2438371181488,2.1709156036377,1.656454205513,16.5266590118408
2017-10-31,5937.7998046875,56.2982482910156,13.639045715332,22.3555641174316,128.138702392578,19.7658519744873,22.0252666473389,21.6224060058594,73.8642272949219,17.9828071594238,45.8887329101562,2.80543780326843,8.84146690368652,2.75589156150818,5.13479995727539,21.2296104431152,14.5682020187378,2.94000291824341,5.43741512298584,7.3270959854126,10.9795894622803,17.185152053833,7.54682016372681,2.08337903022766,8.55928325653076,3.60725116729736,12.6934642791748,42.3104019165039,5.76730918884277,159.012756347656,13.6383600234985,57.0726318359375,3.98417949676514,17.2056884765625,5.70633125305176,12.5468244552612,17.9273777008057,1.75066554546356,6.58961725234985,2.90119338035583,NA,3.46234893798828,3.44905972480774,2.30473923683167,1.74325561523438,17.5130805969238
2017-11-30,5989.7998046875,57.3855018615723,13.9578771591187,21.8697128295898,133.007720947266,19.3159580230713,20.4821701049805,22.4670276641846,75.3046646118164,18.3725490570068,46.6490669250488,2.68756246566772,9.13981914520264,2.89985632896423,5.50599002838135,19.9882183074951,15.2848472595215,2.69640254974365,6.10363340377808,7.58940410614014,11.2881650924683,17.2810821533203,8.2044620513916,2.02550745010376,8.46382713317871,4.04831314086914,12.8240718841553,44.8639640808105,6.2679443359375,165.70361328125,13.3699569702148,61.3425903320312,4.11167335510254,17.9278793334961,5.23003959655762,13.1454486846924,19.7825679779053,1.84975957870483,6.91775941848755,2.99046111106873,NA,3.6656174659729,3.50202083587646,2.40882396697998,1.76495575904846,14.5163068771362
2017-12-31,6065.10009765625,58.2335739135742,14.9649925231934,21.7241878509521,129.079559326172,19.396951675415,20.4475936889648,22.7383308410645,76.401237487793,18.6665649414062,49.6903991699219,2.85258865356445,9.29961490631104,2.87243485450745,5.59878826141357,21.5122413635254,14.8249111175537,2.93160271644592,6.33916664123535,7.48211669921875,11.0657024383545,16.6918029785156,8.07614231109619,2.17241263389587,8.49564552307129,4.29247093200684,13.0281457901001,43.1039657592773,5.6984052658081,156.086669921875,13.7138500213623,61.2290802001953,4.13557767868042,18.1421527862549,4.61635732650757,13.1858930587769,20.8755493164062,1.85144293308258,6.68948984146118,2.94019722938538,NA,3.54590153694153,3.2835578918457,2.4459969997406,1.73633229732513,15.365216255188
2018-01-31,6090.10009765625,57.994384765625,15.5166263580322,21.7726955413818,133.382247924805,19.5049381256104,20.2608909606934,22.5950031280518,79.5300064086914,18.652889251709,50.9292182922363,2.8604462146759,9.03028011322021,2.84501314163208,5.72251844406128,22.1930084228516,14.846302986145,3.26760339736938,6.31897735595703,7.16221618652344,10.4485483169556,16.1710395812988,7.96386241912842,2.20357370376587,8.57519245147705,4.05618810653687,13.9423990249634,43.6539611816406,5.58211040496826,158.830474853516,13.3699569702148,59.3604316711426,4.23119783401489,19.2849674224854,4.90030002593994,13.6793537139893,20.4417934417725,1.84463608264923,6.56598997116089,2.78924989700317,NA,3.51120615005493,3.12467670440674,2.49803948402405,1.6181138753891,16.2990169525146
2018-02-28,5973.2998046875,56.6152763366699,15.2332172393799,21.2668399810791,147.459503173828,19.4374465942383,20.8279209136963,22.0184860229492,78.9318542480469,18.8699035644531,52.5060043334961,2.66627717018127,8.7010908126831,2.73597717285156,6.41754245758057,21.7845478057861,14.8466300964355,2.80560278892517,5.98923254013062,7.37548303604126,10.3066682815552,15.150520324707,7.62702226638794,2.25274062156677,8.11381816864014,3.91441917419434,14.2607583999634,45.6496696472168,5.39034986495972,165.822143554688,15.3477268218994,55.0380554199219,4.31586074829102,19.2452850341797,5.367431640625,14.6355686187744,20.7832622528076,1.70169377326965,6.41504812240601,2.65799069404602,NA,3.30303168296814,3.07772397994995,2.37165069580078,1.55900466442108,15.2803239822388
2018-03-31,5759.39990234375,53.8239631652832,14.6720552444458,19.8324184417725,142.880264282227,18.1281185150146,19.7007789611816,22.0237903594971,78.9088363647461,18.3126544952393,49.0325660705566,2.52171993255615,8.54397773742676,2.70071983337402,5.88996601104736,21.8390064239502,14.6273288726807,2.73627161979675,5.85464334487915,7.49100208282471,10.3578357696533,15.220724105835,8.12802124023438,1.97057902812958,7.69169807434082,3.99317979812622,13.8829116821289,44.8730659484863,5.41094923019409,166.772155761719,14.8005075454712,54.9192581176758,4.08655548095703,18.4035091400146,5.40417909622192,14.1531677246094,21.1062679290771,1.64043283462524,6.39446496963501,2.64486527442932,NA,3.28915309906006,2.88664507865906,2.19423675537109,1.58855974674225,15.076587677002
2018-04-30,5982.7001953125,53.4592399597168,16.097131729126,19.8462772369385,156.574569702148,18.1146183013916,20.0188694000244,23.1949253082275,83.3489074707031,19.4062576293945,53.8616523742676,2.55384349822998,8.67864608764648,2.84174942970276,6.2206859588623,24.3442344665527,15.3729524612427,3.16115832328796,6.56123733520508,8.05971527099609,10.0362100601196,15.2558288574219,8.03843402862549,2.07525229454041,7.95527791976929,4.83592176437378,15.7026739120483,46.9302177429199,5.73368406295776,178.19514465332,15.2964248657227,57.0078125,3.30855393409729,18.9987239837646,5.34856224060059,13.8997001647949,21.7891979217529,1.66085302829742,6.5111026763916,2.7170569896698,NA,3.35854482650757,3.07089900970459,2.21693634986877,1.65505707263947,16.8762702941895
2018-05-31,6011.89990234375,51.5834732055664,17.0541210174561,19.9186191558838,170.811126708984,18.9015026092529,19.1993026733398,24.1434936523438,90.2198257446289,19.8241996765137,55.9591865539551,2.24866724014282,8.88064861297607,2.94752144813538,6.40179443359375,27.436408996582,14.7260150909424,3.16115832328796,6.46029615402222,8.29963874816895,10.2774314880371,15.5155935287476,7.3543119430542,2.13441491127014,7.57189035415649,4.61539173126221,13.6523523330688,48.5311088562012,5.96715068817139,180.114318847656,16.0573997497559,54.0468215942383,3.19390082359314,18.9504661560059,5.8861985206604,14.1776943206787,20.4602508544922,1.81740891933441,6.78554391860962,2.72362041473389,12.2994518280029,3.49038934707642,2.94123888015747,2.21693634986877,1.69938921928406,15.1699676513672
2018-06-30,6194.60009765625,54.2408142089844,17.6366329193115,20.9556751251221,177.033294677734,19.6169929504395,19.636302947998,26.1572227478027,97.5744094848633,21.2591171264648,56.2761917114258,2.1041100025177,9.16582775115967,3.09560298919678,6.71676731109619,28.2218704223633,15.9979562759399,3.06768298149109,6.74966430664062,8.67537307739258,10.5332689285278,15.7823781967163,7.23214769363403,1.99788498878479,7.77955675125122,4.9383111000061,14.3193254470825,51.5407867431641,6.93155479431152,183.8056640625,16.9380741119385,47.5696601867676,2.91545820236206,19.7306823730469,5.71007633209229,15.0689125061035,21.2246360778809,1.81881332397461,6.8291335105896,2.6941990852356,12.2660055160522,3.59968972206116,2.95488715171814,2.20936965942383,1.64829015731812,15.2386484146118
2018-07-31,6280.2001953125,55.6699562072754,18.130729675293,21.0701141357422,180.700408935547,20.3533248901367,20.2953834533691,26.2102146148682,96.9194259643555,20.9595966339111,54.7654075622559,2.28079080581665,8.95907783508301,2.99688196182251,6.33092546463013,29.409200668335,16.4146251678467,3.03369212150574,6.57469797134399,8.68439292907715,11.0157098770142,15.438364982605,8.04657745361328,1.98878335952759,8.0670976638794,5.0249490737915,15.1674499511719,52.581371307373,6.7908124923706,186.73486328125,17.2116832733154,49.5612716674805,2.78442668914795,20.9774284362793,6.22917413711548,14.8726816177368,20.1203536987305,1.86797034740448,7.08935832977295,2.81635427474976,12.4332313537598,3.67082977294922,3.10502028465271,2.35313010215759,1.73184382915497,15.092700958252
2018-08-31,6319.5,54.6929588317871,17.2725620269775,20.4121189117432,208.91618347168,20.4922580718994,20.3240413665771,28.168966293335,102.11181640625,19.7127475738525,50.1699333190918,2.54973101615906,9.23474311828613,2.97373270988464,6.23808288574219,28.8520698547363,16.9848079681396,2.95721244812012,5.3499321937561,9.64932537078857,10.452862739563,15.0322370529175,8.93430709838867,1.80176913738251,8.9764518737793,5.37767934799194,16.0320472717285,54.1422348022461,7.03711128234863,198.167053222656,17.8251686096191,49.0854034423828,2.81693983078003,21.0659027099609,5.96035575866699,15.8887128829956,19.8115310668945,1.94521749019623,7.53947496414185,2.80278086662292,12.1405878067017,3.67794322967529,2.95453834533691,2.30016589164734,1.84578084945679,15.1012849807739
2018-09-30,6207.60009765625,54.8234748840332,18.5653762817383,19.9758396148682,185.95637512207,19.5753154754639,19.9228591918945,27.2929630279541,99.4604034423828,19.6410865783691,54.3220291137695,2.62375545501709,8.72762584686279,2.87243700027466,5.91486692428589,25.9750823974609,15.855411529541,3.41227793693542,5.55854654312134,9.34271049499512,10.2329759597778,14.1062822341919,8.99436950683594,1.83930611610413,9.06613636016846,5.75839996337891,14.5270910263062,51.8069229125977,7.02303647994995,185.684524536133,17.1031131744385,49.164234161377,2.69043064117432,20.4242382049561,5.55629253387451,16.4921875,19.6150054931641,1.83988094329834,7.42694568634033,2.81635427474976,11.8061361312866,3.70639944076538,2.89122724533081,2.25539684295654,1.83058941364288,14.6205177307129
2018-10-31,5840.7998046875,52.9271850585938,17.7504901885986,19.0746746063232,174.093109130859,17.9567737579346,18.1605339050293,25.0482082366943,93.013298034668,20.0747585296631,53.7978439331055,2.48393130302429,8.72762584686279,2.82178997993469,5.88192224502563,24.8516883850098,15.3839139938354,3.12501931190491,4.85868072509766,9.20744132995605,9.8664436340332,12.9850177764893,8.63129234313965,1.92845642566681,9.18027687072754,5.20318222045898,12.8326797485352,48.2424392700195,6.7908124923706,166.009201049805,15.4763221740723,49.6833457946777,2.22656345367432,18.5794162750244,5.2172646522522,16.4508514404297,17.6497631072998,1.81881332397461,6.98385953903198,2.4363157749176,10.6188325881958,3.62814617156982,2.93343496322632,2.17789196968079,1.61031138896942,14.2942800521851
2018-11-30,5667.2001953125,54.6852760314941,16.4531154632568,19.2255020141602,164.032928466797,19.1823348999023,18.354284286499,24.3027172088623,91.8887100219727,20.2286396026611,50.5423851013184,2.409907579422,8.85986328125,2.82178997993469,5.95337963104248,21.6093711853027,14.6053991317749,2.6984851360321,4.36070013046265,9.24351406097412,10.0459699630737,13.6071367263794,8.47451210021973,1.8768435716629,9.22919464111328,4.37828731536865,11.7529077529907,49.064395904541,6.1926589012146,156.662048339844,11.0134992599487,48.5287590026855,2.04945039749146,18.6942043304443,5.61279773712158,15.0041694641113,14.9732885360718,1.87499308586121,7.35661554336548,2.47024822235107,9.92484664916992,3.74908375740051,2.96157360076904,1.87562215328217,1.66348159313202,15.2846937179565
2018-12-31,5646.39990234375,55.5758438110352,18.3509349822998,18.5370292663574,171.208206176758,17.5074615478516,17.9296913146973,24.7873859405518,87.2549209594727,20.5783786773682,54.122013092041,2.34410762786865,9.28905200958252,2.82178997993469,5.7244029045105,20.1722621917725,13.8488140106201,2.91610455513,4.35396957397461,9.71884918212891,9.91132545471191,14.9020223617554,8.37549209594727,1.96599292755127,8.23452949523926,4.34656095504761,12.2927913665771,48.7795600891113,6.13275289535522,160.632293701172,10.1174554824829,51.6703300476074,2.06631803512573,18.1284561157227,5.4527006149292,14.2105588912964,14.2528829574585,1.88143944740295,7.65746545791626,2.47927117347717,8.94657516479492,3.88908958435059,3.01081609725952,1.99188005924225,1.74141526222229,15.0663394927979
2019-01-31,5862.7998046875,53.556713104248,19.673791885376,18.1964912414551,179.788909912109,17.8438682556152,17.721118927002,24.7796878814697,93.4868469238281,20.5923652648926,60.3984184265137,2.53328132629395,9.73556423187256,2.84349584579468,5.84706926345825,22.546012878418,14.3751335144043,3.04667663574219,4.72409200668335,10.6239929199219,10.3152589797974,15.5964870452881,8.83758735656738,2.74019074440002,8.73186206817627,5.08420705795288,12.9074325561523,52.4009971618652,6.69552421569824,179.780075073242,10.561128616333,50.9363975524902,1.88920533657074,19.0385704040527,5.01008129119873,14.7975015640259,14.2717351913452,1.87420320510864,8.29198169708252,2.64831233024597,10.3345489501953,4.20953941345215,3.0459885597229,2.00738048553467,1.86580228805542,15.1449489593506
2019-02-28,6192.7001953125,58.6810607910156,20.8991832733154,19.9954109191895,180.9169921875,20.06272315979,18.726734161377,26.438138961792,103.782371520996,20.5422439575195,65.4678344726562,2.61566257476807,9.95084571838379,2.92971253395081,6.314772605896,23.2572174072266,15.0659284591675,3.40357255935669,4.96653747558594,12.0777053833008,11.1829671859741,15.8617401123047,9.86079788208008,2.89186716079712,10.2401666641235,5.56469535827637,12.7163953781128,57.1210708618164,7.17892789840698,160.030731201172,11.7317628860474,57.1658325195312,2.05046844482422,19.7929000854492,5.33027410507202,14.5448341369629,16.8168926239014,1.80907666683197,8.94812870025635,2.53561806678772,9.5151424407959,4.34063148498535,3.25199675559998,2.22439479827881,2.02905964851379,15.4157028198242
2019-03-31,6217,56.3211936950684,22.474193572998,19.3809642791748,183.805816650391,18.8029861450195,18.8831615447998,27.3012046813965,104.898651123047,22.1454391479492,70.4769134521484,2.75772714614868,10.4531736373901,3.01894211769104,6.38955307006836,22.9062347412109,15.0659284591675,3.2845356464386,4.87784957885742,12.0502758026123,11.8223991394043,16.032377243042,9.85754203796387,3.59307169914246,10.3400440216064,5.46833610534668,12.9253196716309,57.437671661377,7.14285373687744,162.568374633789,10.7658243179321,58.0525817871094,1.83598411083221,20.4864368438721,5.4938383102417,14.193549156189,17.2128086090088,1.85973072052002,9.12839126586914,2.73283290863037,9.91811084747314,4.50085592269897,3.29526090621948,2.18217921257019,2.13012409210205,15.5729198455811
2019-04-30,6325.5,58.8152275085449,21.5245800018311,20.3655567169189,184.726837158203,19.4686412811279,18.8831615447998,28.5126533508301,108.175231933594,22.6940860748291,67.5312118530273,2.82458138465881,10.7162961959839,2.84048271179199,6.54742288589478,24.0884914398193,14.5505743026733,2.92542624473572,5.02793788909912,12.0319929122925,12.3646173477173,16.4923515319824,10.066388130188,3.45766711235046,10.7819986343384,5.77347087860107,14.4548435211182,61.6319541931152,6.940833568573,174.881912231445,11.6790752410889,59.0193786621094,1.94751572608948,21.317533493042,5.39762449264526,14.9128475189209,18.1743106842041,1.83802139759064,9.01302433013916,2.65535545349121,10.4838800430298,4.17312383651733,3.43226265907288,2.26124334335327,2.20009183883667,16.2454471588135
2019-05-31,6396.89990234375,61.9643630981445,21.7317714691162,21.0495719909668,191.164367675781,20.5532684326172,20.3981113433838,29.3361282348633,99.4927597045898,22.352071762085,71.0221405029297,3.05021357536316,11.1069955825806,2.82561111450195,6.35631656646729,27.0972080230713,14.2874135971069,2.90790867805481,4.89831638336182,12.2514181137085,12.7117185592651,15.2459669113159,10.1165113449097,4.17096185684204,9.73131656646729,5.4121265411377,12.6479892730713,62.6660423278809,7.31601524353027,186.831329345703,12.5132961273193,63.0943489074707,1.86172199249268,21.7330780029297,5.3398962020874,13.9509963989258,17.2882175445557,1.86696696281433,9.28702163696289,3.1202187538147,9.29233551025391,4.19497346878052,3.73510932922363,2.61703324317932,2.35557508468628,18.2372894287109
2019-06-30,6618.7998046875,65.3344650268555,23.6885509490967,21.755313873291,200.01139831543,20.7965507507324,20.575216293335,28.631420135498,103.69376373291,23.6773777008057,73.4721603393555,3.21734809875488,11.9880561828613,2.85535383224487,6.86316204071045,28.586067199707,14.7698745727539,2.78528547286987,4.98700475692749,13.8770446777344,12.4880285263062,14.8453407287598,10.7597579956055,4.67354965209961,9.86473751068115,5.685142993927,12.5387363433838,68.1425933837891,7.97178077697754,193.095474243164,11.415638923645,65.2718963623047,1.81882536411285,22.5226192474365,5.19557428359985,13.5578927993774,18.0003986358643,1.82926177978516,9.52048778533936,3.03364729881287,8.80371761322021,4.57327747344971,3.89374375343323,2.75934934616089,2.48172211647034,17.8930225372314
2019-07-31,6812.60009765625,64.9556274414062,23.4583396911621,21.9777812957764,213.612182617188,20.5753841400146,21.9535732269287,31.0305671691895,106.505470275879,25.3803234100342,70.0307998657227,3.31762957572937,12.6468305587769,2.96689081192017,7.17059183120728,28.5209293365479,14.8137331008911,2.75025105476379,5.41680097579956,13.6739225387573,11.9789428710938,15.5575618743896,10.9602489471436,4.31603908538818,10.415093421936,5.80559062957764,14.8750438690186,73.5033416748047,8.1489315032959,205.707717895508,12.7767333984375,65.7597885131836,1.53570640087128,23.3038444519043,5.4938383102417,13.2484292984009,19.1458740234375,1.94872331619263,9.6231746673584,3.32464504241943,8.95197296142578,4.61789417266846,4.1533260345459,2.85422658920288,2.55308151245117,19.2612609863281
2019-08-31,6604.2001953125,64.2586364746094,20.8857517242432,21.6479187011719,224.077896118164,19.7128562927246,21.0680370330811,31.5860500335693,102.411972045898,26.9122657775879,62.6344985961914,3.15083384513855,12.1588497161865,3.09185433387756,6.8722972869873,27.6834468841553,15.1426830291748,2.31231307983398,5.20531415939331,13.4061679840088,11.1536073684692,14.5503540039062,9.43984699249268,4.14505577087402,10.6629076004028,5.86332893371582,15.7490539550781,71.4020614624023,8.12678813934326,203.513885498047,15.2540340423584,59.3084983825684,1.45420241355896,24.4756851196289,5.87869644165039,13.0661964416504,21.7063598632812,1.93379092216492,9.46181106567383,3.28826951980591,8.86377620697021,4.75174617767334,4.35203123092651,2.8779456615448,2.52929496765137,19.0052700042725
2019-09-30,6688.2998046875,65.7055740356445,21.9033203125,22.7372207641602,218.726547241211,21.0250797271729,22.869909286499,32.1515235900879,108.399230957031,27.0519275665283,66.2747039794922,2.9729642868042,11.9473905563354,3.0076699256897,6.73587417602539,28.474401473999,14.9343538284302,2.32918953895569,5.54630327224731,13.0922498703003,11.130166053772,14.7038373947144,9.64863586425781,4.70057821273804,10.688437461853,6.28620529174805,15.7730140686035,67.9757690429688,8.45894527435303,195.961029052734,15.7011041641235,59.4578247070312,1.56573402881622,23.7246856689453,6.18344449996948,13.7203578948975,23.9299392700195,1.91885828971863,8.75034141540527,3.3100950717926,9.39295673370361,4.58071279525757,4.34466743469238,2.70731067657471,2.4262204170227,19.8968276977539
2019-10-31,6669.10009765625,63.6001853942871,21.2948989868164,21.3871021270752,242.088302612305,19.3073902130127,21.8765678405762,32.2807807922363,111.128242492676,27.3276691436768,64.7156295776367,2.98143434524536,12.3052444458008,2.96175146102905,6.73587417602539,29.2839660644531,14.2457246780396,2.24917912483215,5.53238487243652,13.2676734924316,10.9270896911621,15.125922203064,10.2903413772583,4.80740976333618,10.6543970108032,6.66028594970703,14.9660978317261,68.1015396118164,8.58442687988281,201.402557373047,16.9439601898193,63.6648864746094,1.59576189517975,24.5197372436523,6.34073352813721,13.43150806427,24.132080078125,2.00845432281494,8.75034141540527,3.57199192047119,9.90449810028076,4.49147891998291,4.29312086105347,2.6834225654602,2.56101059913635,20.9472827911377
2019-11-30,6846,65.6974411010742,22.8040332794189,19.367338180542,265.328460693359,18.8877944946289,20.5278987884521,34.2276420593262,116.273597717285,28.8515148162842,69.2998733520508,3.26941347122192,12.4841690063477,3.01532363891602,6.7273473739624,31.8787670135498,14.2457246780396,2.40030980110168,6.05430841445923,13.6831550598145,12.0439939498901,15.6631174087524,10.7799482345581,5.19734334945679,10.7905550003052,6.62775754928589,15.8834295272827,68.5124130249023,8.11940574645996,220.287902832031,17.2658519744873,66.8912048339844,1.67726588249207,25.475492477417,7.17633485794067,15.0626592636108,28.0191478729248,2.0009880065918,8.97038269042969,3.67384147644043,10.20436668396,4.57327747344971,4.25630187988281,2.59583282470703,2.67201375961304,21.2811412811279
2019-12-31,6684.10009765625,64.949577331543,23.215612411499,19.1382789611816,258.102691650391,18.7281150817871,19.5288639068604,33.4440536499023,116.105155944824,26.2392101287842,71.8029632568359,2.99837422370911,12.3720121383667,2.93113899230957,6.53123950958252,31.64381980896,13.7985496520996,2.40030980110168,5.88033485412598,12.4806346893311,12.2967195510864,15.7552089691162,10.0670099258423,5.71013355255127,10.9607553482056,6.65215492248535,13.7939519882202,65.7454071044922,8.358811378479,211.570129394531,15.7368717193604,66.4787292480469,1.64294850826263,24.3167476654053,6.98955345153809,14.2555780410767,26.9645614624023,1.91564238071442,8.77917289733887,3.45766186714172,9.86921882629395,4.26168394088745,3.85128998756409,2.51620602607727,2.56929516792297,19.6702899932861
2020-01-31,7017.2001953125,69.3066482543945,23.501932144165,19.8412532806396,292.069000244141,19.5797386169434,20.504114151001,36.5218811035156,121.933570861816,30.3608531951904,70.6372299194336,3.25247359275818,13.0275392532349,2.95409846305847,6.03670692443848,34.0215682983398,13.6920776367188,2.34696960449219,5.70635986328125,13.8995265960693,12.549446105957,15.3101043701172,10.8486661911011,6.08404350280762,11.7011156082153,7.06689786911011,11.0674390792847,71.8327865600586,8.53201198577881,226.953323364258,16.2018241882324,72.5922698974609,1.56573402881622,26.7864818572998,6.30141162872314,15.2835445404053,30.766881942749,1.95410895347595,9.54453659057617,3.68218517303467,9.04016971588135,4.56609058380127,3.98383903503418,2.46843004226685,2.74704527854919,20.4309692382812
2020-02-29,6441.2001953125,67.9842224121094,20.04225730896,18.6722621917725,289.626159667969,18.8801918029785,19.901517868042,33.3822250366211,113.561546325684,28.1549015045166,62.4127807617188,2.92961812019348,12.3222274780273,2.72698664665222,5.52129316329956,31.1175155639648,12.3293628692627,1.97358810901642,4.85736465454102,13.9835386276245,11.388484954834,15.0334968566895,10.2731599807739,5.38429832458496,11.5649585723877,5.60973453521729,9.36867523193359,62.1651000976562,8.08771514892578,195.433853149414,16.0262775421143,62.3358535766602,1.4370436668396,24.359037399292,5.43631935119629,13.188159942627,27.3128662109375,1.66176235675812,9.12433815002441,3.52501940727234,8.06118583679199,4.39866638183594,3.64810562133789,2.25343775749207,2.45618152618408,17.7193698883057
2020-03-31,5258.60009765625,52.9292640686035,18.6506423950195,13.1906433105469,288.717224121094,12.9644498825073,13.4394731521606,29.300802230835,75.2472457885742,26.5091857910156,65.7770233154297,2.73317122459412,10.1648006439209,1.38713777065277,5.40013599395752,20.4693279266357,10.252724647522,1.69706511497498,3.2714319229126,11.6311674118042,10.7984714508057,13.7924880981445,9.7303352355957,5.97934484481812,7.70032024383545,3.0800154209137,8.79641723632812,68.5762329101562,7.91451406478882,184.051803588867,9.7266674041748,57.2411193847656,1.20969045162201,21.0487003326416,3.32274127006531,8.67732810974121,19.3502426147461,0.888581037521362,7.22593545913696,1.98329067230225,4.41697835922241,2.92990756034851,3.40640926361084,2.25166320800781,1.78557932376862,15.1330547332764
2020-04-30,5522.39990234375,52.1145782470703,19.9585933685303,12.8589029312134,291.011932373047,12.8503923416138,13.44739818573,30.9514350891113,86.4661254882812,26.3177833557129,65.1147918701172,2.6050534248352,11.4509592056274,1.83638119697571,5.00204944610596,23.9560680389404,9.99178504943848,1.77766478061676,3.95416522026062,12.2752695083618,11.2460775375366,13.3212184906006,9.63468360900879,6.90946626663208,7.34398460388184,4.05740785598755,8.77911853790283,69.4707107543945,8.22326278686523,173.695938110352,11.2356662750244,57.9257659912109,1.22684919834137,23.2648010253906,3.79460954666138,10.4851026535034,21.6916198730469,1.14630794525146,6.87326669692993,2.15542531013489,4.7199125289917,3.21909356117249,3.54236388206482,2.19476246833801,1.80981767177582,16.0369243621826
2020-05-31,5755.7001953125,52.9957656860352,21.3714256286621,13.6013689041138,259.770263671875,13.6031646728516,14.3756418228149,33.1522827148438,94.2372817993164,26.0159568786621,69.497444152832,2.76733589172363,11.8575506210327,1.75756680965424,5.28763294219971,24.1722278594971,10.0352754592896,1.7104983329773,4.1888542175293,14.3475961685181,12.0355262756348,13.1641292572021,10.1216354370117,8.03023147583008,7.6742467880249,4.40236854553223,8.355299949646,75.1186599731445,8.74286556243896,181.707626342773,11.7538156509399,64.8091354370117,1.39843666553497,24.1033248901367,3.92240762710571,11.2770824432373,25.1069374084473,1.23862838745117,6.75321006774902,2.67182922363281,4.0456395149231,3.0364499092102,3.58768129348755,2.31669330596924,1.89869248867035,15.5182094573975
2020-06-30,5897.89990234375,57.7092704772949,22.0994358062744,14.1779670715332,269.908264160156,14.1734523773193,14.7065782546997,36.814884185791,101.63264465332,27.44411277771,72.8904800415039,2.67338347434998,11.8556976318359,1.7102780342102,4.99339532852173,23.9654674530029,10.0352754592896,1.82691991329193,4.15329551696777,13.9996185302734,11.711989402771,13.3919076919556,9.45207500457764,8.00134658813477,7.70032024383545,4.35308837890625,9.06454849243164,72.7333908081055,8.58363628387451,177.866546630859,11.2447566986084,61.5432357788086,1.59147226810455,26.0370674133301,3.71596503257751,11.4062070846558,26.6259326934814,1.1001478433609,7.07372379302979,2.55348801612854,3.94791865348816,3.17343282699585,3.71608233451843,2.43049621582031,1.7768474817276,15.0304431915283
2020-07-31,5927.7998046875,59.1889877319336,22.6732082366943,13.4986867904663,254.014755249023,13.6563930511475,14.254566192627,38.2273635864258,105.823051452637,28.4747352600098,75.8965759277344,2.86128807067871,11.5872039794922,1.6078188419342,4.40491819381714,24.6045475006104,9.29594898223877,1.84483063220978,3.81904149055481,15.9605093002319,11.6553716659546,13.0541677474976,9.37381744384766,10.058009147644,8.61288738250732,4.3284478187561,9.34132671356201,70.4077758789062,8.48337650299072,179.080978393555,10.3175401687622,57.3428955078125,1.25687682628632,27.4659824371338,3.17528223991394,11.5611610412598,28.0288238525391,1.00398099422455,6.54319477081299,2.46091437339783,3.53749132156372,2.95273852348328,3.36109089851379,2.29230713844299,1.71134161949158,15.6175708770752
2020-08-31,6060.5,57.5619659423828,23.3888778686523,13.8541250228882,268.977264404297,14.091383934021,14.4725036621094,39.6413307189941,109.430755615234,29.3507690429688,74.4704513549805,2.50939893722534,11.2935380935669,1.78121089935303,4.12798881530762,26.6627597808838,10.1113834381104,1.88065242767334,3.98261260986328,17.2614803314209,12.2539129257202,12.0190982818604,9.64337921142578,10.6269521713257,9.2554817199707,4.68091201782227,8.00067615509033,74.4030838012695,8.04378509521484,180.897964477539,10.5938081741333,60.1924591064453,1.31264293193817,27.4232025146484,3.8732545375824,11.6349792480469,29.8283958435059,1.11168813705444,6.78923654556274,3.05492806434631,3.23455715179443,2.98336410522461,3.38507914543152,2.21914863586426,1.72771787643433,15.69886302948
2020-09-30,5815.89990234375,53.6250190734863,22.4580345153809,13.3012218475342,271.327301025391,13.2742652893066,14.3272113800049,37.0552978515625,102.463859558105,27.205020904541,71.6740036010742,2.41388487815857,11.8389177322388,1.73392224311829,3.7904806137085,28.1664695739746,9.18722438812256,1.83862626552582,3.11851382255554,16.912670135498,12.534556388855,11.0608177185059,9.22850131988525,9.94370460510254,7.51080942153931,4.02872133255005,7.80022430419922,70.0177001953125,7.9666633605957,186.405426025391,10.0559120178223,61.1361541748047,1.1981760263443,28.8251552581787,3.98139119148254,10.6982288360596,32.0633506774902,1.05783474445343,6.83537101745605,2.91606736183167,2.36484241485596,3.03789019584656,3.30726099014282,2.08869361877441,1.78503572940826,13.9374847412109
2020-10-31,5927.60009765625,58.185791015625,21.3099021911621,14.146372795105,271.856719970703,14.4999399185181,15.0133028030396,38.3399772644043,108.616676330566,28.496940612793,70.2377853393555,2.32705497741699,11.2935380935669,1.65510737895966,4.12798881530762,26.9071102142334,8.92628574371338,1.82961320877075,2.90094351768494,17.3463287353516,12.1093797683716,10.1350231170654,8.43673324584961,10.5964508056641,7.19676828384399,3.90488767623901,8.000901222229,68.8164672851562,8.09005737304688,199.755035400391,10.9037809371948,57.6852188110352,1.40475809574127,30.2681484222412,4.11901950836182,10.6369457244873,33.4565696716309,0.930894494056702,6.62008237838745,2.97006845474243,2.83390212059021,3.13915300369263,2.93373560905457,2.22183775901794,1.72771787643433,13.7839269638062
2020-11-30,6588.5,67.6530151367188,24.3253345489502,16.2886524200439,283.381011962891,17.9580326080322,18.8563804626465,41.818603515625,121.293807983398,28.1160831451416,78.2319641113281,2.67437624931335,11.7550134658813,2.23833608627319,4.54338359832764,30.6586494445801,11.0137958526611,2.19012832641602,3.75672125816345,17.9402503967285,12.7630624771118,10.9958515167236,9.75634765625,11.1820907592773,8.85420608520508,5.12671232223511,7.3290696144104,66.7164611816406,8.06692028045654,211.504272460938,13.0462465286255,59.6280975341797,1.58838665485382,28.8947010040283,5.37733554840088,12.484185218811,37.4910926818848,1.29632830619812,7.46585464477539,3.51779580116272,4.82740545272827,3.63767838478088,3.27613401412964,2.37994599342346,2.13712954521179,14.9507675170898
2020-12-31,6587.10009765625,69.2210311889648,26.7667026519775,15.5577516555786,267.715911865234,17.8167533874512,18.4962730407715,42.0438423156738,119.814308166504,29.3557319641113,86.4997024536133,2.58754587173462,11.5841474533081,2.19104719161987,4.06740951538086,29.2256507873535,10.5897703170776,2.22617983818054,3.4521222114563,17.9667625427246,12.6721935272217,9.70460987091064,9.32527446746826,14.2933139801025,7.44102239608765,5.17624616622925,8.20157718658447,62.222599029541,7.62283515930176,177.932434082031,11.9431066513062,57.5279426574707,1.4323023557663,27.9471893310547,4.76783847808838,12.7730903625488,36.9783096313477,1.2604433298111,7.44725561141968,3.30866384506226,4.98375844955444,3.50525760650635,3.03489875793457,2.50476813316345,2.20009636878967,13.8196544647217
2021-01-31,6663,71.3876266479492,27.8328247070312,17.0356159210205,262.87548828125,18.8841896057129,19.4865627288818,46.0646934509277,114.32022857666,30.6551208496094,84.5543441772461,2.74384045600891,11.227972984314,2.12011432647705,4.20587491989136,29.8667259216309,10.9268169403076,2.379399061203,3.51739406585693,16.9976387023926,11.8461046218872,9.29856014251709,9.28128719329834,13.5856618881226,7.03974866867065,5.40740251541138,8.60293197631836,60.8312301635742,7.6623330116272,188.928466796875,11.1864051818848,58.3050880432129,1.37721395492554,30.1725273132324,4.4434289932251,12.484185218811,35.430290222168,1.18976414203644,7.04320335388184,3.56987452507019,5.39418601989746,3.33389019966125,2.90260863304138,2.4548397064209,2.01675534248352,14.0568227767944
2021-02-28,6789.60009765625,72.1570816040039,31.5989627838135,19.4291172027588,255.520355224609,20.8699340820312,20.5750579833984,43.0387535095215,125.758316040039,30.0875701904297,97.03955078125,2.76080012321472,10.9820442199707,2.37678360939026,4.3497576713562,28.9616756439209,11.2594537734985,2.51459193229675,3.32883262634277,16.3800601959229,11.9883785247803,7.74312829971313,8.85900974273682,14.734127998352,8.06038093566895,6.17516565322876,9.60631561279297,59.2670364379883,7.48065042495728,204.066848754883,12.4837827682495,63.0142860412598,1.33130669593811,27.6864051818848,4.91529750823975,11.8518695831299,37.0544548034668,1.33112239837646,7.21749973297119,3.48280453681946,4.69059658050537,3.51001834869385,3.04897236824036,2.33833837509155,1.92508399486542,11.5665483474731
2021-03-31,6828.7001953125,73.9586486816406,29.6566143035889,19.7102317810059,249.90055847168,22.1649837493896,21.3607425689697,44.981559753418,131.615768432617,31.045841217041,85.9011001586914,2.97991108894348,11.2449340820312,2.28785586357117,4.20067310333252,32.7610130310059,11.4266738891602,2.58561420440674,3.46847915649414,17.3586864471436,12.8566188812256,7.97279787063599,9.41345882415771,13.1554708480835,8.5314416885376,5.93349266052246,9.16746234893799,62.4420013427734,7.99410343170166,199.400238037109,11.9213676452637,62.403018951416,1.21653878688812,31.0455837249756,5.01360368728638,13.2092428207397,40.7165870666504,1.28792953491211,7.67701053619385,3.52238130569458,5.17920064926147,3.69475650787354,3.12175917625427,2.4127516746521,2.03342247009277,12.9530725479126
2021-04-30,7025.7998046875,76.386474609375,30.988395690918,20.0636348724365,257.654144287109,22.5574245452881,21.8190593719482,45.9063034057617,138.85758972168,29.8167552947998,92.9189147949219,2.97114634513855,12.0166463851929,2.19892930984497,4.29713916778564,35.0424957275391,11.7165222167969,2.61283159255981,3.10298347473145,17.9667625427246,12.6479072570801,7.3248028755188,9.27083015441895,14.6756572723389,8.60122871398926,5.81682205200195,8.88429737091064,64.1201248168945,7.92300891876221,210.607391357422,11.7185277938843,62.7572593688965,1.02372908592224,31.555685043335,4.86614465713501,12.6880617141724,42.2326316833496,1.24473679065704,8.05729675292969,3.70443654060364,5.17920064926147,3.7108199596405,3.03279733657837,2.61664605140686,2.24176454544067,12.3692741394043
2021-05-31,7161.60009765625,85.5487289428711,31.085844039917,21.7088203430176,275.755310058594,23.1170082092285,22.5665683746338,46.992244720459,134.292602539062,31.5769367218018,94.897705078125,3.08508396148682,11.7707147598267,2.19892930984497,4.40237522125244,38.8407020568848,12.3965482711792,2.70355463027954,2.96126079559326,18.460823059082,12.95814037323,6.66040325164795,9.64522933959961,14.5717163085938,9.55207538604736,5.64181852340698,10.3001222610474,67.0019302368164,7.29106521606445,214.904708862305,11.3312911987305,59.1961669921875,1.03291034698486,30.5970516204834,4.63021039962769,14.1168174743652,42.321231842041,1.22510385513306,8.26328563690186,3.69652128219604,5.55053901672363,3.69475650787354,2.9276602268219,2.65912461280823,2.32510185241699,12.4371118545532
2021-06-30,7313,85.6774139404297,31.5535945892334,21.2075939178467,270.9853515625,22.6661033630371,21.9553050994873,50.139762878418,138.270202636719,34.1509284973145,97.1296005249023,3.2954306602478,12.2497901916504,2.21509742736816,4.52515029907227,40.7709121704102,12.3854007720947,2.65819311141968,3.36405205726624,20.2578372955322,12.755802154541,6.72602272033691,10.1979141235352,15.1628980636597,9.41250133514404,5.90849208831787,10.3355178833008,68.2758941650391,7.24083137512207,238.218246459961,10.5660371780396,58.6834487915039,1.03291034698486,33.7719650268555,4.58105707168579,15.1861381530762,44.5657577514648,1.26518869400024,8.63615989685059,3.79486203193665,5.55053901672363,3.93571829795837,3.00853514671326,2.68461132049561,2.47624945640564,12.1802988052368
2021-07-31,7392.60009765625,85.4886779785156,34.749885559082,20.1476268768311,274.520050048828,22.3118190765381,21.712474822998,51.8704795837402,138.685638427734,34.7151756286621,102.329689025879,3.31295990943909,12.3100500106812,2.10191702842712,4.25329160690308,39.3989486694336,12.8647623062134,2.69448208808899,3.06568813323975,21.6644992828369,13.2785120010376,5.93038368225098,10.3583688735962,16.1828536987305,9.49973583221436,5.37514352798462,10.5390424728394,67.5554428100586,7.75338411331177,232.226577758789,11.2206525802612,59.7927894592285,0.954868257045746,35.1967239379883,4.51224327087402,14.0179719924927,45.0186042785645,1.27337777614594,8.32049942016602,3.58313179016113,5.68734836578369,3.75098061561584,3.12175917625427,2.81204509735107,2.42536759376526,11.3639984130859
2021-08-31,7534.89990234375,87.6004943847656,29.6306228637695,21.2158126831055,296.403015136719,22.4245452880859,23.2197017669678,50.8608932495117,147.383346557617,37.3931579589844,89.4767150878906,3.40891671180725,12.2325744628906,2.36727237701416,4.70823621749878,43.2120552062988,14.362193107605,2.8487114906311,3.31929707527161,22.1333866119385,14.7454700469971,5.55357313156128,10.7951679229736,13.6427125930786,10.4103269577026,5.10718250274658,11.1761636734009,77.1145858764648,7.46863269805908,220.735473632812,11.1221828460693,64.2301788330078,1.00995683670044,38.169361114502,5.00377321243286,15.0373344421387,52.2148857116699,1.41668379306793,8.61187934875488,3.76228833198547,5.95119428634644,4.0047025680542,3.17005181312561,3.01593947410583,2.64585542678833,12.0794076919556
2021-09-30,7332.2001953125,91.284049987793,26.2082576751709,21.3637161254883,280.227661132812,22.6661033630371,23.3034400939941,48.0185432434082,160.871826171875,35.7216377258301,79.9908676147461,3.48881363868713,12.2918148040771,2.48355960845947,4.42071104049683,44.423168182373,14.4542579650879,3.24845290184021,3.58877325057983,20.7458648681641,14.0268058776855,4.97669124603271,9.7113790512085,10.813081741333,10.2607269287109,6.0526442527771,11.0956935882568,72.0883026123047,7.09438800811768,209.864410400391,10.1068410873413,65.8439636230469,0.908961176872253,36.2169761657715,5.57394742965698,16.6048622131348,49.4879760742188,1.36755013465881,8.74138259887695,3.64827966690063,5.21828889846802,4.18635892868042,3.17843842506409,3.10918569564819,2.53561186790466,12.6480665206909
2021-10-31,7370.7998046875,92.9989624023438,25.3720455169678,19.5395832061768,292.815979003906,22.6661033630371,23.8225955963135,50.2062950134277,175.60661315918,34.6504440307617,72.6369476318359,3.47993612289429,11.8490991592407,2.49186563491821,4.34882879257202,45.0761566162109,13.5796375274658,3.30366706848145,3.88467621803284,21.2913055419922,13.694863319397,4.86475801467896,9.1974048614502,10.3577175140381,10.6655235290527,5.99355268478394,10.3714771270752,75.6749267578125,6.84217882156372,214.692077636719,9.73423862457275,67.3571853637695,1.00995683670044,36.2169761657715,5.41665840148926,17.4068546295166,51.4470176696777,1.40440058708191,8.89516448974609,3.72157120704651,4.64173603057861,4.29370212554932,2.85136890411377,2.9446325302124,2.37448596954346,14.0513696670532
2021-11-30,7235.89990234375,82.1407775878906,27.8040218353271,17.3928871154785,295.308746337891,22.0002727508545,23.4526844024658,50.8112983703613,175.328521728516,36.1664619445801,76.4616317749023,3.5775876045227,11.7275705337524,2.51678419113159,3.97145128250122,41.7599105834961,12.3367547988892,3.37728691101074,3.62670969963074,23.6070327758789,13.7427711486816,4.52896118164062,8.98099708557129,12.4827489852905,10.3311262130737,5.33510684967041,10.5413570404053,80.4274063110352,7.58253383636475,203.722732543945,9.90190887451172,62.9593925476074,0.899779736995697,38.2923736572266,4.86614465713501,17.2883796691895,53.8046684265137,1.3757392168045,8.71710109710693,3.48541045188904,4.54401540756226,4.26067352294922,2.80105090141296,2.9446325302124,2.4168872833252,13.1683893203735
2021-12-31,7444.60009765625,88.3704528808594,28.9189720153809,18.008638381958,277.667999267578,22.7187519073486,24.7032661437988,52.8245162963867,184.028213500977,34.5051918029785,79.9349899291992,3.71074795722961,12.1270685195923,2.62476491928101,3.82768845558167,41.6356811523438,12.739541053772,3.69016909599304,3.97572302818298,25.5012359619141,14.1982841491699,5.28665781021118,9.5851411819458,13.8849782943726,9.98793029785156,5.32666444778442,11.0688714981079,82.6790618896484,8.38557720184326,205.789001464844,9.95779991149902,67.6219863891602,0.927323997020721,41.5346221923828,4.92512845993042,18.227071762085,54.8359413146973,1.38392841815948,9.22742176055908,3.54897022247314,4.66128015518188,4.4753589630127,2.92684674263,2.90132904052734,2.51001739501953,12.6954402923584
2022-01-31,7006,82.1845169067383,31.3091468811035,17.2073154449463,249.807556152344,21.9094257354736,23.6753940582275,47.0343017578125,168.994155883789,31.3823909759521,86.9535598754883,3.49769043922424,11.1618175506592,2.43372201919556,3.89956951141357,39.0937728881836,12.912163734436,3.52452540397644,4.43095922470093,22.6720428466797,14.5764465332031,6.26821994781494,8.50309181213379,14.2608346939087,10.014328956604,6.06108617782593,9.66514587402344,74.5179595947266,8.18552303314209,185.678588867188,9.21259593963623,60.8503341674805,0.844691097736359,34.10595703125,4.81699180603027,18.0083484649658,46.2684478759766,1.33888900279999,8.45570373535156,3.38156652450562,5.2085165977478,4.10378837585449,2.99393796920776,2.7627580165863,2.25125241279602,13.1312961578369
2022-02-28,7096.5,84.4486541748047,34.0942878723145,19.3666648864746,249.377807617188,21.6203861236572,25.157247543335,44.0023803710938,164.003723144531,32.0450744628906,94.0759048461914,3.51544570922852,11.0916185379028,2.59592318534851,4.18617391586304,35.9020538330078,12.5439023971558,4.37114763259888,4.25879907608032,21.4306602478027,13.7798471450806,6.52168798446655,9.08018493652344,13.459228515625,10.0935287475586,6.23377990722656,10.425124168396,73.1740798950195,8.27721500396729,215.891830444336,9.71516513824463,60.7841339111328,0.890598297119141,30.8993301391602,5.07258701324463,19.8001766204834,44.1860694885254,1.51569306850433,8.94528770446777,3.49874901771545,5.05216360092163,4.16950178146362,3.03993797302246,2.73677635192871,2.23400139808655,13.5300569534302
2022-03-31,7493.7998046875,93.0965805053711,38.371639251709,20.2017269134521,255.733993530273,22.4462242126465,27.6926727294922,44.8894882202148,184.565765380859,34.1753311157227,100.947128295898,3.50652313232422,11.8374938964844,2.64699029922485,3.97686553001404,34.5833206176758,12.7740659713745,5.0078558921814,4.95696306228638,22.0080490112305,13.145993232727,6.86447191238403,8.99167823791504,15.9600982666016,10.3741989135742,6.78331327438354,10.4794702529907,73.2534713745117,8.73567008972168,213.865661621094,10.3328905105591,61.426586151123,0.876826167106628,31.8053722381592,5.15123176574707,22.6458778381348,39.7337493896484,1.57447350025177,9.06975841522217,3.56571125984192,4.8958101272583,4.40535163879395,3.19538903236389,2.69333600997925,2.14774656295776,14.6892461776733
2022-04-30,7435,92.5176773071289,35.1636238098145,20.1342487335205,262.475982666016,22.5453262329102,27.9496402740479,44.7265472412109,185.443786621094,35.3503150939941,94.6473693847656,3.60466980934143,12.5833702087402,2.54485583305359,4.13157224655151,32.165641784668,13.1883592605591,4.49858236312866,5.30604553222656,23.0762119293213,14.6741905212402,7.62914514541626,9.6601037979126,16.3920669555664,11.0371437072754,6.8691782951355,10.2077474594116,78.2363204956055,9.57756233215332,222.207809448242,11.4653902053833,77.305061340332,1.06504535675049,33.121955871582,5.50513315200806,23.32737159729,41.1914138793945,1.57447350025177,9.26891231536865,3.48200845718384,4.93489837646484,4.2874264717102,3.48038363456726,2.82579565048218,2.08736801147461,15.2734775543213
2022-05-31,7211.2001953125,92.9451751708984,36.6948623657227,20.6496467590332,261.064178466797,21.2507019042969,27.4056720733643,42.7169761657715,169.875885009766,31.8070201873779,96.0063095092773,3.46191120147705,12.6096963882446,2.44272089004517,3.97686553001404,32.5413780212402,13.061770439148,4.71549510955811,5.31380271911621,19.775484085083,16.0617752075195,7.69946002960205,9.96226787567139,15.2401514053345,10.777340888977,7.04090690612793,10.7783651351929,72.9375152587891,9.48587226867676,213.798538208008,10.0801849365234,74.5029754638672,1.00536608695984,33.0588264465332,5.41665840148926,21.3657722473145,36.0999984741211,1.587069272995,8.69634532928467,3.34808564186096,4.78831720352173,4.05157566070557,3.47174739837646,2.84345650672913,1.9493602514267,15.1337089538574
2022-06-30,6568.10009765625,80.4943008422852,33.931022644043,16.8692092895508,258.403869628906,18.6962051391602,24.0128383636475,37.9374542236328,150.26496887207,32.6790733337402,86.1498260498047,3.43514323234558,12.8485412597656,2.20440673828125,3.96776533126831,33.1095809936523,12.635968208313,3.71581053733826,4.44497680664062,17.3043079376221,15.8076629638672,7.25120401382446,9.80660629272461,13.2849254608154,10.8848447799683,6.37116289138794,10.2802057266235,73.7589721679688,9.6217212677002,190.526840209961,8.52650737762451,69.8042297363281,0.876826167106628,29.7673740386963,4.3942756652832,22.6919231414795,31.7700004577637,1.54088473320007,7.56945037841797,3.13792562484741,3.67430067062378,3.55460453033447,3.28175115585327,2.86994814872742,1.74552547931671,14.7411108016968
2022-07-31,6945.2001953125,89.7478408813477,31.8170146942139,18.6080360412598,278.360900878906,19.5895709991455,26.8270492553711,42.2100639343262,165.445861816406,34.4415397644043,82.0646362304688,3.47083330154419,12.9646968841553,2.46825480461121,4.06786918640137,33.9955825805664,12.8776397705078,3.59320735931396,4.60788154602051,20.0784301757812,16.2019748687744,7.36546468734741,10.4841871261597,13.898775100708,10.3294057846069,6.26812505722046,11.0953750610352,79.6716156005859,9.94614315032959,205.418045043945,9.61221027374268,66.906852722168,0.996184587478638,30.903600692749,4.48275136947632,23.0050392150879,35.2000007629395,1.73821890354156,8.11499691009521,3.34654140472412,3.89905834197998,3.8325719833374,3.47174739837646,3.01123809814453,1.90019226074219,15.6852140426636
2022-08-31,6986.7998046875,88.6435394287109,33.3963470458984,18.6945457458496,281.914398193359,19.5296897888184,26.8182811737061,43.4652633666992,161.91096496582,33.6152534484863,82.4614715576172,3.55081057548523,12.4732694625854,2.56968688964844,4.27767276763916,34.380802154541,12.5439023971558,3.91386127471924,4.89490461349487,19.0793571472168,15.6148853302002,6.75021123886108,11.3357410430908,13.9594020843506,10.8949565887451,6.87461805343628,12.0919160842896,70.8161926269531,9.46804714202881,205.485168457031,9.71658802032471,68.3460083007812,1.06963610649109,30.6601219177246,5.22987699508667,23.042724609375,33.5099983215332,1.67365372180939,7.44158840179443,3.14661812782288,3.73293304443359,3.65874004364014,3.31271195411682,3.27615642547607,1.85600161552429,14.4606828689575
2022-09-30,6474.2001953125,82.4865875244141,33.8105049133301,17.8554096221924,275.374206542969,19.5040283203125,25.2577533721924,39.4987449645996,139.51416015625,31.6219940185547,81.4928665161133,3.44348096847534,11.0257997512817,2.22006916999817,4.23167610168457,31.7035255432129,11.5426921844482,3.45895910263062,4.12150096893311,15.3061637878418,14.7254753112793,6.09121894836426,10.5992937088013,13.7114429473877,10.4075260162354,6.17757225036621,11.5235319137573,65.8228302001953,8.18742561340332,187.854080200195,8.43933391571045,54.9649963378906,1.00536608695984,28.0771579742432,4.93495893478394,23.0986957550049,30.8400001525879,1.50066637992859,6.58064842224121,2.84238696098328,2.99025511741638,3.3284969329834,3.06403660774231,3.12710857391357,1.71901106834412,12.3574819564819
2022-10-31,6976.89990234375,96.4465637207031,33.7227249145508,21.0389347076416,273.673797607422,22.2072162628174,28.6681213378906,42.6146354675293,157.106430053711,31.1749095916748,78.9623107910156,3.51503396034241,12.0265197753906,2.5784273147583,4.58124876022339,36.3261604309082,13.4070148468018,3.54471826553345,4.61576223373413,17.1200141906738,16.0705909729004,6.34056711196899,10.73863697052,12.6353960037231,11.3011474609375,6.83976602554321,11.9452362060547,61.5667304992676,9.04117393493652,193.763763427734,8.24065017700195,56.2220497131348,1.15685975551605,30.3449954986572,5.89835739135742,23.7890472412109,34.6800003051758,1.70392644405365,6.75965547561646,3.14661812782288,3.64498448371887,3.84124231338501,3.26830554008484,2.56837439537048,1.86483979225159,13.2828903198242
2022-11-30,7354.39990234375,98.6019439697266,40.797306060791,21.2637348175049,288.552642822266,21.981107711792,28.4846324920654,45.3052101135254,169.313262939453,32.2274208068848,98.805419921875,3.55975484848022,12.7681255340576,2.6308696269989,4.3972635269165,34.9549751281738,13.5566215515137,4.08786058425903,6.33770418167114,18.6234722137451,16.1772727966309,7.1954755783081,11.2960042953491,16.2711296081543,11.6892852783203,6.47381639480591,12.6694669723511,64.7404556274414,9.65587139129639,205.679672241211,7.2850751876831,63.1790313720703,1.24867391586304,29.197301864624,6.11463022232056,25.1697444915771,30.7800006866455,1.76447212696075,6.88751840591431,3.39000296592712,3.86974215507507,3.91076731681824,3.42816829681396,2.68552851676941,2.03276371955872,14.06374168396
2022-12-31,7038.7001953125,93.3089828491211,40.0512275695801,20.7570323944092,278.021545410156,20.8446102142334,27.0280323028564,42.4482078552246,155.236358642578,31.2587375640869,101.580322265625,3.56869864463806,11.8314437866211,2.5172438621521,4.36966562271118,29.6093807220459,13.8558330535889,3.81152510643005,6.15434980392456,16.9849758148193,15.8372631072998,7.18656969070435,11.212399482727,16.719482421875,12.1225576400757,6.22113752365112,12.4769496917725,62.392261505127,9.40623950958252,197.104843139648,7.41753149032593,62.0851097106934,1.2073575258255,27.5170822143555,5.90818786621094,24.4420795440674,26.3999996185303,1.72987473011017,6.8439769744873,3.25810647010803,3.77202129364014,3.75676536560059,3.31271195411682,2.65849304199219,1.92830204963684,14.2818593978882
2023-01-31,7501.7001953125,100.175285339355,43.4919624328613,20.9792728424072,291.315856933594,22.2718391418457,28.5295886993408,45.9062004089355,173.869171142578,33.6338806152344,112.069061279297,3.71180486679077,12.7064971923828,2.69205236434937,4.51685428619385,33.2668952941895,14.5002908706665,4.41183996200562,5.90721940994263,19.7734050750732,15.2467212677002,6.80364274978638,11.1752414703369,18.2031230926514,12.5106945037842,6.1340069770813,13.3661966323853,62.9242706298828,9.29259586334229,205.196838378906,8.202805519104,63.4669075012207,1.24408328533173,28.7565898895264,6.29158115386963,22.3896903991699,32.7999992370605,1.80771887302399,7.32084703445435,3.62610173225403,4.48538303375244,4.1234974861145,3.31271195411682,2.65849304199219,2.08220410346985,14.0352916717529
2023-02-28,7251.60009765625,91.9831771850586,40.5690956115723,19.6191749572754,282.939270019531,21.4701232910156,26.416618347168,45.3936424255371,175.635757446289,34.2486267089844,104.390106201172,3.68879127502441,12.788535118103,2.6428530216217,4.33148002624512,35.643798828125,14.8455352783203,4.2593789100647,6.52562236785889,19.0102596282959,14.9612579345703,6.19818687438965,12.1041889190674,18.655445098877,13.7563495635986,6.3541431427002,12.5502910614014,61.9703254699707,9.31007957458496,215.731918334961,7.19647789001465,63.8891334533691,0.992616713047028,29.4176616668701,6.33090353012085,23.2385902404785,31.0100002288818,1.80549550056458,7.3650016784668,3.39273858070374,4.5831036567688,4.11455297470093,2.98429465293884,3.00094246864319,2.00977945327759,15.4293384552002
2023-03-31,7177.7998046875,91.3052597045898,42.6774559020996,19.2547054290771,280.071746826172,20.2014713287354,24.9240531921387,47.2752456665039,163.325469970703,35.7483558654785,107.649566650391,3.85314345359802,12.9526071548462,2.4720561504364,4.36874008178711,36.0900688171387,13.9363918304443,4.23262500762939,6.74531173706055,18.3840847015381,15.0878229141235,7.25223922729492,12.6437492370605,18.9674911499023,13.4374847412109,6.21014022827148,12.140606880188,60.6875228881836,8.8467607498169,230.138656616211,6.88234615325928,64.3313369750977,0.98791229724884,32.3997344970703,6.50785398483276,20.3951683044434,31.8299999237061,1.72989594936371,6.63203477859497,3.57224893569946,3.90883040428162,3.79254412651062,3.04779028892517,3.0863687992096,1.88303685188293,14.5948066711426
2023-04-30,7309.2001953125,92.2710494995117,40.1202430725098,19.9747543334961,292.001281738281,21.4525032043457,25.9310874938965,48.893424987793,169.77815246582,36.6255569458008,100.579856872559,3.99010372161865,13.6635875701904,2.58891701698303,4.63887500762939,36.7788848876953,14.362193107605,4.10671138763428,6.78599643707275,18.8928489685059,14.8256587982178,7.477463722229,13.4157438278198,17.6602630615234,14.1190299987793,6.36314392089844,12.9394540786743,63.9076461791992,8.98662948608398,239.813232421875,7.09176683425903,62.5234031677246,1.06788611412048,32.9577026367188,6.48819255828857,21.1603412628174,33.4900016784668,1.86775386333466,6.87047004699707,3.99409675598145,3.94791865348816,3.94460391998291,3.10221529006958,3.27008152008057,2.18178820610046,15.3629560470581
2023-05-31,7091.2998046875,89.875129699707,37.9696502685547,18.99631690979,297.6455078125,20.8830852508545,24.0810947418213,44.8479804992676,162.842926025391,35.4087944030762,95.8756713867188,3.9809730052948,13.5268611907959,2.4360990524292,4.83449029922485,36.324836730957,15.3058624267578,3.75802874565125,6.77785921096802,19.2059364318848,13.6779098510742,8.45944499969482,12.935601234436,16.2096576690674,13.4651155471802,6.56114816665649,10.7937154769897,62.936939239502,8.77682495117188,236.672637939453,7.52012968063354,55.4657135009766,1.03025138378143,32.725212097168,6.53734588623047,21.1225566864014,37.8899993896484,1.64984929561615,7.25019979476929,3.82356309890747,3.42022657394409,3.74782109260559,3.22920608520508,3.27926731109619,2.08220410346985,14.669454574585
2023-06-30,7203.2998046875,93.1161346435547,40.6533737182617,19.6025810241699,269.463439941406,21.6028747558594,24.4520034790039,46.4191207885742,169.404693603516,37.4744644165039,102.766181945801,3.92618918418884,13.2775096893311,2.38216328620911,5.3095555305481,37.8012924194336,15.5245180130005,3.64180088043213,6.84295320510864,19.783483505249,13.5955677032471,9.73872089385986,13.5663757324219,18.7060470581055,14.4321718215942,6.76815271377563,10.4314460754395,58.8021240234375,8.72333240509033,222.729553222656,7.37734270095825,54.4215660095215,1.06318187713623,33.0786018371582,6.09496879577637,22.0861072540283,39.75,1.64095532894135,7.09886503219604,3.74780035018921,3.7622492313385,3.81531262397766,3.55575513839722,3.23333883285522,2.09403705596924,14.228123664856
2023-07-31,7410.39990234375,98.1680068969727,41.5750503540039,20.5211658477783,260.856292724609,23.4615783691406,26.3528957366943,46.7107696533203,166.915420532227,36.4274826049805,104.898735046387,3.88966631889343,13.3613681793213,2.52599191665649,5.52380084991455,38.456413269043,16.3761234283447,3.75802874565125,6.8917727470398,20.2467765808105,14.0072774887085,10.9819612503052,13.246280670166,18.2843589782715,14.5242738723755,7.16416168212891,10.4500255584717,57.9714241027832,9.00240707397461,232.559722900391,8.21502780914307,56.9546012878418,1.06318187713623,32.6880226135254,6.41937875747681,23.6920261383057,43.4799995422363,1.75657820701599,7.48111200332642,3.92449522018433,4.0456395149231,3.99962735176086,3.45597648620605,3.22415328025818,2.16816210746765,15.110785484314
2023-08-31,7305.2998046875,97.1422119140625,40.5268630981445,20.1629180908203,265.723327636719,23.0789051055908,26.8536186218262,51.6728019714355,169.318862915039,36.5093765258789,103.556327819824,3.74048924446106,12.3550729751587,2.54822587966919,5.50754165649414,39.9915390014648,15.6856317520142,3.29311800003052,7.0870532989502,23.026517868042,13.815146446228,10.2012128829956,14.0935916900635,18.0735168457031,13.9246788024902,7.02509021759033,10.996862411499,53.7526092529297,8.09316349029541,263.975402832031,7.53814172744751,49.7422180175781,1.21458852291107,29.9074440002441,5.80988168716431,24.178201675415,46.5299987792969,1.72150707244873,7.05335998535156,3.94309449195862,3.9870069026947,3.87060689926147,3.38441801071167,3.36193776130676,2.24228739738464,15.0724086761475
2023-09-30,7048.60009765625,95.0411834716797,41.0996971130371,19.4280490875244,245.461624145508,23.3795776367188,26.9556217193604,50.7040023803711,159.972122192383,35.7338027954102,104.152534484863,3.59124255180359,11.8239727020264,2.27950406074524,5.37505769729614,39.9426460266113,16.0769100189209,3.33439350128174,7.31350135803223,21.1437835693359,13.2012453079224,9.87006378173828,13.6783494949341,18.557559967041,14.6032514572144,7.23575162887573,11.6187925338745,54.3902053833008,7.47199821472168,249.923736572266,6.93007135391235,50.3989677429199,1.20498704910278,28.2535648345947,5.09224796295166,24.9271659851074,40.7900009155273,1.56040358543396,6.64380979537964,3.64550280570984,3.57657980918884,3.59413528442383,3.23605990409851,3.23463845252991,1.97358345985413,14.957278251648
2023-10-31,6838.2998046875,92.0940170288086,41.9727745056152,19.0514316558838,229.978363037109,22.6597862243652,26.1118087768555,48.9390487670898,152.618759155273,33.5219802856445,110.472312927246,3.55393123626709,11.1251554489136,2.28877019882202,5.41290998458862,38.1728553771973,15.6050748825073,3.26554155349731,7.55506229400635,20.8973541259766,13.043755531311,9.90685844421387,12.8282289505005,20.2784824371338,14.6404333114624,7.08920431137085,11.402060508728,54.0188446044922,7.44499111175537,239.107284545898,6.0807032585144,47.6395072937012,0.998554885387421,27.5235252380371,4.86614465713501,24.0629730224609,39.189998626709,1.58802127838135,5.98853015899658,3.34791088104248,3.79156565666199,3.40982031822205,3.18969774246216,3.20642924308777,1.71414542198181,13.86354637146
2023-11-30,7073.2001953125,99.0531234741211,43.0409049987793,20.2104034423828,257.264923095703,23.1281604766846,27.1513442993164,50.0805130004883,162.576644897461,33.0911064147949,114.572372436523,3.53527522087097,12.0382766723633,2.47409582138062,5.62109851837158,39.4245872497559,16.1114349365234,3.03931427001953,7.14259719848633,22.7209415435791,13.3764085769653,8.67425060272217,12.866436958313,22.3542327880859,14.2500219345093,6.31983375549316,10.1018629074097,55.1805419921875,7.68805551528931,266.535064697266,6.37991237640381,47.2119903564453,0.892938554286957,27.6088542938232,5.25936841964722,22.5074253082275,48.5900001525879,1.70769822597504,6.32527112960815,3.78499913215637,4.75900077819824,3.77844953536987,3.2824215888977,3.31926560401917,1.8901926279068,15.1945447921753
2023-12-31,7590.7998046875,106.287925720215,46.8211479187012,21.7592029571533,280.548553466797,24.5387592315674,29.3192501068115,54.713508605957,177.924499511719,35.6189002990723,124.432693481445,3.69384980201721,13.0542974472046,2.77061653137207,5.35613059997559,40.2529182434082,15.9388122558594,3.27537751197815,7.39581871032715,25.0884552001953,13.3482284545898,8.72024250030518,12.9906120300293,25.7428512573242,13.766655921936,6.96097612380981,10.2637214660645,60.046329498291,7.92873334884644,292.357513427734,7.20997667312622,51.117977142334,0.892938554286957,30.4152507781982,5.27902936935425,23.4196300506592,56.4900016784668,1.87800765037537,7.23641061782837,4.21346235275269,5.27692127227783,4.39242362976074,3.52350330352783,3.34747457504272,1.9787210226059,15.5356664657593
2024-01-31,7588.2001953125,108.47452545166,43.7560844421387,22.5858631134033,290.443389892578,25.4854698181152,30.4652767181396,55.6535377502441,182.313751220703,34.2688331604004,121.341590881348,3.75914525985718,12.6734285354614,2.79841542243958,5.73465633392334,43.3394355773926,16.31858253479,3.23603367805481,7.71374130249023,25.1975345611572,13.5454931259155,7.85557699203491,13.850284576416,26.168643951416,14.8914127349854,7.1075234413147,10.2922859191895,61.3889465332031,7.81732225418091,298.426483154297,6.98798227310181,49.3593139648438,0.892938554286957,29.9506759643555,5.43631935119629,23.7557067871094,57.689998626709,1.84118402004242,7.1892991065979,4.23239898681641,5.3453254699707,4.28829336166382,3.47714185714722,3.58255004882812,2.00712370872498,15.7500867843628
2024-02-29,7745.60009765625,113.663375854492,41.721996307373,25.0943470001221,276.340118408203,27.2179527282715,32.509033203125,64.6008377075195,188.301727294922,32.0220108032227,114.535682678223,3.63922548294067,12.854341506958,3.00021409988403,5.9153881072998,46.1005363464355,17.6420211791992,2.97046256065369,8.25425338745117,30.2251434326172,13.3677186965942,8.21549606323242,14.4807119369507,24.199878692627,16.0998287200928,6.84199905395508,11.7585315704346,62.8608551025391,7.31597375869751,329.387969970703,6.1753339767456,52.9155158996582,1.0901198387146,28.0412406921387,5.0824179649353,25.2428550720215,61.2799987792969,1.86264038085938,6.85009241104126,4.3176155090332,5.5212230682373,4.06109857559204,3.65023159980774,3.52015709877014,2.04499411582947,16.5200481414795
2024-03-31,7896.89990234375,116.549507141113,42.1603507995605,24.7997913360596,283.578582763672,27.8333148956299,33.0820465087891,66.5566711425781,193.495178222656,32.2162590026855,115.347427368164,3.68698406219482,12.6829500198364,3.22880172729492,6.15585088729858,42.4026336669922,18.850378036499,2.95691823959351,8.69704532623291,33.5273017883301,13.7485647201538,7.91192197799683,15.659628868103,23.7289943695068,17.3359985351562,7.36465167999268,12.0191869735718,64.2341232299805,7.80803775787354,332.402923583984,6.27289056777954,55.3006973266602,1.14389264583588,28.2913513183594,5.35767412185669,25.4573574066162,61.6100006103516,2.01904535293579,7.45312643051147,4.592200756073,6.05868673324585,4.32615900039673,3.80232453346252,3.60648226737976,2.23434519767761,17.796817779541
2024-04-30,7664.10009765625,110.932205200195,40.9794387817383,24.6667652130127,272.586853027344,26.6593933105469,32.2798233032227,64.9900588989258,181.64518737793,30.9827766418457,123.617660522461,3.50550079345703,11.9402551651001,3.02878737449646,6.19432497024536,39.365421295166,19.1265754699707,3.53844523429871,9.2169771194458,31.4250259399414,13.1582527160645,8.97443294525146,14.1760845184326,24.0521507263184,16.9535179138184,7.31713771820068,11.6716451644897,61.5165977478027,7.72447967529297,320.171234130859,6.31191301345825,51.1318626403809,1.07545459270477,25.7517681121826,5.80005121231079,26.5493583679199,54.2099990844727,1.82472407817841,6.70875597000122,4.21346235275269,6.24435663223267,3.99483394622803,3.64072561264038,3.41464805603027,1.95031833648682,17.6408767700195
2024-05-31,7701.7001953125,115.774711608887,42.3889122009277,25.3679466247559,275.87646484375,27.5300903320312,33.1892318725586,63.1412620544434,188.777557373047,30.6914024353027,122.168235778809,3.31446528434753,11.9116897583008,3.00021409988403,5.9634804725647,44.6519622802734,18.3094940185547,3.91298842430115,9.63292217254639,33.2397232055664,14.3090419769287,9.70491027832031,13.8076229095459,22.8426189422607,17.020450592041,7.25061845779419,10.9379434585571,60.2980651855469,7.65020608901978,317.669738769531,5.81437492370605,46.1018562316895,1.04123556613922,23.4045753479004,6.04581594467163,25.8766078948975,46.7900009155273,1.8484218120575,6.38839435577393,4.26080513000488,6.44999980926514,3.96643471717834,3.49813866615295,3.56811547279358,1.85564279556274,18.0376892089844
2024-06-30,7767.5,123.367767333984,40.6461181640625,26.5884990692139,290.758605957031,27.5203437805176,35.4599189758301,63.4234466552734,202.361236572266,32.818431854248,112.732780456543,3.45774149894714,12.1128797531128,2.97164058685303,6.86762094497681,49.4520683288574,20.0357189178467,3.60744023323059,10.2662935256958,34.608699798584,14.3572540283203,10.2741136550903,14.0888175964355,19.7680053710938,16.6284084320068,7.27912616729736,12.0095338821411,58.0254020690918,7.6907901763916,327.114349365234,5.27781295776367,46.4443626403809,1.07056617736816,25.2996425628662,5.75089836120605,25.6816062927246,47.2999992370605,1.75363087654114,6.30436515808105,4.10314655303955,5.90999984741211,3.89632821083069,3.46962141990662,3.57770705223083,1.82739233970642,17.5946235656738
2024-07-31,8092.2998046875,133.159317016602,40.2842292785645,29.0979518890381,305.049835205078,28.3097019195557,37.7599716186523,71.6651840209961,207.413101196289,33.5080184936523,111.292839050293,3.76339840888977,12.7087554931641,3.30499768257141,7.11770248413086,53.8844718933105,20.4960460662842,3.02591276168823,9.91652202606201,34.957275390625,15.6107416152954,9.84721088409424,15.0875444412231,17.4228076934814,17.2881908416748,7.59271812438965,11.9226484298706,62.8318405151367,7.61378622055054,339.779388427734,6.12655639648438,45.4755516052246,1.1585578918457,26.6079158782959,6.35056447982788,26.9588603973389,54.6699981689453,2.00008702278137,6.8297290802002,4.52625274658203,5.82999992370605,4.51000022888184,3.53616189956665,3.81749963760376,2.09124064445496,17.683235168457
2024-08-31,8091.89990234375,137.56965637207,38.8271369934082,30.5040283203125,302.528442382812,29.6252994537354,37.3586845397949,70.6434783935547,213.196533203125,34.6540908813477,108.19352722168,3.84025239944458,13.2362518310547,3.36068630218506,7.43063259124756,54.3714370727539,20.3349323272705,3.09490776062012,9.41549587249756,33.2641906738281,16.0928516387939,11.3613681793213,17.6764736175537,16.8688220977783,15.3262376785278,7.0435938835144,11.2135229110718,60.2232704162598,7.30576992034912,295.816162109375,6.69675350189209,40.6608390808105,1.27069091796875,26.6271533966064,6.59632968902588,28.1320610046387,55.0800018310547,2.16181063652039,7.02430772781372,4.93951892852783,5.78999996185303,4.79248380661011,3.28432011604309,3.70239925384521,1.99351894855499,17.4863185882568
2024-09-30,8269.7998046875,133.516525268555,45.040641784668,30.9727191925049,283.994812011719,29.7032604217529,36.5561141967773,69.559700012207,229.726318359375,32.8655052185059,125.244552612305,3.79139423370361,12.8259773254395,3.56584453582764,7.24363660812378,58.2373657226562,20.8182754516602,3.76999998092651,9.73625373840332,36.8395957946777,15.9360218048096,11.576657295227,18.7494163513184,20.1049175262451,16.0542106628418,6.84848070144653,11.7727279663086,62.8891487121582,7.4694037437439,279.839233398438,7.03357219696045,41.1334991455078,1.3203272819519,26.7980880737305,7.29430198669434,25.0051765441895,57.4300003051758,2.15207266807556,7.37455034255981,5.15599203109741,6.40000009536743,4.85092878341675,3.43007397651672,3.58587837219238,2.10101270675659,18.2641429901123
2024-10-31,8118.7998046875,140.123809814453,41.9242515563965,31.3437671661377,279.372009277344,30.2782249450684,37.397834777832,65.7967834472656,220.66064453125,29.4111747741699,117.679252624512,3.73276424407959,12.3277854919434,3.38022518157959,7.27316188812256,61.1194229125977,20.4385070800781,3.72000002861023,9.45418453216553,36.3615417480469,15.6141796112061,10.3044967651367,18.2370834350586,18.9480094909668,16.5783500671387,6.66312265396118,10.9093942642212,63.0858879089355,6.54535388946533,282.775604248047,6.65712738037109,38.8208503723145,1.41960000991821,26.2174472808838,8.03159618377686,25.9452209472656,48.0200004577637,2.09364557266235,6.87837409973145,5.05759525299072,6.19999980926514,4.58792638778687,3.30375409126282,3.48763513565063,2.10101270675659,16.964485168457
2024-11-30,8436.2001953125,156.385635375977,39.7584609985352,33.3600006103516,279.967224121094,31.1700000762939,39.0999984741211,70.9424057006836,231.110000610352,29.7862167358398,114.682220458984,3.85002398490906,12.5036182403564,3.59515285491943,8.39513874053955,67.75,22.6710910797119,3.72000002861023,10.5727348327637,37.7558517456055,16.3010654449463,10.9601488113403,18.7494163513184,18.4619140625,19.4125881195068,6.44849824905396,11.1154165267944,64.9844665527344,6.94962549209595,301.8125,7.09301090240479,39.1272315979004,1.54865455627441,28.1168346405029,8.62143230438232,31.5557994842529,56.2099990844727,2.1033833026886,7.08268213272095,5.13631248474121,6.28999996185303,4.63663101196289,3.28432011604309,3.75289177894592,2.11078476905823,18.1100006103516
2024-12-31,8159.10009765625,151.129379272461,38.758861541748,32.3199996948242,279.332305908203,28.5400009155273,37.0999984741211,70.646110534668,221.649993896484,30.0921726226807,113.92569732666,3.91842555999756,13.3900003433228,3.35091686248779,8.32624530792236,68.3600006103516,21.8770275115967,3.40000009536743,10.6019134521484,35.6399993896484,14.780553817749,11.0482215881348,18.95631980896,17.7424926757812,18.6360855102539,6.5167875289917,11.1154165267944,64.0204238891602,6.96999979019165,287.567077636719,6.1717119216919,34.1362609863281,1.57347273826599,26.581579208374,8.81804466247559,33.5942115783691,50.0699996948242,2.04495596885681,6.65999984741211,4.80000019073486,6.01999998092651,4.36999988555908,3.15799999237061,3.72341895103455,1.875,16.5799999237061
