"date","^MXX","^BVSP","^MERV","NU","VALE","ITUB","PBR-A","PBR","GFNORTEO.MX","FEMSAUBD.MX","GMEXICOB.MX","AMXB.MX","WALMEX.MX","BBAS3.SA","BAP","WEGE3.SA","B3SA3.SA","BBD","ABEV","ITSA4.SA","SBSP3.SA","CEMEXCPO.MX","SCCO","CHILE.SN","RENT3.SA","RDOR3.SA","AC.MX","SQM","BIMBOA.MX","CIB","CENCOSUD.SN","GCARSOA1.MX","BSAC","VIV","FUNO11.MX","GGB","FALABELLA.SN","LTM","COPEC.SN","EC","ISA.CL","ENELAM.SN","CMPC.SN"
1991-11-30,1384.19995117188,NA,NA,NA,NA,NA,NA,NA,NA,NA,NA,NA,NA,NA,NA,NA,NA,NA,NA,NA,NA,NA,NA,NA,NA,NA,NA,NA,NA,NA,NA,NA,NA,NA,NA,NA,NA,NA,NA,NA,NA,NA,NA
1991-12-31,1431.5,NA,NA,NA,NA,NA,NA,NA,NA,NA,NA,NA,NA,NA,NA,NA,NA,NA,NA,NA,NA,NA,NA,NA,NA,NA,NA,NA,NA,NA,NA,NA,NA,NA,NA,NA,NA,NA,NA,NA,NA,NA,NA
1992-01-31,1623.5,NA,NA,NA,NA,NA,NA,NA,NA,NA,NA,NA,NA,NA,NA,NA,NA,NA,NA,NA,NA,NA,NA,NA,NA,NA,NA,NA,NA,NA,NA,NA,NA,NA,NA,NA,NA,NA,NA,NA,NA,NA,NA
1992-02-29,1860.59997558594,NA,NA,NA,NA,NA,NA,NA,NA,NA,NA,NA,NA,NA,NA,NA,NA,NA,NA,NA,NA,NA,NA,NA,NA,NA,NA,NA,NA,NA,NA,NA,NA,NA,NA,NA,NA,NA,NA,NA,NA,NA,NA
1992-03-31,1875.69995117188,NA,NA,NA,NA,NA,NA,NA,NA,NA,NA,NA,NA,NA,NA,NA,NA,NA,NA,NA,NA,NA,NA,NA,NA,NA,NA,NA,NA,NA,NA,NA,NA,NA,NA,NA,NA,NA,NA,NA,NA,NA,NA
1992-04-30,1838.30004882812,NA,NA,NA,NA,NA,NA,NA,NA,NA,NA,NA,NA,NA,NA,NA,NA,NA,NA,NA,NA,NA,NA,NA,NA,NA,NA,NA,NA,NA,NA,NA,NA,NA,NA,NA,NA,NA,NA,NA,NA,NA,NA
1992-05-31,1892.30004882812,NA,NA,NA,NA,NA,NA,NA,NA,NA,NA,NA,NA,NA,NA,NA,NA,NA,NA,NA,NA,NA,NA,NA,NA,NA,NA,NA,NA,NA,NA,NA,NA,NA,NA,NA,NA,NA,NA,NA,NA,NA,NA
1992-06-30,1599.30004882812,NA,NA,NA,NA,NA,NA,NA,NA,NA,NA,NA,NA,NA,NA,NA,NA,NA,NA,NA,NA,NA,NA,NA,NA,NA,NA,NA,NA,NA,NA,NA,NA,NA,NA,NA,NA,NA,NA,NA,NA,NA,NA
1992-07-31,1569.69995117188,NA,NA,NA,NA,NA,NA,NA,NA,NA,NA,NA,NA,NA,NA,NA,NA,NA,NA,NA,NA,NA,NA,NA,NA,NA,NA,NA,NA,NA,NA,NA,NA,NA,NA,NA,NA,NA,NA,NA,NA,NA,NA
1992-08-31,1400.40002441406,NA,NA,NA,NA,NA,NA,NA,NA,NA,NA,NA,NA,NA,NA,NA,NA,NA,NA,NA,NA,NA,NA,NA,NA,NA,NA,NA,NA,NA,NA,NA,NA,NA,NA,NA,NA,NA,NA,NA,NA,NA,NA
1992-09-30,1327.09997558594,NA,NA,NA,NA,NA,NA,NA,NA,NA,NA,NA,NA,NA,NA,NA,NA,NA,NA,NA,NA,NA,NA,NA,NA,NA,NA,NA,NA,NA,NA,NA,NA,NA,NA,NA,NA,NA,NA,NA,NA,NA,NA
1992-10-31,1597.30004882812,NA,NA,NA,NA,NA,NA,NA,NA,NA,NA,NA,NA,NA,NA,NA,NA,NA,NA,NA,NA,NA,NA,NA,NA,NA,NA,NA,NA,NA,NA,NA,NA,NA,NA,NA,NA,NA,NA,NA,NA,NA,NA
1992-11-30,1716,NA,NA,NA,NA,NA,NA,NA,NA,NA,NA,NA,NA,NA,NA,NA,NA,NA,NA,NA,NA,NA,NA,NA,NA,NA,NA,NA,NA,NA,NA,NA,NA,NA,NA,NA,NA,NA,NA,NA,NA,NA,NA
1992-12-31,1759.40002441406,NA,NA,NA,NA,NA,NA,NA,NA,NA,NA,NA,NA,NA,NA,NA,NA,NA,NA,NA,NA,NA,NA,NA,NA,NA,NA,NA,NA,NA,NA,NA,NA,NA,NA,NA,NA,NA,NA,NA,NA,NA,NA
1993-01-31,1653.19995117188,NA,NA,NA,NA,NA,NA,NA,NA,NA,NA,NA,NA,NA,NA,NA,NA,NA,NA,NA,NA,NA,NA,NA,NA,NA,NA,NA,NA,NA,NA,NA,NA,NA,NA,NA,NA,NA,NA,NA,NA,NA,NA
1993-02-28,1546.69995117188,NA,NA,NA,NA,NA,NA,NA,NA,NA,NA,NA,NA,NA,NA,NA,NA,NA,NA,NA,NA,NA,NA,NA,NA,NA,NA,NA,NA,NA,NA,NA,NA,NA,NA,NA,NA,NA,NA,NA,NA,NA,NA
1993-03-31,1771.69995117188,NA,NA,NA,NA,NA,NA,NA,NA,NA,NA,NA,NA,NA,NA,NA,NA,NA,NA,NA,NA,NA,NA,NA,NA,NA,NA,NA,NA,NA,NA,NA,NA,NA,NA,NA,NA,NA,NA,NA,NA,NA,NA
1993-04-30,1662.80004882812,24.1000003814697,NA,NA,NA,NA,NA,NA,NA,NA,NA,NA,NA,NA,NA,NA,NA,NA,NA,NA,NA,NA,NA,NA,NA,NA,NA,NA,NA,NA,NA,NA,NA,NA,NA,NA,NA,NA,NA,NA,NA,NA,NA
1993-05-31,1613,34.9000015258789,NA,NA,NA,NA,NA,NA,NA,NA,NA,NA,NA,NA,NA,NA,NA,NA,NA,NA,NA,NA,NA,NA,NA,NA,NA,NA,NA,NA,NA,NA,NA,NA,NA,NA,NA,NA,NA,NA,NA,NA,NA
1993-06-30,1666.30004882812,53.7000007629395,NA,NA,NA,NA,NA,NA,NA,NA,NA,NA,NA,NA,NA,NA,NA,NA,NA,NA,NA,NA,NA,NA,NA,NA,NA,NA,NA,NA,NA,NA,NA,NA,NA,NA,NA,NA,NA,NA,NA,NA,NA
1993-07-31,1773,65.5999984741211,NA,NA,NA,NA,NA,NA,NA,NA,NA,NA,NA,NA,NA,NA,NA,NA,NA,NA,NA,NA,NA,NA,NA,NA,NA,NA,NA,NA,NA,NA,NA,NA,NA,NA,NA,NA,NA,NA,NA,NA,NA
1993-08-31,1902.80004882812,96.4000015258789,NA,NA,NA,NA,NA,NA,NA,NA,NA,NA,NA,NA,NA,NA,NA,NA,NA,NA,NA,NA,NA,NA,NA,NA,NA,NA,NA,NA,NA,NA,NA,NA,NA,NA,NA,NA,NA,NA,NA,NA,NA
1993-09-30,1834.40002441406,146.600006103516,NA,NA,NA,NA,NA,NA,NA,NA,NA,NA,NA,NA,NA,NA,NA,NA,NA,NA,NA,NA,NA,NA,NA,NA,NA,0.964210987091064,NA,NA,NA,NA,NA,NA,NA,NA,NA,NA,NA,NA,NA,NA,NA
1993-10-31,2016.40002441406,184.399993896484,NA,NA,NA,NA,NA,NA,NA,NA,NA,NA,NA,NA,NA,NA,NA,NA,NA,NA,NA,NA,NA,NA,NA,NA,NA,1.01520216464996,NA,NA,NA,NA,NA,NA,NA,NA,NA,NA,NA,NA,NA,NA,NA
1993-11-30,2212.80004882812,274,NA,NA,NA,NA,NA,NA,NA,NA,NA,NA,NA,NA,NA,NA,NA,NA,NA,NA,NA,NA,NA,NA,NA,NA,NA,0.880769073963165,NA,NA,NA,NA,NA,NA,NA,NA,NA,NA,NA,NA,NA,NA,NA
1993-12-31,2603,375.5,NA,NA,NA,NA,NA,NA,NA,NA,NA,NA,NA,NA,NA,NA,NA,NA,NA,NA,NA,NA,NA,NA,NA,NA,NA,1.13109290599823,NA,NA,NA,NA,NA,NA,NA,NA,NA,NA,NA,NA,NA,NA,NA
1994-01-31,2783.30004882812,740.599975585938,NA,NA,NA,NA,NA,NA,NA,NA,NA,NA,NA,NA,NA,NA,NA,NA,NA,NA,NA,NA,NA,NA,NA,NA,NA,1.22380495071411,NA,NA,NA,NA,NA,NA,NA,NA,NA,NA,NA,NA,NA,NA,NA
1994-02-28,2585.39990234375,1053.90002441406,NA,NA,NA,NA,NA,NA,NA,NA,NA,NA,NA,NA,NA,NA,NA,NA,NA,NA,NA,NA,NA,NA,NA,NA,NA,1.24234807491302,NA,NA,NA,NA,NA,NA,NA,NA,NA,NA,NA,NA,NA,NA,NA
1994-03-31,2410.39990234375,1515.59997558594,NA,NA,NA,NA,NA,NA,NA,NA,NA,NA,NA,NA,NA,NA,NA,NA,NA,NA,NA,NA,NA,NA,NA,NA,NA,1.10327923297882,NA,NA,NA,NA,NA,NA,NA,NA,NA,NA,NA,NA,NA,NA,NA
1994-04-30,2295.5,1708.40002441406,NA,NA,NA,NA,NA,NA,NA,NA,NA,NA,NA,NA,NA,NA,NA,NA,NA,NA,NA,NA,NA,NA,NA,NA,NA,1.17154455184937,NA,NA,NA,NA,NA,NA,NA,NA,NA,NA,NA,NA,NA,NA,NA
1994-05-31,2477.69995117188,2467.19995117188,NA,NA,NA,NA,NA,NA,NA,NA,NA,NA,NA,NA,NA,NA,NA,NA,NA,NA,NA,NA,NA,NA,NA,NA,NA,1.05067086219788,NA,NA,NA,NA,NA,NA,NA,NA,NA,NA,NA,NA,NA,NA,NA
1994-06-30,2258.19995117188,3623.19995117188,NA,NA,NA,NA,NA,NA,NA,NA,NA,NA,NA,NA,NA,NA,NA,NA,NA,NA,NA,NA,NA,NA,NA,NA,NA,1.10180938243866,NA,NA,NA,NA,NA,NA,NA,NA,NA,NA,NA,NA,NA,NA,NA
1994-07-31,2461,4201.2998046875,NA,NA,NA,NA,NA,NA,NA,NA,NA,NA,NA,NA,NA,NA,NA,NA,NA,NA,NA,NA,NA,NA,NA,NA,NA,1.03207492828369,NA,NA,NA,NA,NA,NA,NA,NA,NA,NA,NA,NA,NA,NA,NA
1994-08-31,2710,5329.5,NA,NA,NA,NA,NA,NA,NA,NA,NA,NA,NA,NA,NA,NA,NA,NA,NA,NA,NA,NA,NA,NA,NA,NA,NA,1.03672337532043,NA,NA,NA,NA,NA,NA,NA,NA,NA,NA,NA,NA,NA,NA,NA
1994-09-30,2746.10009765625,5484,NA,NA,NA,NA,NA,NA,NA,NA,NA,NA,NA,NA,NA,NA,NA,NA,NA,NA,NA,NA,NA,NA,NA,NA,NA,1.24127948284149,NA,NA,NA,NA,NA,NA,NA,NA,NA,NA,NA,NA,NA,NA,NA
1994-10-31,2552.10009765625,4797.89990234375,NA,NA,NA,NA,NA,NA,NA,NA,NA,NA,NA,NA,NA,NA,NA,NA,NA,NA,NA,NA,NA,NA,NA,NA,NA,1.25987505912781,NA,NA,NA,NA,1.61760175228119,NA,NA,NA,NA,NA,NA,NA,NA,NA,NA
1994-11-30,2591.30004882812,4656,NA,NA,NA,NA,NA,NA,NA,NA,NA,NA,NA,NA,NA,NA,NA,NA,NA,NA,NA,NA,NA,NA,NA,NA,NA,1.04137301445007,NA,NA,NA,NA,1.51650142669678,NA,NA,NA,NA,NA,NA,NA,NA,NA,NA
1994-12-31,2373,4353.89990234375,NA,NA,NA,NA,NA,NA,NA,NA,NA,NA,NA,NA,NA,NA,NA,NA,NA,NA,NA,NA,NA,NA,NA,NA,NA,1.08321344852448,NA,NA,NA,NA,1.38507151603699,NA,NA,NA,NA,NA,NA,NA,NA,NA,NA
1995-01-31,2067.60009765625,3885,NA,NA,NA,NA,NA,NA,NA,NA,NA,NA,NA,NA,NA,NA,NA,NA,NA,NA,NA,NA,NA,NA,NA,NA,NA,1.09716081619263,NA,NA,NA,NA,1.40529155731201,NA,NA,NA,NA,NA,NA,NA,NA,NA,NA
1995-02-28,1533.19995117188,3270.89990234375,NA,NA,NA,NA,NA,NA,NA,NA,NA,NA,NA,NA,NA,NA,NA,NA,NA,NA,NA,NA,NA,NA,NA,NA,NA,1.17619359493256,NA,NA,NA,NA,1.38507151603699,NA,NA,NA,NA,NA,NA,NA,NA,NA,NA
1995-03-31,1826.40002441406,2979,NA,NA,NA,NA,NA,NA,NA,NA,NA,NA,NA,NA,NA,NA,NA,NA,NA,NA,NA,NA,NA,NA,NA,NA,NA,1.11575698852539,NA,NA,NA,NA,1.43562126159668,NA,NA,NA,NA,NA,NA,NA,NA,NA,NA
1995-04-30,1969.5,3813.69995117188,NA,NA,NA,NA,NA,NA,NA,NA,NA,NA,NA,NA,NA,NA,NA,NA,NA,NA,NA,NA,NA,NA,NA,NA,NA,1.31874525547028,NA,NA,NA,NA,1.47606146335602,NA,NA,NA,NA,NA,NA,NA,NA,NA,NA
1995-05-31,1934.5,3720.60009765625,NA,NA,NA,NA,NA,NA,NA,NA,NA,NA,NA,NA,NA,NA,NA,NA,NA,NA,NA,NA,NA,NA,NA,NA,NA,1.55980515480042,NA,NA,NA,NA,1.7085919380188,NA,NA,NA,NA,NA,NA,NA,NA,NA,NA
1995-06-30,2195.89990234375,3603.39990234375,NA,NA,NA,NA,NA,NA,NA,NA,NA,NA,NA,NA,NA,NA,NA,NA,NA,NA,NA,NA,NA,NA,NA,NA,NA,1.78668642044067,NA,NA,NA,NA,1.86024248600006,NA,NA,NA,NA,NA,NA,NA,NA,NA,NA
1995-07-31,2369.10009765625,3877.5,NA,NA,NA,NA,NA,NA,NA,NA,NA,NA,NA,NA,NA,NA,NA,NA,NA,NA,NA,NA,NA,NA,NA,NA,NA,1.70160627365112,NA,2.68069815635681,NA,NA,1.71870195865631,NA,NA,NA,NA,NA,NA,NA,NA,NA,NA
1995-08-31,2505.19995117188,4310.5,NA,NA,NA,NA,NA,NA,NA,NA,NA,NA,NA,NA,NA,NA,NA,NA,NA,NA,NA,NA,NA,NA,NA,NA,NA,1.75832581520081,NA,2.62254309654236,NA,NA,1.91079211235046,NA,NA,NA,NA,NA,NA,NA,NA,NA,NA
1995-09-30,2392.30004882812,4670.10009765625,NA,NA,NA,NA,NA,NA,NA,NA,NA,NA,NA,NA,NA,NA,NA,NA,NA,NA,NA,NA,NA,NA,NA,NA,NA,1.65433943271637,NA,2.61119723320007,NA,NA,1.82991218566895,NA,NA,NA,NA,NA,NA,NA,NA,NA,NA
1995-10-31,2308.10009765625,4128.39990234375,NA,NA,NA,NA,NA,NA,NA,NA,NA,NA,NA,NA,3.77706336975098,NA,NA,NA,NA,NA,NA,NA,NA,NA,NA,NA,NA,1.64015877246857,NA,2.64648389816284,NA,NA,1.72881174087524,NA,NA,NA,NA,NA,NA,NA,NA,NA,NA
1995-11-30,2689,4378.60009765625,NA,NA,NA,NA,NA,NA,NA,NA,NA,NA,NA,NA,3.66260552406311,NA,NA,NA,NA,NA,NA,NA,NA,NA,NA,NA,NA,1.66820120811462,NA,2.65869379043579,NA,NA,1.49628162384033,NA,NA,NA,NA,NA,NA,NA,NA,NA,NA
1995-12-31,2778.5,4299,NA,NA,NA,NA,NA,NA,NA,NA,NA,NA,NA,NA,3.94874668121338,NA,NA,NA,NA,NA,NA,NA,NA,NA,NA,NA,NA,1.78194212913513,NA,3.20868539810181,NA,NA,1.86024248600006,NA,NA,NA,NA,NA,NA,NA,NA,NA,NA
1996-01-31,3034.69995117188,5151.5,NA,NA,NA,NA,NA,NA,NA,NA,NA,NA,NA,NA,4.23488855361938,NA,NA,NA,NA,NA,NA,NA,0.689948678016663,NA,NA,NA,NA,1.88146579265594,NA,3.51552891731262,NA,NA,1.98156225681305,NA,NA,NA,NA,NA,NA,NA,NA,NA,NA
1996-02-29,2832.5,4957.7001953125,NA,NA,NA,NA,NA,NA,NA,NA,NA,NA,NA,NA,4.17765951156616,NA,NA,NA,NA,NA,NA,NA,0.646219491958618,NA,NA,NA,NA,1.92411768436432,NA,3.60118651390076,NA,NA,1.96134209632874,NA,NA,NA,NA,NA,NA,NA,NA,NA,NA
1996-03-31,3072.39990234375,4954.89990234375,NA,NA,NA,NA,NA,NA,NA,NA,NA,NA,NA,NA,4.25218963623047,NA,NA,NA,NA,NA,NA,NA,0.607349157333374,NA,NA,NA,NA,1.98098933696747,NA,3.66681623458862,NA,NA,1.99167239665985,NA,NA,NA,NA,NA,NA,NA,NA,NA,NA
1996-04-30,3187.19995117188,5164.10009765625,NA,NA,NA,NA,NA,NA,NA,NA,NA,NA,NA,NA,4.71874761581421,NA,NA,NA,NA,NA,NA,NA,0.728819191455841,NA,NA,NA,NA,2.06013703346252,NA,3.90704107284546,NA,NA,1.98156225681305,NA,NA,NA,NA,NA,NA,NA,NA,NA,NA
1996-05-31,3205.5,5728,NA,NA,NA,NA,NA,NA,NA,NA,NA,NA,NA,NA,5.13510847091675,NA,NA,NA,NA,NA,NA,NA,0.691761136054993,NA,NA,NA,NA,1.99274849891663,NA,3.79852175712585,NA,NA,1.84002220630646,NA,NA,NA,NA,NA,NA,NA,NA,NA,NA
1996-06-30,3210.80004882812,6043.89990234375,NA,NA,NA,NA,NA,NA,NA,NA,NA,NA,NA,NA,5.51677417755127,NA,NA,NA,NA,NA,NA,NA,0.622584581375122,NA,NA,NA,NA,2.0890166759491,NA,3.42467880249023,NA,NA,1.9512323141098,NA,NA,NA,NA,NA,NA,NA,NA,NA,NA
1996-07-31,3007.19995117188,6123.2998046875,NA,NA,NA,NA,NA,NA,NA,NA,NA,NA,NA,NA,5.51677417755127,NA,NA,NA,NA,NA,NA,NA,0.592937886714935,NA,NA,NA,NA,2.1130838394165,NA,3.21197962760925,NA,NA,1.9512323141098,NA,NA,NA,NA,NA,NA,NA,NA,NA,NA
1996-08-31,3305.5,6259.39990234375,NA,NA,NA,NA,NA,NA,NA,NA,NA,NA,NA,NA,5.41268348693848,NA,NA,NA,NA,NA,NA,NA,0.614190101623535,NA,NA,NA,NA,2.03606915473938,NA,3.81477689743042,NA,NA,1.78947186470032,NA,NA,NA,NA,NA,NA,NA,NA,NA,NA
1996-09-30,3236.30004882812,6446.89990234375,NA,NA,NA,NA,NA,NA,NA,NA,NA,NA,NA,NA,5.27389478683472,NA,NA,NA,NA,NA,NA,NA,0.583983957767487,NA,NA,NA,NA,2.15159106254578,NA,3.83268094062805,NA,NA,1.90068244934082,NA,NA,NA,NA,NA,NA,NA,NA,NA,NA
1996-10-31,3213.30004882812,6533.2001953125,571,NA,NA,NA,NA,NA,NA,NA,NA,NA,NA,NA,4.85753679275513,NA,NA,NA,NA,NA,NA,NA,0.558812439441681,NA,NA,NA,NA,2.2141649723053,NA,3.82356595993042,NA,NA,1.96134209632874,NA,NA,NA,NA,NA,NA,NA,NA,NA,NA
1996-11-30,3277.39990234375,6666.10009765625,617,NA,NA,NA,NA,NA,NA,NA,NA,NA,NA,NA,4.78814268112183,NA,NA,NA,NA,NA,NA,NA,0.665016889572144,NA,NA,NA,NA,2.00237512588501,NA,3.34901142120361,NA,NA,1.86024248600006,NA,NA,NA,NA,NA,NA,NA,NA,NA,NA
1996-12-31,3361,7039.89990234375,649,NA,NA,NA,NA,NA,NA,NA,NA,NA,NA,NA,5.13510847091675,NA,NA,NA,NA,NA,NA,NA,0.598515629768372,NA,NA,NA,NA,2.08420276641846,NA,4.33021974563599,NA,NA,1.87035250663757,NA,NA,NA,NA,NA,NA,NA,NA,NA,NA
1997-01-31,3647.10009765625,7964.7001953125,693,NA,NA,NA,NA,NA,NA,NA,NA,NA,NA,NA,5.82904386520386,NA,NA,NA,NA,NA,NA,NA,0.665016889572144,NA,NA,NA,NA,2.24304556846619,NA,3.64238452911377,NA,NA,2.05233240127563,NA,NA,NA,NA,NA,NA,NA,NA,NA,NA
1997-02-28,3841,8828.7001953125,718,NA,NA,NA,NA,NA,NA,NA,NA,NA,NA,NA,6.38419151306152,NA,NA,NA,NA,NA,NA,NA,0.708398103713989,NA,NA,NA,NA,2.24304556846619,NA,3.81626129150391,NA,NA,2.2545325756073,NA,NA,NA,NA,NA,NA,NA,NA,NA,NA
1997-03-31,3748,9044,706,NA,NA,NA,NA,NA,NA,NA,NA,NA,NA,NA,6.63246631622314,NA,NA,NA,0.197115182876587,NA,NA,NA,0.708398103713989,NA,NA,NA,NA,2.21897792816162,NA,3.64085483551025,NA,NA,2.30072331428528,NA,NA,NA,NA,NA,NA,NA,NA,NA,NA
1997-04-30,3756.60009765625,9982,723,NA,NA,NA,NA,NA,NA,NA,NA,NA,NA,NA,7.15029144287109,NA,NA,NA,0.189533829689026,NA,NA,NA,0.734442055225372,NA,NA,NA,NA,2.33821630477905,NA,4.01657724380493,NA,NA,2.34313368797302,NA,NA,NA,NA,NA,NA,NA,NA,NA,NA
1997-05-31,3968.80004882812,11345,778,NA,NA,NA,NA,NA,NA,NA,NA,NA,NA,NA,7.70359086990356,NA,NA,NA,0.189533829689026,NA,NA,NA,0.828243553638458,NA,NA,NA,NA,2.56019926071167,NA,3.8944935798645,NA,NA,2.0886754989624,NA,NA,NA,NA,NA,NA,NA,NA,NA,NA
1997-06-30,4458,12568,809,NA,NA,NA,NA,NA,NA,NA,NA,NA,NA,NA,7.49078226089478,NA,NA,NA,0.212277844548225,NA,NA,NA,0.828243553638458,NA,NA,NA,NA,2.60952758789062,NA,4.02426528930664,NA,NA,2.16289186477661,NA,NA,NA,NA,NA,NA,NA,NA,NA,NA
1997-07-31,5067.7998046875,12872,850,NA,NA,NA,NA,NA,NA,NA,NA,NA,NA,NA,6.55443620681763,NA,NA,NA,0.199642300605774,NA,NA,NA,0.791078805923462,NA,NA,NA,NA,2.39987826347351,NA,3.87302756309509,NA,NA,2.22650647163391,NA,NA,NA,NA,NA,NA,NA,NA,NA,NA
1997-08-31,4648.39990234375,10609,833,NA,NA,NA,NA,NA,NA,NA,NA,NA,NA,NA,7.17157220840454,NA,NA,NA,0.192060932517052,NA,NA,NA,0.790649831295013,NA,NA,NA,NA,2.38261222839355,NA,3.9151246547699,NA,NA,2.13108515739441,NA,NA,NA,NA,NA,NA,NA,NA,NA,NA
1997-09-30,5321.5,11797,823,NA,NA,NA,NA,NA,NA,NA,NA,NA,NA,NA,6.46931266784668,NA,NA,NA,0.193367853760719,NA,NA,NA,0.787942051887512,NA,NA,NA,NA,2.32835054397583,NA,4.03195714950562,NA,NA,2.02506113052368,NA,NA,NA,NA,NA,NA,NA,NA,NA,NA
1997-10-31,4647.7998046875,8986,660,NA,NA,NA,NA,NA,NA,NA,NA,NA,NA,NA,6.10754108428955,NA,NA,NA,0.178886502981186,NA,NA,NA,0.682341277599335,NA,NA,NA,NA,2.04717206954956,NA,3.65081167221069,NA,NA,1.86602437496185,NA,NA,NA,NA,NA,NA,NA,NA,NA,NA
1997-11-30,4974.60009765625,9395,656,NA,NA,NA,NA,NA,NA,NA,NA,NA,NA,NA,6.2139458656311,NA,NA,NA,0.156738460063934,NA,NA,NA,0.604987561702728,NA,NA,NA,NA,1.81532418727875,NA,3.30105566978455,NA,NA,1.7600005865097,NA,NA,NA,NA,NA,NA,NA,NA,NA,NA
1997-12-31,5229.39990234375,10197,688,NA,NA,NA,NA,NA,NA,NA,NA,NA,NA,NA,6.12882328033447,NA,NA,NA,0.165257140994072,NA,NA,NA,0.588487923145294,NA,NA,NA,NA,1.73639678955078,NA,3.20213961601257,NA,NA,1.8872298002243,NA,NA,NA,NA,NA,NA,NA,NA,NA,NA
1998-01-31,4569.39990234375,9720,612,NA,NA,NA,NA,NA,NA,NA,NA,NA,NA,NA,5.91601467132568,NA,NA,NA,0.182293742895126,NA,NA,NA,0.577488243579865,NA,NA,NA,NA,1.58840823173523,NA,2.80459833145142,NA,NA,1.781205534935,NA,NA,NA,NA,NA,NA,NA,NA,NA,NA
1998-02-28,4784.5,10571,687,NA,NA,NA,NA,NA,NA,NA,NA,NA,NA,NA,5.49040412902832,NA,NA,NA,0.178886502981186,NA,NA,NA,0.589088618755341,NA,NA,NA,NA,1.69693291187286,NA,2.72175645828247,NA,NA,1.76530206203461,NA,NA,NA,NA,NA,NA,NA,NA,NA,NA
1998-03-31,5016.2001953125,11947,710,NA,NA,NA,NA,NA,NA,NA,NA,NA,NA,NA,6.21332931518555,NA,NA,NA,0.183997511863708,NA,NA,NA,0.675637245178223,NA,NA,NA,NA,1.73639678955078,NA,2.67828559875488,NA,NA,2.00919008255005,NA,NA,NA,NA,NA,NA,NA,NA,NA,NA
1998-04-30,5098.52978515625,11677,699,NA,NA,NA,NA,NA,NA,NA,NA,NA,NA,NA,6.45415449142456,NA,NA,NA,0.173164814710617,NA,NA,NA,0.678428888320923,NA,NA,NA,NA,1.71431767940521,NA,3.53778576850891,NA,NA,1.85850048065186,NA,NA,NA,NA,NA,NA,NA,NA,NA,NA
1998-05-31,4530.009765625,9847,602,NA,NA,NA,NA,NA,NA,NA,NA,NA,NA,NA,6.11699914932251,NA,NA,NA,0.158518880605698,NA,NA,NA,0.606364846229553,NA,NA,NA,NA,1.3591206073761,NA,2.85128355026245,NA,NA,1.65200066566467,NA,NA,NA,NA,NA,NA,NA,NA,NA,NA
1998-06-30,4282.6201171875,9678,550,NA,NA,NA,NA,NA,NA,NA,NA,NA,NA,NA,5.65942764282227,NA,NA,NA,0.151627004146576,NA,NA,NA,0.58390736579895,NA,NA,NA,NA,1.32212090492249,NA,2.58772397041321,NA,NA,1.49573040008545,NA,NA,NA,NA,NA,NA,NA,NA,NA,NA
1998-07-31,4244.9599609375,10707,589,NA,NA,NA,NA,NA,NA,NA,NA,NA,NA,NA,5.08144426345825,NA,NA,NA,0.161965236067772,NA,NA,NA,0.56987065076828,NA,NA,NA,NA,1.38132071495056,NA,2.54527711868286,NA,NA,1.5515410900116,NA,NA,NA,NA,NA,NA,NA,NA,NA,NA
1998-08-31,2991.92993164062,6472,359,NA,NA,NA,NA,NA,NA,NA,NA,NA,NA,NA,3.68464851379395,NA,NA,NA,0.137842550873756,NA,NA,NA,0.396688848733902,NA,NA,NA,NA,0.84852546453476,NA,1.7410364151001,NA,NA,1.16086542606354,NA,NA,NA,NA,NA,NA,NA,NA,NA,NA
1998-09-30,3569.8798828125,6593,380,NA,NA,NA,NA,NA,NA,NA,NA,NA,NA,NA,2.81767272949219,NA,NA,NA,0.105021111667156,NA,NA,NA,0.498694509267807,NA,NA,NA,NA,1.14945590496063,NA,1.21618151664734,NA,NA,1.110635638237,NA,NA,NA,NA,NA,NA,NA,NA,NA,NA
1998-10-31,4074.86010742188,7047,458,NA,NA,NA,NA,NA,NA,NA,NA,NA,NA,NA,2.60092854499817,NA,NA,NA,0.0988950654864311,NA,NA,NA,0.541196823120117,NA,NA,NA,NA,1.31225478649139,NA,1.21752524375916,NA,NA,1.21667587757111,NA,NA,NA,NA,NA,NA,NA,NA,NA,NA
1998-11-30,3769.8798828125,8631,489,NA,NA,NA,NA,NA,NA,NA,NA,NA,NA,NA,4.23854970932007,NA,NA,NA,0.0988950654864311,NA,NA,NA,0.538282990455627,NA,NA,NA,NA,1.51945281028748,NA,1.24841666221619,NA,NA,1.36178433895111,3.17415237426758,NA,NA,NA,NA,NA,NA,NA,NA,NA
1998-12-31,3959.65991210938,6784,430,NA,NA,NA,NA,NA,NA,NA,NA,NA,NA,NA,3.46790456771851,NA,NA,NA,0.11902379244566,NA,NA,NA,0.432344287633896,NA,NA,NA,NA,1.32952117919922,NA,1.20127439498901,NA,NA,1.32829749584198,2.62535071372986,NA,NA,NA,NA,NA,NA,NA,NA,NA
1999-01-31,3957.92993164062,8172,372,NA,NA,NA,NA,NA,NA,NA,NA,NA,NA,NA,3.27524328231812,NA,NA,NA,0.113938063383102,NA,NA,NA,0.386533081531525,NA,NA,NA,NA,1.2974545955658,NA,1.21674823760986,NA,NA,1.38410842418671,2.20505666732788,NA,NA,NA,NA,NA,NA,NA,NA,NA
1999-02-28,4260.7998046875,8911,381,NA,NA,NA,NA,NA,NA,NA,NA,NA,NA,NA,3.39565658569336,NA,NA,NA,0.106816753745079,NA,NA,NA,0.453910440206528,NA,NA,NA,NA,1.18398892879486,NA,1.00711297988892,NA,NA,1.61293315887451,2.07165479660034,NA,NA,NA,NA,NA,NA,NA,NA,NA
1999-03-31,4930.3701171875,10696,420,NA,NA,NA,NA,NA,NA,NA,NA,NA,NA,NA,3.75689625740051,NA,NA,NA,0.128180101513863,NA,NA,NA,0.462529003620148,NA,NA,NA,NA,1.26292157173157,NA,1.25076949596405,NA,NA,1.71061909198761,2.58956789970398,NA,0.114694058895111,NA,NA,NA,NA,NA,NA,NA
1999-04-30,5414.4501953125,11351,564,NA,NA,NA,NA,NA,NA,NA,NA,NA,NA,NA,3.98152375221252,NA,NA,NA,0.128180101513863,NA,NA,NA,0.655009806156158,NA,NA,NA,NA,1.50903058052063,NA,1.75432670116425,NA,NA,1.72275114059448,3.09963512420654,NA,0.165047496557236,NA,NA,NA,NA,NA,NA,NA
1999-05-31,5477.64990234375,11090,524,NA,NA,NA,NA,NA,NA,NA,NA,NA,NA,NA,4.32560539245605,NA,NA,NA,0.111267611384392,NA,NA,NA,0.569833040237427,NA,NA,NA,NA,1.42718493938446,NA,1.39696276187897,NA,NA,1.73488283157349,2.74651336669922,NA,0.170642629265785,NA,NA,NA,NA,NA,NA,NA
1999-06-30,5829.509765625,11627,499,NA,NA,NA,NA,NA,NA,NA,NA,NA,NA,NA,4.32560539245605,NA,NA,NA,0.114827997982502,NA,NA,NA,0.664805054664612,NA,NA,NA,NA,1.4476466178894,NA,1.23452544212341,NA,NA,1.86226975917816,2.87206649780273,NA,0.179034754633904,NA,NA,NA,NA,NA,NA,NA
1999-07-31,5260.35009765625,10442,476,NA,NA,NA,NA,NA,NA,NA,NA,NA,NA,NA,4.20272064208984,NA,NA,NA,0.126073971390724,NA,NA,NA,0.641781568527222,NA,NA,NA,NA,1.25582015514374,NA,1.23452544212341,NA,NA,2.07458138465881,2.22859859466553,NA,0.197069525718689,NA,NA,NA,NA,NA,NA,NA
1999-08-31,5086.8701171875,10565,507,NA,NA,NA,NA,NA,NA,NA,NA,NA,NA,NA,4.05525588989258,NA,NA,NA,0.119770005345345,NA,NA,NA,0.709093809127808,NA,NA,NA,NA,1.23024356365204,NA,1.31574428081512,NA,NA,2.03818464279175,2.04811406135559,NA,0.170650959014893,NA,NA,NA,NA,NA,NA,NA
1999-09-30,5050.4599609375,11106,534,NA,NA,NA,NA,NA,NA,NA,NA,NA,NA,NA,4.10441112518311,NA,NA,NA,0.119770005345345,NA,NA,NA,0.778273344039917,NA,NA,NA,NA,1.21233975887299,NA,1.16955101490021,NA,NA,1.94112837314606,1.97748875617981,NA,0.192071616649628,NA,NA,NA,NA,NA,NA,NA
1999-10-31,5450.3701171875,11700,539,NA,NA,NA,NA,NA,NA,NA,NA,NA,NA,NA,4.17814254760742,NA,NA,NA,0.117969192564487,NA,NA,NA,0.749449074268341,NA,NA,NA,NA,1.18932068347931,NA,1.13706362247467,NA,NA,1.94112837314606,2.03241896629333,NA,0.207065880298615,NA,NA,NA,NA,NA,NA,NA
1999-11-30,6136.47021484375,13779,536,NA,NA,NA,NA,NA,NA,NA,NA,NA,NA,NA,4.2518744468689,NA,NA,NA,0.133277878165245,NA,NA,NA,0.689290463924408,NA,NA,NA,NA,1.16374385356903,NA,1.10457563400269,NA,NA,2.03818464279175,2.25998663902283,NA,0.225630402565002,NA,NA,NA,NA,NA,NA,NA
1999-12-31,7129.8798828125,17092,551,NA,NA,NA,NA,NA,NA,NA,NA,NA,NA,NA,4.71884346008301,NA,NA,NA,0.149440705776215,NA,NA,NA,0.715356051921844,NA,NA,NA,NA,1.29162836074829,NA,1.20203769207001,NA,NA,2.07458138465881,3.06824827194214,NA,0.308094918727875,NA,NA,NA,NA,NA,NA,NA
2000-01-31,6585.669921875,16388,566,NA,NA,NA,NA,NA,1.25592422485352,7.45952606201172,2.2177836894989,7.96277284622192,NA,0.416277557611465,4.6942663192749,0.107134230434895,NA,NA,0.143023192882538,0.248026490211487,0.751604199409485,5.13677549362183,0.718252301216125,NA,NA,NA,NA,1.31464672088623,2.99647641181946,0.828431963920593,328.293334960938,NA,2.17163729667664,3.8177707195282,NA,0.333647817373276,469.242919921875,NA,2254.60766601562,NA,NA,89.9275436401367,407.049224853516
2000-02-29,7368.5498046875,17660,632,NA,NA,NA,NA,NA,1.11395013332367,7.91507244110107,1.98703181743622,4.59332513809204,NA,0.392565459012985,4.81715297698975,0.097394697368145,NA,NA,0.139356076717377,0.23635470867157,0.659524440765381,4.95331954956055,0.706667363643646,NA,NA,NA,NA,1.20466673374176,2.87379169464111,0.79688572883606,314.421752929688,NA,1.94112837314606,4.5398268699646,NA,0.327077090740204,465.332427978516,NA,2222.91650390625,NA,NA,81.9433212280273,425.520416259766
2000-03-31,7473.25,17820,569,NA,NA,NA,NA,NA,1.53550434112549,7.91507244110107,1.85456240177155,4.83508014678955,NA,0.331441193819046,4.2518744468689,0.097394697368145,NA,NA,0.146690249443054,0.248026490211487,0.663286685943604,5.14900588989258,0.604382991790771,NA,NA,NA,NA,1.11514782905579,2.88122725486755,0.763681650161743,302.862182617188,2.45343780517578,2.01473665237427,3.95126223564148,NA,0.303714334964752,449.691162109375,NA,2262.75830078125,NA,NA,85.3050994873047,413.890411376953
2000-04-30,6640.68017578125,15538,510,NA,NA,NA,NA,NA,1.39789807796478,7.07041549682617,1.64090394973755,4.23069620132446,NA,0.316160321235657,4.18980121612549,0.097394697368145,NA,NA,0.157692074775696,0.226141974329948,0.640753269195557,4.98389482498169,0.584042906761169,NA,NA,NA,NA,1.01284098625183,2.26408672332764,0.863292574882507,282.517272949219,2.15980863571167,2.01473665237427,3.36064958572388,NA,0.289842694997787,430.139282226562,NA,2082.56982421875,NA,NA,80.8927383422852,410.469818115234
2000-05-31,5961.14013671875,14957,464,NA,NA,NA,NA,NA,1.4088191986084,6.83315420150757,1.38451254367828,3.51298761367798,NA,0.295082718133926,3.52042388916016,0.0925251916050911,NA,NA,0.157692074775696,0.217387855052948,0.49984335899353,5.12039279937744,0.583519458770752,NA,NA,NA,NA,0.963877022266388,2.51927924156189,0.79688572883606,300.550231933594,2.09782028198242,1.8362158536911,3.3689694404602,NA,0.259909600019455,430.139282226562,NA,2064.46044921875,NA,NA,94.1297607421875,417.310882568359
2000-06-30,6948.330078125,16728,497,NA,NA,NA,NA,NA,1.48526692390442,7.97201156616211,1.18367302417755,4.30624103546143,NA,0.33987233042717,3.57000780105591,0.0925251916050911,NA,NA,0.179695680737495,0.252403408288956,0.514851450920105,5.86367750167847,0.568931460380554,NA,NA,NA,NA,0.94529002904892,2.9140932559967,0.564460337162018,284.366790771484,2.03256893157959,1.8234635591507,2.46225833892822,NA,0.302489966154099,402.766754150391,NA,2064.46044921875,NA,NA,90.9780960083008,417.310882568359
2000-07-31,6514.2099609375,16455,502,NA,NA,NA,NA,NA,1.44158244132996,7.44057607650757,1.50599586963654,3.67163944244385,NA,0.329333364963531,3.12375688552856,0.0925251916050911,NA,NA,0.234704464673996,0.261157184839249,0.601266205310822,5.57779884338379,0.551425695419312,NA,NA,NA,NA,0.862975239753723,2.97049474716187,0.780283868312836,235.816329956055,2.03256893157959,1.75333094596863,2.05465579032898,NA,0.314410746097565,387.125366210938,NA,2123.3154296875,NA,NA,89.9275436401367,413.890411376953
2000-08-31,6664.81982421875,17347,475,NA,NA,NA,NA,1.33591890335083,1.33237183094025,7.99813890457153,1.76343107223511,3.77740669250488,NA,0.324590861797333,3.32209062576294,0.110056191682816,NA,NA,0.220035627484322,0.281582862138748,0.738455951213837,5.48885869979858,0.653860569000244,NA,NA,NA,NA,0.990430355072021,2.76368832588196,0.996106863021851,251.537445068359,2.14023280143738,2.00198459625244,2.37075591087341,NA,0.326331704854965,418.408294677734,NA,2082.56982421875,NA,NA,80.6826782226562,430.993286132812
2000-09-30,6334.56005859375,15928,475,NA,NA,NA,NA,1.2624306678772,1.34547698497772,7.05605030059814,1.55626153945923,3.77740669250488,NA,0.329333364963531,2.87583923339844,0.11492632329464,NA,NA,0.221929579973221,0.272829174995422,0.668952107429504,4.82816314697266,0.727164149284363,NA,NA,NA,NA,0.884218215942383,2.95169520378113,0.863292574882507,235.816329956055,2.14023280143738,1.98923373222351,2.07961130142212,NA,0.30696040391922,398.856414794922,NA,1937.69567871094,NA,NA,83.6242218017578,417.995086669922
2000-10-31,6394.240234375,14867,441,NA,NA,NA,NA,1.22043704986572,1.55952990055084,6.99837255477905,1.49141693115234,3.90583777427673,NA,0.307729125022888,2.90063190460205,0.11492632329464,NA,NA,0.24782121181488,0.23489548265934,0.646376073360443,5.10768842697144,0.653860569000244,NA,NA,NA,NA,0.785971283912659,2.49671959877014,0.79688572883606,221.944808959961,1.81397783756256,2.01473665237427,1.89660489559174,NA,0.247356578707695,402.766754150391,NA,2010.13256835938,NA,NA,84.04443359375,403.628631591797
2000-11-30,5652.6298828125,13287,400,NA,NA,NA,NA,1.08133363723755,1.33673989772797,6.15241718292236,1.31201469898224,3.47521328926086,NA,0.299825072288513,2.40479707717896,0.11492632329464,NA,NA,0.279261618852615,0.233436614274979,0.573659062385559,4.70745897293091,0.5887531042099,NA,NA,NA,NA,0.775350332260132,2.538081407547,0.531256914138794,221.944808959961,2.026043176651,2.04023933410645,1.63873326778412,NA,0.187752455472946,413.715850830078,NA,1869.78576660156,NA,NA,84.2545547485352,389.946258544922
2000-12-31,5652.18994140625,15259,417,NA,NA,NA,NA,1.06033658981323,1.41974031925201,5.49872016906738,1.31201469898224,3.29389929771423,NA,0.314579427242279,2.38000559806824,0.11492632329464,NA,NA,0.336770325899124,0.281582862138748,0.653901398181915,4.41522789001465,0.612541735172272,NA,NA,NA,NA,0.892183899879456,2.538081407547,0.531256914138794,221.944808959961,1.48119723796844,1.99560940265656,1.78014731407166,NA,0.211544394493103,402.766754150391,NA,1865.2578125,NA,NA,84.884895324707,376.263977050781
2001-01-31,6496.89013671875,17673,533,NA,NA,NA,NA,1.18757724761963,1.80197870731354,5.90247344970703,1.31201469898224,4.03426885604858,NA,0.417331516742706,2.83617305755615,0.11492632329464,NA,NA,0.351887583732605,0.299090802669525,0.830493450164795,5.27286291122437,0.654170393943787,NA,NA,NA,NA,1.01963901519775,2.46287870407104,0.83672970533371,221.944808959961,1.55297374725342,2.21876072883606,2.3068630695343,NA,0.271274358034134,410.509338378906,NA,1792.91174316406,NA,NA,93.2893218994141,348.557312011719
2001-02-28,6032.10009765625,15891,436,NA,NA,NA,NA,1.19807529449463,1.67529392242432,5.8486385345459,1.22009515762329,0.835623919963837,NA,0.380973100662231,3.15350651741028,0.11492632329464,NA,NA,0.346199750900269,0.268452405929565,0.87184089422226,5.16867589950562,0.68985265493393,NA,NA,NA,NA,0.972905397415161,2.21847033500671,0.79688572883606,221.944808959961,1.55297374725342,2.24426293373108,2.10102009773254,NA,0.233943119645119,384.779174804688,NA,1666.05578613281,NA,NA,85.9354476928711,331.796417236328
2001-03-31,5727.89013671875,14438,444,NA,NA,NA,NA,1.04837238788605,1.63488578796387,6.47733879089355,1.22564148902893,0.664657413959503,NA,0.383080452680588,3.21300792694092,0.136353075504303,NA,NA,0.333177953958511,0.253862321376801,0.710257172584534,5.16994667053223,0.663228273391724,NA,NA,NA,NA,0.909177839756012,2.55876159667969,0.598918974399567,221.944808959961,1.44857227802277,2.24275827407837,1.81709802150726,NA,0.220752641558647,383.215026855469,NA,1838.09423828125,NA,NA,82.7837677001953,328.444122314453
2001-04-30,5987.25,14918,436,NA,NA,NA,NA,1.18933045864105,1.61195170879364,6.79841947555542,1.0311084985733,0.806809425354004,NA,0.455797582864761,2.93219017982483,0.154858514666557,NA,NA,0.30533829331398,0.27574697136879,0.680155396461487,5.46598863601685,0.672839999198914,NA,NA,NA,NA,0.958460032939911,2.57568264007568,0.521380662918091,221.944808959961,1.49424815177917,2.34771466255188,1.91647052764893,NA,0.230458796024323,410.587463378906,NA,2136.89794921875,NA,NA,83.2670364379883,335.216979980469
2001-05-31,6595.39013671875,14650,439,NA,NA,NA,NA,1.24659478664398,2.15472936630249,7.68063545227051,1.14493227005005,0.902858018875122,NA,0.413642585277557,3.25352478027344,0.14804083108902,NA,NA,0.299351543188095,0.299090802669525,0.62380039691925,6.40505695343018,0.670807242393494,NA,NA,NA,NA,0.956156730651855,2.51337623596191,0.486621797084808,221.944808959961,1.66390109062195,2.66810870170593,1.85968720912933,NA,0.167742162942886,461.422058105469,NA,2014.65991210938,NA,NA,84.884895324707,377.837371826172
2001-06-30,6666.169921875,14560,402,NA,NA,NA,NA,1.1452808380127,2.07391357421875,7.49188041687012,1.01285767555237,0.90582287311554,NA,0.505856454372406,3.35394239425659,0.14804083108902,NA,NA,0.299351543188095,0.299090802669525,0.623842597007751,6.38254642486572,0.597724914550781,NA,NA,NA,NA,0.855760395526886,3.04842090606689,0.602425515651703,221.944808959961,1.66390109062195,2.52006506919861,1.60273778438568,NA,0.1879011541605,442.261383056641,NA,1919.58605957031,NA,NA,79.0017776489258,355.740447998047
2001-07-31,6474.39990234375,13754,321,NA,NA,NA,NA,1.038241147995,1.96688687801361,7.00539588928223,0.813459634780884,0.861589312553406,NA,0.465281993150711,3.29369163513184,0.14804083108902,NA,NA,0.294861108064651,0.300549656152725,0.621939718723297,6.61825084686279,0.574493885040283,NA,NA,NA,NA,0.817079305648804,3.12648749351501,0.361455351114273,221.944808959961,1.81985032558441,2.39190721511841,1.41818928718567,NA,0.175415351986885,452.037292480469,NA,2002.07458496094,NA,NA,79.8422241210938,353.688110351562
2001-08-31,6310.7001953125,12841,320,NA,NA,NA,NA,0.9942507147789,2.00947833061218,6.98982954025269,0.795865833759308,0.746198058128357,NA,0.472132682800293,3.71544504165649,0.17531144618988,NA,NA,0.269416123628616,0.283041924238205,0.62946492433548,6.24615669250488,0.583185911178589,NA,NA,NA,NA,0.904002606868744,4.28225994110107,0.409649401903152,221.944808959961,1.81985032558441,2.56315207481384,1.40541207790375,NA,0.167488589882851,465.332427978516,NA,2082.56982421875,NA,426.582855224609,82.7837677001953,379.684600830078
2001-09-30,5403.52978515625,10636,244,NA,NA,NA,NA,0.872731328010559,1.49837255477905,5.23653364181519,0.582541108131409,0.677160561084747,NA,0.388877153396606,3.33385896682739,0.165571853518486,NA,NA,0.202062129974365,0.261157184839249,0.409623831510544,5.15370798110962,0.459258764982224,NA,NA,NA,NA,0.736675322055817,4.07281112670898,0.307906329631805,221.944808959961,1.40942132472992,2.19304180145264,1.15982019901276,NA,0.127853855490685,394.946044921875,NA,1792.82141113281,NA,391.343200683594,72.0680847167969,358.476959228516
2001-10-31,5537.0400390625,11365,225,NA,NA,NA,NA,0.88377857208252,1.63270139694214,5.61210060119629,0.466378480195999,0.663674831390381,NA,0.405738562345505,3.25352478027344,0.165571853518486,NA,NA,0.209546014666557,0.277206003665924,0.420911520719528,5.6277642250061,0.427669614553452,NA,NA,NA,NA,0.856194972991943,3.55299973487854,0.281132012605667,221.944808959961,1.53339838981628,2.32009434700012,1.28900372982025,NA,0.173881128430367,402.766754150391,NA,1900.57153320312,NA,390.601409912109,75.6399917602539,379.684600830078
2001-11-30,5832.830078125,12932,203,NA,NA,NA,NA,0.894825577735901,1.91992604732513,6.06939506530762,0.467708587646484,0.76577889919281,NA,0.480036318302155,3.53870916366577,0.189920604228973,NA,NA,0.248461440205574,0.310762822628021,0.497940838336945,6.14684247970581,0.51846569776535,NA,NA,NA,NA,0.926168501377106,3.42733073234558,0.404294610023499,221.944808959961,1.70827114582062,2.44162321090698,1.67087888717651,NA,0.222209841012955,438.038177490234,NA,2037.29650878906,NA,403.213348388672,80.6826782226562,417.310882568359
2001-12-31,6372.27978515625,13578,295,NA,NA,NA,NA,1.02960205078125,2.08592677116394,6.03631591796875,0.393767833709717,0.863150060176849,NA,0.558022677898407,3.59421610832214,0.189920604228973,NA,NA,0.248461440205574,0.316598564386368,0.496038615703583,6.09122705459595,0.584496736526489,NA,NA,NA,NA,1.01352632045746,3.44637203216553,0.42156133055687,221.944808959961,1.88575398921967,2.45819544792175,2.01254415512085,NA,0.260674923658371,422.318603515625,NA,2001.98352050781,NA,394.310791015625,74.3793334960938,413.890411376953
2002-01-31,6927.8701171875,12721,439,NA,NA,NA,NA,0.925757944583893,2.23772931098938,7.21360921859741,0.661092162132263,0.84771990776062,NA,0.474240273237228,3.82835388183594,0.189920604228973,NA,NA,0.260435521602631,0.312221437692642,0.511089146137238,6.42094802856445,0.579605460166931,NA,NA,NA,NA,0.947464525699615,3.65582036972046,0.56748616695404,221.944808959961,1.99211370944977,2.39743161201477,1.85093104839325,NA,0.2582588493824,414.497894287109,NA,2109.73364257812,NA,400.616851806641,60.0959701538086,424.152160644531
2002-02-28,6734.43994140625,14033,398,NA,NA,0.426775872707367,NA,1.08262872695923,2.33383512496948,7.08128499984741,0.557837963104248,0.819751381874084,NA,0.565926790237427,4.00498247146606,0.189920604228973,NA,NA,0.231997430324554,0.351614117622375,0.49870166182518,5.89127588272095,0.55126690864563,NA,NA,NA,NA,0.912695348262787,3.76054358482361,0.459393590688705,221.944808959961,2.14284300804138,2.33666634559631,2.10402369499207,NA,0.305507957935333,437.960052490234,NA,2150.47973632812,NA,402.4521484375,52.1075477600098,424.152160644531
2002-03-31,7361.85986328125,13255,436,NA,0.652214884757996,0.403655052185059,NA,1.21024680137634,2.33820271492004,8.16323089599609,0.616902887821198,0.857391476631165,NA,0.611242890357971,4.09124422073364,0.189920604228973,NA,NA,0.251305490732193,0.347237199544907,0.481029838323593,7.04993152618408,0.637402892112732,NA,NA,NA,NA,1.02134954929352,4.56787157058716,0.469273030757904,221.944808959961,2.36208629608154,2.41861629486084,2.2885057926178,NA,0.332890927791595,461.422058105469,NA,2082.56982421875,NA,388.842712402344,50.8468894958496,458.357879638672
2002-04-30,7480.740234375,13085,388,NA,0.649833679199219,0.401867479085922,NA,1.12474775314331,2.73682260513306,8.76647186279297,0.773097455501556,0.840012311935425,NA,0.710833489894867,3.89794111251831,0.214269235730171,NA,NA,0.261932283639908,0.33848312497139,0.5460524559021,7.82722663879395,0.711232721805573,NA,NA,NA,NA,1.02569544315338,4.39949131011963,0.565888166427612,221.944808959961,2.36208629608154,2.32235312461853,2.09182643890381,NA,0.357052147388458,445.780700683594,NA,2019.18713378906,NA,408.284820556641,49.5904121398926,444.67578125
2002-05-31,7031.64013671875,12861,318,NA,0.714364588260651,0.350198656320572,NA,1.08862805366516,2.68221664428711,7.99546146392822,0.755159139633179,0.812977075576782,NA,0.690282762050629,3.59197402000427,0.204529613256454,NA,NA,0.239480808377266,0.304926753044128,0.424632042646408,7.93185901641846,0.688451290130615,NA,NA,NA,NA,1.01967775821686,4.38027954101562,0.610055029392242,221.944808959961,2.24463438987732,2.38011050224304,2.08115339279175,NA,0.332890927791595,421.536499023438,NA,2109.73364257812,NA,408.284820556641,43.2828712463379,432.703430175781
2002-06-30,6460.9501953125,11139,351,NA,0.658882141113281,0.282356590032578,NA,0.862306475639343,2.50529527664185,7.72063827514648,0.621715664863586,0.653855443000793,NA,0.473713248968124,3.26085782051086,0.194789990782738,NA,NA,0.19397959113121,0.278664976358414,0.375125706195831,7.21837615966797,0.739776611328125,NA,NA,NA,NA,0.968169510364532,4.28229904174805,0.671455919742584,221.944808959961,2.24463438987732,2.08771109580994,1.82348692417145,NA,0.288001507520676,399.638427734375,NA,2046.35083007812,NA,408.284820556641,33.6177711486816,441.255035400391
2002-07-31,6021.83984375,9763,359,NA,0.583398103713989,0.179542168974876,NA,0.603523075580597,2.59484887123108,7.3351035118103,0.638778567314148,0.599689960479736,NA,0.454216599464417,3.05967426300049,0.194789990782738,NA,NA,0.191585034132004,0.227600514888763,0.300632804632187,6.53091144561768,0.719542920589447,NA,NA,NA,NA,0.890471696853638,3.43698263168335,0.503592073917389,221.944808959961,2.24463438987732,1.99385392665863,1.4026814699173,NA,0.233708381652832,406.677154541016,NA,2277.24487304688,NA,408.284820556641,35.088550567627,461.778503417969
2002-08-31,6216.43017578125,10382,375,NA,0.609590947628021,0.248074322938919,NA,0.729257106781006,2.62105989456177,7.37069082260132,0.497460156679153,0.677069187164307,NA,0.573830664157867,2.93393468856812,0.189920604228973,NA,0.340561211109161,0.194578155875206,0.258239209651947,0.321687251329422,6.46380805969238,0.667887508869171,NA,NA,NA,NA,0.971225261688232,3.30250024795532,0.517580687999725,221.944808959961,2.24463438987732,2.1996169090271,1.73810696601868,NA,0.297647505998611,391.035705566406,NA,2308.93676757812,NA,408.284820556641,34.2481155395508,458.357879638672
2002-09-30,5728.4599609375,8623,395,NA,0.541726469993591,0.159763276576996,NA,0.490591287612915,2.5107569694519,6.83291530609131,0.448020219802856,0.629767835140228,NA,0.422073692083359,2.96327424049377,0.189920604228973,NA,0.21442785859108,0.188591226935387,0.210092902183533,0.29302328824997,5.81605815887451,0.684360265731812,NA,NA,NA,NA,0.833726167678833,2.92018675804138,0.387791335582733,221.944808959961,1.70696604251862,2.12982630729675,1.18923091888428,NA,0.19016344845295,335.117553710938,NA,2118.78857421875,NA,408.284820556641,28.3649997711182,418.67919921875
2002-10-31,5967.72998046875,10168,435,NA,0.627450287342072,0.226330772042274,NA,0.604894876480103,2.58491253852844,7.29753923416138,0.437082022428513,0.649145364761353,NA,0.513760268688202,3.22313642501831,0.192842572927475,NA,0.269661247730255,0.166888505220413,0.272829174995422,0.329930871725082,5.64761590957642,0.697837591171265,NA,NA,NA,NA,0.953764975070953,2.93363523483276,0.527510225772858,221.944808959961,1.70696604251862,2.07567763328552,1.54554295539856,NA,0.252173691987991,353.496276855469,NA,2209.33471679688,NA,408.284820556641,29.6256656646729,413.890411376953
2002-11-30,6156.830078125,10509,498,NA,0.661693751811981,0.214324668049812,NA,0.609620630741119,2.66379690170288,7.5525860786438,0.517148435115814,0.741188585758209,NA,0.533783733844757,3.78058362007141,0.229852646589279,NA,0.264148116111755,0.202062129974365,0.258239209651947,0.311921000480652,6.47887277603149,0.723357737064362,NA,NA,NA,6.419677734375,0.977773129940033,2.92787075042725,0.558875441551208,221.944808959961,1.58690404891968,2.25135850906372,1.6064281463623,NA,0.24307881295681,362.099090576172,NA,2218.39013671875,NA,408.284820556641,26.0537738800049,427.572692871094
2002-12-31,6127.08984375,11268,525,NA,0.709027707576752,0.243132695555687,NA,0.695246577262878,2.91531467437744,7.49920225143433,0.503147661685944,0.722915172576904,NA,0.516394913196564,3.93985486030579,0.229852646589279,NA,0.302881598472595,0.194578155875206,0.274288296699524,0.34574282169342,6.15431261062622,0.720854699611664,NA,NA,NA,7.70361089706421,0.947217702865601,2.95668864250183,0.670582056045532,221.944808959961,1.65084969997406,2.24173164367676,1.48151409626007,NA,0.252790540456772,430.921417236328,NA,2336.09985351562,NA,439.056457519531,24.7931041717529,434.413909912109
2003-01-31,5954.35009765625,10941,550,NA,0.67812591791153,0.225561484694481,NA,0.690127730369568,2.93360662460327,7.24613332748413,0.562212646007538,0.752025723457336,3.62239265441895,0.506910085678101,4.29611921310425,0.256149590015411,NA,0.287847489118576,0.209546014666557,0.269911020994186,0.322870641946793,5.65172481536865,0.786933302879333,NA,NA,NA,6.82491970062256,0.982137978076935,2.7857038974762,0.722165286540985,221.944808959961,1.72588908672333,2.20202326774597,1.36879086494446,NA,0.260743945837021,394.946044921875,NA,2263.66357421875,NA,388.878631591797,25.2175254821777,420.731567382812
2003-02-28,5927.06005859375,10281,594,NA,0.711235105991364,0.223825082182884,NA,0.622185409069061,2.96904754638672,7.07016754150391,0.567935764789581,0.737470626831055,3.6700963973999,0.505856454372406,4.39251899719238,0.256149590015411,NA,0.294265657663345,0.181625008583069,0.265534043312073,0.288964807987213,5.43124151229858,0.7830029129982,NA,NA,NA,6.13881587982178,0.973408281803131,2.89713215827942,0.727896571159363,221.944808959961,1.58559942245483,2.15509629249573,1.47668313980103,NA,0.262163758277893,406.677154541016,NA,2481.06494140625,NA,378.006530761719,25.0032176971436,432.361572265625
2003-03-31,5914.02978515625,11274,567,NA,0.660957872867584,0.280666619539261,NA,0.724865078926086,2.85700821876526,7.08994150161743,0.564831972122192,0.71043598651886,3.9071159362793,0.55486136674881,4.17876100540161,0.256149590015411,NA,0.354910463094711,0.181625008583069,0.302008718252182,0.306298166513443,5.17378568649292,0.735166847705841,NA,NA,NA,6.68448734283447,1.03277277946472,2.85486698150635,0.788077354431152,221.944808959961,1.66390109062195,2.20563340187073,1.51029896736145,NA,0.265518665313721,422.318603515625,NA,2494.55688476562,NA,396.8232421875,24.3728866577148,459.733032226562
2003-04-30,6509.8798828125,12557,636,NA,0.69890159368515,0.3452268242836,NA,0.887540757656097,3.27315545082092,7.69098567962646,0.572368919849396,0.835807263851166,4.27531814575195,0.669205784797668,4.12499761581421,0.262967169284821,NA,0.425592601299286,0.245109975337982,0.320975303649902,0.387089848518372,6.41450786590576,0.787535130977631,NA,NA,NA,6.76473522186279,1.14801049232483,3.1142246723175,1.04707264900208,221.944808959961,1.87922894954681,2.62558245658875,2.04083490371704,NA,0.352863788604736,531.80859375,NA,2825.05102539062,NA,409.785980224609,26.2638816833496,514.455383300781
2003-05-31,6699.18017578125,13422,678,NA,0.749894320964813,0.356861382722855,NA,0.916248679161072,3.42978239059448,8.20383167266846,0.689414799213409,0.913557171821594,4.39904594421387,0.806208670139313,4.37094497680664,0.287315934896469,NA,0.418862074613571,0.261856257915497,0.361826807260513,0.409623831510544,6.56825351715088,0.805589079856873,NA,NA,NA,6.66041421890259,1.2043229341507,3.21015095710754,1.46590268611908,221.944808959961,1.96756184101105,2.78852319717407,1.81522381305695,NA,0.382898032665253,547.5283203125,NA,3101.21850585938,NA,424.883331298828,26.0537738800049,502.825500488281
2003-06-30,7054.990234375,12973,766,NA,0.74139529466629,0.351910561323166,NA,0.94543445110321,3.37261819839478,8.58925819396973,0.709365904331207,0.950129270553589,4.60029077529907,0.68975555896759,4.27170324325562,0.287315934896469,NA,0.391022145748138,0.267793774604797,0.32827040553093,0.387089848518372,6.70185852050781,0.77616536617279,NA,NA,NA,6.66041421890259,1.26229202747345,3.40677046775818,1.45067477226257,221.944808959961,1.96756184101105,2.60713458061218,1.98572313785553,NA,0.443255960941315,594.217834472656,NA,3242.47045898438,NA,442.137390136719,25.5915279388428,526.769592285156
2003-07-31,7355.06982421875,13572,755,NA,0.870627343654633,0.371657699346542,NA,0.970792889595032,3.20112919807434,8.11795616149902,0.720449447631836,1.14385414123535,4.68973255157471,0.74824595451355,4.16383218765259,0.287315934896469,NA,0.422351181507111,0.267793774604797,0.364744931459427,0.426534473896027,7.20324277877808,0.834505200386047,NA,NA,NA,6.74066066741943,1.3714896440506,3.21404433250427,1.45654785633087,221.944808959961,1.96756184101105,2.89326786994934,1.77561259269714,NA,0.439399182796478,656.940002441406,NA,3413.60327148438,NA,418.4130859375,28.7852210998535,608.863525390625
2003-08-31,7591.419921875,15174,713,NA,0.953029751777649,0.396569818258286,NA,1.05739390850067,3.36004281044006,8.19583988189697,0.67035037279129,1.22270703315735,4.50637578964233,0.81147712469101,4.28033399581909,0.287315934896469,NA,0.450546324253082,0.258811831474304,0.412891119718552,0.499800801277161,7.90000486373901,0.874402403831482,NA,NA,NA,6.9011549949646,1.59527802467346,3.22377800941467,1.41837191581726,221.944808959961,1.96756184101105,2.67611217498779,1.93061339855194,NA,0.555631995201111,703.864318847656,NA,3612.8056640625,NA,431.809326171875,31.0964431762695,656.751586914062
2003-09-30,7822.47998046875,16011,828,NA,1.03878998756409,0.379325538873672,NA,1.09710538387299,3.79105138778687,8.36159610748291,0.78783917427063,1.24761772155762,4.75234222412109,0.843093574047089,4.31485223770142,0.37984174489975,NA,0.423841953277588,0.295989751815796,0.374957829713821,0.473250687122345,7.88563871383667,1.13109815120697,NA,NA,NA,7.08170413970947,1.79704737663269,3.30943441390991,1.43159556388855,221.944808959961,2.20029854774475,2.93797659873962,2.15277910232544,NA,0.549153625965118,750.788635253906,NA,3974.99169921875,NA,400.647796630859,31.6217212677002,738.845581054688
2003-10-31,8064.830078125,17982,930,NA,1.17722344398499,0.428287267684937,0.846854984760284,1.12437808513641,4.20017051696777,7.8823037147522,0.864982962608337,1.28173208236694,4.59432697296143,0.990635871887207,4.59531736373901,0.37984174489975,NA,0.44164165854454,0.32091560959816,0.420186072587967,0.481368333101273,7.63566541671753,1.45529270172119,NA,NA,NA,7.08170413970947,1.87613725662231,3.33863496780396,1.44048774242401,221.944808959961,2.20029854774475,3.03505754470825,2.50221347808838,NA,0.561255037784576,875.920104980469,NA,3984.04711914062,NA,436.261138916016,35.5087623596191,716.953918457031
2003-11-30,8554.48046875,20184,997,NA,1.12678956985474,0.432923138141632,0.916787326335907,1.2015643119812,4.37513065338135,7.87232303619385,0.914194703102112,1.41331708431244,4.8462553024292,1.29098808765411,5.04837656021118,0.37984174489975,NA,0.504704356193542,0.32091560959816,0.446447998285294,0.549434542655945,8.30657005310059,1.94811499118805,NA,NA,NA,8.96748638153076,1.86265540122986,3.87398624420166,1.46123552322388,221.944808959961,2.52680706977844,3.02994751930237,2.44972038269043,NA,0.635652244091034,797.712829589844,NA,3848.22705078125,NA,457.153381347656,32.6722755432129,732.004455566406
2003-12-31,8795.2802734375,22236,1072,NA,1.50530159473419,0.522178947925568,1.08532631397247,1.45964848995209,4.54892253875732,8.28370952606201,1.27818727493286,1.4977365732193,4.7747015953064,1.26464128494263,5.76032590866089,0.486975938081741,NA,0.579741895198822,0.319357395172119,0.497511714696884,0.613315105438232,8.44017601013184,2.42089867591858,NA,NA,NA,8.40576171875,1.86804795265198,4.10564517974854,1.59753859043121,221.944808959961,2.64781546592712,3.03761196136475,2.89195990562439,NA,0.793687462806702,819.61083984375,NA,3866.33618164062,NA,458.989349365234,36.139102935791,810.677734375
2004-01-31,9428.76953125,21851,1141,NA,1.38101816177368,0.520586133003235,1.08939743041992,1.46763563156128,4.3821268081665,9.10449409484863,1.5091747045517,1.68800365924835,5.03259325027466,1.0749443769455,5.17782211303711,0.507429659366608,NA,0.554278135299683,0.358303815126419,0.481463581323624,0.507326304912567,8.98465824127197,2.25355100631714,NA,NA,NA,8.62644100189209,1.78311657905579,4.15236520767212,1.85182893276215,221.944808959961,2.70045709609985,3.38250494003296,3.21002125740051,NA,0.821164011955261,789.89208984375,NA,3849.1328125,NA,559.048950195312,32.3571090698242,745.686706542969
2004-02-29,9991.7998046875,21755,1183,NA,1.48986315727234,0.510441780090332,1.14394903182983,1.5574905872345,4.71804904937744,9.91928672790527,1.86740505695343,1.91729879379272,5.07135057449341,1.1408109664917,5.60930776596069,0.507429659366608,NA,0.557211220264435,0.381671398878098,0.510642528533936,0.574589431285858,9.21020984649658,1.95290863513947,NA,NA,NA,9.50112438201904,1.88422608375549,4.74806499481201,2.13603496551514,221.944808959961,3.14893841743469,3.51918458938599,3.03168821334839,NA,0.848248660564423,954.127075195312,NA,4269.26806640625,NA,780.281616210938,35.5087623596191,800.416198730469
2004-03-31,10517.5,22142,1202,NA,1.41266810894012,0.502829432487488,1.23533034324646,1.71233570575714,5.12395238876343,10.9777135848999,1.78893077373505,2.10922527313232,5.15031862258911,1.2267017364502,5.54889917373657,0.503533363342285,NA,0.530184924602509,0.507007718086243,0.488758653402328,0.535694539546967,9.51477146148682,2.08982133865356,NA,NA,NA,9.50112438201904,1.84018695354462,4.53587102890015,2.29364442825317,221.944808959961,3.14893841743469,3.43615531921387,3.1162588596344,NA,0.923366487026215,922.844116210938,NA,4147.02978515625,NA,874.374389648438,32.3571090698242,865.406860351562
2004-04-30,9948.1298828125,19607,1078,NA,1.18692481517792,0.426374614238739,1.04338216781616,1.47720921039581,4.71221780776978,9.92527389526367,1.49454498291016,1.93345582485199,5.03100299835205,1.00644302368164,5.70707559585571,0.503533363342285,NA,0.448145002126694,0.546008765697479,0.415809273719788,0.50356388092041,9.6024055480957,1.49981391429901,NA,NA,NA,10.0307455062866,1.59527802467346,4.47746992111206,2.18442368507385,221.944808959961,3.07578682899475,3.41886067390442,2.80867195129395,NA,0.833011150360107,891.561401367188,NA,3984.04711914062,NA,836.749938964844,32.3571090698242,806.5732421875
2004-05-31,10036.2900390625,19545,953,NA,1.32257294654846,0.454700857400894,0.963507831096649,1.33408880233765,4.63523483276367,9.8514347076416,1.53400242328644,1.99204528331757,5.17448711395264,1.09602200984955,5.57787609100342,0.503533363342285,NA,0.474080443382263,0.577208817005157,0.478545188903809,0.445685982704163,9.87737083435059,1.64348709583282,NA,NA,NA,10.0307455062866,1.64247035980225,4.65680694580078,1.98418438434601,355.574096679688,3.12551999092102,3.63253974914551,2.56377458572388,NA,0.84172934293747,930.743347167969,NA,3961.4091796875,NA,683.345886230469,32.3991279602051,732.004455566406
2004-06-30,10281.8203125,21149,946,NA,1.24040138721466,0.50226765871048,1.05383718013763,1.43478429317474,4.76237154006958,10.6427764892578,1.59518659114838,2.04398107528687,5.16542291641235,1.18560039997101,5.79172515869141,0.662287950515747,NA,0.511166930198669,0.603261590003967,0.52523273229599,0.50356388092041,9.95789051055908,2.17848896980286,NA,NA,NA,10.0307455062866,1.88646471500397,4.77676725387573,2.05690860748291,362.972229003906,3.12551999092102,3.6571946144104,2.84502410888672,NA,0.960618078708649,969.768188476562,NA,4196.9208984375,NA,743.777648925781,31.7267723083496,793.9169921875
2004-07-31,10116.3896484375,22337,966,NA,1.40604913234711,0.498248338699341,1.07265555858612,1.44551813602448,4.89883947372437,10.1118507385254,1.69627010822296,1.98530209064484,5.24245119094849,1.21194756031036,5.64915943145752,0.663262128829956,NA,0.5132896900177,0.590001463890076,0.503347814083099,0.526182174682617,9.61492824554443,2.0625274181366,NA,NA,NA,10.0307455062866,1.84126389026642,4.77283334732056,2.04767036437988,376.84375,3.12551999092102,3.64349699020386,3.13201284408569,NA,1.14674162864685,1133.92529296875,NA,4273.7958984375,NA,724.784484863281,32.1427993774414,865.406860351562
2004-08-31,10264.3203125,22803,952,NA,1.50700235366821,0.547280669212341,1.16632974147797,1.57177138328552,5.23009347915649,9.94025611877441,1.801344871521,1.90706324577332,5.46296310424805,1.27781391143799,6.0144829750061,0.663262128829956,NA,0.544265568256378,0.632589995861053,0.523773610591888,0.523603081703186,9.6358060836792,2.39255785942078,NA,NA,NA,10.0307455062866,2.06265783309937,4.88296127319336,2.14620494842529,418.458404541016,3.12551999092102,3.73937821388245,3.31568741798401,NA,1.33897876739502,1087.07922363281,NA,4101.75830078125,NA,708.258666992188,34.7313537597656,903.033630371094
2004-09-30,10957.3701171875,23245,1143,NA,1.75847411155701,0.602995693683624,1.37943494319916,1.85562801361084,6.27284479141235,10.154239654541,2.03720951080322,2.17714929580688,5.83904218673706,1.32787215709686,6.25506114959717,0.672027826309204,NA,0.58928632736206,0.66224879026413,0.557329952716827,0.503648042678833,9.55677318572998,2.77751731872559,NA,NA,NA,8.65853691101074,2.22316884994507,4.91049194335938,2.52584052085876,409.210754394531,3.62640953063965,3.82704162597656,3.35203790664673,NA,1.33083951473236,1026.07751464844,NA,3984.04711914062,NA,786.166809082031,36.8534889221191,868.896362304688
2004-10-31,11564.349609375,23052,1287,NA,1.69250154495239,0.657674670219421,1.40882110595703,1.86931478977203,6.44523572921753,10.2915172576904,2.11302256584167,2.47292041778564,5.70160055160522,1.49174880981445,6.41544723510742,0.740204572677612,NA,0.681253254413605,0.736702919006348,0.601099789142609,0.43592044711113,9.94298076629639,2.32158803939819,NA,NA,NA,8.65853691101074,2.3776843547821,5.11108016967773,2.74100494384766,420.770324707031,3.62640953063965,3.8297815322876,3.10961532592773,NA,1.20141863822937,1072.21984863281,NA,4092.70166015625,NA,862.190490722656,38.6184196472168,875.668823242188
2004-11-30,12102.5498046875,25128,1213,NA,1.98524987697601,0.701069712638855,1.49006605148315,2.00881671905518,7.49407291412354,10.840612411499,2.40563535690308,2.56596088409424,5.81940841674805,1.67828321456909,6.77186059951782,0.745073616504669,NA,0.729454159736633,0.768052160739899,0.620066165924072,0.548588991165161,10.7705688476562,2.60155725479126,NA,NA,NA,8.83354473114014,2.81217050552368,5.42701530456543,3.73886799812317,439.265808105469,4.04310989379883,4.07496404647827,3.46804451942444,NA,1.49904799461365,1103.7373046875,NA,4210.4130859375,NA,981.939270019531,37.2316818237305,923.48876953125
2004-12-31,12917.8798828125,26196,1375,NA,2.32039189338684,0.827226340770721,1.56482934951782,2.09409642219543,8.34075260162354,11.8116235733032,2.49253344535828,2.87273907661438,5.78315925598145,1.71253478527069,7.04362678527832,0.745073616504669,NA,0.870737552642822,0.815702795982361,0.6711305975914,0.591711640357971,12.1126041412354,2.58458614349365,NA,NA,NA,8.83354473114014,2.85506534576416,5.6580810546875,4.44471740722656,453.146484375,4.04310989379883,4.6379246711731,3.76447510719299,NA,1.48257422447205,1055.0146484375,NA,3985.04272460938,NA,1001.09899902344,39.3580131530762,903.033630371094
2005-01-31,13097.1201171875,24351,1374,NA,2.41957306861877,0.823935627937317,1.54927062988281,2.13989448547363,8.55836963653564,12.140679359436,2.50007033348083,2.90117120742798,5.83300065994263,1.62822473049164,7.88565397262573,0.745073616504669,NA,0.855456233024597,0.760737240314484,0.657999932765961,0.519333362579346,12.5092477798462,2.57801651954651,NA,NA,NA,8.83354473114014,2.77204275131226,6.27894258499146,4.38176155090332,432.329925537109,4.04310989379883,4.43109655380249,3.661789894104,NA,1.38785457611084,1008.87219238281,NA,4052.86206054688,NA,1027.35131835938,39.2907791137695,865.406860351562
2005-02-28,13789.4599609375,28139,1559,NA,2.79950618743896,0.95446127653122,1.83665335178375,2.56892538070679,9.13273334503174,13.4690036773682,2.85519552230835,3.17668056488037,6.15621709823608,1.63349461555481,8.42473125457764,0.7596834897995,NA,1.10424494743347,0.793915688991547,0.739702701568604,0.589978694915771,13.2130708694458,3.53248953819275,NA,NA,NA,8.83354473114014,3.44083714485168,6.44169282913208,5.03965377807617,424.242828369141,4.04310989379883,4.82831811904907,4.03184223175049,NA,1.66114819049835,1012.78271484375,NA,4291.9052734375,NA,1167.88549804688,42.022216796875,906.4541015625
2005-03-31,12676.900390625,26611,1400,NA,2.52835464477539,0.900818943977356,1.66249561309814,2.32572078704834,8.65112400054932,12.0801153182983,2.60159778594971,2.82667994499207,5.92060232162476,1.55972385406494,7.67180585861206,0.7596834897995,NA,1.01005065441132,0.660416901111603,0.717818200588226,0.489485293626785,12.0991830825806,3.11416125297546,NA,NA,NA,9.9919023513794,3.71527409553528,6.00769138336182,4.30861616134644,497.338684082031,4.02127504348755,4.53793525695801,3.7082884311676,NA,1.3884973526001,1001.12976074219,NA,4490.6533203125,NA,1056.42736816406,41.1859703063965,954.342224121094
2005-04-30,12322.990234375,24844,1348,NA,2.18987393379211,0.95002418756485,1.59725773334503,2.20727610588074,8.49177932739258,11.405858039856,2.29036259651184,2.79723525047302,6.19095754623413,1.54128170013428,8.0840950012207,0.7596834897995,NA,1.07704699039459,0.660416901111603,0.717818200588226,0.494177967309952,11.8725261688232,2.99304628372192,NA,NA,NA,9.9919023513794,3.88362669944763,5.8817548751831,4.76334047317505,500.318206787109,4.02127504348755,4.55862617492676,3.93563175201416,NA,1.23071396350861,958.819641113281,NA,4024.79296875,NA,1172.8193359375,42.6525497436523,903.033630371094
2005-05-31,12964.3896484375,25207,1486,NA,2.35888743400574,0.976831376552582,1.82109200954437,2.48469853401184,8.62139511108398,12.8150968551636,2.30454683303833,3.06027364730835,6.23928785324097,1.61768674850464,8.66652297973633,0.7596834897995,NA,1.11520493030548,0.660416901111603,0.719261705875397,0.533622562885284,13.2611417770386,2.71914196014404,NA,0.708534181118011,NA,9.9919023513794,4.02347755432129,6.03589773178101,4.56339120864868,492.924346923828,4.04009056091309,4.53247690200806,3.94592380523682,NA,1.29476273059845,965.936401367188,NA,4282.84912109375,NA,1182.63354492188,45.1738815307617,868.827819824219
2005-06-30,13486.1298828125,25051,1367,NA,2.37920236587524,1.02810311317444,2.00102710723877,2.74422383308411,8.42993927001953,13.8146257400513,2.37069869041443,3.15589213371277,6.59724378585815,1.66774523258209,9.26758766174316,0.730464696884155,NA,1.23542332649231,0.480406254529953,0.742652237415314,0.531720280647278,14.6216259002686,2.50727605819702,NA,0.807921707630157,NA,9.9919023513794,4.71022844314575,6.28333711624146,5.21189165115356,531.810546875,4.04009056091309,4.69227504730225,4.20527982711792,NA,1.25353705883026,1051.88610839844,NA,4219.46728515625,NA,1378.92150878906,51.3091239929199,920.136596679688
2005-07-31,14409.66015625,26042,1508,NA,2.64572525024414,1.04482793807983,2.02386927604675,2.81248998641968,10.6929082870483,14.8033819198608,2.44630193710327,3.40954256057739,7.17419958114624,1.64930200576782,9.95718288421631,0.730464696884155,NA,1.21648371219635,0.467952609062195,0.754347562789917,0.548673212528229,15.9453411102295,2.99655818939209,NA,0.884866237640381,NA,9.9919023513794,5.74647665023804,7.13314867019653,6.29077386856079,588.770629882812,4.04009056091309,4.9813666343689,3.96651124954224,NA,1.33856606483459,1141.90270996094,NA,4328.123046875,NA,1634.30798339844,49.5862083435059,937.239379882812
2005-08-31,14243.1904296875,28045,1582,NA,2.79442572593689,1.17283153533936,2.43422102928162,3.34695291519165,10.5240468978882,15.8826208114624,2.59319019317627,3.4803295135498,7.06243181228638,1.83847069740295,10.3439168930054,0.730464696884155,NA,1.48855304718018,0.483991146087646,0.859604835510254,0.556156575679779,16.3961715698242,2.92323637008667,NA,1.03875589370728,NA,9.9919023513794,5.60517263412476,6.71331262588501,6.96874380111694,596.986206054688,4.04009056091309,5.51015472412109,3.81418991088867,NA,1.58919966220856,1071.4375,NA,4255.6865234375,NA,1891.83508300781,48.325553894043,924.583374023438
2005-09-30,16120.080078125,31584,1695,NA,3.56392812728882,1.3287650346756,2.82199597358704,3.82470631599426,11.4337511062622,16.1863536834717,2.89666438102722,4.13495016098022,8.26920986175537,2.28689217567444,13.3119659423828,0.730464696884155,NA,1.71118342876434,0.566071569919586,0.938548564910889,0.591458082199097,17.9820747375488,3.33982038497925,NA,1.18623399734497,NA,9.63772964477539,5.94619178771973,7.1250376701355,7.21216011047363,629.300048828125,4.72582483291626,6.37307024002075,4.34534978866577,NA,1.9560387134552,1142.6064453125,NA,4436.7802734375,NA,1852.21569824219,50.6998023986816,1033.015625
2005-10-31,15759.73046875,30194,1609,NA,3.41791272163391,1.34205150604248,2.53957438468933,3.41864347457886,11.0911111831665,15.7770681381226,2.84471869468689,4.13790273666382,7.9550518989563,2.18150520324707,12.2542762756348,0.730464696884155,NA,1.81613790988922,0.527012884616852,0.985329508781433,0.54076761007309,17.9469032287598,3.29088044166565,NA,1.23753023147583,NA,9.63772964477539,5.51237964630127,7.2507848739624,7.78716230392456,626.780578613281,4.72582483291626,5.67285966873169,4.2688479423523,NA,1.77786004543304,1047.97546386719,NA,4273.7958984375,NA,1919.77062988281,49.5862083435059,978.286193847656
2005-11-30,16830.9609375,31917,1555,NA,3.58579063415527,1.42100143432617,2.7268214225769,3.6165931224823,11.0332174301147,15.481951713562,3.16160273551941,4.46869897842407,8.64528656005859,2.06557989120483,12.3707637786865,0.730464696884155,NA,2.14898419380188,0.625509262084961,1.1037449836731,0.522376835346222,19.0563983917236,3.91322135925293,NA,1.51324927806854,NA,10.0054168701172,5.44031381607056,7.56921148300171,8.44431018829346,570.751525878906,4.77851343154907,6.2829999923706,4.57267332077026,NA,1.96511650085449,1063.6171875,NA,4182.5244140625,NA,2438.35815429688,50.2963943481445,899.681457519531
2005-12-31,17802.7109375,33456,1543,NA,3.4021999835968,1.34644794464111,2.84944105148315,3.81293702125549,10.7485866546631,16.6042633056641,3.4556086063385,4.6592755317688,8.91262054443359,2.22365999221802,10.6188201904297,0.730464696884155,NA,2.04186129570007,0.624344110488892,1.08181643486023,0.59002035856247,20.2074508666992,4.12054109573364,NA,1.835777759552,NA,10.412034034729,5.14356994628906,7.51242017745972,9.53224468231201,551.41796875,5.41393089294434,6.47911787033081,4.46775531768799,NA,2.21623659133911,1102.720703125,NA,4017.54760742188,NA,2817.32641601562,46.7245025634766,868.827819824219
2006-01-31,18907.099609375,38383,1794,NA,4.23993301391602,1.70752263069153,3.86641621589661,5.11625623703003,11.9932632446289,17.6641178131104,4.07845306396484,5.3076548576355,9.1648530960083,2.8217294216156,13.8850727081299,0.730464696884155,NA,2.79869294166565,0.663485169410706,1.31572270393372,0.691486120223999,22.03955078125,5.35830163955688,NA,2.27051639556885,NA,10.412034034729,5.61883115768433,7.73552227020264,10.7688207626343,639.980102539062,5.41393089294434,7.2417950630188,5.27435445785522,NA,2.89652132987976,1100.37463378906,NA,4088.17529296875,NA,2996.26147460938,53.3261909484863,909.874755859375
2006-02-28,18706.3203125,38610,1714,NA,3.83967399597168,1.83311557769775,3.58697509765625,4.73944044113159,12.3550825119019,19.4671440124512,3.81598687171936,5.45844030380249,9.05610656738281,2.87495064735413,13.9456462860107,0.730464696884155,NA,2.90520310401917,0.68162339925766,1.3493458032608,0.63322788476944,20.7510089874268,5.0677318572998,NA,2.3275830745697,NA,10.9354515075684,5.75590085983276,7.5266170501709,10.8481740951538,674.046630859375,5.98065662384033,6.89895343780518,5.22545671463013,NA,3.05723595619202,1186.79357910156,NA,4393.8603515625,NA,2971.2099609375,53.6623725891113,963.030395507812
2006-03-31,19272.630859375,37952,1801,NA,4.01333951950073,1.68999350070953,3.58159255981445,4.69233798980713,12.4901647567749,21.4231204986572,4.39606475830078,5.58450508117676,8.68757820129395,2.92448234558105,12.3381509780884,0.793771803379059,NA,2.52764582633972,0.721827805042267,1.36542761325836,0.717782557010651,22.6694374084473,5.37503862380981,NA,2.35964560508728,NA,10.2519836425781,5.34610891342163,7.24672985076904,11.6203107833862,731.280456542969,5.67582702636719,6.33384656906128,5.48995351791382,NA,3.01836633682251,1262.73229980469,NA,4443.751953125,NA,3046.36645507812,52.9479942321777,1039.85632324219
2006-04-30,20646.189453125,40363,1909,NA,4.30843782424927,1.80590212345123,4.04086351394653,5.41703367233276,13.9422845840454,22.0822944641113,5.51214170455933,6.06748676300049,9.53035736083984,3.19585156440735,13.1529579162598,0.794745564460754,NA,2.68087577819824,0.7876056432724,1.39466631412506,0.766612529754639,23.9164142608643,6.30205869674683,NA,2.82131409645081,NA,12.0556125640869,5.47563982009888,7.08231592178345,11.5204229354858,728.4326171875,5.38817167282104,6.59326553344727,5.44550132751465,NA,3.4780912399292,1329.52136230469,NA,4482.05322265625,NA,2980.90673828125,53.0782775878906,1005.71942138672
2006-05-31,18677.919921875,36530,1654,NA,3.89615869522095,1.51338827610016,3.4712598323822,4.76038885116577,12.9581260681152,20.8910446166992,4.66485643386841,5.55431699752808,8.9564208984375,2.96136522293091,12.7161445617676,0.779161751270294,NA,2.15132069587708,0.691823601722717,1.16288638114929,0.759129464626312,20.6682910919189,5.56252574920654,NA,2.34040808677673,NA,12.0556125640869,4.85605907440186,6.75090742111206,8.98992443084717,720.217102050781,5.38817167282104,6.11940765380859,4.45391941070557,NA,2.8749532699585,1223.94189453125,NA,4319.06884765625,NA,2613.32983398438,52.1075477600098,961.18359375
2006-06-30,19147.169921875,36631,1711,NA,4.02076196670532,1.65654695034027,3.62945866584778,4.8952260017395,12.6638431549072,20.6505184173584,4.6677451133728,6.00711345672607,9.41859149932861,2.63361406326294,14.5410556793213,0.779161751270294,NA,2.19060683250427,0.709463238716125,1.15624058246613,0.759129464626312,20.7835960388184,5.82252502441406,NA,2.56483054161072,NA,12.0556125640869,5.02793598175049,6.89819955825806,8.09042549133301,722.955627441406,5.38817167282104,6.08771705627441,4.98820352554321,NA,2.9975917339325,1286.50793457031,NA,4476.61962890625,NA,2598.22216796875,51.0569877624512,1009.07153320312
2006-07-31,20095.9296875,37077,1702,NA,3.88027095794678,1.75378382205963,3.76583456993103,5.03609132766724,14.5308561325073,20.952953338623,5.20747327804565,5.9190411567688,10.2492876052856,2.62939858436584,14.9438953399658,0.973952531814575,NA,2.36253070831299,0.686201930046082,1.18813717365265,0.819247663021088,19.8579578399658,6.43568325042725,NA,2.85337424278259,NA,12.0556125640869,5.20657444000244,7.16823720932007,9.05724716186523,725.693969726562,5.52319717407227,5.90058708190918,5.13004684448242,NA,3.13028287887573,1274.77648925781,NA,4418.66943359375,NA,2582.68579101562,53.3682289123535,1021.3857421875
2006-08-31,21049.349609375,36232,1663,NA,3.58590579032898,1.73871791362762,3.66491508483887,4.91441202163696,15.4378261566162,22.3715801239014,5.1134614944458,6.1831202507019,11.2793502807617,2.52928256988525,18.0549812316895,0.877531588077545,NA,2.30665946006775,0.759862303733826,1.21073043346405,0.87184089422226,20.1526260375977,6.15691471099854,NA,2.74116277694702,NA,12.0556125640869,5.3108606338501,7.34621477127075,9.76893711090088,752.531127929688,5.52319717407227,6.57364654541016,5.35463523864746,NA,2.95011639595032,1220.8134765625,NA,4581.65380859375,NA,2633.326171875,56.3097877502441,1026.17468261719
2006-09-30,21937.109375,36449,1637,NA,3.60597562789917,1.71358597278595,3.40216088294983,4.59485912322998,16.7210941314697,23.2288398742676,5.05029344558716,6.586829662323,11.3004961013794,2.502934217453,20.3749523162842,0.876557171344757,NA,2.35107183456421,0.777695596218109,1.20275664329529,0.920713007450104,21.2352046966553,6.16891670227051,NA,2.96879196166992,NA,12.0556125640869,5.55709218978882,7.87810373306274,9.67376804351807,766.771057128906,5.52319717407227,6.82868480682373,5.27662038803101,NA,2.7530357837677,1294.32824707031,NA,4875.93017578125,NA,2724.48071289062,59.7766075134277,1053.53918457031
2006-10-31,23046.94921875,39263,1782,NA,4.30191373825073,1.89636754989624,3.68037176132202,4.86507987976074,18.8781604766846,22.6609573364258,5.52329969406128,6.9814305305481,11.3186235427856,2.73689341545105,20.481725692749,1.07134771347046,NA,2.57497549057007,0.763157665729523,1.2851550579071,0.971403777599335,21.2352046966553,6.85316801071167,NA,3.41763758659363,NA,12.0556125640869,5.90857601165771,8.81095790863037,10.340106010437,820.445068359375,5.52319717407227,7.27839851379395,5.56740140914917,NA,3.00090932846069,1325.68920898438,NA,5187.22900390625,NA,2892.23608398438,61.1423225402832,1122.01904296875
2006-11-30,24962.009765625,41932,1967,NA,4.69422721862793,1.91299557685852,3.95073342323303,5.27157640457153,19.96484375,25.1500759124756,5.93666458129883,7.40638828277588,12.40305519104,3.11681199073792,19.3896903991699,1.12978577613831,NA,2.71584391593933,0.804445683956146,1.32901251316071,0.98083108663559,22.9775829315186,7.48971271514893,NA,3.5580620765686,NA,16.8851165771484,6.59512281417847,9.27934265136719,10.1709880828857,869.189758300781,8.42342662811279,7.32668828964233,5.70228958129883,NA,3.20002222061157,1384.26623535156,NA,5380.00146484375,NA,2703.83422851562,67.4414825439453,1234.82971191406
2006-12-31,26448.3203125,44474,2091,NA,5.02904748916626,2.0655562877655,4.31649112701416,5.76653814315796,20.5885925292969,27.2344913482666,5.90088272094727,7.38514041900635,14.3665199279785,3.37237453460693,19.870189666748,1.26613914966583,NA,2.9059739112854,0.85096800327301,1.45128154754639,1.10106754302979,23.4516105651855,7.37745380401611,NA,4.11976003646851,NA,18.2451801300049,6.54539489746094,11.1253232955933,10.6095275878906,911.85498046875,9.50724792480469,7.26783466339111,6.44683742523193,NA,3.25081658363342,1462.08251953125,NA,6170.92578125,NA,3009.3515625,71.3032989501953,1224.5
2007-01-31,27561.490234375,44642,2071,NA,5.73757553100586,2.11305212974548,4.16813945770264,5.55149507522583,21.3292942047119,28.777135848999,6.74024486541748,7.3760347366333,14.7501535415649,3.66218733787537,20.4914321899414,1.75311493873596,NA,2.92932677268982,0.888767540454865,1.71774876117706,1.00336492061615,24.9377536773682,8.55615234375,NA,4.11976003646851,NA,20.354663848877,6.55022382736206,11.3519506454468,10.1392059326172,1047.08056640625,9.80128383636475,7.46401834487915,6.39904451370239,NA,3.43367385864258,1751.84020996094,NA,6319.875,NA,2984.07763671875,72.278205871582,1245.09155273438
2007-02-28,26638.94921875,43892,2068,NA,5.76632356643677,1.9530256986618,3.82604146003723,5.11541986465454,21.2513313293457,26.8972415924072,7.40594291687012,7.49744844436646,13.0374088287354,3.61476302146912,23.2239456176758,1.65572011470795,NA,2.65308713912964,0.891287684440613,1.66511940956116,1.13116872310638,24.4060745239258,9.91727352142334,NA,3.59076476097107,NA,19.6561336517334,6.6380934715271,10.6864900588989,9.13039875030518,986.889099121094,9.9850606918335,7.18332481384277,6.18775463104248,NA,3.52750158309937,1715.94299316406,NA,6291.53466796875,NA,2866.35278320312,70.7233810424805,1187.01013183594
2007-03-31,28747.689453125,45805,2103,NA,6.25502443313599,2.02864646911621,4.19868230819702,5.62097501754761,25.4859962463379,26.5512924194336,7.78741073608398,8.01953792572021,14.239652633667,3.51412129402161,23.6510524749756,1.75311493873596,NA,2.91789221763611,1.0179785490036,1.51374614238739,1.0484744310379,23.2145938873291,10.0747346878052,NA,4.04281234741211,NA,18.4163436889648,7.04896116256714,11.4425992965698,9.51847457885742,1013.23315429688,9.10784435272217,7.52589082717896,6.44180393218994,NA,3.71607041358948,1798.7646484375,NA,6483.1298828125,NA,3071.09204101562,73.9590911865234,1197.20349121094
2007-04-30,28996.7109375,48956,2155,NA,6.92318153381348,2.24919366836548,4.22389316558838,5.75637769699097,23.1761817932129,25.6418018341064,8.88925838470459,8.86338233947754,12.9739751815796,3.66745853424072,25.9746322631836,1.70441770553589,NA,3.06512427330017,1.11499404907227,1.47520363330841,1.0336354970932,22.8110313415527,11.2894401550293,NA,4.01075553894043,NA,19.3185596466064,7.60998344421387,12.1987085342407,9.64566230773926,1111.3798828125,10.0953216552734,7.73371315002441,6.70843172073364,NA,4.10551261901855,2031.97741699219,NA,6931.87890625,NA,3190.47729492188,84.3722076416016,1287.78063964844
2007-05-31,31398.9609375,52268,2243,NA,7.74830532073975,2.57121825218201,4.53919506072998,6.15044689178467,24.4188003540039,28.1814975738525,9.81659889221191,9.97130680084229,12.2761898040771,4.1733136177063,29.0111389160156,1.70441770553589,NA,3.66891098022461,1.30394947528839,1.58949899673462,1.16871106624603,27.2984924316406,12.6782836914062,NA,4.21273422241211,NA,18.4245262145996,8.13054275512695,14.30615234375,9.62847709655762,1161.16552734375,10.6441984176636,7.68674802780151,7.39260625839233,NA,4.69999170303345,1970.81970214844,NA,6944.91943359375,NA,3406.60546875,82.153434753418,1210.88635253906
2007-06-30,31151.05078125,54392,2191,NA,7.59487056732178,2.59233498573303,5.05049419403076,6.89593935012817,24.1605262756348,27.9835529327393,10.1680698394775,10.1170053482056,12.3788909912109,4.40885066986084,30.4497528076172,1.76285529136658,NA,3.49832105636597,1.37450754642487,1.6094354391098,1.4211905002594,26.0418853759766,13.4760360717773,NA,4.1800332069397,NA,18.4245262145996,8.49598789215088,13.8290777206421,11.394552230835,1195.17687988281,10.6441984176636,7.75563097000122,8.18494510650635,NA,5.31590843200684,2125.35717773438,NA,6972.08154296875,NA,3550.69213867188,88.7425079345703,1333.95812988281
2007-07-31,30659.66015625,54183,2180,NA,8.35521125793457,2.66889047622681,5.28815078735352,7.38099050521851,24.189769744873,26.7958602905273,11.913104057312,9.90770626068115,12.0617170333862,4.67917108535767,32.0277404785156,2.01413536071777,NA,3.77983498573303,1.37157070636749,1.5722222328186,1.53009688854218,23.2145175933838,16.1137752532959,NA,3.65488338470459,NA,18.4245262145996,8.07720851898193,12.7317934036255,12.3524837493896,1166.58740234375,10.9008340835571,7.46444320678711,7.94849872589111,NA,5.22290182113647,2095.95092773438,NA,7515.36083984375,NA,3773.982421875,77.3250732421875,1340.86791992188
2007-08-31,30347.859375,54637,2062,NA,8.40976428985596,2.55154657363892,5.10089111328125,7.10551023483276,21.9237995147705,25.3310279846191,10.8005313873291,10.1703653335571,11.8593282699585,4.4578595161438,30.5393524169922,2.02679705619812,NA,3.58242201805115,1.32359993457794,1.72505807876587,1.61668038368225,23.2930545806885,15.2905759811401,NA,3.75106406211853,NA,18.4245262145996,7.8712797164917,13.4743766784668,11.3771953582764,1171.4619140625,10.9008340835571,7.45191812515259,8.23273086547852,NA,5.00499057769775,1977.94738769531,NA,7414.853515625,NA,3644.73559570312,80.2624282836914,1306.66223144531
2007-09-30,30296.189453125,60465,2188,NA,11.5687561035156,2.96795225143433,6.20003128051758,8.67506217956543,20.9150867462158,26.8948287963867,12.2884788513184,10.6284894943237,12.1372356414795,4.88309240341187,33.700309753418,2.15243577957153,NA,4.26509952545166,1.40278136730194,1.67455613613129,1.63798797130585,21.4735908508301,17.9898509979248,NA,3.66450047492981,NA,18.4245262145996,8.53746604919434,12.6674900054932,12.1222085952759,1100.86437988281,10.9008340835571,7.91688108444214,8.16230297088623,NA,5.45885562896729,1993.70776367188,NA,7424.814453125,NA,3520.66088867188,75.6399917602539,1251.93286132812
2007-10-31,31458.669921875,65318,2351,NA,12.9095506668091,3.34874677658081,8.04409694671631,11.0729484558105,24.1807765960693,24.7107830047607,15.1282548904419,10.6271486282349,13.0525102615356,4.94790601730347,37.0006561279297,2.47578883171082,17.3442497253418,4.96105766296387,1.58528733253479,1.67721390724182,1.58533012866974,21.1790733337402,20.295431137085,NA,3.79915452003479,NA,18.4245262145996,9.48168659210205,12.5782985687256,12.8568897247314,1163.52038574219,10.9008340835571,8.29573917388916,8.60751819610596,NA,6.47484159469604,2322.0791015625,NA,7967.3701171875,NA,3370.63256835938,81.5188980102539,1354.55065917969
2007-11-30,29770.51953125,63006,2207,NA,11.8474607467651,3.23681330680847,7.84877109527588,11.1505241394043,23.2806396484375,23.2195568084717,12.1390361785889,10.413031578064,11.9137020111084,5.02694892883301,35.4375953674316,2.35014915466309,18.0913848876953,4.67207765579224,1.4118971824646,1.7185355424881,1.54023337364197,20.3609714508057,16.3212184906006,NA,3.41443157196045,NA,18.7003479003906,8.67475128173828,12.4974012374878,12.9443521499634,1042.26098632812,9.93973159790039,7.53019571304321,7.12824058532715,NA,5.89333486557007,2163.52758789062,NA,8108.529296875,NA,3687.44165039062,73.820442199707,1272.38818359375
2007-12-31,29536.830078125,63886,2152,NA,11.193076133728,3.04013252258301,9.30403995513916,13.343578338623,22.1739158630371,27.5150680541992,10.8901786804199,10.4634132385254,11.3850765228271,4.80563354492188,37.9813003540039,2.45436191558838,18.3048534393311,4.65320539474487,1.35235238075256,1.71920108795166,1.42679715156555,18.5153274536133,15.5070028305054,NA,3.64162707328796,NA,18.0978908538818,8.72858238220215,13.4930448532104,11.9914426803589,1095.16809082031,10.3588027954102,7.98263216018677,6.90573453903198,NA,6.08202505111694,1907.02514648438,NA,8058.6396484375,NA,3687.44165039062,67.1725082397461,1286.13842773438
2008-01-31,28793.640625,59490,2007,NA,10.2817363739014,2.73756670951843,9.06684494018555,12.8904266357422,21.9673233032227,25.7797107696533,10.0877933502197,10.076114654541,11.7294368743896,4.62384271621704,35.7014198303223,2.05991148948669,13.7153015136719,4.00670433044434,1.2728019952774,1.3474280834198,1.28907763957977,19.3596134185791,13.8682422637939,15.2070121765137,3.09412741661072,NA,16.708366394043,8.75228595733643,13.420446395874,11.7764291763306,1070.9599609375,10.6624441146851,7.68048620223999,7.52440595626831,NA,5.44677639007568,1995.12622070312,NA,7583.8134765625,NA,3568.5146484375,56.2845573425293,1299.61596679688
2008-02-29,28918.51953125,63489,2162,NA,11.9365406036377,3.03826236724854,9.50659275054932,13.6316013336182,21.1360492706299,28.1814975738525,12.0504570007324,10.6114053726196,11.7596435546875,4.4689245223999,37.0006561279297,2.22840666770935,14.1422328948975,4.65684270858765,1.51145219802856,1.43063020706177,1.39939677715302,19.2418022155762,17.0910663604736,15.8447847366333,3.83633589744568,NA,20.3668098449707,9.63230514526367,12.0680322647095,11.8962783813477,1026.04919433594,11.8719692230225,8.10317707061768,7.65193843841553,NA,6.90757083892822,1859.50708007812,NA,7037.63671875,NA,3651.98901367188,60.5161933898926,1181.40026855469
2008-03-31,30912.990234375,60968,2104,NA,11.868016242981,2.72965693473816,8.22131538391113,11.8623046875,22.6953048706055,29.5407600402832,11.378924369812,10.6901273727417,13.611349105835,3.65323066711426,35.7113838195801,1.91985833644867,12.6212768554688,4.12226581573486,1.30064427852631,1.37074410915375,1.3440477848053,18.4040641784668,15.5513572692871,14.1563453674316,3.22871232032776,NA,19.9878520965576,11.5459232330322,13.2752485275269,12.6077337265015,1024.29663085938,15.9434366226196,8.1814546585083,6.90168476104736,NA,6.44383239746094,1863.68395996094,NA,7379.451171875,NA,3672.85668945312,65.1344451904297,1231.40905761719
2008-04-30,30281.41015625,67868,2096,NA,13.4852657318115,3.36513710021973,9.83894348144531,14.1350517272949,22.7789268493652,30.2203884124756,12.3467617034912,9.99739360809326,12.9885215759277,4.56851625442505,40.7929840087891,1.95805990695953,13.2883634567261,5.03151082992554,1.31261944770813,1.46046233177185,1.44848036766052,19.0650939941406,17.1884231567383,14.4807615280151,4.21139049530029,NA,19.8950748443604,14.0793190002441,14.0212182998657,14.1934843063354,1068.00268554688,16.9964141845703,8.64699745178223,7.31253290176392,NA,8.16387844085693,1954.62170410156,NA,6928.25732421875,NA,4084.02197265625,73.0304183959961,1205.75500488281
2008-05-31,31975.470703125,72593,2206,NA,13.7268152236938,3.68512225151062,11.7639141082764,16.4144477844238,24.6677398681641,32.3665504455566,12.6014795303345,9.65102577209473,13.961745262146,5.18410444259644,42.366626739502,2.08637714385986,14.3023376464844,5.35190057754517,1.29787528514862,1.56716203689575,1.59955954551697,19.8179931640625,16.7651844024658,15.1148500442505,4.21139049530029,NA,19.7209968566895,17.0767803192139,14.0107793807983,13.5819416046143,1005.01788330078,16.619457244873,8.56138229370117,7.99549198150635,NA,10.5828762054443,2026.01696777344,NA,6588.2548828125,NA,4141.69091796875,76.9006576538086,1174.5322265625
2008-06-30,29395.490234375,65018,2108,NA,12.3603420257568,3.04713201522827,11.2792682647705,16.4912796020508,23.8413791656494,31.3194637298584,11.2886304855347,8.50171947479248,12.5110969543457,4.16608238220215,41.6864013671875,1.97177302837372,10.6200160980225,4.58015632629395,1.20146918296814,1.35806679725647,1.4272449016571,17.2034473419189,16.217643737793,14.6540298461914,3.46705150604248,NA,18.8903789520264,23.3777351379395,14.0295753479004,11.2663593292236,861.083862304688,17.5876560211182,7.08125114440918,7.98697376251221,NA,10.171929359436,1748.63195800781,NA,6139.14453125,NA,4031.59643554688,68.4962310791016,1108.70288085938
2008-07-31,27501.01953125,59505,1920,NA,10.362401008606,3.19676542282104,8.92219924926758,13.0174741744995,21.3770618438721,30.779239654541,8.590744972229,7.92357397079468,12.4957904815674,3.99880146980286,37.5695533752441,1.77873051166534,10.5613136291504,4.7544207572937,1.08541834354401,1.37676203250885,1.3527500629425,14.40696144104,12.6754083633423,13.7840032577515,3.61182498931885,NA,17.7513847351074,20.5332679748535,13.5680465698242,12.1062240600586,891.097534179688,15.9570045471191,7.52413845062256,8.30213642120361,NA,9.22294330596924,1685.58959960938,NA,6329.2021484375,NA,3976.27197265625,76.2703323364258,1177.99658203125
2008-08-31,26290.990234375,55680,1777,NA,9.16156005859375,2.86631536483765,8.36359024047852,12.2794036865234,20.3785572052002,30.3924198150635,8.38357734680176,8.38498687744141,11.485842704773,3.79009938240051,35.7014770507812,1.76884973049164,6.65328645706177,4.12447166442871,1.11155581474304,1.27786755561829,1.31561648845673,13.9487390518188,11.9347314834595,13.9351501464844,3.21923637390137,NA,17.6071472167969,19.2239189147949,14.3156776428223,11.9518823623657,818.802062988281,14.6685056686401,7.24589252471924,8.10338401794434,NA,8.032301902771,1567.3857421875,NA,5695.37451171875,NA,4113.203125,74.7995529174805,1101.77331542969
2008-09-30,24888.900390625,49541,1598,NA,6.60805654525757,2.6410026550293,7.28334808349609,10.232834815979,17.1764259338379,27.7313270568848,5.68797540664673,7.79628658294678,11.5103302001953,3.6244113445282,31.5998458862305,1.40940344333649,4.54605627059937,3.6085205078125,0.952657580375671,1.27833080291748,0.939725875854492,12.634729385376,8.91949367523193,13.4559011459351,1.94724476337433,NA,16.2244358062744,12.6470537185669,14.353268623352,10.3249130249023,722.407958984375,14.9451322555542,7.04503011703491,6.58719444274902,NA,4.76528930664062,1520.89184570312,NA,5659.15576171875,6.48145580291748,4071.07104492188,75.2197799682617,1153.5673828125
2008-10-31,20445.3203125,37257,1011,NA,4.62885570526123,1.6697793006897,4.29565811157227,6.26077365875244,12.4322137832642,21.9889812469482,5.41099452972412,6.31658363342285,10.5707740783691,2.35307955741882,19.9345531463623,1.22168183326721,3.09666633605957,2.62348747253418,0.772175908088684,0.966805160045624,0.891580760478973,6.4757194519043,6.80648899078369,12.0771312713623,1.70608234405518,NA,13.9166049957275,11.4881992340088,12.8016195297241,7.08771562576294,538.618408203125,12.7867164611816,5.89418315887451,6.4594259262085,NA,2.75184679031372,1393.07385253906,NA,5024.69775390625,4.63829040527344,3608.14819335938,76.5224685668945,867.465087890625
2008-11-30,20534.720703125,36596,994,NA,4.21253967285156,1.78111028671265,3.46066284179688,4.87544107437134,10.7284832000732,24.6567344665527,4.33444738388062,6.52342319488525,11.2379503250122,2.2782027721405,22.1833438873291,1.14222371578217,2.75437498092651,2.38695883750916,0.718575835227966,1.1077983379364,0.835232675075531,6.46224117279053,6.580482006073,11.9812803268433,1.31950223445892,NA,13.429181098938,11.4716339111328,13.1399345397949,7.38167667388916,548.1318359375,11.8549184799194,5.48257780075073,5.86752700805664,NA,2.8383481502533,1253.04174804688,NA,4535.927734375,4.87337827682495,3788.02734375,72.9169464111328,748.115905761719
2008-12-31,22380.3203125,37550,1080,NA,4.27251815795898,1.78495836257935,4.14514636993408,5.91143989562988,12.4672889709473,27.5912704467773,4.48197937011719,6.68253135681152,11.3236436843872,2.33874201774597,25.3610992431641,1.25019121170044,3.21967792510986,2.27373790740967,0.75898540019989,1.07739865779877,0.990011215209961,8.56466102600098,7.68041610717773,12.3278169631958,1.40928614139557,NA,12.1857347488403,12.4407806396484,12.1792898178101,8.60324859619141,495.794158935547,13.7439880371094,5.76740884780884,5.76943683624268,NA,2.87317562103271,1315.37463378906,NA,4389.4248046875,5.0952730178833,3756.283203125,69.2231903076172,702.669738769531
2009-01-31,19565.140625,39301,1077,NA,4.97813606262207,1.54985547065735,4.39901447296143,6.32420349121094,9.48576354980469,26.7909355163574,4.00885438919067,6.45977973937988,9.17215156555176,2.26226997375488,20.9650382995605,1.16517734527588,3.59179639816284,2.06295776367188,0.721974611282349,0.98866218328476,0.909584403038025,7.61453008651733,6.66656351089478,12.9766483306885,1.62762534618378,NA,12.7328491210938,13.8230924606323,10.7362375259399,7.71159982681274,606.734985351562,11.7202482223511,5.82503318786621,5.58217620849609,NA,2.77740287780762,1400.87524414062,NA,4515.462890625,4.66257619857788,3954.9189453125,75.1861419677734,842.611633300781
2009-02-28,17752.1796875,38183,1019,NA,4.5477089881897,1.41780662536621,4.54524230957031,6.69351577758789,8.06264972686768,23.4695892333984,4.45925378799438,6.04609966278076,8.68860054016113,2.20651054382324,18.5334911346436,1.20025682449341,3.19449901580811,2.01131725311279,0.727864623069763,0.95489627122879,0.871171534061432,5.53906440734863,6.55656719207764,13.4190349578857,1.5879282951355,NA,11.8425455093384,14.7004261016846,8.9861946105957,6.1162281036377,559.9072265625,10.639217376709,5.75094413757324,5.46327829360962,NA,2.27677392959595,1423.72814941406,NA,4351.30224609375,4.39630222320557,3880.49780273438,72.0975112915039,770.269287109375
2009-03-31,19626.75,40926,1126,NA,4.69236087799072,1.69861221313477,4.97580194473267,7.35490322113037,9.43565940856934,23.9164409637451,5.36657285690308,6.05564641952515,10.1208848953247,2.68764185905457,23.7772979736328,1.1998438835144,3.77433967590332,2.2851870059967,0.812432110309601,1.09552550315857,0.93495124578476,6.01076126098633,8.39779186248779,12.7554569244385,1.60976243019104,NA,12.379714012146,13.5476493835449,10.9847497940063,7.26504468917847,528.918701171875,12.4554929733276,5.65545272827148,6.28074836730957,NA,2.38969898223877,1421.28527832031,NA,4710.23046875,4.57659339904785,3975.47143554688,73.8288421630859,849.916259765625
2009-04-30,21898.849609375,47290,1275,NA,5.91208791732788,2.14454936981201,5.53792810440063,8.17156028747559,10.8738050460815,26.1742515563965,5.59340190887451,7.31896257400513,11.4766664505005,2.94095206260681,26.1691589355469,1.44125151634216,4.76221704483032,2.83618521690369,0.960576236248016,1.28933835029602,1.12882685661316,6.87329196929932,8.95218086242676,12.8586797714233,2.25097727775574,NA,16.0064544677734,16.0725364685059,13.041540145874,8.71283149719238,627.437805175781,13.0233030319214,6.18054533004761,6.55579280853271,NA,3.101802110672,1505.68310546875,NA,5252.060546875,5.07819890975952,4354.85205078125,73.2993621826172,908.70263671875
2009-05-31,24331.7109375,53198,1587,NA,6.85744905471802,2.5078113079071,7.17796325683594,10.7177171707153,15.6592769622803,28.7782611846924,6.5657262802124,8.178147315979,11.8653402328491,3.37110161781311,31.5055351257324,1.64156699180603,6.13478136062622,3.52858734130859,1.15184605121613,1.36558473110199,1.1343811750412,8.96331119537354,10.1121530532837,14.3406734466553,2.46306943893433,NA,17.231388092041,19.0655536651611,14.7243185043335,10.7091369628906,801.604675292969,14.1587409973145,7.26968908309937,7.12872552871704,NA,4.54348516464233,1719.47509765625,NA,6421.46826171875,6.28500986099243,4648.73681640625,79.9640808105469,1019.25323486328
2009-06-30,24368.380859375,51465,1588,NA,6.31315040588379,2.47435975074768,6.84749126434326,9.9752950668335,16.0601577758789,28.4628257751465,7.50294303894043,8.1208667755127,11.9510316848755,3.40433549880981,30.4487209320068,1.42175698280334,6.35041666030884,3.414555311203,1.12285840511322,1.32959973812103,1.06919133663177,8.62692451477051,9.87541580200195,14.3438110351562,2.42105102539062,NA,15.9549865722656,18.9764041900635,14.7243185043335,11.4794454574585,762.225341796875,13.2949438095093,8.14938163757324,6.8573899269104,NA,4.57406759262085,1640.51440429688,NA,5764.826171875,6.87713670730591,4878.50390625,82.9602508544922,983.081848144531
2009-07-31,27043.5,54766,1720,NA,7.06514120101929,2.79741525650024,6.99308347702026,10.1273908615112,16.3207225799561,34.2345809936523,9.73143482208252,9.07943820953369,13.7781209945679,3.79973840713501,34.8957023620605,1.56812715530396,6.50136137008667,3.66998958587646,1.2254182100296,1.45920491218567,1.15647983551025,8.71102237701416,12.4457292556763,15.2267446517944,3.04815101623535,NA,16.8042030334473,18.7666721343994,15.5026063919067,12.0854139328003,805.274047851562,16.1492252349854,8.57177543640137,7.14722537994385,NA,5.09831380844116,1759.19116210938,NA,6215.7470703125,7.77378749847412,5579.9375,86.9103393554688,1137.31848144531
2009-08-31,28129.94921875,56489,1782,NA,6.87893438339233,2.63473415374756,6.8893313407898,9.73447513580322,19.6379814147949,32.5433197021484,10.2093801498413,9.71992301940918,14.4483594894409,4.23658800125122,37.3650856018066,1.62005317211151,6.27735233306885,3.77421569824219,1.3712203502655,1.48267757892609,1.27802073955536,12.3902540206909,13.7039422988892,15.2153253555298,3.37344980239868,NA,16.5674495697021,18.2632904052734,16.2703723907471,13.3763837814331,784.899780273438,15.9426651000977,8.93132972717285,7.01155805587769,NA,5.13326549530029,1817.50427246094,NA,5946.1884765625,7.47727489471436,6062.81494140625,80.8423614501953,1136.95275878906
2009-09-30,29232.240234375,61518,2075,NA,8.28265190124512,3.17068243026733,8.1572151184082,11.2717552185059,22.6445636749268,34.4828910827637,13.1851396560669,9.50106430053711,14.3228778839111,5.08965301513672,40.6820068359375,1.75754451751709,7.05526924133301,4.63337850570679,1.53014039993286,1.64435207843781,1.25592231750488,12.2080450057983,14.8823080062866,16.5168857574463,3.55617690086365,NA,17.1747703552246,20.518009185791,15.8118181228638,16.2902450561523,822.745361328125,16.3783187866211,10.0431680679321,7.88106346130371,NA,5.87158203125,1910.78845214844,NA,6381.5380859375,8.25387001037598,6545.6953125,84.5024795532227,1362.46911621094
2009-10-31,28646.029296875,61546,2116,NA,9.20988368988037,3.0128026008606,8.37301063537598,11.406002998352,21.7908725738525,37.7333221435547,13.8446636199951,9.3658857345581,14.3810272216797,4.59747362136841,36.1146965026855,1.81168723106384,6.15850257873535,4.5909948348999,1.64661073684692,1.53544366359711,1.23382425308228,9.63608646392822,15.2751064300537,15.9612503051758,3.72390270233154,NA,17.0306663513184,19.2700500488281,16.0516090393066,15.0190534591675,903.585083007812,15.3830728530884,9.18790817260742,7.64364910125732,NA,6.59679412841797,2009.74926757812,NA,6470.54443359375,7.44551801681519,6253.986328125,79.3043365478516,1339.501953125
2009-11-30,30957.109375,67044,2147,NA,10.3588619232178,3.5035970211029,9.40398502349854,12.654688835144,22.5153884887695,39.6809692382812,16.1331520080566,10.1061449050903,16.2723827362061,5.05587244033813,37.3807830810547,1.85333669185638,6.38783884048462,4.9401650428772,1.80269944667816,1.71951270103455,1.19386541843414,10.2948436737061,16.9897766113281,16.0487823486328,3.94532084465027,NA,19.7944812774658,19.810131072998,17.6060791015625,16.2788600921631,832.823120117188,14.64697265625,10.6121740341187,7.64364910125732,NA,7.06893110275269,1955.02465820312,NA,6421.46826171875,7.3616189956665,6146.341796875,79.4135665893555,1297.30163574219
2009-12-31,32120.470703125,68588,2321,NA,10.4889392852783,3.59763073921204,8.89474105834961,11.8234920501709,24.0700855255127,42.2216911315918,15.9209403991699,10.0198087692261,17.8423862457275,4.76767873764038,40.294849395752,1.9121367931366,6.63300943374634,5.17540550231934,1.8956184387207,1.81227672100067,1.26640379428864,10.8624973297119,16.0486145019531,17.125804901123,3.77422404289246,NA,22.6237449645996,19.8965530395508,17.9216022491455,17.3838863372803,941.923461914062,15.0262937545776,11.3068532943726,7.69914865493774,NA,7.47726058959961,2363.72509765625,NA,6928.40576171875,7.19842052459717,6985.94873046875,97.0335006713867,1420.80383300781
2010-01-31,30391.609375,65402,2299,NA,9.31828212738037,3.01890230178833,7.5707049369812,10.0603790283203,21.6399230957031,37.3087425231934,14.0641183853149,9.33217525482178,17.6985492706299,4.62769460678101,39.0444717407227,1.88087666034698,6.89291286468506,3.92022776603699,1.72109389305115,1.72909438610077,1.18974387645721,8.42369079589844,12.9861631393433,18.5225105285645,3.97350239753723,NA,21.8436164855957,19.2663497924805,17.311595916748,16.4633159637451,1014.60260009766,15.2103157043457,10.791953086853,6.90055561065674,NA,5.94099187850952,2340.38452148438,NA,7646.86767578125,7.22809505462646,6845.1630859375,101.25675201416,1606.28503417969
2010-02-28,31634.5390625,66503,2221,NA,10.0661993026733,3.1787052154541,8.0575122833252,10.576171875,24.1254501342773,36.9717636108398,16.1862030029297,9.29943084716797,19.4919700622559,4.98044872283936,40.8598899841309,1.84023630619049,6.41100692749023,4.10280418395996,1.80605101585388,1.77990484237671,1.15179359912872,8.59889221191406,14.5163698196411,20.5542831420898,3.96545028686523,NA,21.7760009765625,19.356372833252,19.6127967834473,17.7162208557129,1107.71044921875,17.0768623352051,11.1829280853271,6.78030395507812,NA,6.51521587371826,2346.69213867188,NA,7574.43017578125,7.98473024368286,6953.12939453125,95.5165023803711,1622.30920410156
2010-03-31,33266.4296875,70372,2374,NA,11.630687713623,3.50304245948792,8.30720901489258,11.0349254608154,27.5539054870605,39.7820587158203,17.6408100128174,10.2162742614746,19.3175220489502,5.0282154083252,46.1334800720215,1.98461079597473,6.52627944946289,4.37025022506714,1.72889125347137,1.90747892856598,1.21739256381989,8.92827224731445,15.6584959030151,19.188512802124,3.78428792953491,NA,22.1660690307617,19.8012275695801,22.8815937042236,17.5685710906982,1125.89379882812,17.3660469055176,11.9072790145874,6.70938873291016,NA,7.19986629486084,2427.67553710938,NA,7090.00244140625,8.4060697555542,6909.9443359375,88.4021377563477,1562.3046875
2010-04-30,32687.3203125,67530,2396,NA,11.1408157348633,3.45475649833679,8.01817417144775,10.5811433792114,25.8119010925293,39.6193237304688,17.2358894348145,10.150785446167,17.740743637085,5.05179834365845,46.3369140625,1.85404467582703,6.23357105255127,4.41715431213379,1.8658139705658,1.87772369384766,1.27307486534119,10.2948436737061,15.1195611953735,20.9342651367188,3.93463730812073,NA,24.7288036346436,19.0651035308838,20.7964267730713,17.9841289520264,1167.90185546875,16.9003562927246,11.9757490158081,6.44528293609619,NA,7.24403667449951,2589.72021484375,NA,7457.27685546875,8.55055046081543,7029.080078125,92.090934753418,1564.49365234375
2010-05-31,32038.529296875,63047,2204,NA,9.89283752441406,2.93462419509888,6.59354877471924,8.94654369354248,25.5889930725098,38.3301315307617,16.6181621551514,10.0525493621826,17.8088397979736,4.44122171401978,47.0997772216797,1.77570426464081,6.6098165512085,3.87982821464539,1.82139933109283,1.74849510192871,1.33485972881317,10.1616907119751,14.8188972473145,20.7403945922852,3.86004185676575,NA,23.5322532653809,17.8863067626953,19.4205646514893,18.39967918396,1259.20263671875,16.203857421875,11.2814483642578,6.41565465927124,NA,5.97297286987305,2679.77807617188,NA,7672.765625,8.2142915725708,6888.28125,89.7364501953125,1623.08605957031
2010-06-30,31156.970703125,60936,2185,NA,8.85953330993652,2.87195324897766,6.34445285797119,8.62002754211426,25.4015464782715,38.0044326782227,16.3395900726318,10.2752151489258,17.7283706665039,4.2138614654541,48.4867858886719,1.74946868419647,6.32101535797119,3.78903484344482,1.90744733810425,1.68160915374756,1.43020737171173,9.13963508605957,13.3410301208496,21.045711517334,4.23392057418823,NA,23.4524803161621,17.385160446167,19.431131362915,19.41823387146,1348.80493164062,15.6814031600952,12.193850517273,6.70204019546509,NA,5.84872150421143,2794.32104492188,NA,7778.56005859375,8.60759162902832,6931.60498046875,94.4323654174805,1687.18493652344
2010-07-31,32308.740234375,67515,2394,NA,10.1147842407227,3.57179498672485,6.78089952468872,9.1424560546875,25.1026363372803,41.9398994445801,18.02712059021,10.6342115402222,18.1988143920898,5.22074222564697,52.1303672790527,1.92245066165924,7.0566463470459,4.45294380187988,2.05631828308105,2.05372858047485,1.341343998909,8.73148536682129,15.7890567779541,25.1218948364258,4.92464447021484,NA,24.8670768737793,20.2533740997314,20.1539344787598,22.7107677459717,1453.6337890625,18.1182689666748,15.0873699188232,7.0871753692627,NA,6.49660539627075,3223.4013671875,NA,7755.92626953125,10.2438449859619,7094.8212890625,94.4541397094727,1696.50329589844
2010-08-31,31679.849609375,65145,2337,NA,9.73274898529053,3.46426653862,6.33853244781494,8.4289608001709,24.0590267181396,43.8601379394531,18.1289100646973,10.0415916442871,18.2669048309326,4.90146064758301,56.1473655700684,1.79175806045532,6.99656629562378,4.21570730209351,2.09480667114258,1.9406099319458,1.27421927452087,7.49246025085449,15.3793525695801,25.8028793334961,4.96109390258789,NA,27.0421504974365,22.7377262115479,19.1394748687744,24.879976272583,1649.21496582031,22.2788772583008,15.6889734268188,7.4986457824707,NA,5.98891305923462,3312.2529296875,NA,7941.34130859375,11.7229232788086,7040.4951171875,96.8042984008789,1653.865234375
2010-09-30,33330.33984375,69430,2643,NA,11.3773126602173,3.88470673561096,7.03757286071777,9.16696929931641,24.1704769134521,43.4530258178711,19.5312938690186,10.9008903503418,19.5482482910156,5.56649541854858,60.7618408203125,1.95522904396057,7.73448610305786,4.87542009353638,2.35328531265259,2.04075217247009,1.44546294212341,7.85687780380249,17.8671054840088,27.2110023498535,5.76094388961792,NA,27.446310043335,25.7178897857666,19.5072154998779,25.5554294586182,1788.658203125,24.1780300140381,17.5483131408691,8.04179000854492,NA,6.07370662689209,3747.1044921875,NA,8237.9970703125,12.6370248794556,7659.79638671875,100.061294555664,1837.26684570312
2010-10-31,35568.21875,70673,3007,NA,11.81321144104,3.9468994140625,6.68805265426636,8.62357234954834,26.7765140533447,46.3998565673828,21.8623485565186,11.5231437683105,20.9100666046143,5.73454713821411,67.1527938842773,2.32196593284607,7.78914260864258,4.97781419754028,2.54886651039124,2.1307852268219,1.45499742031097,7.88603353500366,21.774263381958,26.6820011138916,5.71796131134033,NA,27.1219234466553,27.615816116333,20.1201171875,26.2641143798828,2087.20556640625,27.3798751831055,16.8376541137695,8.30069351196289,NA,5.81933259963989,3868.2080078125,NA,8368.783203125,14.4500942230225,7954.11279296875,97.2010345458984,1856.609375
2010-11-30,36817.3203125,67705,3262,NA,11.6441383361816,3.75030493736267,6.31053066253662,8.23730278015137,27.3459053039551,48.1881370544434,22.972599029541,11.612545967102,21.7395362854004,5.72214555740356,63.9466438293457,2.38537883758545,7.15455865859985,4.80264854431152,2.61075949668884,2.04706978797913,1.44889521598816,8.25045204162598,21.5297679901123,26.3014335632324,5.71999216079712,NA,28.451416015625,27.0400466918945,21.4833030700684,24.0251579284668,2015.13940429688,29.4282665252686,16.6449966430664,8.06352710723877,NA,5.23545551300049,3685.52392578125,NA,8582.5537109375,12.2590522766113,7300.35205078125,101.61353302002,1855.974609375
2010-12-31,38243.140625,69305,3524,NA,12.706371307373,3.86077070236206,7.42199420928955,9.67647361755371,29.0693264007568,47.2735176086426,26.9746627807617,11.5794630050659,21.8138198852539,5.50101518630981,63.4345359802246,2.30906271934509,7.20103406906128,4.93711757659912,2.99668121337891,2.08723378181458,1.78500425815582,9.67168807983398,25.0264987945557,26.2595634460449,5.46405410766602,NA,31.5092868804932,31.387601852417,21.9778499603271,24.2366886138916,2020.13623046875,29.8402557373047,16.9885120391846,8.29052543640137,NA,6.30327081680298,4156.263671875,NA,8304.8662109375,13.3119220733643,7681.7138671875,94.7985992431641,1756.93139648438
2011-01-31,36982.23828125,66575,3583,NA,12.8695182800293,3.47671389579773,7.22216463088989,9.39262294769287,27.4424991607666,43.9358444213867,25.6695194244385,11.3346366882324,20.8605442047119,5.21037864685059,55.6192474365234,2.10357666015625,6.38934183120728,4.60554838180542,2.52677011489868,1.8748232126236,1.70998311042786,8.35248851776123,23.0136966705322,25.9551067352295,5.09746694564819,NA,34.4820594787598,28.7334613800049,21.6481475830078,22.878246307373,1788.98376464844,27.5248985290527,15.427248954773,8.24309921264648,NA,5.9698600769043,3803.46655273438,NA,7569.18115234375,13.0433626174927,7212.576171875,88.3305969238281,1685.84362792969
2011-02-28,37019.69921875,67383,3456,NA,12.6478204727173,3.59431505203247,7.63920164108276,10.1853590011597,28.0303153991699,46.4339828491211,25.0422039031982,11.3974933624268,21.4300308227539,5.26463651657104,53.586727142334,2.14045143127441,6.20680475234985,4.80384683609009,2.6239538192749,1.93047940731049,1.70872616767883,7.92976236343384,22.0149784088135,25.3855590820312,4.78205394744873,NA,35.0244941711426,28.4702033996582,19.910888671875,22.2871074676514,1774.65368652344,30.5254611968994,15.1128120422363,8.24309921264648,NA,6.08249998092651,3634.45874023438,NA,7308.2373046875,12.7748050689697,6983.08447265625,85.3734283447266,1500.67700195312
2011-03-31,37440.51171875,68587,3388,NA,12.3226661682129,3.93226075172424,7.76195430755615,10.3881816864014,28.5505352020264,47.6762275695801,24.23561668396,11.380952835083,22.0552253723145,5.26831960678101,55.9766616821289,2.24408578872681,6.50863838195801,5.09327554702759,2.77849555015564,1.99594032764435,1.90906155109406,8.05745506286621,20.9485511779785,26.6233520507812,5.18903875350952,NA,36.635856628418,29.689811706543,21.1726226806641,24.6778755187988,1875.46020507812,31.2027549743652,15.7671251296997,9.10480403900146,6.74898767471313,5.64722871780396,3835.56030273438,NA,7653.330078125,12.7168226242065,6939.37060546875,87.593505859375,1644.97009277344
2011-04-30,36962.62109375,66133,3406,NA,12.4888153076172,3.88433742523193,7.28802490234375,9.59166240692139,29.565465927124,49.9191436767578,21.7232227325439,10.9111604690552,22.673168182373,5.16847944259644,52.5692481994629,2.11019062995911,6.4976634979248,4.96776723861694,3.05112528800964,1.95885825157166,1.9098995923996,7.56476020812988,19.4867839813232,27.9605941772461,5.50665855407715,NA,37.9100151062012,32.7898979187012,21.5907249450684,26.0917510986328,1996.58154296875,35.2586479187012,17.2743091583252,10.0215692520142,6.71473169326782,5.45748090744019,3972.00122070312,NA,8159.77294921875,13.5559015274048,6864.22119140625,86.9182357788086,1803.87585449219
2011-05-31,35832.7890625,64620,3251,NA,12.0625495910645,3.73512768745422,6.91661262512207,9.00126266479492,27.5977478027344,49.2232666015625,22.840763092041,10.0741291046143,22.1324367523193,5.02986526489258,55.2107963562012,1.92809307575226,2.08297920227051,4.89384603500366,3.01632070541382,1.90718603134155,2.02389883995056,7.56476020812988,18.2510414123535,28.2396659851074,5.38742685317993,NA,38.4089775085449,33.7900009155273,22.8827667236328,26.2492961883545,1959.41467285156,32.3121795654297,16.9914093017578,10.8089551925659,6.68181848526001,5.00092220306396,4155.837890625,NA,7866.9404296875,14.0503072738647,7149.318359375,93.6821441650391,1743.30676269531
2011-06-30,36558.0703125,62404,3361,NA,11.9466361999512,3.85410761833191,6.78828287124634,8.80111885070801,27.2703056335449,53.5985107421875,21.354377746582,10.3222608566284,21.811767578125,5.07008504867554,46.8940315246582,1.91508603096008,1.91622412204742,5.06431293487549,3.31562066078186,1.93855261802673,1.9480391740799,7.62539958953857,17.3585586547852,27.6679267883301,5.71517562866211,NA,45.0418815612793,34.9510841369629,23.0612716674805,26.4258403778076,1857.95751953125,30.6728076934814,17.6930160522461,10.9789934158325,6.89802551269531,4.76969337463379,3918.6474609375,NA,8085.953125,13.5991649627686,7050.630859375,99.8933563232422,1773.40576171875
2011-07-31,35999.33984375,58823,3322,NA,12.1298551559448,3.33467078208923,6.79934310913086,8.82970714569092,26.2981948852539,58.566291809082,23.837194442749,10.0536041259766,20.3781871795654,4.76226282119751,53.2119407653809,1.82749426364899,1.67692840099335,4.75517749786377,2.9779064655304,1.65884447097778,1.93630409240723,6.26101398468018,18.0397987365723,27.0145149230957,5.48741626739502,NA,41.7778587341309,34.7350616455078,23.9793014526367,26.2555561065674,1667.20751953125,25.9764518737793,17.5364761352539,11.7257165908813,7.55007743835449,4.13494253158569,3555.50390625,NA,7397.76220703125,13.223653793335,6755.22607421875,92.9919891357422,1564.41430664062
2011-08-31,35721.1015625,56495,2965,NA,10.7895212173462,3.0072283744812,5.9484486579895,7.61056232452393,25.5563125610352,57.663688659668,23.3791027069092,10.1534748077393,20.8120346069336,4.87937450408936,54.2685546875,1.86101424694061,1.75514352321625,4.41599273681641,3.37238669395447,1.56267321109772,1.92792201042175,5.04822683334351,18.1991214752197,26.52854347229,5.68244361877441,NA,40.1212997436523,34.7134666442871,20.7916984558105,26.0496215820312,1615.56726074219,24.8281059265137,17.042329788208,11.7442016601562,7.97017049789429,3.93872928619385,3448.7548828125,NA,6558.9970703125,13.6837463378906,6711.2197265625,85.6321334838867,1422.59619140625
2011-09-30,33503.28125,52324,2464,NA,8.71108818054199,2.57005405426025,4.6248345375061,5.88148260116577,20.972038269043,62.0113792419434,18.2623081207275,10.186764717102,19.9946460723877,4.5869026184082,50.2163925170898,2.03107762336731,1.65355896949768,3.66089415550232,2.86553335189819,1.5567934513092,1.83152616024017,3.34274482727051,13.467453956604,24.9154300689697,5.11173534393311,NA,37.2888984680176,25.8190860748291,22.4322528839111,22.1753692626953,1563.53955078125,25.5012798309326,13.8586797714233,9.77759170532227,7.97017049789429,3.25412964820862,3319.99560546875,NA,5724.435546875,12.610203742981,6601.19775390625,83.4274291992188,1282.60314941406
2011-10-31,36159.98828125,58338,2906,NA,9.93456077575684,3.16762828826904,5.64488697052002,7.07611846923828,23.3438110351562,62.046875,20.5673732757568,11.4251556396484,21.6294326782227,4.78264045715332,59.2466201782227,2.09407448768616,1.96959793567657,4.5077748298645,3.20415282249451,1.76425659656525,1.91995894908905,4.41909265518188,16.5338726043701,27.9374618530273,5.41342449188232,NA,41.056770324707,31.5920562744141,23.3332862854004,24.8348217010498,1741.95935058594,27.4507160186768,15.4052419662476,11.0924835205078,7.97017049789429,4.11672353744507,3688.74267578125,NA,6862.43212890625,13.4941186904907,6569.7314453125,91.3060150146484,1457.53637695312
2011-11-30,36829.1484375,56875,2563,NA,9.09006500244141,2.95002508163452,5.64760494232178,7.13184785842896,23.7033424377441,64.6148071289062,20.6030158996582,11.0121736526489,23.2013320922852,4.49152994155884,59.1594848632812,1.94418525695801,1.87987148761749,4.08874177932739,3.26959252357483,1.72341787815094,2.09514808654785,4.81325006484985,17.1456851959229,28.4806137084961,5.63984107971191,NA,40.173267364502,30.9656200408936,23.9708042144775,22.9954891204834,1748.65063476562,25.863187789917,12.581826210022,10.3089017868042,8.08570861816406,3.53601598739624,3506.69067382812,NA,6114.76220703125,13.392614364624,5741.61181640625,83.3579330444336,1283.96423339844
2011-12-31,37077.51953125,56754,2463,NA,8.38631725311279,3.10499835014343,5.29167461395264,6.56637239456177,21.7002391815186,67.6893844604492,20.6932468414307,9.9946346282959,24.0816078186035,4.4520411491394,59.622428894043,2.04906272888184,1.86464929580688,4.22374820709229,3.43497610092163,1.88401889801025,2.18064785003662,5.60914182662964,16.6224384307861,28.9053287506104,5.26934242248535,NA,38.653133392334,29.4750099182129,24.2258129119873,23.8541431427002,1658.40832519531,26.9561176300049,14.2773838043213,10.4465093612671,8.1033296585083,3.59587001800537,3256.142578125,NA,6415.32958984375,14.1221990585327,6183.27783203125,84.7567138671875,1375.94567871094
2012-01-31,37422.6796875,63072,2787,NA,9.89155292510986,3.33921337127686,6.35000848770142,8.14299488067627,26.6771659851074,63.7750396728516,23.411735534668,10.1887702941895,25.3076915740967,5.1076340675354,61.9044952392578,2.1254391670227,2.09107112884521,4.5300555229187,3.48256754875183,1.91074287891388,2.44510865211487,6.69306945800781,19.1064414978027,30.1672306060791,5.92180824279785,NA,39.3677253723145,32.1515655517578,24.6508255004883,24.8353843688965,1550.47351074219,31.5112934112549,15.3712892532349,10.6414499282837,8.08570861816406,4.37397813796997,3388.80615234375,NA,6768.93310546875,16.1999206542969,6218.40771484375,83.5934829711914,1410.6142578125
2012-02-29,37816.69140625,65812,2648,NA,9.82900142669678,3.52279877662659,6.47732734680176,7.95374822616577,26.7921314239502,65.5378952026367,23.032995223999,10.3226556777954,25.1316337585449,5.22333478927612,66.9315795898438,2.09935736656189,2.18620681762695,4.60428428649902,4.02155160903931,2.00427436828613,2.94992733001709,7.45864105224609,17.8123798370361,31.2412738800049,6.54722118377686,NA,38.7830581665039,32.3924102783203,24.4808216094971,25.5976715087891,1726.5751953125,31.9101696014404,15.2788724899292,11.2492008209229,8.21780109405518,4.80968952178955,3851.11450195312,NA,7554.9833984375,18.4584579467773,6318.1669921875,91.6922607421875,1520.74768066406
2012-03-31,39521.23828125,64511,2684,NA,9.1213436126709,3.25011992454529,5.84050035476685,7.11420202255249,29.3013114929199,73.0126495361328,22.9817485809326,10.7176208496094,27.0745105743408,4.95554065704346,71.7952651977539,2.18352794647217,2.1610152721405,4.44399785995483,4.17315864562988,1.90242457389832,3.1687273979187,7.80428552627563,17.5631427764893,32.7448234558105,6.95046281814575,NA,39.7250175476074,32.1132583618164,25.3818550109863,26.0617656707764,1793.798828125,31.9899463653564,16.2369861602783,11.7078876495361,8.21780109405518,4.45358753204346,3801.06274414062,NA,7507.64013671875,19.3783721923828,6262.74658203125,93.0115661621094,1508.20642089844
2012-04-30,39461,61820,2272,NA,8.89932346343994,2.65845084190369,5.06359338760376,6.30796337127686,32.3669548034668,74.0480117797852,22.8849449157715,11.4941635131836,23.782735824585,4.50295305252075,72.5723648071289,2.22102236747742,2.061039686203,4.07301712036133,4.22140407562256,1.6878217458725,3.40435671806335,7.42589664459229,18.2111663818359,32.0486679077148,6.73326206207275,NA,44.0777130126953,31.9052543640137,26.5490283966064,27.3394603729248,1721.82861328125,35.1011810302734,15.9994707107544,11.2403297424316,9.30992603302002,4.34259414672852,3817.1826171875,NA,7249.9208984375,21.6856498718262,6318.1669921875,93.0444183349609,1437.64331054688
2012-05-31,37872.94921875,54490,2257,NA,7.33993673324585,2.45298886299133,4.36428546905518,5.2921462059021,33.1262474060059,78.9546890258789,21.8422298431396,11.0523366928101,21.9631252288818,3.83015942573547,69.1685333251953,2.29380702972412,1.85809552669525,3.72195744514465,3.72327828407288,1.64124763011932,3.23013639450073,6.3459095954895,16.0273723602295,30.2615814208984,6.64652061462402,NA,47.2774429321289,28.5951194763184,26.873628616333,23.8650894165039,1565.04516601562,32.1408729553223,14.5581331253052,9.32548332214355,9.5301923751831,3.69017696380615,3775.6728515625,NA,6410.875,19.9628677368164,6052.14013671875,87.0883178710938,1392.28161621094
2012-06-30,40199.55078125,54355,2347,NA,7.95727777481079,2.36105561256409,4.18879079818726,5.07840251922607,35.621955871582,83.3783874511719,22.8568153381348,11.5142450332642,22.7867374420166,3.79539370536804,69.789421081543,2.15668034553528,1.99429094791412,3.80975151062012,3.76992869377136,1.58619821071625,3.50261211395264,7.07903909683228,17.7512321472168,30.6104221343994,6.30380725860596,NA,51.4882926940918,30.6309394836426,28.0097389221191,25.0940589904785,1560.35290527344,34.8714828491211,15.1546154022217,9.76767635345459,9.85385799407959,4.06615543365479,3772.42041015625,NA,6806.85595703125,18.6992702484131,6535.3603515625,91.9181518554688,1448.408203125
2012-07-31,40704.28125,56097,2400,NA,7.2357120513916,2.68298006057739,4.39430522918701,5.31108331680298,36.7948951721191,79.654655456543,21.4905891418457,11.9859352111816,24.0508899688721,4.23653888702393,64.2734603881836,2.05968618392944,2.23749732971191,3.93276762962341,3.75417518615723,1.79333555698395,3.97933053970337,7.31553268432617,18.1850051879883,29.7583351135254,6.91970252990723,NA,55.6792068481445,32.9748992919922,28.2916240692139,25.0940589904785,1561.08679199219,36.9355087280273,14.6989402770996,9.21888637542725,9.88622760772705,4.22397661209106,3823.30419921875,NA,6466.23291015625,19.1819171905518,6535.3603515625,78.5116653442383,1317.88159179688
2012-08-31,39421.6484375,57061,2408,NA,6.56224822998047,2.70875072479248,4.7522234916687,5.71963024139404,34.7590446472168,77.8277587890625,22.7849826812744,10.9152822494507,22.4675064086914,4.52883863449097,66.8180236816406,2.23661231994629,2.10196089744568,4.21237421035767,3.75296235084534,1.74481773376465,3.91655707359314,7.68603944778442,18.4626522064209,29.2565937042236,7.46944761276245,NA,55.1071281433105,33.9157867431641,24.5159950256348,23.3166999816895,1572.15454101562,34.8634567260742,14.5287981033325,8.43715858459473,10.213451385498,4.16381740570068,3555.958984375,NA,6371.8203125,19.3897266387939,6174.78857421875,77.2530212402344,1293.87963867188
2012-09-30,40799.23828125,59176,2452,NA,7.17557954788208,2.61794543266296,5.09628534317017,6.20663928985596,37.5957908630371,82.9864349365234,24.7419738769531,11.0768899917603,23.1187324523926,4.90082502365112,69.4512557983398,2.63585472106934,2.40870237350464,4.1250958442688,3.78446936607361,1.68780934810638,3.77508759498596,8.44281768798828,19.4952907562256,28.6813201904297,7.39656686782837,NA,60.8613052368164,33.9157867431641,27.3690738677979,24.3930568695068,1622.46875,35.4497261047363,14.3234510421753,8.58323764801025,10.5805549621582,4.43425607681274,3893.2900390625,NA,6440.07373046875,19.7517108917236,5363.50146484375,75.5845108032227,1360.64147949219
2012-10-31,41619.9609375,57068,2323,NA,7.58186435699463,2.49915719032288,4.7406759262085,5.73856925964355,37.6816635131836,83.1847915649414,24.5914878845215,11.1778964996338,24.6893520355225,4.28229331970215,71.7019958496094,2.6034939289093,2.55617427825928,4.02232313156128,4.15508413314819,1.66351175308228,3.91109800338745,9.3572587966919,21.6173038482666,31.0689086914062,7.42895078659058,NA,63.2028770446777,31.8304309844971,26.0535869598389,26.1537895202637,1487.22521972656,38.3174362182617,13.8255290985107,8.69378757476807,12.5396509170532,4.09853887557983,4011.88549804688,NA,6382.59716796875,19.8455581665039,5588.859375,80.18505859375,1334.85375976562
2012-11-30,41833.51953125,57475,2419,NA,7.21353101730347,2.59810876846313,4.05255174636841,4.86195516586304,38.3912544250488,89.3502883911133,24.6618118286133,10.4065971374512,25.9024429321289,4.35197687149048,77.5561294555664,3.04094243049622,2.54821300506592,4.328049659729,4.43688821792603,1.79621851444244,3.9347517490387,9.0813512802124,22.1803169250488,31.2465972900391,7.41851377487183,NA,62.6507530212402,31.142650604248,26.0535869598389,26.2559242248535,1413.47680664062,42.6755409240723,13.6933279037476,8.66220378875732,12.4884176254272,3.95865774154663,3922.62475585938,NA,6119.1611328125,19.4869251251221,5352.23486328125,79.0922393798828,1271.03942871094
2012-12-31,43705.828125,60952,2854,NA,8.67444610595703,2.84977054595947,4.45896053314209,5.26779413223267,43.2238235473633,91.2196960449219,27.3987636566162,10.1015186309814,27.0261325836182,5.15090084075928,81.2482223510742,3.01958680152893,2.77842593193054,4.53690099716187,5.13916683197021,1.85282146930695,3.95158243179321,10.0115594863892,23.1335315704346,33.6324615478516,7.80874252319336,NA,63.9213180541992,32.2583312988281,28.5906028747559,27.3605651855469,1465.65405273438,50.5751304626465,14.4865503311157,9.49920463562012,14.3376064300537,4.19179391860962,4033.36767578125,NA,6274.25830078125,19.9997425079346,5566.32373046875,85.7759704589844,1292.99401855469
2013-01-31,45278.05859375,59761,3462,NA,8.34750080108643,2.98434925079346,4.17724466323853,4.94582891464233,45.502384185791,96.8490447998047,27.7679786682129,10.8472700119019,26.3174381256104,4.90945243835449,86.8861465454102,2.82499074935913,2.76651763916016,4.80340814590454,5.66442680358887,1.92739415168762,4.08031558990479,10.9338836669922,24.0684013366699,34.0713920593262,7.65392208099365,NA,64.5000762939453,31.8106231689453,28.0866165161133,28.5646305084229,1653.30078125,49.9121208190918,15.3560495376587,10.2418727874756,14.8093118667603,4.11718940734863,4480.02001953125,NA,6744.73828125,21.2164173126221,5628.29638671875,92.5702590942383,1335.92541503906
2013-02-28,44120.98828125,57424,3049,NA,7.85914945602417,3.0600700378418,3.86320090293884,3.96910929679871,49.2237548828125,100.813591003418,29.5637512207031,9.08458614349365,25.621509552002,5.29979372024536,83.1441879272461,2.98744559288025,2.66133427619934,4.7084903717041,5.45604944229126,1.97519588470459,4.36552858352661,10.8156366348267,23.2271862030029,34.1278877258301,7.85049772262573,NA,63.994514465332,31.0159168243408,29.615665435791,26.6866130828857,1691.47595214844,50.1223487854004,14.7763833999634,10.7218332290649,14.7275247573853,3.87939214706421,4515.43408203125,NA,6743.4443359375,19.2891712188721,5521.25244140625,91.5847244262695,1334.68212890625
2013-03-31,44077.08984375,56352,3381,NA,7.15559244155884,3.11909031867981,4.19110012054443,4.48317289352417,51.2167930603027,98.0341796875,29.3929023742676,8.81340599060059,25.7938995361328,5.5206413269043,92.0528717041016,2.94400930404663,2.70698022842407,4.90851211547852,5.14428567886353,2.00073289871216,4.27819013595581,11.8483247756958,23.0919628143311,33.7739334106445,7.56464147567749,NA,61.5664520263672,31.0327033996582,33.7329902648926,26.1636714935303,1678.14318847656,55.6690330505371,14.4763813018799,10.8519887924194,15.1475715637207,3.59945130348206,4636.15478515625,NA,6345.5869140625,18.2735977172852,5070.53857421875,92.3905029296875,1256.57141113281
2013-04-30,42263.48046875,55910,3846,NA,7.26404809951782,2.95044565200806,4.79032611846924,5.25496006011963,47.6139984130859,97.4133834838867,25.6046447753906,8.81340599060059,25.1497955322266,5.18201684951782,83.4823226928711,2.96322822570801,2.79252505302429,4.78733921051025,5.03995800018311,1.93093907833099,3.94672966003418,11.2236671447754,20.4859008789062,33.2740440368652,7.48210430145264,NA,67.6100463867188,27.6971740722656,33.8937530517578,28.0333862304688,1521.87036132812,56.040958404541,14.0951461791992,11.0927696228027,17.3593044281006,3.66481256484985,4395.28564453125,NA,6219.83544921875,16.9428443908691,4833.91259765625,89.8971481323242,1255.54772949219
2013-05-31,41588.3203125,53506,3489,NA,6.12067174911499,2.90168762207031,4.47129011154175,4.87627363204956,42.5125045776367,98.969596862793,25.0851745605469,8.71171283721924,24.5509872436523,5.23237657546997,76.2921752929688,3.20064830780029,2.84640455245972,4.65742826461792,4.66363716125488,2.01969051361084,3.76198959350586,12.2402725219727,19.2583141326904,34.1734046936035,7.22427558898926,NA,68.1636734008789,26.1365852355957,32.452564239502,23.9506149291992,1528.10424804688,54.5478210449219,12.8835134506226,10.3123569488525,16.5795478820801,2.85675597190857,4708.3046875,NA,6205.66015625,15.4398193359375,4577.1416015625,86.1317977905273,1432.97180175781
2013-06-30,40623.30078125,47457,2976,NA,5.58936309814453,2.4938325881958,3.51658296585083,3.67984437942505,39.8967475891113,95.4379730224609,22.2215347290039,9.53203582763672,23.7439041137695,4.59988975524902,70.9369735717773,3.18956851959229,2.50304770469666,3.78681635856628,4.57669973373413,1.76682591438293,3.1699800491333,11.2810544967651,17.0759086608887,33.9972114562988,6.96665954589844,NA,67.0226516723633,22.7421493530273,33.6707153320312,23.5512142181396,1458.61376953125,49.6398963928223,12.9364213943481,9.52359294891357,16.1796360015869,2.66973352432251,4666.0322265625,NA,6172.28466796875,14.9803619384766,4271.6142578125,84.5607757568359,1351.06274414062
2013-07-31,40837.87890625,48234,3358,NA,5.83164119720459,2.46235179901123,3.43982291221619,3.74295926094055,42.2975730895996,90.513671875,23.3302307128906,9.22976398468018,22.7480659484863,4.72708511352539,65.8534164428711,3.19386601448059,2.49898457527161,3.55963635444641,4.65742826461792,1.80125856399536,3.2749457359314,12.0681066513062,16.1176261901855,34.0806694030762,7.17285203933716,NA,64.5853576660156,16.3022956848145,37.0592422485352,23.9472122192383,1348.87023925781,51.6713180541992,11.9364290237427,8.96018314361572,15.2377853393555,2.96429252624512,4329.666015625,NA,6263.39453125,16.2376327514648,4634.78759765625,78.6365814208984,1319.02661132812
2013-08-31,39492.37109375,50008,3936,NA,6.12492322921753,2.37620520591736,3.42063331604004,3.71003007888794,43.5172424316406,89.8741455078125,22.7234783172607,8.79220581054688,20.854024887085,4.98361301422119,67.2116088867188,3.19386601448059,2.41427063941956,3.38729596138,4.30967330932617,1.81681859493256,2.74171757698059,12.4370365142822,17.0785331726074,33.8488311767578,6.94994115829468,NA,57.1113929748535,14.5853729248047,33.3275756835938,22.9551429748535,1187.85925292969,53.6133613586426,11.7776985168457,8.2340259552002,14.7547693252563,3.37245869636536,4150.7099609375,NA,6262.37109375,15.9063968658447,5326.5478515625,81.8900833129883,1311.75341796875
2013-09-30,40185.23046875,52338,4784,NA,6.63497829437256,2.75694632530212,4.01312685012817,4.25061798095703,42.5998802185059,90.2436294555664,23.2707462310791,9.03149604797363,22.4031085968018,5.66244411468506,71.2141571044922,3.08838129043579,2.54805183410645,4.04923439025879,4.8424916267395,1.95707488059998,3.02862548828125,12.0189161300659,16.9170627593994,35.1796035766602,7.26775455474854,NA,55.0656585693359,17.1973457336426,34.9060211181641,24.1504440307617,1292.06652832031,56.8148880004883,13.9099607467651,9.40696430206299,13.651647567749,3.5039746761322,3961.71899414062,NA,6663.53173828125,16.3836612701416,5447.60595703125,81.4745254516602,1331.70886230469
2013-10-31,41038.6484375,54256,5165,NA,6.99266958236694,3.01031184196472,4.35614967346191,4.78297472000122,43.5112457275391,86.7262802124023,24.6660442352295,9.5305871963501,22.0776672363281,6.51673984527588,75.7267227172852,3.32858872413635,2.5974497795105,4.20948123931885,4.64854097366333,2.0984194278717,3.32253098487854,11.3630409240723,17.358003616333,36.352710723877,8.09980487823486,NA,52.2907638549805,15.5423431396484,37.599681854248,23.5586490631104,1204.87158203125,60.6950645446777,12.9946222305298,9.29796600341797,15.2780990600586,3.72473478317261,4192.48876953125,NA,6971.35107421875,16.8680458068848,5395.72314453125,86.9173126220703,1319.28869628906
2013-11-30,42499.12890625,52482,5719,NA,6.6871223449707,2.74979329109192,3.96755027770996,4.37410259246826,46.8237037658691,90.2277297973633,23.2534694671631,10.5347909927368,22.6611843109131,5.64872646331787,71.2363204956055,3.603111743927,2.45162987709045,3.87646913528442,4.72987461090088,2.01796197891235,3.40930271148682,11.8467493057251,15.6541910171509,35.7777481079102,7.70953130722046,NA,55.4572525024414,14.0787448883057,35.3062629699707,21.2921848297119,1121.88635253906,60.4529418945312,11.8306112289429,8.15772914886475,15.6001272201538,3.66081690788269,4086.8564453125,NA,6841.009765625,14.5422840118408,5107.490234375,83.9425277709961,1206.380859375
2013-12-31,42958.8203125,51507,5391,NA,6.65656757354736,2.67090439796448,3.52378058433533,3.78137707710266,47.6096572875977,93.3203430175781,26.0965595245361,10.507212638855,22.3079280853271,5.42899131774902,73.5813140869141,3.57396745681763,2.29983234405518,3.70909762382507,4.59848928451538,1.97662031650543,3.70320844650269,12.5682096481323,17.9056491851807,35.3789825439453,7.57263469696045,NA,55.6862297058105,15.0281505584717,34.977424621582,20.7404098510742,1095.83984375,60.0984115600586,12.470814704895,8.05712223052979,16.1104869842529,3.70811486244202,3901.19189453125,NA,6544.8115234375,13.6946048736572,5245.841796875,79.868049621582,1121.20874023438
2014-01-31,40879.75,47639,6019,NA,5.93634843826294,2.41019225120544,2.85452580451965,3.07614064216614,44.2985458374023,88.2378082275391,25.9110107421875,9.72124099731445,20.9341259002686,4.64801836013794,73.1322708129883,3.14270520210266,1.99415838718414,3.11937665939331,4.15341901779175,1.87001645565033,3.11539793014526,13.5520257949829,17.4503688812256,31.6741580963135,6.97582197189331,NA,50.5006637573242,14.4648847579956,30.7458686828613,18.5910549163818,909.956909179688,60.401065826416,10.306809425354,8.08947944641113,16.4456481933594,3.33446598052979,3599.06323242188,NA,6036.82275390625,12.2022657394409,4277.3779296875,75.4856567382812,1023.56036376953
2014-02-28,38782.890625,47094,5784,NA,6.18515110015869,2.66886281967163,2.796954870224,3.07339763641357,45.1433792114258,82.638313293457,24.5254859924316,9.16278839111328,18.3762340545654,4.63536500930786,72.0124664306641,3.54055523872375,2.09397029876709,3.51296830177307,4.57256984710693,1.88860511779785,3.00903177261353,14.2160997390747,19.1013717651367,33.0281143188477,7.12677669525146,NA,47.7772064208984,17.8851222991943,30.0708961486816,21.3665981292725,984.657409667969,59.7265892028809,11.417914390564,7.94046258926392,16.1645755767822,2.9560866355896,3848.71215820312,NA,6934.1689453125,12.227198600769,4381.14208984375,82.2745590209961,1172.99670410156
2014-03-31,40461.6015625,50415,6374,NA,6.03674364089966,2.97876930236816,3.32708191871643,3.60849833488464,46.0878982543945,88.550910949707,24.8265647888184,8.96284580230713,20.2668476104736,5.18660306930542,76.4584884643555,3.67875003814697,2.33934164047241,4.09015321731567,4.7059383392334,2.06618499755859,2.953049659729,13.5274276733398,18.2248764038086,33.6326904296875,7.57734155654907,NA,53.6298866271973,18.4309692382812,30.4949188232422,24.0713291168213,1051.01953125,59.3979873657227,12.4020328521729,9.23921298980713,16.2647094726562,3.04638504981995,4013.76611328125,NA,6684.54443359375,14.5280313491821,5067.1376953125,87.5874252319336,1106.38684082031
2014-04-30,40711.55859375,51626,6782,NA,5.93320322036743,3.2807776927948,3.76317143440247,3.93629479408264,45.5106925964355,86.9344024658203,23.6584072113037,9.03179264068604,21.9099006652832,5.32081985473633,87.2061538696289,4.0597357749939,2.37053322792053,4.45209264755249,4.63921117782593,2.18457317352295,3.06273436546326,14.2646331787109,18.8697319030762,35.5778160095215,7.64306116104126,NA,57.329906463623,18.6024856567383,31.2737331390381,24.2631053924561,1085.9375,57.5042419433594,13.3985452651978,9.24640464782715,16.4611358642578,2.85628366470337,3984.87744140625,NA,6862.6767578125,14.2982769012451,5159.37255859375,93.9494476318359,1105.60229492188
2014-05-31,41362.51171875,51239,7712,NA,5.72226572036743,3.10964179039001,3.79622578620911,3.99868583679199,48.7903251647949,88.8640289306641,25.6114139556885,8.79048538208008,21.9576396942139,5.22490835189819,91.2962417602539,3.9239616394043,2.30511593818665,4.17910051345825,4.50483417510986,2.1008083820343,3.1733124256134,14.1196842193604,18.6692333221436,35.7581939697266,8.18117332458496,NA,57.5706176757812,17.6344604492188,32.1910018920898,23.7516803741455,1132.56591796875,58.0391044616699,13.8567571640015,8.77100086212158,15.2989225387573,2.83770871162415,4291.99951171875,NA,6807.75341796875,13.9245166778564,5326.5478515625,96.3206634521484,1046.77258300781
2014-06-30,42737.171875,53168,7887,NA,5.93769073486328,3.17487549781799,3.97675681114197,4.14899063110352,48.690616607666,88.5363616943359,26.1497821807861,9.20415306091309,23.265043258667,5.7428879737854,90.8404922485352,4.27870988845825,2.44955158233643,4.3790431022644,4.50483417510986,2.1389594078064,3.42647933959961,14.6483201980591,19.0775547027588,35.962947845459,8.39779949188232,NA,60.4591293334961,17.0921306610107,32.9438552856445,24.8042659759521,1061.56567382812,58.6914176940918,14.6020421981812,8.94546127319336,17.6184749603271,2.81382179260254,4199.193359375,NA,6699.8134765625,13.7490797042847,5286.19482421875,100.872657775879,1063.025390625
2014-07-31,43817.69140625,55829,8188,NA,6.440354347229,3.40172863006592,4.27679252624512,4.52050018310547,46.202564239502,90.5460510253906,28.4121017456055,10.7764043807983,21.9911689758301,6.40614986419678,86.4290542602539,4.13692951202393,2.55945372581482,4.61110305786133,4.45210981369019,2.33587098121643,2.92305588722229,14.1367378234863,20.6416931152344,35.4878005981445,8.34081363677979,NA,64.1453857421875,16.6561660766602,35.1418418884277,26.7826061248779,1042.15405273438,65.0058670043945,14.0389394760132,8.78844165802002,18.081600189209,2.8090455532074,3801.60009765625,NA,6514.52099609375,12.8680715560913,5472.86181640625,104.161102294922,1128.93701171875
2014-08-31,45628.08984375,61288,9817,NA,5.86139440536499,4.01698875427246,5.29132461547852,5.54994964599609,48.405933380127,92.4247055053711,28.885217666626,11.0545053482056,23.958589553833,8.15634346008301,90.6067657470703,4.25099897384644,2.87876868247986,5.50756406784058,4.71057653427124,2.71895551681519,3.12384295463562,14.8103227615356,20.686861038208,35.9965400695801,9.2044563293457,NA,66.1054458618164,16.4459342956543,35.6177825927734,27.1559524536133,1034.4013671875,69.4938278198242,13.1722021102905,9.39096069335938,18.4268989562988,2.77891945838928,3716.97314453125,NA,6911.22998046875,13.1884355545044,5679.048828125,107.498138427734,1293.71655273438
2014-09-30,44985.66015625,54116,12549,NA,4.94134378433228,3.09754633903503,3.78605604171753,4.02420902252197,45.108757019043,90.0217819213867,27.3467082977295,11.61070728302,22.7270050048828,5.92454099655151,89.6251525878906,4.35628938674927,2.38617873191833,4.30490970611572,4.23241186141968,2.30495882034302,2.87795162200928,14.92116355896,18.6944599151611,36.7846069335938,8.17916774749756,NA,63.3338775634766,15.7011203765869,33.696704864502,24.5152111053467,1026.99829101562,68.2848892211914,12.1950511932373,8.68568897247314,17.3515071868896,2.30376791954041,3766.88110351562,NA,6799.10693359375,11.9260396957397,5512.87255859375,102.530364990234,1246.01025390625
2014-10-31,45027.51953125,54629,11019,NA,4.58607864379883,3.29559564590454,3.10970139503479,3.31805849075317,45.5588302612305,94.3106307983398,28.1372585296631,11.2978439331055,20.9503021240234,6.4935793876648,94.071662902832,4.45692539215088,2.32433938980103,4.52845001220703,4.38203811645508,2.45911931991577,2.82120752334595,14.145263671875,18.145923614502,35.1286811828613,8.26628875732422,NA,59.6407089233398,14.2535438537598,34.0861129760742,24.4503765106201,953.607788085938,67.2651290893555,11.6981954574585,9.06579685211182,18.3680267333984,2.17418050765991,3520.59521484375,NA,6498.80908203125,10.221227645874,5076.0927734375,99.3067169189453,1249.361328125
2014-11-30,44190.46875,54664,9809,NA,4.0952000617981,3.36394357681274,2.59607934951782,2.75654006004333,41.5561561584473,96.6698379516602,27.8620548248291,11.1054878234863,20.2356376647949,6.97076177597046,96.7944793701172,4.64599895477295,2.27009630203247,4.68214702606201,4.29676008224487,2.61079502105713,2.80665755271912,14.725058555603,18.9620532989502,36.854434967041,8.03256130218506,NA,61.4976119995117,15.136510848999,33.8438148498535,22.3454933166504,924.265747070312,68.3754348754883,12.0680770874023,9.16971397399902,18.5554904937744,2.01120924949646,3643.11328125,NA,6673.2236328125,7.73838424682617,4798.6767578125,109.528434753418,1341.15856933594
2014-12-31,43145.66015625,50007,8579,NA,3.71795082092285,2.90719771385193,1.92735457420349,2.07024145126343,42.8218154907227,95.3009185791016,26.1864070892334,11.4558172225952,21.5756092071533,5.6560206413269,93.5925216674805,4.66249513626099,2.12134480476379,4.12408256530762,4.08028173446655,2.34684824943542,2.47492170333862,12.8236751556396,17.8540802001953,35.0738143920898,8.21769142150879,NA,64.1935424804688,14.5902833938599,35.2197227478027,20.8283576965332,887.121643066406,63.4621315002441,10.886664390564,7.94864368438721,17.2465286254883,1.71217978000641,3418.08862304688,NA,6428.78857421875,6.52938222885132,5093.80029296875,107.325347900391,1342.63171386719
2015-01-31,40950.578125,46908,8491,NA,3.19525623321533,2.70956707000732,1.56374990940094,1.70440375804901,40.2389755249023,91.15771484375,24.2111186981201,11.2105865478516,19.6914825439453,4.91600131988525,84.2087173461914,4.90402555465698,1.98336935043335,3.85195732116699,4.37486457824707,2.28436636924744,1.93512392044067,11.3486127853394,17.2716121673584,34.8443756103516,8.12291812896729,NA,60.9336585998535,14.5780639648438,33.0044288635254,20.1279907226562,908.740295410156,57.3248710632324,10.5112609863281,8.36842918395996,17.9287700653076,1.66394972801208,3489.533203125,NA,6730.193359375,6.21664237976074,4568.48388671875,106.636596679688,1391.43566894531
2015-02-28,44190.171875,51583,9602,NA,3.37251710891724,2.93342566490173,1.70614051818848,1.88023293018341,42.9473075866699,103.929557800293,27.8150825500488,11.2105865478516,24.9801502227783,5.66534328460693,84.851448059082,4.70478105545044,2.1730842590332,4.08869981765747,4.2884316444397,2.57940196990967,2.46473741531372,12.9174642562866,18.9126987457275,35.9915542602539,8.11827659606934,NA,65.1838989257812,15.7022695541382,36.5350570678711,17.8789882659912,895.089721679688,58.9946937561035,11.5933036804199,8.85439300537109,16.8199691772461,1.72182595729828,3766.4130859375,NA,6798.7158203125,6.37682580947876,4645.2138671875,110.365631103516,1421.49584960938
2015-03-31,43724.78125,51150,10837,NA,2.56802272796631,2.54080009460449,1.54849398136139,1.70440375804901,46.8246803283691,104.206245422363,27.710521697998,10.6850872039795,26.0178565979004,5.55935001373291,82.1695327758789,4.9058084487915,2.3972909450531,3.4565098285675,3.84816431999207,2.55508089065552,2.57677102088928,12.3376712799072,18.5378742218018,36.6299018859863,8.51259326934814,NA,64.4342575073242,11.1504459381104,37.4350242614746,17.1090049743652,866.909301757812,55.4189910888672,11.9687061309814,7.30224752426147,16.2102317810059,1.55457830429077,4010.54907226562,NA,6814.6728515625,5.80474281311035,4367.80078125,111.066871643066,1513.26794433594
2015-04-30,44582.390625,56229,12050,NA,3.60477423667908,2.94512271881104,2.20704889297485,2.69414949417114,46.4033737182617,101.271781921387,29.1314182281494,11.273642539978,25.2659015655518,6.45962285995483,90.4378280639648,4.94900321960449,2.7042875289917,3.98418140411377,4.22897243499756,2.71637153625488,2.64173436164856,13.1238040924072,20.6978797912598,36.7921447753906,8.16990280151367,NA,66.0104217529297,13.4358034133911,35.652400970459,19.8570728302002,928.484252929688,55.2878570556641,12.6927146911621,7.84448099136353,15.3557910919189,1.6323070526123,4005.59643554688,NA,6590.42626953125,6.52938222885132,4934.59912109375,116.144020080566,1520.64135742188
2015-05-31,44703.62109375,52760,10801,NA,2.95704197883606,2.45905709266663,1.96549463272095,2.36801600456238,46.1116180419922,100.574226379395,29.494665145874,11.2806510925293,26.5068817138672,5.62105798721313,83.6735000610352,5.27605772018433,2.45934367179871,3.28164339065552,3.84148406982422,2.48390650749207,2.75304341316223,12.7868423461914,19.1304759979248,37.2788619995117,7.45219993591309,NA,65.4011077880859,12.0147113800049,36.0677680969238,17.8656597137451,926.44287109375,57.2829170227051,12.4366464614868,6.80587291717529,15.9530773162842,1.35425293445587,3933.94970703125,NA,6723.93212890625,5.53014230728149,4660.78662109375,119.065551757812,1609.34045410156
2015-06-30,45053.69921875,53081,11657,NA,2.76459908485413,2.51884770393372,2.07482933998108,2.56653213500977,45.7456130981445,102.732063293457,29.3029308319092,11.5188770294189,26.6532859802246,6.07810401916504,82.3573913574219,5.88062000274658,2.56254863739014,3.44092535972595,4.09851217269897,2.51352667808533,2.44879841804504,12.7779731750488,18.7417488098145,36.6717643737793,7.17836046218872,NA,62.5435752868652,9.85538578033447,35.1851119995117,19.0042190551758,908.082458496094,57.6348838806152,11.7848434448242,6.73815155029297,15.1529912948608,1.17824864387512,3785.875,NA,6451.58837890625,5.46302127838135,4375.0673828125,114.975067138672,1541.37634277344
2015-07-31,44752.9296875,50865,11101,NA,2.46889519691467,1.99667513370514,1.56374990940094,1.92844426631927,45.111701965332,107.231254577637,27.2496376037598,10.895899772644,27.2877216339111,5.51986026763916,78.1956405639648,5.81321048736572,2.29685091972351,2.98459362983704,3.81632018089294,2.36965489387512,2.59275889396667,12.1749877929688,17.7540054321289,37.7760543823242,6.55636024475098,NA,67.9154357910156,8.31125354766846,37.4090576171875,17.0596046447754,851.290649414062,64.3662872314453,11.7499284744263,6.29797220230103,15.7175197601318,0.845797002315521,3719.5078125,NA,6410.06201171875,4.65139675140381,4302.28564453125,114.884536743164,1592.06140136719
2015-08-31,43721.9609375,46626,11033,NA,2.32339000701904,1.70637536048889,1.28151226043701,1.66186499595642,42.7763214111328,109.616600036621,26.4142475128174,10.6697864532471,28.3112697601318,4.49763011932373,65.2005844116211,5.20423650741577,2.39990139007568,2.396320104599,3.54084634780884,2.07697129249573,2.33452129364014,11.6429424285889,17.0487594604492,38.3157501220703,5.26623725891113,NA,66.9208984375,9.64621925354004,37.2792549133301,15.247576713562,831.572875976562,66.962043762207,11.1912384033203,5.40117120742798,14.7646980285645,0.731269180774689,3625.33959960938,NA,6436.76416015625,4.31768274307251,3989.8291015625,108.779930114746,1679.78540039062
2015-09-30,42632.5390625,45059,9815,NA,1.97136068344116,1.54404032230377,0.935707330703735,1.23363709449768,44.0477409362793,111.025810241699,25.4622135162354,10.114161491394,29.2848377227783,3.89744329452515,63.0545082092285,4.81611251831055,2.46668934822083,2.01804137229919,3.31877207756042,2.04123687744141,2.35084700584412,10.4547052383423,17.0871295928955,38.8241233825684,5.74327707290649,NA,66.6617813110352,8.944899559021,37.0456085205078,14.3876314163208,800.166137695312,66.6628875732422,10.6034479141235,4.44699192047119,14.3615369796753,0.676918506622314,3655.68359375,NA,6001.451171875,3.54313635826111,4103.9951171875,99.173210144043,1590.75732421875
2015-10-31,44542.76171875,45869,12461,NA,2.08694767951965,1.59865260124207,1.01453042030334,1.38394224643707,47.3193969726562,120.551300048828,25.0390853881836,10.6122856140137,30.7452011108398,4.09488105773926,67.0976715087891,4.48880290985107,2.53792929649353,2.05005574226379,3.29845333099365,2.05838942527771,2.48441767692566,9.28420543670654,17.7521953582764,39.1612663269043,6.14545345306396,NA,74.0647430419922,11.9224319458008,40.5589332580566,15.468936920166,896.334655761719,65.1399154663086,11.0515661239624,5.05884027481079,14.9251298904419,0.686800599098206,3952.51196289062,NA,6156.34423828125,3.83977007865906,4205.09423828125,103.212783813477,1515.810546875
2015-11-30,43418.55078125,45120,12972,NA,1.61307621002197,1.6532609462738,0.984018564224243,1.35274648666382,47.7510986328125,118.526954650879,22.6936454772949,10.1230401992798,31.2664203643799,4.21570730209351,62.6098709106445,4.73818349838257,2.5676634311676,2.02164316177368,3.23072290420532,2.07268500328064,2.80795621871948,9.31967353820801,16.4779071807861,37.9250984191895,6.28018379211426,NA,73.0842132568359,10.3290843963623,39.7022323608398,12.6629037857056,893.784729003906,64.9364547729492,10.521975517273,4.58643913269043,16.0667686462402,0.78610110282898,3653.98754882812,NA,5792.962890625,3.45661854743958,4126.20947265625,97.9228668212891,1321.87219238281
2015-12-31,42977.5,43350,11675,NA,1.57478332519531,1.53187561035156,0.864512324333191,1.2194572687149,50.6858406066895,119.413536071777,23.0063190460205,9.42339038848877,30.988525390625,3.8748414516449,57.6952209472656,4.67812252044678,2.51212787628174,1.89536356925964,3.04746794700623,2.00217652320862,2.80944061279297,8.3619909286499,16.7276706695557,38.6261291503906,5.86654567718506,NA,73.3153457641602,11.9213094711304,39.7628059387207,12.0755882263184,844.093505859375,62.7869338989258,10.2659091949463,4.43373870849609,15.8498210906982,0.597038865089417,3849.62182617188,NA,5821.86572265625,2.88806867599487,4523.728515625,96.7856826782227,1357.65856933594
2016-01-31,43630.76953125,40406,11306,NA,1.17271101474762,1.48101794719696,0.617871999740601,0.98407369852066,50.4937477111816,126.934577941895,21.9932651519775,8.30832576751709,32.4777450561523,3.64087796211243,60.0902976989746,4.83770990371704,2.36679840087891,1.80269515514374,3.19095897674561,2.00217652320862,3.16414499282837,7.27129602432251,16.599588394165,39.3164520263672,5.21690559387207,NA,75.9277496337891,10.1779527664185,43.8386039733887,13.3170070648193,862.407104492188,64.4941558837891,10.0622205734253,4.30392980575562,15.1697673797607,0.452754259109497,4005.70361328125,NA,5943.4091796875,2.65323209762573,4437.9140625,97.5070648193359,1437.40051269531
2016-02-29,43714.9296875,42794,13116,NA,1.40725338459015,1.5258846282959,0.643298983573914,1.02094113826752,49.1359214782715,125.530830383301,23.927095413208,8.8767900466919,30.5264091491699,3.55938649177551,69.5046081542969,4.15061902999878,2.68052577972412,2.09287405014038,2.98271799087524,2.04032826423645,3.3555965423584,8.86743545532227,15.3499059677124,38.101692199707,5.46906757354736,NA,77.4545593261719,11.0935277938843,44.565502166748,13.5788326263428,904.22412109375,64.7860717773438,10.0040264129639,4.72840023040771,16.0076465606689,0.437828689813614,3847.662109375,NA,5623.94970703125,2.87570834159851,4750.5302734375,100.771797180176,1418.93005371094
2016-03-31,45881.078125,50055,12992,NA,2.0151481628418,2.08185362815857,1.15183544158936,1.65619289875031,52.2518424987793,123.233169555664,26.122241973877,9.83880805969238,29.3110656738281,5.25177907943726,77.6680145263672,4.43782520294189,3.54096984863281,2.94708108901978,3.56001806259155,2.44959425926208,3.55892133712769,11.1286315917969,17.7671661376953,40.3350791931152,7.06530380249023,NA,83.6458892822266,12.8870582580566,44.1933937072754,15.5716342926025,1007.9013671875,71.2699890136719,11.2610750198364,6.18469953536987,16.993579864502,0.885607600212097,3988.14477539062,NA,6137.59228515625,3.54725623130798,5332.8505859375,106.264595031738,1388.02783203125
2016-04-30,45784.76953125,53911,13724,NA,2.71398854255676,2.3107476234436,1.50018286705017,2.18651533126831,52.3805503845215,118.268356323242,27.4455986022949,8.98611068725586,31.0119037628174,5.87338495254517,87.6245651245117,4.79474639892578,3.96311831474304,3.25260806083679,3.84179592132568,2.59650874137878,3.95495510101318,11.7766628265381,19.0238838195801,40.5534439086914,7.89547872543335,NA,84.4995269775391,13.8571615219116,45.6038017272949,17.6262874603271,1059.26281738281,72.7737503051758,11.9076728820801,6.24355840682983,17.3320960998535,1.10949695110321,4358.6142578125,NA,6315.98388671875,4.09520626068115,5424.7978515625,104.379600524902,1311.12731933594
2016-05-31,45459.44921875,48472,12682,NA,1.88112413883209,1.94300639629364,1.1213231086731,1.59663844108582,51.7584457397461,124.158325195312,25.7387008666992,8.38120651245117,31.2232685089111,4.40983200073242,84.4791870117188,4.54521942138672,3.69404792785645,2.72764086723328,3.61500024795532,2.35484766960144,3.83360886573792,10.8175621032715,16.7324314117432,39.0529174804688,7.95649862289429,NA,87.2815246582031,14.6088943481445,47.3079643249512,14.8335971832275,1130.84631347656,69.4792861938477,11.079044342041,5.85619640350342,17.1209926605225,0.766199588775635,4195.13232421875,NA,5654.18505859375,3.60905528068542,5394.14892578125,100.572326660156,1289.39758300781
2016-06-30,45966.48828125,51527,14684,NA,2.42200779914856,2.29102969169617,1.47729885578156,2.0305380821228,55.2435569763184,125.975189208984,27.1235218048096,8.03866958618164,32.0031127929688,4.63821792602539,92.9934005737305,4.36108112335205,4.17668914794922,3.43108654022217,4.0617208480835,2.50853276252747,4.35644292831421,10.4210109710693,17.3297882080078,39.7135925292969,8.25561332702637,NA,93.244026184082,16.4449825286865,49.7511825561523,16.0440483093262,1165.52551269531,69.4259185791016,11.8892593383789,6.91356468200684,16.6497001647949,0.905508518218994,4349.53466796875,NA,5571.97412109375,3.93864917755127,5400.279296875,108.559883117676,1231.28833007812
2016-07-31,46660.671875,57308,15804,NA,2.75228118896484,2.53751754760742,1.85361623764038,2.46160221099854,55.3351631164551,124.910385131836,28.4831657409668,8.30791854858398,31.2305507659912,5.68303203582764,96.608772277832,4.84670352935791,4.42961025238037,3.82501602172852,3.99912762641907,2.76302003860474,4.61411380767822,13.178427696228,16.6938915252686,41.5275650024414,9.69302845001221,NA,85.815803527832,16.484899520874,48.5947799682617,15.6948652267456,1149.60510253906,68.1181945800781,12.6258153915405,7.71286582946777,16.3840618133545,1.17417645454407,4138.35205078125,NA,5653.8037109375,3.52253699302673,5698.568359375,109.412269592285,1226.99719238281
2016-08-31,47541.3203125,57901,15650,NA,2.52252602577209,2.72146129608154,2.00871968269348,2.59205603599548,55.4387397766113,128.246307373047,29.714448928833,8.29314613342285,31.3821544647217,6.30574178695679,94.4093933105469,5.25913095474243,4.18391942977905,3.92447423934937,4.10291147232056,2.86839008331299,4.40288257598877,14.3588609695435,16.6166763305664,43.1360092163086,9.69543552398682,NA,83.3753128051758,16.9638786315918,46.5080451965332,18.0426616668701,1232.724609375,68.1626739501953,12.9940929412842,7.61098003387451,15.7757196426392,1.37784457206726,4179.36474609375,NA,5707.302734375,3.65025472640991,6115.83984375,108.03311920166,1210.10095214844
2016-09-30,47245.80078125,58367,16676,NA,2.6326174736023,2.6882860660553,2.11296963691711,2.64593887329102,55.6961975097656,133.101257324219,29.9164981842041,8.33007049560547,31.1335582733154,6.22872829437256,91.7219848632812,5.637375831604,3.92695045471191,3.9931948184967,4.21361398696899,2.78653073310852,4.52273035049438,14.1651945114136,16.9255847930908,42.0598945617676,9.53909206390381,NA,82.0874633789062,17.895227432251,44.4387054443359,18.0790843963623,1218.96411132812,68.9277496337891,12.6994714736938,7.37154674530029,15.3678741455078,1.35787534713745,4154.55029296875,NA,5886.08154296875,3.60905528068542,6028.64892578125,102.985816955566,1170.22912597656
2016-10-31,48009.28125,64925,17610,NA,3.31231093406677,3.22618865966797,2.81220746040344,3.30955028533936,60.971118927002,135.935180664062,29.4050464630127,9.0833215713501,29.239803314209,8.00172901153564,89.5889053344727,5.6182222366333,4.39182996749878,4.68740320205688,4.08215475082397,3.15405893325806,5.04855966567993,15.0874080657959,18.270622253418,44.5040435791016,9.57007789611816,NA,83.6883773803711,19.465217590332,44.2648124694824,17.7271347045898,1314.05480957031,73.7930450439453,14.0252752304077,7.39826107025146,15.6498899459839,1.71232116222382,4419.41162109375,NA,6281.91796875,3.58021569252014,6221.71435546875,105.964385986328,1264.99194335938
2016-11-30,45315.9609375,61906,17442,NA,4.06380271911621,2.79738306999207,2.3850371837616,3.08267402648926,54.0200576782227,120.647186279297,35.641040802002,9.26765441894531,28.0617523193359,7.81622266769409,94.4154510498047,4.97021245956421,3.89968943595886,3.89726901054382,3.48263764381409,2.8767421245575,4.48827505111694,14.7646331787109,21.1667461395264,43.691234588623,8.36989593505859,NA,77.242057800293,19.0394611358643,41.1694831848145,15.5135583877563,1224.517578125,68.0595397949219,13.2948541641235,6.70467519760132,13.9778394699097,2.01987433433533,4605.8642578125,NA,6251.8671875,3.52665710449219,6165.6650390625,105.293991088867,1239.15551757812
2016-12-31,45642.8984375,60227,16918,NA,3.66926980018616,2.8233528137207,2.24010419845581,2.86714267730713,56.0358085632324,118.217887878418,35.723331451416,9.85019207000732,27.5413990020752,7.7268648147583,95.1204299926758,4.97457361221313,3.92574334144592,3.96855401992798,3.47490787506104,2.87008285522461,4.31299829483032,15.2534065246582,20.5929260253906,44.9333419799805,8.3187084197998,NA,76.8934173583984,19.5878963470459,40.8738670349121,17.1259117126465,1171.80517578125,74.8037948608398,13.4237508773804,6.8742184638977,13.9734392166138,1.56990206241608,4588.80615234375,NA,6182.06396484375,3.72853326797485,6303.9638671875,104.269187927246,1224.22595214844
2017-01-31,47001.05859375,64671,19063,NA,4.90199184417725,3.24482250213623,2.4180920124054,2.90968203544617,54.7485694885254,117.610557556152,39.5912933349609,9.95610904693604,27.4298973083496,8.55759239196777,98.6273422241211,5.10616016387939,4.39920997619629,4.70992422103882,3.8292875289917,3.21671080589294,4.69650840759277,17.7618274688721,24.732141494751,44.2922554016113,8.95804595947266,NA,80.0454254150391,22.0970668792725,40.1956825256348,17.676851272583,1174.92199707031,74.9558563232422,13.2518920898438,7.65644121170044,13.1199007034302,1.91488134860992,4552.78466796875,NA,6388.763671875,3.87273073196411,6670.3271484375,112.094146728516,1252.29724121094
2017-02-28,46856.7890625,66662,19118,NA,4.98385143280029,3.58335399627686,2.38757944107056,2.85863518714905,54.6937942504883,121.329490661621,38.7381973266602,9.75184154510498,29.0566349029541,9.10499095916748,99.193733215332,5.44956636428833,4.52531099319458,4.82214546203613,4.04242086410522,3.56119322776794,4.92571592330933,15.6868467330933,23.6867332458496,45.0420989990234,9.36644744873047,NA,80.0525436401367,21.5364322662354,41.230354309082,17.4387359619141,1195.18029785156,76.252815246582,13.4912700653076,7.464768409729,13.0067663192749,2.03487372398376,4600.40869140625,NA,6564.06201171875,3.71617388725281,7074.58935546875,122.309959411621,1291.99035644531
2017-03-31,48541.55859375,64984,20265,NA,4.57454967498779,3.38295340538025,2.34435439109802,2.74803256988525,59.7105102539062,124.493537902832,35.7759399414062,10.0620241165161,32.1972923278809,9.31619453430176,98.3983688354492,5.62716722488403,4.58954811096191,4.67421960830688,4.0921516418457,3.3746964931488,4.88227224349976,15.6315135955811,23.1892185211182,47.259407043457,10.1761932373047,NA,92.5680770874023,23.4986457824707,40.5086936950684,18.7659931182861,1263.99633789062,76.8878784179688,15.3940448760986,7.71143007278442,14.358470916748,1.72489309310913,4805.625,NA,6908.10986328125,3.83977007865906,7327.25244140625,132.361663818359,1439.49792480469
2017-04-30,49261.328125,65403,21020,NA,4.27018976211548,3.4488480091095,2.21976184844971,2.55518841743469,60.4259567260742,127.020286560059,35.1974716186523,10.8488273620605,32.9294853210449,9.06238651275635,95.0455780029297,5.72418689727783,4.52293157577515,4.81850862503052,4.07083892822266,3.51323580741882,4.55205965042114,15.9727334976196,22.8532371520996,47.7877349853516,11.5510883331299,NA,98.8080825805664,24.3054008483887,40.3142738342285,18.58713722229,1185.01977539062,77.3977203369141,15.156008720398,7.91156721115112,14.7165355682373,1.52490556240082,4621.01806640625,NA,7190.22509765625,3.8301842212677,7365.15185546875,127.485496520996,1392.02697753906
2017-05-31,48788.44140625,62711,22349,NA,4.16567373275757,3.06033158302307,2.03160357475281,2.40488314628601,59.582935333252,132.726135253906,32.2831344604492,12.1046915054321,33.1076965332031,7.87218475341797,103.618591308594,6.14460802078247,4.39892387390137,4.26296234130859,4.05663013458252,3.17931866645813,4.51007032394409,14.7893495559692,22.6669406890869,50.9637031555176,11.1491193771362,NA,96.2012481689453,24.7763671875,37.6459007263184,20.7145957946777,1168.62243652344,70.1883773803711,15.8422994613647,7.65480089187622,15.0288286209106,1.44991016387939,4865.705078125,NA,7464.6455078125,3.82599353790283,8906.40234375,125.26734161377,1429.27416992188
2017-06-30,49857.48828125,62900,21913,NA,4.35479640960693,3.10102343559265,1.89684200286865,2.26592087745667,66.3672332763672,135.060775756836,32.6475067138672,10.9698753356934,32.6427993774414,7.46599006652832,110.960716247559,5.72418689727783,4.71654367446899,4.27605152130127,3.93578314781189,3.20956492424011,4.92375183105469,16.3526840209961,22.4529800415039,51.1833457946777,11.5773401260376,NA,98.4534225463867,22.9550895690918,39.8943290710449,21.1163940429688,1134.70739746094,68.7619552612305,16.2976837158203,7.21616220474243,15.6518106460571,1.52490556240082,4769.6845703125,NA,7049.9541015625,3.80923128128052,8426.33984375,123.880073547363,1419.61120605469
2017-07-31,51011.87109375,65920,21582,NA,4.99184274673462,3.34388256072998,2.16128087043762,2.49846911430359,67.8798904418945,135.831436157227,37.0712661743164,11.8145112991333,31.8292541503906,7.99529886245728,114.517364501953,6.16321992874146,4.8932638168335,4.87562370300293,4.35875415802002,3.29140496253967,5.21768474578857,16.4965515136719,25.5068016052246,56.7914810180664,13.360613822937,NA,95.2700424194336,28.5791492462158,39.3781509399414,20.7324542999268,1191.01794433594,66.7916717529297,18.1320571899414,7.97034645080566,14.9606256484985,1.68489599227905,5301.2138671875,NA,7698.4453125,3.91399550437927,8768.4091796875,129.173309326172,1463.00427246094
2017-08-31,51210.48046875,70835,23589,NA,5.50943994522095,3.62351489067078,2.20450663566589,2.54668021202087,70.1230010986328,135.189208984375,37.8756637573242,12.6403789520264,33.8186149597168,8.60953617095947,125.46558380127,6.65783977508545,5.29219675064087,5.39589309692383,4.48779630661011,3.65860724449158,4.9999566078186,16.0265884399414,26.4843349456787,55.7859382629395,15.3299541473389,NA,94.4182739257812,32.6251411437988,37.9171142578125,21.5240268707275,1215.79479980469,65.0013275146484,18.760612487793,8.24887466430664,14.7267618179321,1.85812556743622,5525.43798828125,NA,7802.02001953125,3.8595187664032,8563.298828125,133.384338378906,1467.56726074219
2017-09-30,50346.05859375,74294,26078,NA,5.01174879074097,3.8889262676239,2.45623183250427,2.84729099273682,72.2280807495117,131.494613647461,35.7871742248535,12.510383605957,32.4266738891602,9.80950832366943,126.814002990723,6.96372318267822,5.73002290725708,5.61707639694214,4.72437286376953,3.96214199066162,5.17569351196289,15.8731317520142,25.8726558685303,59.5094757080078,14.9017486572266,NA,89.8561553955078,39.0016593933105,38.4682846069336,21.8595771789551,1260.71435546875,64.5784759521484,19.0556507110596,8.48456001281738,14.1864547729492,1.71788954734802,5443.84765625,NA,8114.888671875,3.97685432434082,8768.4091796875,128.887985229492,1503.08654785156
2017-10-31,48625.53125,74308,27935,NA,4.87239646911621,3.63761854171753,2.60624980926514,3.02028346061707,65.4412384033203,127.423286437988,40.0605545043945,12.5486173629761,33.3131561279297,9.68021583557129,129.548004150391,6.94353151321411,5.71805953979492,5.36624145507812,4.5379786491394,3.76457524299622,4.63448619842529,14.9428052902222,27.9484519958496,59.4972877502441,14.9430675506592,NA,88.0731811523438,41.8605651855469,38.7744941711426,18.0213775634766,1226.02709960938,55.9416313171387,20.0626354217529,8.27971458435059,14.1707792282104,1.65778934955597,5316.4306640625,NA,9538.7841796875,4.64734649658203,8537.6630859375,134.712524414062,1815.42456054688
2017-11-30,47092.44140625,71971,26905,NA,5.32529449462891,3.56517577171326,2.3850371837616,2.75654006004333,62.8645401000977,128.100860595703,37.7400093078613,12.4893388748169,34.5540733337402,8.46960163116455,133.660079956055,7.4656023979187,5.57910299301147,4.97314596176147,4.43761301040649,3.72865390777588,5.08549356460571,13.6767911911011,27.5175437927246,54.6341514587402,15.5163097381592,NA,92.1155548095703,38.0626983642578,38.0133514404297,18.4319305419922,1031.54919433594,53.7850532531738,17.6189403533936,7.82809686660767,13.6775960922241,1.66751706600189,4764.48779296875,NA,8447.982421875,4.86106586456299,8845.322265625,123.043762207031,1643.46398925781
2017-12-31,49354.421875,76402,29975,NA,6.15159559249878,3.70801615715027,2.49945712089539,2.91818976402283,62.0190620422363,140.807418823242,41.9973335266113,13.0219488143921,37.9134902954102,9.0287275314331,131.379959106445,7.88601016998291,5.53359222412109,5.33551692962646,4.70272302627563,3.95294785499573,5.3389892578125,14.0987958908081,31.0512866973877,60.0884246826172,17.1417675018311,NA,98.1213607788086,41.9463005065918,38.065845489502,19.0826816558838,1181.65441894531,58.8418426513672,20.0562229156494,8.11922359466553,13.686990737915,1.86842226982117,5389.912109375,NA,9448.92578125,6.13080978393555,9231.3212890625,134.820770263672,1870.98461914062
2018-01-31,50456.171875,84913,34939,NA,6.58416986465454,4.67960405349731,3.15038442611694,3.78882527351379,68.7771377563477,138.196075439453,42.6896324157715,13.4310569763184,36.694034576416,11.2589559555054,146.70751953125,7.75190448760986,6.33520889282227,6.62103080749512,5.00119256973267,4.84071731567383,5.65780591964722,14.8468952178955,31.7711391448975,62.9222030639648,20.0324077606201,NA,97.4861297607422,39.8337936401367,39.7193603515625,22.1091594696045,1224.83874511719,63.2733306884766,21.839282989502,9.28536796569824,13.7574472427368,2.25014400482178,5556.94384765625,NA,10181.6455078125,7.9076132774353,9296.330078125,138.806457519531,2136.70874023438
2018-02-28,47437.9296875,85481,33011,NA,6.90608501434326,4.64183902740479,3.32837343215942,3.98167061805725,65.0846481323242,132.866775512695,41.9527320861816,13.3307113647461,34.7406806945801,11.8604879379272,137.09294128418,7.65704965591431,6.22347021102905,6.22781991958618,4.92962265014648,5.02719306945801,5.85531568527222,11.9408168792725,34.7306022644043,61.5083541870117,20.1567363739014,NA,94.447135925293,35.2555198669434,38.5907707214355,20.2951965332031,1176.38635253906,59.983699798584,20.9413394927979,8.57911396026611,12.8661880493164,2.51132035255432,5288.076171875,NA,9347.783203125,7.33769369125366,8906.2734375,135.097213745117,2053.77099609375
2018-03-31,46124.8515625,85366,31115,NA,6.4702730178833,4.65227603912354,3.30294489860535,4.01002979278564,63.9170799255371,126.243217468262,39.475341796875,13.7398166656494,36.525074005127,11.7323913574219,143.800323486328,7.43867301940918,6.48338747024536,6.19965124130249,5.30938577651978,5.28996133804321,5.44318866729736,11.5379943847656,35.6856536865234,65.2677993774414,22.3674049377441,NA,90.7440338134766,34.7256317138672,34.802547454834,20.3943958282471,1201.88073730469,58.0262260437012,21.4929294586182,8.40939044952393,13.2437496185303,2.34486627578735,5116.65185546875,NA,9219.9912109375,8.10037899017334,8503.2158203125,138.708053588867,2057.1708984375
2018-04-30,48358.16015625,86115,30006,NA,7.03998422622681,4.33456659317017,3.34362816810608,3.99584937095642,67.3047332763672,137.632675170898,40.531494140625,13.8170080184937,41.3599281311035,10.4942417144775,150.068771362305,7.60448598861694,6.16920566558838,5.11994886398315,4.83468198776245,5.22091293334961,5.63048791885376,11.2214918136597,34.7832908630371,65.1520233154297,21.7209911346436,NA,93.3066101074219,38.7810707092285,38.0833435058594,23.1317672729492,1184.90625,60.8990058898926,22.1260871887207,7.95222568511963,14.9911918640137,2.34989786148071,5264.78857421875,NA,9738.1640625,9.54294586181641,9413.34765625,137.842269897461,2237.98876953125
2018-05-31,44662.55078125,76754,28559,NA,6.91790199279785,3.44653058052063,2.59886789321899,3.36936664581299,61.08154296875,127.543869018555,32.6311416625977,11.8872566223145,39.8398742675781,8.74281978607178,142.923263549805,7.3478684425354,5.30844354629517,4.10378742218018,3.84145426750183,4.30792427062988,4.18763589859009,11.3749465942383,32.3879585266113,63.0036544799805,19.2599544525146,NA,87.9229049682617,37.3796539306641,33.5745239257812,22.5105152130127,1119.57141113281,56.3406372070312,21.5432910919189,6.78642463684082,13.5723352432251,1.98743224143982,5237.30029296875,NA,9455.2509765625,9.28794765472412,9205.3173828125,120.077995300293,2152.95190429688
2018-06-30,47663.19921875,72763,26037,NA,6.52114057540894,3.09847235679626,2.25235223770142,2.84947276115417,69.5667572021484,134.218338012695,37.1581192016602,12.5356512069702,41.6703186035156,8.27217483520508,145.311538696289,6.95010852813721,5.04176807403564,3.58850383758545,3.4114978313446,3.87937951087952,3.72963714599609,12.5258693695068,31.049768447876,64.7596588134766,18.5318508148193,NA,89.8183059692383,34.7439155578613,34.1302719116211,23.3686237335205,1077.2880859375,61.1969528198242,21.0542831420898,6.68505144119263,14.2181663513184,1.79020595550537,5314.888671875,NA,9862.90234375,8.88168239593506,9361.33984375,112.846138000488,2165.2919921875
2018-07-31,49698.01171875,79220,29287,NA,7.45709085464478,3.58044290542603,2.66511368751526,3.3324339389801,77.2264022827148,140.271423339844,38.6143989562988,12.3735551834106,43.3177032470703,9.38379573822021,147.667572021484,7.97105407714844,5.86521673202515,4.26086616516113,3.78727793693542,4.40338897705078,4.00347518920898,13.3219242095947,32.6993179321289,65.2751617431641,18.5474720001221,NA,90.8908996582031,34.9029960632324,34.9859619140625,22.4540367126465,1168.87963867188,70.7438583374023,21.9787178039551,6.25184106826782,13.2321634292603,2.22511434555054,5258.93701171875,NA,10046.45703125,9.23608684539795,9407.13671875,110.799583435059,2324.376953125
2018-08-31,49547.6796875,76678,29294,NA,6.91032457351685,3.16384887695312,2.42436456680298,3.09538078308105,77.7612152099609,140.171646118164,37.4713897705078,12.427586555481,42.3149833679199,8.77179145812988,140.728607177734,8.24235439300537,5.36473894119263,3.66194272041321,3.42623400688171,4.13950824737549,3.90739274024963,12.9766464233398,29.1604804992676,64.5254821777344,16.8137683868408,NA,86.3654403686523,30.8103733062744,35.0653533935547,21.2068614959717,1079.62963867188,64.5283203125,20.4982852935791,5.60060882568359,12.6125555038452,1.99067318439484,4799.69775390625,NA,10201.5458984375,9.7676887512207,8983.1513671875,99.5139770507812,2416.71020507812
2018-09-30,49504.16015625,79342,33462,NA,7.76888084411621,3.3351628780365,2.67216634750366,3.43709635734558,80.3995895385742,142.066589355469,36.0867958068848,11.9644479751587,45.6272125244141,8.60901260375977,143.994750976562,8.52225589752197,5.81339073181152,3.7385106086731,3.36728811264038,4.36647939682007,3.77767896652222,12.6025972366333,28.8263759613037,65.8736038208008,17.8184814453125,NA,88.8044815063477,33.462760925293,35.2065010070801,20.5681304931641,1046.24487304688,56.651668548584,21.4227161407471,5.75521659851074,12.3860759735107,2.14890718460083,4747.55810546875,NA,9974.80078125,11.6391096115112,8863.908203125,99.6910858154297,2403.31860351562
2018-10-31,43942.55078125,87424,29491,NA,7.90499401092529,4.00182723999023,3.78599381446838,4.62740755081177,66.4113845825195,132.484558105469,31.3510246276855,10.6522188186646,41.5069274902344,12.4969530105591,145.692413330078,7.76712274551392,6.59347772598267,4.8455491065979,3.1904501914978,4.8593282699585,4.47588586807251,9.72529411315918,25.6189880371094,63.400951385498,22.5178546905518,NA,75.0444946289062,32.0648231506348,33.5657081604004,18.2115669250488,969.238159179688,54.5615730285645,19.7346229553223,6.86130714416504,10.9869146347046,2.22036743164062,4655.42724609375,NA,9576.0849609375,10.0529403686523,7896.69482421875,107.926536560059,2156.99365234375
2018-11-30,41732.78125,89504,31483,NA,7.17207956314087,4.25380373001099,3.37024402618408,4.16150617599487,55.352710723877,136.474624633789,28.6301975250244,10.5364322662354,40.7887077331543,13.2985353469849,141.548370361328,7.68945217132568,7.00588226318359,5.26566934585571,3.14624071121216,5.33488512039185,4.52072334289551,10.0417957305908,22.5997314453125,63.8941688537598,21.0767135620117,NA,77.2484512329102,32.2038841247559,34.4037475585938,19.7250919342041,834.025207519531,59.6179656982422,20.7394409179688,7.0091814994812,10.6230869293213,2.06976866722107,4426.02978515625,NA,8902.427734375,8.30253505706787,8756.3701171875,114.695945739746,2102.5869140625
2018-12-31,41640.26953125,87887,30293,NA,6.90508985519409,4.17038536071777,3.06851291656494,3.72605681419373,56.9155464172363,130.488861083984,27.5799160003662,11.1153554916382,40.4889106750488,13.8933782577515,143.08464050293,7.59113693237305,6.71250057220459,5.33902025222778,2.94939947128296,5.23453903198242,5.04438018798828,9.10187530517578,20.7704238891602,65.2159881591797,23.3635292053223,NA,80.6425247192383,28.2247142791748,34.5360679626465,18.9459762573242,840.581726074219,64.7151718139648,20.029369354248,7.18294334411621,11.2625331878662,1.93590211868286,4513.1064453125,NA,8174.5244140625,6.86331462860107,9460.126953125,120.540428161621,1997.12231445312
2019-01-31,43987.94140625,97394,36327,NA,6.51245832443237,4.85692977905273,3.74363803863525,4.66831207275391,63.0836868286133,134.541259765625,31.2285938262939,12.3503971099854,40.6752662658691,15.4981870651245,156.710815429688,8.15376281738281,7.87923908233643,6.70797538757324,3.61903429031372,5.84985542297363,6.94522857666016,9.90752220153809,22.694242477417,68.4185791015625,26.1514453887939,NA,81.7077713012695,31.43776512146,33.3539848327637,22.1782264709473,886.477783203125,68.8971557617188,21.6638736724854,8.06801509857178,13.5315456390381,2.22937774658203,4692.236328125,NA,8834.353515625,8.14694404602051,9419.525390625,131.846984863281,2159.26391601562
2019-02-28,42823.80859375,95584,34486,NA,6.53339767456055,4.51156568527222,3.79394173622131,4.50220012664795,62.3052291870117,135.252746582031,33.4612617492676,10.8065986633301,40.6447448730469,15.2917709350586,156.910903930664,8.00683784484863,8.20973014831543,6.20282411575317,3.40836262702942,5.68037271499634,6.3014702796936,9.0731029510498,24.6694107055664,68.4646224975586,27.1331062316895,NA,79.8417663574219,30.3765869140625,33.7244873046875,24.0380172729492,816.897766113281,65.5975112915039,21.2016563415527,7.51409149169922,14.063985824585,2.08521485328674,4546.07763671875,NA,8736.1923828125,8.74770164489746,9460.126953125,112.168327331543,2241.26049804688
2019-03-31,43281.28125,95415,33466,NA,6.83703374862671,4.23019599914551,3.78599882125854,4.55947971343994,62.7152633666992,138.547241210938,36.9743843078613,10.8837881088257,42.3325042724609,14.7664661407471,154.88410949707,7.8442497253418,8.08885097503662,5.89745140075684,3.23531055450439,5.51019144058228,6.72583866119385,8.69905376434326,27.4889736175537,68.2023391723633,26.0397701263428,NA,79.4376907348633,28.3278846740723,35.797534942627,25.3905944824219,788.196044921875,70.1195755004883,19.9288864135742,7.3348240852356,14.1377868652344,2.01175928115845,4509.53759765625,NA,8480.880859375,9.26633930206299,10799.974609375,119.036170959473,2186.59619140625
2019-04-30,44597.3203125,96353,29571,NA,6.69045066833496,4.15525579452515,3.65596652030945,4.36186456680298,71.2068405151367,143.017242431641,38.5195960998535,11.346926689148,45.9353866577148,15.0574321746826,156.827453613281,8.09701061248779,8.67561912536621,5.88006734848022,3.54379343986511,5.47799682617188,7.71449041366577,8.41132259368896,26.6160888671875,67.6441345214844,28.5129890441895,NA,80.7599487304688,26.2644634246826,37.244255065918,25.3840942382812,859.716247558594,67.5644302368164,19.4793338775635,7.46613359451294,14.8968563079834,1.85621082782745,4455.9755859375,NA,8343.5546875,8.58721828460693,10962.3798828125,116.940399169922,2077.08471679688
2019-05-31,42749.16015625,97030,33950,NA,6.52816343307495,4.27735710144043,3.45258045196533,4.14774703979492,63.339183807373,141.991485595703,34.4765930175781,10.5827465057373,45.6055717468262,15.8486843109131,148.1552734375,8.30183696746826,9.20950508117676,6.07815504074097,3.36321830749512,5.69876956939697,7.2565450668335,7.6632227897644,23.6245002746582,69.3391494750977,29.9706745147705,NA,78.6135559082031,22.6171417236328,35.2575569152832,23.5073146820068,869.94384765625,66.2960510253906,19.4445457458496,7.73764657974243,13.5412731170654,1.81416845321655,3853.39306640625,NA,7205.279296875,7.61192512512207,10745.8408203125,111.191192626953,1755.75256347656
2019-06-30,43161.171875,100967,41796,NA,7.03596830368042,4.52930688858032,3.77709174156189,4.47542762756348,69.7809219360352,144.921737670898,35.9286804199219,10.9609775543213,43.2061538696289,16.5410137176514,151.5380859375,9.30851364135742,9.4815845489502,6.38024806976318,3.51369762420654,5.93833017349243,7.75880861282349,7.85274982452393,27.2105407714844,68.0049209594727,32.3685836791992,NA,77.938102722168,23.4249858856201,35.6854629516602,25.7117481231689,896.9189453125,66.1988372802734,20.8150577545166,8.23073577880859,13.6866445541382,2.0279061794281,3983.85034179688,NA,7287.5380859375,8.4943323135376,12085.6875,119.408920288086,1732.466796875
2019-07-31,40863.08984375,101812,42058,NA,6.80038785934448,4.4013524055481,3.64941549301147,4.32595777511597,60.4567489624023,135.367294311523,33.0526924133301,10.5630798339844,46.6197662353516,15.0935897827148,144.309066772461,10.4412670135498,10.7066144943237,5.9059567451477,3.96513628959656,5.74484062194824,8.76497554779053,6.61028718948364,25.0673179626465,68.7537155151367,34.753978729248,NA,76.4971771240234,22.2051677703857,32.5385780334473,25.1273918151855,937.381591796875,57.1792831420898,20.1680679321289,8.72520637512207,13.2612962722778,1.85587286949158,3916.41552734375,NA,6341.25732421875,8.32713985443115,12353.6767578125,116.061752319336,1537.79711914062
2019-08-31,42622.5,101135,24609,NA,5.75860357284546,4.05421733856201,3.27804803848267,3.8948016166687,67.5626602172852,142.638336181641,32.5381202697754,10.3987655639648,47.2650871276855,14.3146448135376,137.113128662109,9.86266231536865,11.3689584732056,5.2229151725769,3.41588616371155,5.81664800643921,8.48593902587891,7.25093173980713,22.409646987915,69.9790344238281,37.1551742553711,NA,78.8086929321289,18.5532550811768,31.2637786865234,25.0870819091797,728.3251953125,53.3309516906738,19.7576065063477,8.29022693634033,15.2741937637329,1.59926009178162,3646.318359375,NA,6381.5029296875,7.33326959609985,12285.04296875,118.167213439941,1550.83715820312
2019-09-30,43011.26953125,104745,29067,NA,6.02035903930664,4.13986682891846,3.52195882797241,4.15924453735352,66.4660797119141,141.095275878906,32.5240287780762,11.2672834396362,48.7231178283691,14.1511526107788,137.98698425293,10.6388149261475,11.1520023345947,5.32430219650269,3.47607827186584,6.24803495407104,8.14124965667725,7.46448040008545,24.2038383483887,69.5025253295898,35.9889755249023,NA,80.0544891357422,21.1607265472412,32.0839347839355,25.0685710906982,809.250183105469,53.5899696350098,19.4793338775635,8.42455673217773,15.9085474014282,1.6516946554184,3668.82641601562,NA,6748.62890625,7.90915727615356,12518.390625,133.462966918945,1586.64782714844
2019-10-31,43337.28125,107220,34995,NA,6.1460018157959,4.44718265533447,4.04462385177612,4.66801118850708,65.7955932617188,133.029342651367,35.7172050476074,12.206226348877,48.0982437133789,14.9786310195923,143.30632019043,11.196439743042,12.3661184310913,5.91454982757568,3.24283456802368,6.49928569793701,8.96522235870361,7.0179705619812,25.2321300506592,65.0097198486328,34.1839981079102,NA,80.6548690795898,20.6962394714355,31.8610668182373,26.3004570007324,679.095825195312,59.5752449035645,16.8565807342529,8.42455673217773,16.1181583404541,1.72510313987732,3398.72875976562,NA,6509.21240234375,8.47575569152832,13383.1484375,138.461608886719,1581.03466796875
2019-11-30,42820.1796875,108233,34500,NA,6.15647077560425,4.01064395904541,3.70096039772034,4.26034069061279,64.5047454833984,139.498077392578,36.5655326843262,11.9533843994141,45.8403053283691,14.9908561706543,141.398162841797,13.3566989898682,12.1974201202393,5.30318307876587,3.16759490966797,6.2906985282898,9.4215259552002,6.94031715393066,27.2567253112793,55.6156311035156,35.6564865112305,NA,77.6829605102539,18.145378112793,30.1316184997559,24.4703769683838,691.234558105469,60.463321685791,15.0269145965576,8.41176223754883,16.8114471435547,2.08741044998169,2907.96142578125,NA,6282.3603515625,8.50362014770508,12902.7265625,154.397155761719,1632.48828125
2019-12-31,43541.01953125,115964,41671,NA,7.09277009963989,4.51517868041992,4.07709455490112,4.61030673980713,65.7955932617188,140.904998779297,37.145378112793,12.1117076873779,45.5878715515137,16.6229438781738,142.697082519531,15.2355661392212,10.9833040237427,6.14431571960449,3.59587931632996,6.69243478775024,9.9402027130127,7.04504728317261,30.4461193084717,54.2541732788086,39.4924659729004,NA,77.0225219726562,20.5186252593994,31.0943984985352,27.9361267089844,667.631408691406,65.000862121582,16.0495777130127,9.16018581390381,16.4624996185303,2.57640099525452,2917.955078125,NA,6625.9267578125,9.5158634185791,13657.310546875,166.953674316406,1721.36328125
2020-01-31,44108.30859375,113761,40105,NA,6.302894115448,3.75689172744751,3.62074422836304,4.08101844787598,72.7699203491211,133.819259643555,35.9463348388672,12.8043689727783,46.4629516601562,15.2759876251221,138.311614990234,17.3235359191895,12.422402381897,5.24095439910889,3.2100555896759,6.10821294784546,10.0124244689941,7.4730634689331,27.0058727264404,53.6415214538574,44.6737174987793,NA,80.392204284668,21.6026000976562,30.1360702514648,26.7532062530518,667.631408691406,63.3059959411621,13.9416360855103,9.00576591491699,17.4868316650391,2.46072578430176,2841.44140625,NA,7008.75830078125,8.81981372833252,13099.8662109375,157.657760620117,1716.685546875
2020-02-29,41324.30859375,104172,34973,NA,5.27659130096436,3.59751844406128,3.07694911956787,3.49966883659363,66.8232498168945,125.138000488281,33.2296943664551,12.9033222198486,46.446117401123,14.8799591064453,121.365821838379,19.0316505432129,12.3708581924438,4.66938209533691,2.47698974609375,5.90198612213135,9.64311408996582,6.23821258544922,24.1175098419189,49.0465927124023,41.2667579650879,NA,81.0451354980469,21.0490741729736,26.4676837921143,24.2089233398438,647.400207519531,50.3151321411133,12.5711269378662,7.74054527282715,16.9676818847656,1.966477394104,2461.3759765625,NA,6232.29736328125,8.41457843780518,12960.5078125,136.963333129883,1543.61401367188
2020-03-31,34554.53125,73020,24384,NA,4.45447540283203,2.28567361831665,1.47289097309113,1.59075820446014,40.7306022644043,112.569961547852,31.9935626983643,11.3992538452148,46.9088935852051,8.9008321762085,95.7897567749023,14.8201532363892,9.4050989151001,2.79774522781372,1.77479016780853,4.31696605682373,6.41944074630737,4.85084867477417,20.4143218994141,49.5104560852051,21.9620475769043,NA,71.7540893554688,17.3358917236328,30.737813949585,13.0569152832031,600.268127441406,43.3680419921875,10.5257959365845,6.20311117172241,10.6599922180176,1.00615382194519,1706.67468261719,NA,4810.02978515625,4.53386068344116,10786.4873046875,104.571990966797,1711.07250976562
2020-04-30,36470.109375,80506,32743,NA,4.43298196792603,2.14457106590271,1.82266914844513,1.99857068061829,41.3008308410645,122.43416595459,37.5964584350586,11.3992538452148,48.7768440246582,9.09550476074219,114.260597229004,17.6323223114014,10.0652894973755,2.42755794525146,1.65904295444489,4.4301815032959,6.80110836029053,4.98860168457031,23.5170650482178,52.7347297668457,28.5506591796875,NA,71.4433746337891,17.7211055755615,31.7273464202881,13.653263092041,681.118957519531,44.9325332641602,12.0487508773804,5.4779372215271,11.3366374969482,1.13258135318756,2063.2119140625,NA,5122.0869140625,5.44517946243286,12681.7890625,136.963333129883,1683.84851074219
2020-05-31,36122.73046875,87403,37825,NA,5.24435234069824,2.16649103164673,2.06040811538696,2.20681571960449,42.1405067443848,117.867553710938,35.0104446411133,11.7159004211426,46.5723266601562,9.84229373931885,105.673042297363,18.4666996002197,11.9332113265991,2.38939690589905,1.78250682353973,4.36126804351807,9.2174711227417,5.16571187973022,26.4716548919678,48.7294692993164,32.1330680847168,NA,76.1226272583008,18.9413719177246,31.3568172454834,13.5277156829834,650.324462890625,46.552906036377,11.2966003417969,5.89071273803711,9.8464412689209,1.31695532798767,1700.40612792969,NA,4957.216796875,5.42433643341064,13657.310546875,116.476875305176,1529.01354980469
2020-06-30,37716.4296875,95056,38687,NA,5.53988409042358,2.39247536659241,2.17791175842285,2.39192223548889,49.954517364502,111.99617767334,39.3978004455566,11.8742237091064,46.633056640625,10.260368347168,102.491035461426,22.3598976135254,14.4325017929077,2.63326978683472,2.03715038299561,4.73128509521484,9.79101753234863,6.37596464157104,29.0021362304688,51.9465713500977,34.2327880859375,NA,77.5387191772461,20.3939323425293,34.7936744689941,13.9309883117676,799.8642578125,41.7383651733398,11.7478895187378,5.95116329193115,10.6267032623291,1.55927443504333,2370.5390625,NA,5408.7646484375,5.79950714111328,13099.8662109375,123.975395202637,1530.88928222656
2020-07-31,37019.6796875,102912,49254,NA,6.25453424453735,2.60329103469849,2.33093929290771,2.5312933921814,50.067310333252,107.335243225098,41.4477043151855,11.6108827590942,44.1640014648438,10.7167406082153,97.5071716308594,29.8124332427979,16.6644458770752,2.91960310935974,2.06801605224609,5.26410865783691,10.3255367279053,6.71050548553467,31.8753662109375,52.0755462646484,42.6089706420898,NA,84.4729537963867,23.898530960083,36.2588653564453,14.7834720611572,917.409423828125,40.918872833252,12.2564897537231,6.85627603530884,10.45201587677,1.75945234298706,2461.71362304688,NA,6066.45458984375,6.06525230407715,13613.240234375,117.436683654785,1573.10168457031
2020-08-31,36840.73046875,99369,46835,NA,5.91064167022705,2.18079495429993,2.18884253501892,2.3853132724762,47.4166831970215,101.263572692871,43.6563148498535,10.9513578414917,44.417667388916,10.5616092681885,100.045104980469,28.6040096282959,15.4456081390381,2.61015844345093,1.73620796203613,4.6620306968689,8.10261821746826,6.90729475021362,35.3854637145996,46.5656242370605,40.3580322265625,NA,76.8306884765625,24.5321731567383,36.5573272705078,14.8576011657715,799.8642578125,40.2390670776367,11.0172300338745,5.93213891983032,10.0993146896362,1.8437374830246,2233.77734375,NA,5596.25537109375,5.9349856376648,14846.94140625,111.847785949707,1514.94287109375
2020-09-30,37458.69140625,94603,41261,NA,5.92838382720947,2.03889346122742,1.92377638816833,2.07875514030457,48.0119781494141,99.0691070556641,42.0490989685059,11.0979175567627,44.857364654541,9.61236667633057,95.0689315795898,29.0976810455322,14.6479244232178,2.37657809257507,1.74392426013947,4.35981607437134,7.94141483306885,8.24546051025391,33.3035354614258,42.9544410705566,47.5002212524414,NA,74.9110336303711,25.361385345459,37.4165382385254,13.6919231414795,799.8642578125,42.3064270019531,9.92840003967285,5.26209926605225,10.3417453765869,1.94909334182739,2097.01538085938,NA,5779.81982421875,5.12732744216919,14449.88671875,101.979759216309,1547.77429199219
2020-10-31,36987.859375,93952,45290,NA,5.92278099060059,2.0968234539032,1.8062732219696,1.93569529056549,59.2160263061523,90.3946075439453,45.039249420166,10.8292245864868,43.3353462219238,9.67077732086182,87.9305114746094,33.5841293334961,13.593469619751,2.427903175354,1.65132665634155,4.5034909248352,7.21175479888916,8.61935901641846,38.5046768188477,42.775318145752,50.8613700866699,NA,72.2359390258789,29.2660045623779,37.0728569030762,13.6597681045532,747.699096679688,36.5792808532715,9.94272708892822,5.04942083358765,9.50210762023926,2.00704050064087,1932.90124511719,NA,5791.599609375,4.81989574432373,14790.2177734375,102.579627990723,1508.47045898438
2020-11-30,41778.87109375,108888,54573,NA,8.15853214263916,2.74480319023132,2.52768921852112,2.79405641555786,63.408145904541,117.377990722656,55.6222381591797,11.9872512817383,45.622802734375,11.0518426895142,118.009979248047,32.5831985473633,14.9461526870728,3.15194821357727,2.05258369445801,5.2416877746582,7.55791854858398,9.05229473114014,44.0761451721191,48.1132774353027,56.3431243896484,NA,77.1403121948242,37.2210540771484,38.6737022399902,16.3177738189697,915.809753417969,42.7441139221191,12.6526374816895,6.03511619567871,12.1101350784302,2.228924036026,2380.568359375,NA,5938.84326171875,6.00272369384766,16094.8212890625,110.578048706055,1547.86804199219
2020-12-31,44066.87890625,119306,51227,NA,9.39127731323242,3.13167810440063,3.02229595184326,3.27871084213257,68.8848342895508,120.908569335938,63.7979469299316,12.4006042480469,48.6185569763184,12.7028579711914,125.761779785156,33.5612525939941,16.5038795471191,3.70928263664246,2.42120313644409,5.87436676025391,7.54095125198364,10.1051158905029,48.3449440002441,51.9824028015137,57.8689804077148,56.7061424255371,75.6148223876953,38.8183860778809,39.1078414916992,21.7030143737793,879.850769042969,61.8159942626953,13.961277961731,6.22529649734497,13.5561237335205,2.48968815803528,2397.89135742188,NA,7077.5302734375,6.72701215744019,18467.076171875,115.986976623535,1754.14416503906
2021-01-31,42985.73046875,116007,48257,NA,9.04947090148926,2.69010210037231,2.67251873016357,2.93419885635376,63.6462631225586,112.351516723633,66.619270324707,11.82190990448,50.6768951416016,11.0855350494385,115.265029907227,37.1282997131348,16.0678939819336,3.20344972610474,2.21837139129639,5.32365083694458,6.93516254425049,11.571195602417,49.3026390075684,53.666187286377,53.6137847900391,54.6561012268066,73.5521774291992,40.2812881469727,34.8388977050781,19.0076904296875,886.945129394531,48.042896270752,14.8435106277466,5.81027793884277,13.7910890579224,2.26044511795044,2293.49682617188,NA,7578.16015625,5.92977476119995,16570.064453125,110.48900604248,1843.25854492188
2021-02-28,44592.91015625,110035,48432,NA,9.46972560882568,2.34885048866272,2.15878319740295,2.31524324417114,65.8331909179688,115.118095397949,76.2132110595703,11.4085569381714,51.8320007324219,9.32434940338135,122.687126159668,34.5848503112793,14.5900812149048,2.92624139785767,2.02754402160645,4.99248886108398,6.24453115463257,13.716194152832,53.405086517334,56.8259658813477,48.6787643432617,57.4845733642578,74.8956680297852,42.384708404541,35.5443649291992,18.0678424835205,985.919738769531,48.2756996154785,16.607967376709,5.53594303131104,14.4427146911621,2.44170761108398,2734.32568359375,NA,8011.056640625,6.38310480117798,17101.8046875,110.129066467285,1979.46264648438
2021-03-31,47246.26171875,116634,47982,NA,10.1850824356079,2.57883071899414,2.33367204666138,2.47582054138184,72.1432876586914,123.924453735352,82.4511260986328,11.7309722900391,55.9921112060547,10.1714773178101,104.71460723877,33.2023696899414,14.9798364639282,3.32541108131409,2.17861604690552,5.20624208450317,6.99115943908691,14.1884880065918,50.8145637512207,62.3926162719727,50.2045478820801,53.9989051818848,79.7006301879883,41.9656066894531,38.8003311157227,17.2792301177979,1071.19213867188,52.0379333496094,18.2547950744629,5.56752967834473,14.5831089019775,2.86053013801575,2983.23217773438,NA,8734.5166015625,6.68011569976807,16167.671875,120.077178955078,2169.6982421875
2021-04-30,48009.71875,118894,49056,NA,11.790789604187,2.60701870918274,2.44750571250916,2.56213092803955,74.1554260253906,126.176315307617,70.2591705322266,12.0533885955811,57.590145111084,9.90090560913086,91.5495529174805,31.1806583404541,14.1241598129272,3.07974004745483,2.21042037010193,5.08586263656616,7.32738637924194,15.8316764831543,51.9675674438477,55.9057846069336,54.0457458496094,59.8830986022949,88.0031433105469,41.7177505493164,36.6658592224121,16.2024898529053,1045.39196777344,53.7793655395508,16.9596786499023,5.73377275466919,15.2667903900146,3.28907537460327,2926.7041015625,NA,7513.37353515625,6.20908880233765,15362.8798828125,101.150764465332,1852.63903808594
2021-05-31,50885.94921875,126216,59269,NA,12.6112232208252,2.97868752479553,2.91720151901245,3.08483028411865,88.4588775634766,136.594055175781,75.7408676147461,12.4915428161621,56.7998085021973,11.3288888931274,105.404670715332,30.4147281646729,14.4313278198242,3.59979867935181,2.75109887123108,5.4996223449707,6.70221328735352,16.5401172637939,52.6944885253906,54.8772888183594,52.6786003112793,58.5328903198242,91.7193069458008,34.3060073852539,40.6635818481445,16.2512111663818,1066.29284667969,56.1354026794434,16.311487197876,6.14021730422974,14.6221389770508,3.38607931137085,2988.0703125,NA,7175.73681640625,6.26682376861572,14385.634765625,99.9840469360352,1764.47277832031
2021-06-30,50289.75,126802,62372,NA,13.6277914047241,3.1423397064209,3.34162473678589,3.695148229599,82.8481521606445,137.19792175293,73.1054382324219,12.6403503417969,56.5132064819336,10.9208221435547,92.8606948852539,30.0234107971191,14.0154857635498,3.63788557052612,2.73519659042358,5.6569013595581,6.26544713973999,16.549955368042,48.5992279052734,53.2537422180176,53.8938941955566,57.6078948974609,93.8126831054688,37.6327323913574,40.7006759643555,15.6290969848633,1035.18957519531,58.9131278991699,15.1523752212524,6.16924953460693,13.3226728439331,3.19645929336548,2984.87426757812,NA,7097.20654296875,7.67344617843628,15916.17578125,107.78279876709,1651.24462890625
2021-07-31,50868.3203125,121801,66005,NA,12.5583591461182,3.01836252212524,2.90305376052856,3.22381258010864,83.0347671508789,141.726821899414,71.1172103881836,13.5931339263916,56.9908905029297,10.7508726119995,77.4107437133789,31.8235626220703,12.7072610855103,3.38340878486633,2.52051568031311,5.66704607009888,6.07361364364624,15.97926902771,49.5965919494629,51.0571823120117,52.3360366821289,57.5828590393066,97.7397918701172,37.7678985595703,42.546070098877,15.4391593933105,975.179626464844,61.5235061645508,14.9007253646851,5.84339427947998,13.4278631210327,3.21271181106567,2693.68310546875,NA,6429.6953125,7.09085416793823,16125.5341796875,105.453163146973,1547.48327636719
2021-08-31,53304.73828125,118781,76452,NA,11.3933362960815,3.11433959007263,3.15273809432983,3.468346118927,85.3060760498047,142.697891235352,74.3816146850586,16.3419284820557,62.0629119873047,10.4645709991455,81.758186340332,31.8308734893799,11.7240114212036,3.2485134601593,2.59207606315613,5.88400030136108,6.18837070465088,16.2350959777832,47.9405937194824,55.5531616210938,46.7024345397949,57.4326477050781,104.969261169434,41.4651794433594,47.1271018981934,18.0440120697021,1034.41027832031,64.5689315795898,16.0522117614746,6.19487857818604,14.3612632751465,2.99141669273376,2798.69091796875,NA,7066.77587890625,7.32704019546509,16775.876953125,108.722640991211,1622.02648925781
2021-09-30,51385.55078125,110979,77364,NA,9.20872592926025,2.76912069320679,2.99975109100342,3.30836772918701,85.2996444702148,146.255752563477,65.5082855224609,14.8753461837769,60.9078140258789,10.000771522522,86.0317001342773,35.4918365478516,10.6157732009888,2.77966928482056,2.19451832771301,5.68004703521729,6.60629558563232,14.6509437561035,43.0002403259277,54.9507598876953,45.9602317810059,57.5508918762207,103.388496398926,42.9707527160645,53.8224487304688,18.8244190216064,1110.92834472656,66.8766555786133,15.0761165618896,5.68229961395264,14.7069368362427,2.75724983215332,2621.326171875,NA,6606.3896484375,7.53173637390137,16775.876953125,95.924690246582,1514.50085449219
2021-10-31,51309.83984375,103501,83561,NA,8.40337371826172,2.5955753326416,2.88276052474976,3.14198899269104,83.871223449707,138.120025634766,71.8134460449219,15.0848569869995,62.3668746948242,9.86235332489014,100.548675537109,33.1364517211914,9.92416191101074,2.54207992553711,2.35354113578796,5.22625637054443,6.02907991409302,13.0274343490601,45.9491310119629,51.8652877807617,38.2228622436523,50.0000343322754,103.101020812988,43.9066390991211,56.5117149353027,19.5367259979248,990.794555664062,65.4958190917969,13.5128364562988,5.93199062347412,12.8591403961182,2.65077042579651,2076.38549804688,NA,6282.66552734375,7.95162153244019,16709.365234375,92.4852447509766,1487.73950195312
2021-11-30,49698.71875,101915,79316,NA,8.16573143005371,2.53204083442688,3.1047420501709,3.41395378112793,84.1036071777344,124.402671813965,72.84228515625,15.3464050292969,59.1809921264648,11.1695289611816,91.5065765380859,28.8645515441895,9.25755214691162,2.558762550354,2.24222445487976,5.00848531723022,5.76873254776001,13.0864696502686,45.5448379516602,58.7708625793457,43.125171661377,42.5169830322266,107.40478515625,49.8019256591797,52.1347007751465,17.3236865997314,1099.03271484375,58.9887924194336,13.5052089691162,6.52297163009644,12.6036510467529,2.71117615699768,2362.88549804688,NA,5991.4052734375,6.74444675445557,16480.26953125,106.602981567383,1328.16174316406
2021-12-31,53272.44140625,104822,83500,9.38000011444092,9.2549352645874,2.42408847808838,3.40625190734863,3.94843196868896,87.313346862793,130.008728027344,72.4931564331055,17.8560924530029,67.5461883544922,10.1758785247803,94.6627731323242,29.563383102417,9.40081310272217,2.51991534233093,2.31530976295471,4.88032865524292,6.88205814361572,13.7653913497925,48.0439682006836,48.8973541259766,44.8216781616211,38.0697212219238,108.106880187988,41.4596061706543,58.3942070007324,17.2124404907227,1186.45581054688,62.6017036437988,12.4223546981812,6.57069540023804,13.844820022583,2.9511034488678,2565.02294921875,NA,6465.57470703125,6.76544046401978,17052.359375,92.9851531982422,1415.43957519531
2022-01-31,51330.8515625,112388,90908,7.42000007629395,10.0206775665283,3.05356121063232,4.09019756317139,4.80069065093994,85.816780090332,126.646728515625,71.9248428344727,16.1094856262207,62.2642860412598,11.5197305679321,111.064178466797,28.8283309936523,12.3928899765015,3.16459465026855,2.34011673927307,5.64679431915283,6.39904594421387,12.3977098464966,49.7412071228027,58.859016418457,49.5575485229492,37.6366233825684,101.058219909668,44.5179023742676,59.896484375,19.3864727020264,1228.00231933594,54.5625038146973,15.3125133514404,7.12521743774414,13.5633211135864,3.13704681396484,2630.5556640625,NA,6597.125,7.73643016815186,17965.876953125,94.2157821655273,1456.77294921875
2022-02-28,53400.609375,113142,87970,7.65000009536743,12.2056865692139,3.13114047050476,4.41027116775513,5.13871669769287,90.936637878418,134.668228149414,85.3047256469727,15.6855525970459,69.152946472168,12.4191598892212,117.291282653809,26.5369243621826,12.358983039856,2.84936666488647,2.42280626296997,5.55258798599243,7.09273290634155,10.3511037826538,54.8396263122559,62.2824249267578,48.6441955566406,43.3092994689941,111.916954040527,54.4080276489258,58.4869384765625,19.7406387329102,1223.92272949219,58.9887924194336,14.8854722976685,7.43665838241577,15.2537479400635,2.92111158370972,2427.49536132812,NA,6086.63232421875,8.4869794845581,18498.76171875,93.4858932495117,1308.7861328125
2022-03-31,56536.6796875,119999,90960,7.71999979019165,13.6968946456909,3.70161604881287,4.71012830734253,5.32211303710938,98.1635208129883,134.937530517578,98.2003402709961,17.5169448852539,72.7215728759766,12.6118183135986,133.281646728516,31.5094757080078,13.4811496734619,3.4286630153656,2.67087531089783,6.01961183547974,8.17180156707764,10.5183734893799,59.9845542907715,65.90576171875,51.7937812805176,42.3751754760742,112.024620056152,70.3736267089844,55.695671081543,23.7021522521973,1290.53088378906,70.3760757446289,17.2265777587891,8.56430149078369,15.399151802063,3.88447570800781,2321.2578125,NA,6381.146484375,9.76238918304443,18498.76171875,94.9856643676758,1444.18444824219
2022-04-30,51417.96875,107876,88251,6.01000022888184,11.5728120803833,3.10738658905029,4.49069118499756,5.28333473205566,88.4226531982422,125.210556030273,78.824333190918,17.5508575439453,64.0574645996094,12.0739097595215,107.706336975098,27.1991729736328,11.413067817688,2.66244912147522,2.40626811981201,5.15726804733276,7.78564977645874,8.8358268737793,49.2126121520996,66.6177139282227,44.8766403198242,31.3147716522217,110.024169921875,60.7528038024902,58.329288482666,21.540843963623,1243.09899902344,63.0462226867676,15.7011432647705,8.28782939910889,14.7911148071289,3.42534589767456,2271.474609375,NA,6155.35302734375,9.23005294799805,16747.8515625,89.2865295410156,1259.82067871094
2022-05-31,51752.53125,111351,92288,3.80999994277954,12.3676309585571,3.55797505378723,5.07374477386475,5.94034242630005,87.7202072143555,121.86402130127,81.4152984619141,18.3732929229736,64.5989761352539,13.5460939407349,112.25609588623,22.9250144958496,10.9582586288452,3.1467866897583,2.44761300086975,5.3700532913208,8.00420093536377,9.11133193969727,49.9595680236816,67.0792999267578,49.0122985839844,30.5389385223389,113.677764892578,87.4000778198242,60.6922073364258,24.9522666931152,1202.48193359375,77.6602249145508,16.0645942687988,8.41236591339111,14.0456476211548,3.7637825012207,2287.59838867188,NA,6420.59716796875,9.61108493804932,18102.90625,89.1576614379883,1411.52258300781
2022-06-30,47524.44921875,98542,88450,3.74000000953674,10.0242900848389,2.7803783416748,4.29068565368652,4.99878931045532,77.1187057495117,112.217735290527,69.7402725219727,17.3812847137451,61.5452423095703,12.4398136138916,95.8870849609375,23.9401035308838,9.51547050476074,2.44363379478455,2.07550930976868,4.68158531188965,7.37302684783936,7.70428991317749,40.2798042297363,65.3268203735352,44.6581192016602,24.7073745727539,112.581680297852,70.7190933227539,61.3017578125,17.5584125518799,1063.69201660156,71.7799224853516,13.1569776535034,7.09646844863892,13.538703918457,2.64698791503906,2039.11108398438,NA,6646.39892578125,6.66357088088989,15605.9521484375,87.0879592895508,1511.63732910156
2022-07-31,48144.328125,103165,122528,4.21000003814697,9.22262191772461,2.92534494400024,5.29978370666504,6.11153364181519,79.7450103759766,105.001617431641,67.5040664672852,16.3044929504395,65.5488357543945,13.4050378799438,103.47583770752,25.509485244751,9.62833595275879,2.49166584014893,2.33184790611267,4.84437417984009,7.81012678146362,8.09786701202393,40.2717056274414,66.8915328979492,49.253044128418,27.7176494598389,119.982353210449,83.283088684082,67.5566482543945,16.4991016387939,1121.06579589844,76.1470565795898,12.6319894790649,6.84262943267822,14.0659217834473,2.91230392456055,1906.33190917969,NA,7245.26171875,6.58994054794312,15964.0849609375,91.187385559082,1517.58459472656
2022-08-31,44919.21875,109523,136241,4.90000009536743,8.94884490966797,3.25159168243408,6.31044912338257,7.38300943374634,81.8006820678711,104.373405456543,64.7151565551758,15.6276760101318,58.4471130371094,15.8376407623291,103.068008422852,25.7369251251221,10.2881689071655,2.72679281234741,2.39799928665161,5.16875314712524,8.59341335296631,7.35006904602051,38.6704216003418,66.5238265991211,51.9974098205566,28.5220546722412,116.532669067383,84.3921737670898,62.0988540649414,15.6334266662598,1141.10107421875,66.3976287841797,12.9550590515137,6.40116930007935,14.6149740219116,2.85954570770264,2003.07116699219,NA,7589.85400390625,6.32609796524048,14855.900390625,97.0865707397461,1685.17761230469
2022-09-30,44626.80078125,110037,139115,4.40000009536743,9.59731197357178,3.4050509929657,5.48820877075195,6.37553071975708,88.6964874267578,104.414733886719,57.7074508666992,15.724796295166,62.7880439758301,14.7313098907471,98.1980895996094,29.2817325592041,11.4003076553345,2.7673921585083,2.34011673927307,5.51056098937988,8.67209148406982,6.84825801849365,36.8383674621582,66.6333541870117,52.5626335144043,25.5190391540527,123.211097717285,78.3514556884766,66.3656768798828,14.3038749694824,1115.60168457031,71.0329284667969,11.3154850006104,5.9545750617981,14.3585739135742,2.86588621139526,1830.45788574219,NA,6087.9833984375,5.47934579849243,12786.767578125,101.985900878906,1460.25610351562
2022-10-31,49922.30078125,116037,149938,5,9.32351589202881,3.8353762626648,5.70119953155518,6.62352657318115,110.889495849609,117.491363525391,60.5495643615723,16.6717414855957,67.9456634521484,14.1576642990112,117.038047790527,36.697826385498,13.1387424468994,2.85292482376099,2.51376485824585,6.08257150650024,10.5079183578491,7.59605646133423,38.5882606506348,67.5095977783203,60.693531036377,27.6227283477783,137.528076171875,80.8811492919922,72.0297927856445,14.8908214569092,1156.58288574219,76.5205535888672,11.6547060012817,6.32673740386963,16.0286560058594,3.15754747390747,1771.48681640625,NA,6383.291015625,6.04998254776001,14933.3955078125,93.4670867919922,1483.94763183594
2022-11-30,51684.859375,112486,168525,4.44999980926514,11.8885631561279,3.28351044654846,5.81504011154175,6.81439399719238,106.461906433105,127.278182983398,67.2493667602539,17.846321105957,69.3125152587891,13.8078804016113,122.787590026855,35.5316581726074,11.1207571029663,2.23808169364929,2.52203369140625,5.56426811218262,10.5411367416382,8.67839431762695,50.6081428527832,65.9135894775391,51.710823059082,26.6696319580078,138.979827880859,85.6124572753906,77.3528747558594,15.6127643585205,1205.76049804688,80.5333404541016,12.607759475708,5.78829193115234,16.9409217834473,4.17275142669678,1526.81286621094,NA,6110.36767578125,6.05611848831177,15111.6337890625,117.983680725098,1462.13940429688
2022-12-31,48463.859375,110031,202085,4.07000017166138,12.2695417404175,3.17169833183289,5.27041292190552,6.20815229415894,100.30354309082,125.930854797363,58.8539161682129,16.5715847015381,62.6130638122559,13.7330522537231,108.481704711914,35.1362342834473,11.5627937316895,2.1732177734375,2.37059903144836,5.46777153015137,9.99388599395752,7.79284572601318,50.085636138916,68.8474273681641,46.1320648193359,25.4768218994141,136.764465332031,71.2312622070312,77.7591552734375,17.1593742370605,1270.41979980469,79.0155792236328,12.7935247421265,5.66159677505493,16.3234634399414,3.78967905044556,1584.42846679688,NA,6213.685546875,6.42427110671997,16603.0546875,113.484306335449,1403.63110351562
2023-01-31,54564.26953125,113532,253549,4.65000009536743,13.505895614624,3.35351538658142,5.8547534942627,6.76193141937256,111.57551574707,136.279739379883,71.7469482421875,17.3910579681396,66.8581771850586,16.0937347412109,107.394165039062,34.8898887634277,11.3991785049438,2.19291710853577,2.31830668449402,5.48062086105347,9.7316255569458,9.859130859375,62.3768882751465,68.065071105957,51.3436012268066,27.4750003814697,143.739395141602,87.0227508544922,88.3317565917969,18.1874885559082,1302.29418945312,91.0384216308594,13.657732963562,6.61713600158691,18.0835571289062,4.44637489318848,1776.48034667969,NA,5895.5888671875,6.98877382278442,15053.4375,105.385429382324,1357.13757324219
2023-02-28,52758.05859375,104932,247459,5.03999996185303,11.8140439987183,3.24099016189575,5.53705358505249,6.46463823318481,110.774467468262,139.280258178711,71.3591613769531,16.9449005126953,65.5400924682617,16.2548217773438,101.892517089844,35.9345436096191,9.31114864349365,1.99148714542389,2.22243666648865,5.28786754608154,9.04800033569336,8.95390033721924,61.9581832885742,67.2827072143555,48.1178245544434,22.0058403015137,134.107757568359,79.1805267333984,82.4171447753906,15.3676795959473,1425.23791503906,84.4971542358398,13.5527362823486,6.0636715888977,19.2482433319092,3.74179625511169,1749.68896484375,NA,5871.0439453125,6.80469703674316,13606.59765625,103.035751342773,1363.38293457031
2023-03-31,53904,101882,245716,4.76000022888184,11.6661434173584,3.32493257522583,5.2647385597229,6.079909324646,108.514358520508,141.801376342773,73.9172973632812,17.7552700042725,65.4491958618164,15.9217615127563,105.866821289062,37.2598075866699,9.18644142150879,2.06559634208679,2.45775365829468,5.34973859786987,8.8486795425415,9.76073455810547,64.1106262207031,67.3631591796875,46.6750373840332,18.2937030792236,141.385559082031,72.319709777832,85.5822982788086,15.5689363479614,1398.82775878906,86.3371887207031,14.4007911682129,6.17128324508667,18.7202339172363,3.56734657287598,1755.3544921875,NA,5507.78564453125,6.47949457168579,11977.919921875,104.685523986816,1316.88928222656
2023-04-30,55121.21875,104432,297960,5.15999984741211,10.6533041000366,3.51898789405823,6.07632207870483,6.88317012786865,111.446792602539,144.553909301758,76.2499923706055,17.7552700042725,66.6399459838867,17.448392868042,108.337760925293,37.7835502624512,10.3669195175171,2.21098947525024,2.44032287597656,5.64911651611328,8.06539535522461,10.6364459991455,64.598274230957,74.9982299804688,50.7044715881348,19.697603225708,151.691497802734,60.2039756774902,91.1756820678711,15.1786308288574,1498.09362792969,98.3215026855469,16.5607662200928,6.76799154281616,18.4086017608643,3.61076211929321,1662.20935058594,NA,5514.658203125,6.42209005355835,14389.31640625,109.984794616699,1254.03857421875
2023-05-31,52736.26171875,108335,342079,6.73999977111816,9.37431716918945,3.51488995552063,6.58214950561523,7.47945308685303,101.662460327148,150.830261230469,69.2469024658203,17.7552700042725,61.8766670227051,18.1648998260498,108.921607971191,34.5583534240723,11.822548866272,2.43567085266113,2.43160724639893,5.71419858932495,9.44924736022949,10.4494962692261,56.8576965332031,71.4642944335938,54.2269515991211,24.9772758483887,157.918151855469,59.9606132507324,90.338981628418,14.5033349990845,1486.85986328125,99.246337890625,15.0214405059814,6.5608925819397,19.4514827728271,3.48638343811035,1714.0634765625,NA,5743.70751953125,5.99923610687256,14635.978515625,104.425567626953,1373.08776855469
2023-06-30,53526.1015625,118087,426281,7.8899998664856,9.9213981628418,4.07504081726074,8.43241119384766,9.48113822937012,106.554473876953,159.932586669922,72.2308959960938,17.7552700042725,62.428394317627,20.6075439453125,124.226997375488,34.7423324584961,13.0747966766357,2.77248573303223,2.77150940895081,6.36529302597046,10.1721000671387,11.9057359695435,61.0898704528809,73.0262069702148,59.873420715332,28.3535118103027,155.162521362305,67.856315612793,87.5766143798828,17.0614929199219,1510.08581542969,119.757987976074,16.3013324737549,7.60067844390869,18.840799331665,3.85570454597473,1848.49975585938,NA,5841.890625,6.7722659111023,14045.55078125,106.975204467773,1520.80627441406
2023-07-31,54819.05078125,121943,457138,7.96000003814697,10.8159503936768,4.15383243560791,8.99820804595947,10.0638551712036,120.144302368164,160.1943359375,76.4524230957031,18.1842308044434,64.1387710571289,20.1027812957764,132.144760131836,36.877124786377,13.3343229293823,2.8318510055542,2.7192165851593,6.51805543899536,10.4472188949585,12.5551385879517,74.4591445922852,81.4989547729492,59.055004119873,31.0062713623047,148.388275146484,69.5396575927734,82.8996353149414,19.5426998138428,1752.16223144531,128.945556640625,18.2471141815186,7.47580337524414,18.976505279541,4.54264068603516,2227.80249023438,NA,6318.078125,7.74350833892822,14195.2392578125,113.384323120117,1641.75695800781
2023-08-31,53020.98046875,115742,653603,6.84999990463257,10.0426788330078,3.80387377738953,9.16274452209473,9.97541332244873,109.513061523438,161.190673828125,72.2136840820312,18.1842308044434,61.8123016357422,19.9905166625977,119.001800537109,33.1450653076172,11.5713291168213,2.40142607688904,2.41417622566223,6.1745719909668,10.4148511886597,13.3718137741089,69.5125961303711,81.1499252319336,55.5672264099121,24.6844387054443,147.054641723633,59.0648193359375,79.9086532592773,17.0742816925049,1773.54187011719,130.484893798828,16.5434703826904,7.0663890838623,19.0955543518066,3.91602087020874,2016.64147949219,NA,6046.11083984375,7.71707916259766,12457.2138671875,101.30598449707,1534.68591308594
2023-09-30,50874.98046875,116565,562569,7.25,10.2180633544922,3.75204396247864,9.70797634124756,10.642804145813,110.527015686035,160.413879394531,72.9756851196289,14.0344953536987,60.4881401062012,20.1667194366455,107.676307678223,33.5633926391602,11.0917091369629,2.29205012321472,2.24858260154724,6.12516832351685,10.9740734100342,11.1677770614624,64.8847503662109,78.9597473144531,51.8820114135742,21.8852634429932,140.227432250977,56.3092727661133,79.8038787841797,17.6457557678223,1637.48937988281,122.497802734375,15.8602876663208,7.2050518989563,22.4812412261963,3.58530116081238,1906.88366699219,NA,6185.5302734375,8.1859712600708,12407.318359375,101.985900878906,1622.02807617188
2023-10-31,49061.87890625,113144,579150,8.19999980926514,10.4544525146484,3.71288824081421,9.79294776916504,10.6499061584473,114.407913208008,172.11686706543,66.3391265869141,13.9039421081543,59.4030723571777,20.6668281555176,105.143630981445,30.5466613769531,10.0177364349365,2.24701857566833,2.20500588417053,5.88209867477417,10.4957666397095,10.6167678833008,61.101448059082,80.2337112426758,45.0689506530762,18.7697296142578,142.885894775391,45.6740226745605,69.7069396972656,16.7859497070312,1409.11547851562,111.877395629883,15.0473823547363,7.52351903915405,21.1393051147461,3.26209831237793,1750.0732421875,NA,5817.34423828125,8.34856128692627,12058.05078125,91.9872817993164,1586.23876953125
2023-11-30,54060.01171875,127331,813394,8.14000034332275,11.7864503860474,4.47841548919678,10.6973819732666,11.229866027832,126.604644775391,186.538757324219,71.6114654541016,14.7059144973755,63.9070663452148,23.1972846984863,105.623237609863,31.6386127471924,12.0032329559326,2.68570804595947,2.38803005218506,6.96967458724976,12.1482610702515,11.8762159347534,62.8356170654297,85.4953765869141,53.1932334899902,23.093189239502,158.374206542969,48.0265312194824,83.1377792358398,18.2476119995117,1574.32214355469,152.519592285156,16.9239807128906,9.03497886657715,22.0996036529541,3.41765236854553,1955.08862304688,NA,6337.51806640625,8.91408538818359,12606.8994140625,101.52596282959,1672.49035644531
2023-12-31,57386.25,134185,929704,8.32999992370605,12.4622077941895,4.90667390823364,11.2340888977051,11.7446613311768,134.030776977539,186.994720458984,84.7059707641602,14.6779375076294,66.7201843261719,23.8258304595947,126.153839111328,34.2239608764648,13.1313571929932,2.94221138954163,2.56968688964844,7.4894528388977,13.5526123046875,12.99791431427,75.1878356933594,90.3032913208008,56.744514465332,25.131010055542,165.412063598633,58.1640243530273,81.7851715087891,20.9481811523438,1608.33520507812,183.799560546875,16.8547973632812,9.32516098022461,24.0041980743408,3.71650528907776,2112.57104492188,NA,6293.53173828125,9.0037899017334,13634.2548828125,97.4865112304688,1685.37854003906
2024-01-31,57372.76171875,127752,1260563,8.60999965667725,10.7571020126343,4.65957403182983,12.0575275421143,12.5536231994629,137.093658447266,196.797897338867,79.6261367797852,14.4821071624756,66.4397964477539,24.2817878723145,124.891723632812,29.9865303039551,11.8958921432495,2.60901021957397,2.40449285507202,7.22222995758057,14.1801652908325,14.0408954620361,71.7197799682617,90.9664459228516,48.2863693237305,23.7241630554199,174.989639282227,40.6336860656738,74.5458526611328,21.4179286956787,1572.47570800781,156.562789916992,15.8084001541138,8.79667949676514,23.0046768188477,3.24140524864197,2122.07763671875,NA,5803.69677734375,9.08687877655029,14849.7099609375,94.2180480957031,1502.01342773438
2024-02-29,55414,129020,1014712,11.0799999237061,10.5370874404907,4.9738974571228,11.888430595398,12.1491432189941,138.10417175293,179.192733764648,75.3220138549805,14.9110689163208,63.6266975402832,24.8882961273193,143.781585693359,34.3040390014648,11.7211122512817,2.34268665313721,2.28518581390381,7.65282011032104,14.2341089248657,12.8306436538696,71.3486099243164,97.7289428710938,47.2870979309082,22.1250762939453,164.312133789062,48.0225105285645,67.9256973266602,22.139575958252,1686.07946777344,143.400955200195,16.9758682250977,9.31663799285889,24.683349609375,3.30270886421204,2352.63623046875,NA,6087.34765625,8.83761215209961,14726.404296875,98.4874954223633,1700.29907226562
2024-03-31,57369.01171875,128106,1213485,11.9300003051758,10.0025720596313,5.12642955780029,10.9547071456909,11.1857414245605,138.386199951172,182.511093139648,89.0886077880859,14.547384262085,62.804256439209,24.5306644439697,142.561508178711,35.7678337097168,11.0022077560425,2.41356205940247,2.27600836753845,7.87135791778564,15.2302808761597,14.4541540145874,93.9902877807617,95.1112060546875,48.7860069274902,22.2310104370117,162.5146484375,47.4816284179688,74.9649658203125,23.9163818359375,1652.06640625,144.906539916992,17.1488285064697,8.58358097076416,22.3463459014893,3.40215444564819,2470.748046875,NA,6911.10400390625,8.94336318969727,17421.548828125,95.4978790283203,1973.93334960938
2024-04-30,56727.98046875,125924,1323586,10.8599996566772,9.98616027832031,4.47545433044434,12.178427696228,12.8075942993164,133.106430053711,180.583953857422,95.9401702880859,15.2188005447388,59.6733894348145,23.7594814300537,139.347290039062,37.0318717956543,9.90106868743896,2.2817862033844,2.12916922569275,7.16668605804443,14.7906179428101,13.3324565887451,102.946365356445,92.9297561645508,44.0653533935547,22.8370723724365,152.368148803711,44.1300964355469,68.2209854125977,22.8680305480957,1598.71435546875,130.161392211914,16.2121887207031,8.0858268737793,19.7666835784912,3.21434426307678,2467.8671875,NA,6726.51953125,9.34992027282715,15941.8623046875,89.9885787963867,1879.74780273438
2024-05-31,55179.23828125,122098,1651417,11.8800001144409,9.88769340515137,4.43325138092041,11.6676692962646,12.2105102539062,126.252136230469,174.211349487305,95.7094955444336,14.6779375076294,59.5799369812012,23.499532699585,147.01301574707,35.1592178344727,9.81848335266113,2.08202219009399,2.03739452362061,7.29412698745728,13.5168886184692,12.5846576690674,104.675811767578,95.1112060546875,38.4032821655273,24.1194610595703,159.014709472656,45.3079299926758,61.5692901611328,24.7830200195312,1696.30493164062,127.13077545166,17.0236988067627,7.32449722290039,19.6577625274658,3.23994040489197,2670.48193359375,NA,7481.05615234375,9.90560054779053,17203.037109375,90.7897796630859,1904.65600585938
2024-06-30,52440.01953125,123907,1611295,12.8900003433228,9.16560459136963,4.35653638839722,11.0561046600342,11.6925420761108,118.768585205078,176.021865844727,90.251106262207,14.5380582809448,58.4023551940918,23.7173480987549,143.46484375,39.503791809082,9.47324371337891,1.95683407783508,1.88137781620026,7.45136833190918,13.7200269699097,11.5591793060303,95.0667877197266,91.6296157836914,38.1056327819824,23.8910903930664,164.472763061523,39.5352935791016,62.3509712219238,24.104642868042,1746.58703613281,123.6220703125,16.9786167144775,7.20171308517456,18.4946804046631,3.09011626243591,2785.71313476562,NA,7118.26953125,9.61903858184814,16358.1650390625,87.5901260375977,1754.84948730469
2024-07-31,53136.83984375,127652,1481853,12.1300001144409,8.90302753448486,4.49316453933716,10.6670331954956,11.5150156021118,116.708198547363,184.213928222656,95.8009262084961,14.9552631378174,57.9444046020508,23.5752735137939,151.743881225586,47.5051918029785,10.0375680923462,1.94203436374664,1.8905553817749,7.71694564819336,16.1485290527344,11.8160486221313,94.0696868896484,97.9121856689453,39.7659454345703,24.3734302520752,167.828063964844,36.925479888916,63.296703338623,24.5992832183838,1713.13134765625,118.600936889648,18.105712890625,7.59940195083618,19.4120426177979,3.03393268585205,2996.01025390625,23.8820838928223,6440.80712890625,9.21502304077148,16051.7841796875,88.1400756835938,1621.99645996094
2024-08-31,52913.5,136004,1717564,14.9700002670288,8.95253276824951,4.86886310577393,11.6298418045044,12.6227130889893,113.905403137207,181.507125854492,93.5509490966797,15.6372318267822,58.5799255371094,25.3829669952393,158.600112915039,50.9697303771973,11.7305402755737,2.4352240562439,2.08328199386597,8.31639671325684,17.3362426757812,11.8456888198853,90.7458038330078,100.870223999023,37.5340423583984,28.2074565887451,164.699813842773,37.6434211730957,68.2376861572266,24.4294776916504,1820.38647460938,118.561645507812,18.6196708679199,8.22219562530518,19.4334526062012,3.07392644882202,3101.638671875,24.5561752319336,5878.5126953125,8.4585657119751,16657.16796875,97.8889770507812,1564.49304199219
2024-09-30,52477.30078125,131816,1697401,13.6499996185303,9.93969440460205,5.00435590744019,11.004132270813,11.9430952072144,116.900054931641,173.996231079102,101.73607635498,15.5315732955933,55.5238227844238,24.6949672698975,163.589904785156,51.2597274780273,9.99302291870117,2.33259654045105,2.23929858207703,8.45466804504395,16.5438232421875,11.9049663543701,103.190788269043,100.084907531738,37.5566329956055,27.4598636627197,170.616729736328,40.4375686645508,65.3425827026367,23.7643795013428,1785.94677734375,119.426330566406,18.7188568115234,9.12886047363281,19.1907444000244,3.30022811889648,3197.66479492188,25.4324913024902,5910.6181640625,7.67632102966309,15666.5419921875,91.7796630859375,1550.63024902344
2024-10-31,50661.05078125,129713,1848744,15.0900001525879,9.10571193695068,4.55493354797363,10.3200254440308,11.147439956665,116.491310119629,173.74528503418,97.1024627685547,15.2049980163574,51.6359443664551,23.9226818084717,166.446426391602,50.9958381652832,9.90904903411865,2.19763207435608,2.00068497657776,8.10334396362305,16.8512744903564,10.3637428283691,97.7310485839844,97.7289428710938,38.490966796875,26.0660057067871,158.300643920898,37.2456398010254,59.8032760620117,24.1657562255859,1962.08142089844,118.492851257324,17.6188087463379,8.09775066375732,19.2911739349365,2.94191718101501,3313.85595703125,25.8080577850342,5959.7099609375,6.61899900436401,16125.1640625,90.0398712158203,1517.91223144531
2024-11-30,49812.640625,125668,2258295,12.5299997329712,8.39087009429932,4.03743696212769,10.8789930343628,11.8353500366211,111.619781494141,159.996246337891,92.6002426147461,14.4942140579224,52.4109001159668,22.935791015625,167.657730102539,50.8356246948242,8.64009284973145,1.89747714996338,1.94562005996704,7.44652271270752,17.0159816741943,10.9268836975098,90.6172180175781,96.9872512817383,34.4238624572754,24.0151710510254,159.756683349609,37.3135528564453,57.5643920898438,24.7640285491943,2017.18505859375,119.445976257324,17.1048488616943,7.29775381088257,18.0764179229736,3.21359825134277,3168.85693359375,26.7036361694336,5941.05517578125,6.90267086029053,15409.71484375,90.4798049926758,1521.87817382812
2024-12-31,48837.71875,120283,2533635,10.6499996185303,7.61032199859619,3.80574011802673,10.5885734558105,11.3809375762939,114.573867797852,157.692779541016,91.01708984375,14.052375793457,52.7706069946289,22.5370674133301,162.875778198242,49.8044929504395,9.62913227081299,1.69507741928101,1.7917662858963,7.14160251617432,16.1961116790771,11.262788772583,82.5804138183594,98.645149230957,29.8835620880127,22.7441101074219,159.979263305664,35.3828773498535,52.4883041381836,24.5987796783447,2164.78393554688,110.042411804199,16.9335327148438,6.77448129653931,17.7253341674805,2.77364158630371,3375.3125,26.3473320007324,5968.6796875,6.60180711746216,15660.447265625,87.2401733398438,1547.57373046875
