country,date,leverage,lev_growth
AR,1990 Q1,2.6465809072444144,NA
AT,1990 Q1,1.114609661379886,NA
AU,1990 Q1,1.2095320736005863,NA
BE,1990 Q1,0.8104237413258526,NA
BG,1990 Q1,NA,NA
BO,1990 Q1,1.3867113507212587,NA
BR,1990 Q1,1.8863281650189565,NA
BY,1990 Q1,NA,NA
CA,1990 Q1,1.1037063189513336,NA
CH,1990 Q1,1.5287941093242943,NA
CL,1990 Q1,1.5472216833893282,NA
CN,1990 Q1,4.3698068272029635,NA
CO,1990 Q1,NA,NA
CR,1990 Q1,0.4602812837160605,NA
CY,1990 Q1,0.9188786508041572,NA
CZ,1990 Q1,NA,NA
DE,1990 Q1,1.6367174982491173,NA
DK,1990 Q1,0.9656136651304489,NA
ES,1990 Q1,1.3129565778428367,NA
FI,1990 Q1,1.6481642122251363,NA
FR,1990 Q1,1.5344572063727306,NA
GB,1990 Q1,NA,NA
HR,1990 Q1,NA,NA
HU,1990 Q1,1.5187166867103172,NA
ID,1990 Q1,1.269024135571218,NA
IE,1990 Q1,1.2402143269110546,NA
IL,1990 Q1,0.9047245339195731,NA
IS,1990 Q1,1.3156824603251445,NA
IT,1990 Q1,1.0026715678735119,NA
JP,1990 Q1,0.9564835859833587,NA
KR,1990 Q1,1.4414965013111847,NA
LT,1990 Q1,NA,NA
LU,1990 Q1,0.3721861884776802,NA
LV,1990 Q1,NA,NA
MT,1990 Q1,0.7764279161267744,NA
MX,1990 Q1,1.355886130776354,NA
MY,1990 Q1,1.149378620506582,NA
NL,1990 Q1,1.0751329576333013,NA
NO,1990 Q1,1.1818380647126674,NA
NZ,1990 Q1,1.1791361024287002,NA
PL,1990 Q1,0.5373862383946955,NA
PT,1990 Q1,0.6479704217857992,NA
RO,1990 Q1,1.7838123931275953,NA
SE,1990 Q1,NA,NA
SG,1990 Q1,1.0600389533406724,NA
SI,1990 Q1,NA,NA
SK,1990 Q1,NA,NA
TH,1990 Q1,1.1005931171008454,NA
TR,1990 Q1,0.7078585783658364,NA
US,1990 Q1,1.4192192423276628,NA
ZA,1990 Q1,0.9967287870756038,NA
AR,1990 Q2,2.25551936301122,-0.3910615442331946
AT,1990 Q2,1.135609957825763,0.021000296445877087
AU,1990 Q2,1.183760211095135,-0.02577186250545127
BE,1990 Q2,0.8576671035386632,0.04724336221281056
BG,1990 Q2,NA,NA
BO,1990 Q2,1.4349960993070534,0.04828474858579468
BR,1990 Q2,1.5603322297537192,-0.3259959352652373
BY,1990 Q2,NA,NA
CA,1990 Q2,1.1194600520086162,0.01575373305728256
CH,1990 Q2,1.5756210603815828,0.04682695105728851
CL,1990 Q2,1.4990452807996495,-0.0481764025896787
CN,1990 Q2,4.320949659265772,-0.04885716793719119
CO,1990 Q2,NA,NA
CR,1990 Q2,0.4335148755381295,-0.026766408177930967
CY,1990 Q2,0.9086245286939999,-0.010254122110157304
CZ,1990 Q2,NA,NA
DE,1990 Q2,1.5791972532979386,-0.05752024495117869
DK,1990 Q2,0.9371033780453909,-0.028510287085057984
ES,1990 Q2,1.2891800857909197,-0.02377649205191701
FI,1990 Q2,1.6676781492655142,0.01951393704037785
FR,1990 Q2,1.5681794306124592,0.03372222423972859
GB,1990 Q2,1.3475112174628139,NA
HR,1990 Q2,NA,NA
HU,1990 Q2,1.4953164183507892,-0.02340026835952802
ID,1990 Q2,1.1882093695042624,-0.08081476606695559
IE,1990 Q2,1.2792657327936197,0.03905140588256506
IL,1990 Q2,0.890869374611454,-0.013855159308119092
IS,1990 Q2,1.2510470024861096,-0.0646354578390349
IT,1990 Q2,1.0214720968218283,0.01880052894831641
JP,1990 Q2,0.9520261558771105,-0.004457430106248217
KR,1990 Q2,1.4744601132344068,0.03296361192322217
LT,1990 Q2,NA,NA
LU,1990 Q2,0.3697136563876651,-0.0024725320900150782
LV,1990 Q2,NA,NA
MT,1990 Q2,0.791590674205119,0.015162758078344551
MX,1990 Q2,1.1649224433457408,-0.1909636874306131
MY,1990 Q2,1.1913727239138183,0.041994103407236416
NL,1990 Q2,1.0655927496576538,-0.009540207975647474
NO,1990 Q2,1.1943502853831518,0.012512220670484409
NZ,1990 Q2,1.094969263250614,-0.0841668391780861
PL,1990 Q2,0.6920214039967248,0.1546351656020294
PT,1990 Q2,0.6651336627167304,0.017163240930931134
RO,1990 Q2,1.4558774049490717,-0.3279349881785236
SE,1990 Q2,NA,NA
SG,1990 Q2,1.0858380391442508,0.02579908580357837
SI,1990 Q2,NA,NA
SK,1990 Q2,NA,NA
TH,1990 Q2,1.1285768879279239,0.02798377082707848
TR,1990 Q2,0.7718318855390905,0.06397330717325411
US,1990 Q2,1.3938079488576198,-0.025411293470043006
ZA,1990 Q2,1.0208070387272692,0.02407825165166544
AR,1990 Q3,2.0318181818181817,-0.22370118119303806
AT,1990 Q3,1.1359688521112412,3.5889428547819513e-4
AU,1990 Q3,1.2083270142659266,0.024566803170791518
BE,1990 Q3,0.9013422048870025,0.043675101348339296
BG,1990 Q3,NA,NA
BO,1990 Q3,1.3755868544600942,-0.0594092448469592
BR,1990 Q3,1.5304245755804138,-0.02990765417330543
BY,1990 Q3,NA,NA
CA,1990 Q3,1.1291967133569762,0.009736661348360043
CH,1990 Q3,1.580106322692069,0.004485262310486293
CL,1990 Q3,1.4630122387786493,-0.03603304202100022
CN,1990 Q3,4.217351256440517,-0.10359840282525568
CO,1990 Q3,NA,NA
CR,1990 Q3,0.4692354545404661,0.035720579002336605
CY,1990 Q3,0.8943876424479583,-0.01423688624604158
CZ,1990 Q3,NA,NA
DE,1990 Q3,1.5995442419226218,0.020346988624683204
DK,1990 Q3,0.9368264976124596,-2.768804329312813e-4
ES,1990 Q3,1.2914801369950872,0.0023000512041675414
FI,1990 Q3,1.7374998441911338,0.06982169492561963
FR,1990 Q3,1.60089438379587,0.03271495318341078
GB,1990 Q3,1.3479290396069439,4.1782214412999785e-4
HR,1990 Q3,NA,NA
HU,1990 Q3,1.512877795021167,0.017561376670377715
ID,1990 Q3,1.3627766508639483,0.1745672813596859
IE,1990 Q3,1.1831774912496436,-0.0960882415439761
IL,1990 Q3,0.9049309587544572,0.01406158414300318
IS,1990 Q3,1.2309577092079256,-0.020089293278183984
IT,1990 Q3,1.0084569708908824,-0.013015125930945892
JP,1990 Q3,0.9658354388663078,0.013809282989197369
KR,1990 Q3,1.5544498270618974,0.07998971382749054
LT,1990 Q3,NA,NA
LU,1990 Q3,0.3592444289693593,-0.010469227418305804
LV,1990 Q3,NA,NA
MT,1990 Q3,0.8103561236324788,0.018765449427359804
MX,1990 Q3,1.1543655891875224,-0.010556854158218387
MY,1990 Q3,1.2303235653723519,0.03895084145853356
NL,1990 Q3,1.0749499680863779,0.009357218428724057
NO,1990 Q3,1.1882141901212708,-0.006136095261880969
NZ,1990 Q3,1.0696122935814691,-0.025356969669144913
PL,1990 Q3,0.7345211558360661,0.04249975183934129
PT,1990 Q3,0.6513623058611071,-0.013771356855623251
RO,1990 Q3,1.4663322407415074,0.010454835792435668
SE,1990 Q3,NA,NA
SG,1990 Q3,1.0405135684949909,-0.04532447064925993
SI,1990 Q3,NA,NA
SK,1990 Q3,NA,NA
TH,1990 Q3,1.1714473144414532,0.04287042651352935
TR,1990 Q3,0.7608124226110171,-0.011019462928073431
US,1990 Q3,1.377475073846501,-0.016332875011118908
ZA,1990 Q3,1.025839609243572,0.005032570516302792
AR,1990 Q4,1.8928192430137956,-0.13899893880438619
AT,1990 Q4,1.118710374654135,-0.01725847745710629
AU,1990 Q4,1.1989833609753473,-0.00934365329057929
BE,1990 Q4,0.8918042452830188,-0.009537959603983626
BG,1990 Q4,NA,NA
BO,1990 Q4,1.3743378893951181,-0.0012489650649760708
BR,1990 Q4,1.5413319380436918,0.010907362463278059
BY,1990 Q4,NA,NA
CA,1990 Q4,1.081469194857464,-0.04772751849951229
CH,1990 Q4,1.5825179851841291,0.0024116624920600405
CL,1990 Q4,1.4593996635513249,-0.0036125752273243883
CN,1990 Q4,4.231167306871532,0.013816050431015192
CO,1990 Q4,1.2492921828878938,NA
CR,1990 Q4,0.44540491111051345,-0.023830543429952666
CY,1990 Q4,0.925506116712425,0.031118474264466678
CZ,1990 Q4,NA,NA
DE,1990 Q4,1.5595005693315804,-0.04004367259104136
DK,1990 Q4,0.9577600885502793,0.020933590937819657
ES,1990 Q4,1.2777549379951034,-0.013725198999983812
FI,1990 Q4,1.7051957257602923,-0.032304118430841466
FR,1990 Q4,1.6102416046193588,0.009347220823488822
GB,1990 Q4,1.3580917823557639,0.010162742748820008
HR,1990 Q4,NA,NA
HU,1990 Q4,1.3976685522201422,-0.11520924280102474
ID,1990 Q4,1.3102529820008493,-0.052523668863099005
IE,1990 Q4,1.2288061171165725,0.04562862586692895
IL,1990 Q4,0.9390390353427601,0.03410807658830295
IS,1990 Q4,1.2585445952981698,0.027586886090244178
IT,1990 Q4,0.9950599595244861,-0.013397011366396261
JP,1990 Q4,0.9610896343819859,-0.004745804484321936
KR,1990 Q4,1.5210415057588211,-0.03340832130307625
LT,1990 Q4,NA,NA
LU,1990 Q4,0.37772888813674055,0.01848445916738123
LV,1990 Q4,NA,NA
MT,1990 Q4,0.8200183275210675,0.009662203888588738
MX,1990 Q4,0.9217331636956242,-0.23263242549189822
MY,1990 Q4,1.2646388332996739,0.03431526792732198
NL,1990 Q4,1.0756903489642877,7.403808779098409e-4
NO,1990 Q4,1.1517320347853854,-0.03648215533588539
NZ,1990 Q4,1.0653786903733642,-0.004233603208104952
PL,1990 Q4,0.7922978423156997,0.05777668647963352
PT,1990 Q4,0.6666688782498953,0.015306572388788187
RO,1990 Q4,1.6248281524274604,0.158495911685953
SE,1990 Q4,NA,NA
SG,1990 Q4,1.0194022215726395,-0.021111346922351393
SI,1990 Q4,NA,NA
SK,1990 Q4,NA,NA
TH,1990 Q4,1.1902455887838517,0.018798274342398447
TR,1990 Q4,0.807198288549812,0.0463858659387949
US,1990 Q4,1.3538731698623616,-0.023601903984139305
ZA,1990 Q4,1.0359375335712206,0.010097924327648666
AR,1991 Q1,1.8492063492063493,-0.04361289380744626
AT,1991 Q1,1.1275268348862875,0.008816460232152545
AU,1991 Q1,1.2137131779282548,0.014729816952907537
BE,1991 Q1,0.895559968792113,0.0037557235090941443
BG,1991 Q1,NA,NA
BO,1991 Q1,1.2931719065286729,-0.08116598286644527
BR,1991 Q1,1.546138371381091,0.004806433337399163
BY,1991 Q1,NA,NA
CA,1991 Q1,1.079922164869286,-0.001547029988177906
CH,1991 Q1,1.5771874670076367,-0.005330518176492438
CL,1991 Q1,1.3926697720741028,-0.06672989147722208
CN,1991 Q1,4.158722825389492,-0.07244448148203997
CO,1991 Q1,1.209825166661439,-0.039467016226454765
CR,1991 Q1,0.4528148000795703,0.007409888969056866
CY,1991 Q1,0.942778119215861,0.017272002503435968
CZ,1991 Q1,NA,NA
DE,1991 Q1,1.6136722930523375,0.05417172372075707
DK,1991 Q1,0.812678321435596,-0.14508176711468324
ES,1991 Q1,1.2887042139018112,0.0109492759067078
FI,1991 Q1,1.710478736954116,0.005283011193823572
FR,1991 Q1,1.6530761591134808,0.04283455449412199
GB,1991 Q1,1.3677899276589323,0.00969814530316837
HR,1991 Q1,NA,NA
HU,1991 Q1,1.3458281643012417,-0.051840387918900444
ID,1991 Q1,1.4294363581547933,0.11918337615394403
IE,1991 Q1,1.245064207415126,0.016258090298553407
IL,1991 Q1,0.9416964483725192,0.0026574130297590814
IS,1991 Q1,1.2704886882741184,0.011944092975948672
IT,1991 Q1,1.0368648261629498,0.04180486663846372
JP,1991 Q1,0.9662598273546145,0.005170192972628551
KR,1991 Q1,1.5391905025296797,0.018148996770858572
LT,1991 Q1,NA,NA
LU,1991 Q1,0.40927166794178726,0.03154277980504672
LV,1991 Q1,NA,NA
MT,1991 Q1,0.857109168393215,0.037090840872147535
MX,1991 Q1,0.9710125762964303,0.04927941260080615
MY,1991 Q1,1.2646756735403335,3.684024065964131e-5
NL,1991 Q1,1.0893367457338776,0.013646396769589897
NO,1991 Q1,1.15514012251337,0.00340808772798451
NZ,1991 Q1,1.1337761624437206,0.0683974720703564
PL,1991 Q1,0.8233523062506508,0.03105446393495115
PT,1991 Q1,0.6869879600261884,0.020319081776293157
RO,1991 Q1,1.5780432008867697,-0.04678495154069062
SE,1991 Q1,NA,NA
SG,1991 Q1,1.0261256253474151,0.006723403774775649
SI,1991 Q1,NA,NA
SK,1991 Q1,NA,NA
TH,1991 Q1,1.214246488019552,0.024000899235700368
TR,1991 Q1,0.7876941371245367,-0.019504151425275285
US,1991 Q1,1.296925480051109,-0.056947689811252644
ZA,1991 Q1,1.0240795654844035,-0.011857968086817161
AR,1991 Q2,1.7547259428137172,-0.09448040639263211
AT,1991 Q2,1.1396126424051047,0.012085807518817271
AU,1991 Q2,1.22333616253526,0.009622984607005058
BE,1991 Q2,0.9121009754903675,0.016541006698254535
BG,1991 Q2,NA,NA
BO,1991 Q2,1.2469491525423728,-0.04622275398630005
BR,1991 Q2,1.4081681252604672,-0.1379702461206238
BY,1991 Q2,NA,NA
CA,1991 Q2,1.0759515995430342,-0.00397056532625184
CH,1991 Q2,1.600453833428492,0.023266366420855222
CL,1991 Q2,1.3183880902179534,-0.07428168185614936
CN,1991 Q2,4.042780104964129,-0.11594272042536247
CO,1991 Q2,1.1703581504349843,-0.039467016226454765
CR,1991 Q2,0.42412717975130604,-0.028687620328264274
CY,1991 Q2,0.9365862454022459,-0.006191873813615079
CZ,1991 Q2,NA,NA
DE,1991 Q2,1.6514936025571587,0.03782130950482121
DK,1991 Q2,0.8100765108096939,-0.0026018106259021456
ES,1991 Q2,1.2621464269153486,-0.026557786986462606
FI,1991 Q2,1.6847693145805078,-0.02570942237360807
FR,1991 Q2,1.665149663225236,0.012073504111755229
GB,1991 Q2,1.3603258769525204,-0.007464050706411873
HR,1991 Q2,NA,NA
HU,1991 Q2,1.2413804376698474,-0.10444772663139434
ID,1991 Q2,1.372427272761531,-0.057009085393262326
IE,1991 Q2,1.2442112902859994,-8.529171291264959e-4
IL,1991 Q2,0.9558469638997592,0.014150515527240004
IS,1991 Q2,1.2527572365824415,-0.01773145169167689
IT,1991 Q2,1.062823307727751,0.025958481564801072
JP,1991 Q2,0.9738465801110974,0.007586752756482906
KR,1991 Q2,1.5499521298421044,0.010761627312424693
LT,1991 Q2,NA,NA
LU,1991 Q2,0.4137453475287804,0.004473679586993129
LV,1991 Q2,NA,NA
MT,1991 Q2,0.8444085054914082,-0.012700662901806825
MX,1991 Q2,0.9801704268085448,0.009157850512114485
MY,1991 Q2,1.3152702510912286,0.05059457755089514
NL,1991 Q2,1.0764096903446667,-0.012927055389210906
NO,1991 Q2,1.1599883115371568,0.004848189023786809
NZ,1991 Q2,1.1224486094001638,-0.011327553043556815
PL,1991 Q2,0.8037470173048554,-0.019605288945795385
PT,1991 Q2,0.6737162408527214,-0.013271719173467034
RO,1991 Q2,1.5312582493460791,-0.04678495154069062
SE,1991 Q2,NA,NA
SG,1991 Q2,1.02153081133346,-0.0045948140139551175
SI,1991 Q2,NA,NA
SK,1991 Q2,NA,NA
TH,1991 Q2,1.2300463338862269,0.015799845866674822
TR,1991 Q2,0.7874262502897612,-2.6788683477552144e-4
US,1991 Q2,1.267263389411413,-0.029662090639696048
ZA,1991 Q2,3.931169100413583,2.907089534929179
AR,1991 Q3,1.6232970576380492,-0.13142888517566798
AT,1991 Q3,1.1455832585840517,0.005970616178947008
AU,1991 Q3,1.2285772373391601,0.005241074803900236
BE,1991 Q3,0.9278156511859111,0.015714675695543634
BG,1991 Q3,NA,NA
BO,1991 Q3,1.2157378024593415,-0.03121135008303133
BR,1991 Q3,1.382473542390749,-0.025694582869718152
BY,1991 Q3,NA,NA
CA,1991 Q3,1.083270616457772,0.007319016914737686
CH,1991 Q3,1.6124360582813524,0.01198222485286049
CL,1991 Q3,1.317336384656987,-0.0010517055609664538
CN,1991 Q3,3.8830199417726505,-0.1597601631914789
CO,1991 Q3,1.1308911342085297,-0.03946701622645454
CR,1991 Q3,0.3917030676064727,-0.03242411214483332
CY,1991 Q3,0.906279460446502,-0.030306784955743904
CZ,1991 Q3,NA,NA
DE,1991 Q3,1.6735178278161738,0.02202422525901504
DK,1991 Q3,0.7538769988376943,-0.05619951197199957
ES,1991 Q3,1.2692583718538444,0.007111944938495762
FI,1991 Q3,1.7303273512077202,0.04555803662721236
FR,1991 Q3,1.7003374048596762,0.03518774163444016
GB,1991 Q3,1.3633869974875632,0.003061120535042816
HR,1991 Q3,NA,NA
HU,1991 Q3,1.184237298665797,-0.057143139004050436
ID,1991 Q3,1.279004292572919,-0.09342298018861195
IE,1991 Q3,1.2113416821398897,-0.03286960814610973
IL,1991 Q3,0.9984214048239395,0.04257444092418028
IS,1991 Q3,1.22760668496174,-0.025150551620701567
IT,1991 Q3,1.0712002833680079,0.008376975640256967
JP,1991 Q3,0.9637554024048582,-0.01009117770623913
KR,1991 Q3,1.5520468729510737,0.002094743108969288
LT,1991 Q3,NA,NA
LU,1991 Q3,0.40904060611219883,-0.004704741416581559
LV,1991 Q3,NA,NA
MT,1991 Q3,0.8814596820076479,0.03705117651623968
MX,1991 Q3,0.9867202220442057,0.006549795235660905
MY,1991 Q3,1.3498462052496585,0.034575954158429845
NL,1991 Q3,1.0932003661790772,0.016790675834410518
NO,1991 Q3,1.1437873917425994,-0.0162009197945574
NZ,1991 Q3,1.091609862480477,-0.030838746919686688
PL,1991 Q3,0.837485029600509,0.03373801229565354
PT,1991 Q3,0.6702380946214899,-0.003478146231231549
RO,1991 Q3,1.4844732978053883,-0.046784951540690844
SE,1991 Q3,NA,NA
SG,1991 Q3,1.0133732037544647,-0.008157607578995307
SI,1991 Q3,NA,NA
SK,1991 Q3,NA,NA
TH,1991 Q3,1.2076364582159838,-0.022409875670243107
TR,1991 Q3,0.6959403791477543,-0.0914858711420069
US,1991 Q3,1.2364645322226884,-0.03079885718872455
ZA,1991 Q3,3.0099099156523375,-0.9212591847612455
AR,1991 Q4,1.6252252252252253,0.0019281675871760662
AT,1991 Q4,1.12551109352687,-0.02007216505718179
AU,1991 Q4,1.212288986505082,-0.016288250834078033
BE,1991 Q4,0.9195578646396317,-0.0082577865462794
BG,1991 Q4,1.2335763217987004,NA
BO,1991 Q4,1.2413238856314943,0.02558608317215283
BR,1991 Q4,1.4441293906602664,0.06165584826951731
BY,1991 Q4,NA,NA
CA,1991 Q4,1.0576711337000566,-0.025599482757715286
CH,1991 Q4,1.5977187148161975,-0.014717343465154853
CL,1991 Q4,1.2866017697911343,-0.030734614865852716
CN,1991 Q4,3.7568925279854435,-0.12612741378720704
CO,1991 Q4,1.091424117982075,-0.039467016226454765
CR,1991 Q4,0.3774151862865684,-0.014287881319904328
CY,1991 Q4,0.9265626552404443,0.02028319479394236
CZ,1991 Q4,NA,NA
DE,1991 Q4,1.6221542292383717,-0.05136359857780204
DK,1991 Q4,0.7738269848105638,0.019949985972869455
ES,1991 Q4,1.276202743254909,0.006944371401064631
FI,1991 Q4,1.670516583818992,-0.05981076738872826
FR,1991 Q4,1.7011365087472865,7.991038876102863e-4
GB,1991 Q4,1.3207056372505084,-0.04268136023705482
HR,1991 Q4,NA,NA
HU,1991 Q4,1.0741642688067017,-0.11007302985909528
ID,1991 Q4,1.2913223778197147,0.012318085246795674
IE,1991 Q4,1.1357020650481617,-0.07563961709172795
IL,1991 Q4,0.9887979888956261,-0.009623415928313395
IS,1991 Q4,1.2078572265934777,-0.01974945836826225
IT,1991 Q4,1.03726051643244,-0.03393976693556788
JP,1991 Q4,0.9605971665034775,-0.003158235901380757
KR,1991 Q4,1.4992821773383846,-0.05276469561268904
LT,1991 Q4,NA,NA
LU,1991 Q4,0.4140016685205784,0.0049610624083795685
LV,1991 Q4,NA,NA
MT,1991 Q4,0.8837200018543605,0.0022603198467125996
MX,1991 Q4,0.9283437257523207,-0.058376496291885016
MY,1991 Q4,1.2872388376799577,-0.06260736756970076
NL,1991 Q4,1.102175781708301,0.008975415529223874
NO,1991 Q4,1.0730393348568095,-0.07074805688578989
NZ,1991 Q4,1.1000479911545122,0.00843812867403515
PL,1991 Q4,0.9405847737245431,0.10309974412403411
PT,1991 Q4,0.6775202847713907,0.007282190149900836
RO,1991 Q4,1.4376883462646977,-0.04678495154069062
SE,1991 Q4,NA,NA
SG,1991 Q4,1.0109597872511886,-0.002413416503276089
SI,1991 Q4,1.042680236611617,NA
SK,1991 Q4,NA,NA
TH,1991 Q4,1.2136560070269717,0.006019548810987985
TR,1991 Q4,0.7083480379992576,0.0124076588515033
US,1991 Q4,1.2182897166744406,-0.018174815548247736
ZA,1991 Q4,2.088650730891092,-0.9212591847612455
AR,1992 Q1,1.4884093199739135,-0.13681590525131182
AT,1992 Q1,1.123292678874082,-0.0022184146527879367
AU,1992 Q1,1.2198503757722756,0.007561389267193519
BE,1992 Q1,0.9311121275023748,0.011554262862743081
BG,1992 Q1,1.1903812756551944,-0.043195046143506
BO,1992 Q1,1.2032064047633415,-0.03811748086815281
BR,1992 Q1,1.7139247034553886,0.26979531279512226
BY,1992 Q1,NA,NA
CA,1992 Q1,1.04692095015947,-0.010750183540586544
CH,1992 Q1,1.6002621608724898,0.002543446056292309
CL,1992 Q1,1.2302918365208662,-0.05630993327026812
CN,1992 Q1,3.555351693067868,-0.20154083491757557
CO,1992 Q1,1.010170346668083,-0.08125377131399203
CR,1992 Q1,0.36178827683564296,-0.01562690945092543
CY,1992 Q1,0.9395434128917091,0.012980757651264718
CZ,1992 Q1,NA,NA
DE,1992 Q1,1.6683823774705295,0.04622814823215782
DK,1992 Q1,0.7580700101768758,-0.01575697463368797
ES,1992 Q1,1.2795081101806522,0.003305366925743236
FI,1992 Q1,1.6779320856820743,0.007415501863082374
FR,1992 Q1,1.7296846494657285,0.028548140718442028
GB,1992 Q1,1.3126451394519534,-0.008060497798555
HR,1992 Q1,NA,NA
HU,1992 Q1,0.8818407608090485,-0.1923235079976532
ID,1992 Q1,1.335122728145081,0.04380035032536633
IE,1992 Q1,1.2232746135175891,0.08757254846942741
IL,1992 Q1,1.01967951531883,0.030881526423203964
IS,1992 Q1,1.2374788499968667,0.02962162340338903
IT,1992 Q1,1.1095436311559475,0.07228311472350746
JP,1992 Q1,0.9648595844884091,0.004262417984931655
KR,1992 Q1,1.5112493599457286,0.011967182607343974
LT,1992 Q1,NA,NA
LU,1992 Q1,0.353021538819289,-0.06098012970128941
LV,1992 Q1,NA,NA
MT,1992 Q1,0.8963369366658253,0.012616934811464753
MX,1992 Q1,0.9681357035643887,0.039791977812068
MY,1992 Q1,1.3133260686767456,0.02608723099678789
NL,1992 Q1,1.1007094102850359,-0.0014663714232652225
NO,1992 Q1,1.071068840088953,-0.00197049476785649
NZ,1992 Q1,1.0953530560422122,-0.004694935112300014
PL,1992 Q1,0.8765519941730486,-0.06403277955149445
PT,1992 Q1,0.6623383461649487,-0.015181938606442014
RO,1992 Q1,1.390903394724007,-0.04678495154069062
SE,1992 Q1,NA,NA
SG,1992 Q1,0.9919863784053986,-0.01897340884579002
SI,1992 Q1,1.0577393126251433,0.015059076013526296
SK,1992 Q1,NA,NA
TH,1992 Q1,1.2269499158604902,0.013293908833518442
TR,1992 Q1,0.6953905452688853,-0.012957492730372278
US,1992 Q1,1.192173651281996,-0.0261160653924446
ZA,1992 Q1,1.167391546129846,-0.9212591847612459
AR,1992 Q2,1.4433083161235079,-0.04510100385040561
AT,1992 Q2,1.1359627107362391,0.012670031862157094
AU,1992 Q2,1.2130590102314631,-0.0067913655408124995
BE,1992 Q2,0.9359061083677197,0.004793980865344882
BG,1992 Q2,1.2692249555983826,0.0788436799431882
BO,1992 Q2,1.2521889400921657,0.04898253532882424
BR,1992 Q2,1.6564313853959247,-0.057493318059463894
BY,1992 Q2,NA,NA
CA,1992 Q2,1.0449328548286612,-0.0019880953308089033
CH,1992 Q2,1.6112629930636864,0.011000832191196519
CL,1992 Q2,1.2806901647617557,0.05039832824088952
CN,1992 Q2,3.5342921302089585,-0.02105956285890942
CO,1992 Q2,0.9767688451898978,-0.0334015014781851
CR,1992 Q2,0.36770671925623327,0.0059184424205903086
CY,1992 Q2,0.9449345482428009,0.005391135351091814
CZ,1992 Q2,NA,NA
DE,1992 Q2,1.6910011735652195,0.022618796094689975
DK,1992 Q2,0.7594448583816049,0.0013748482047291066
ES,1992 Q2,1.283471657173854,0.003963546993201783
FI,1992 Q2,1.6609327001598697,-0.01699938552220459
FR,1992 Q2,1.7332799255737028,0.0035952761079742768
GB,1992 Q2,1.2969441210710129,-0.015701018380940512
HR,1992 Q2,NA,NA
HU,1992 Q2,0.8126850505970995,-0.069155710211949
ID,1992 Q2,1.290264971367563,-0.04485775677751813
IE,1992 Q2,1.1864016526254646,-0.03687296089212455
IL,1992 Q2,1.0189355971654965,-7.439181533335226e-4
IS,1992 Q2,1.213627182918619,-0.023851667078247818
IT,1992 Q2,1.1228138472144957,0.013270216058548279
JP,1992 Q2,0.9638431326027059,-0.0010164518857032068
KR,1992 Q2,1.5057123554644727,-0.005537004481255936
LT,1992 Q2,NA,NA
LU,1992 Q2,0.3812435201561261,0.02822198133683712
LV,1992 Q2,NA,NA
MT,1992 Q2,0.8885001228425401,-0.00783681382328516
MX,1992 Q2,1.1100882257026767,0.14195252213828802
MY,1992 Q2,1.245264203378517,-0.06806186529822855
NL,1992 Q2,1.0881754595815332,-0.012533950703502716
NO,1992 Q2,1.036732085938124,-0.03433675415082904
NZ,1992 Q2,1.0986162840166955,0.003263227974483307
PL,1992 Q2,0.843924097711352,-0.032627896461696615
PT,1992 Q2,0.6753932012079685,0.013054855043019842
RO,1992 Q2,1.3441184431833164,-0.04678495154069062
SE,1992 Q2,NA,NA
SG,1992 Q2,1.002339878876858,0.010353500471459443
SI,1992 Q2,0.944373056452029,-0.11336625617311435
SK,1992 Q2,NA,NA
TH,1992 Q2,1.2671808824391313,0.040230966578641114
TR,1992 Q2,0.6749417326899162,-0.020448812578969133
US,1992 Q2,1.1847655182083,-0.007408133073696144
ZA,1992 Q2,1.1768402362743846,0.00944869014453853
AR,1992 Q3,1.4199403835031366,-0.02336793262037129
AT,1992 Q3,1.1528642367434192,0.01690152600718009
AU,1992 Q3,1.1917710886812698,-0.021287921550193323
BE,1992 Q3,0.9603725538075139,0.02446644543979415
BG,1992 Q3,1.214369690847974,-0.05485526475040858
BO,1992 Q3,1.27519155576596,0.023002615673794358
BR,1992 Q3,1.5500373119255733,-0.10639407347035146
BY,1992 Q3,NA,NA
CA,1992 Q3,1.0290038211095156,-0.015929033719145558
CH,1992 Q3,1.6200558720231766,0.008792878959490213
CL,1992 Q3,1.3228235248700853,0.042133360108329576
CN,1992 Q3,3.403153545363877,-0.13113858484508167
CO,1992 Q3,1.0646980317658798,0.08792918657598203
CR,1992 Q3,0.4137329559722816,0.04602623671604833
CY,1992 Q3,0.9260229553165379,-0.018911592926262988
CZ,1992 Q3,NA,NA
DE,1992 Q3,1.6834730438097287,-0.0075281297554907756
DK,1992 Q3,0.7495093007194124,-0.009935557662192562
ES,1992 Q3,1.2827612623954656,-7.103947783884124e-4
FI,1992 Q3,1.6471517654536219,-0.01378093470624786
FR,1992 Q3,1.7485769240766251,0.015296998502922321
GB,1992 Q3,1.3017204516474499,0.0047763305764370045
HR,1992 Q3,NA,NA
HU,1992 Q3,0.775428128746536,-0.03725692185056351
ID,1992 Q3,1.2333476331275575,-0.056917338240005444
IE,1992 Q3,1.215567737403321,0.029166084777856316
IL,1992 Q3,1.0141013257273774,-0.004834271438119098
IS,1992 Q3,1.2027874752685848,-0.01083970765003417
IT,1992 Q3,1.158310837601294,0.03549699038679832
JP,1992 Q3,0.9694162565442609,0.005573123941554958
KR,1992 Q3,1.548672609568438,0.04296025410396531
LT,1992 Q3,NA,NA
LU,1992 Q3,0.38794950158521607,0.006705981429089958
LV,1992 Q3,NA,NA
MT,1992 Q3,0.898415325144534,0.009915202301993942
MX,1992 Q3,1.1791513815501633,0.06906315584748657
MY,1992 Q3,1.1865335883035038,-0.058730615075013315
NL,1992 Q3,1.0862790496681662,-0.0018964099133669254
NO,1992 Q3,1.054783374495051,0.01805128855692706
NZ,1992 Q3,1.1454742048488966,0.04685792083220108
PL,1992 Q3,0.7968436154949784,-0.04708048221637362
PT,1992 Q3,0.6754452376679823,5.203646001372686e-5
RO,1992 Q3,1.2973334916426258,-0.04678495154069062
SE,1992 Q3,NA,NA
SG,1992 Q3,1.0083225006350203,0.005982621758162221
SI,1992 Q3,0.8546119655078014,-0.08976109094422757
SK,1992 Q3,NA,NA
TH,1992 Q3,1.295305641993825,0.028124759554693624
TR,1992 Q3,0.6358838820880968,-0.03905785060181943
US,1992 Q3,1.181269347067303,-0.003496171140996873
ZA,1992 Q3,1.1683229918108595,-0.008517244463525087
AR,1992 Q4,1.480637422892392,0.060697039389255414
AT,1992 Q4,1.1185475509655334,-0.034316685777885825
AU,1992 Q4,1.1830993937841316,-0.008671694897138149
BE,1992 Q4,1.1134635309757004,0.15309097716818654
BG,1992 Q4,1.1210476076840472,-0.09332208316392676
BO,1992 Q4,1.2879889123462958,0.01279735658033565
BR,1992 Q4,1.4950253552241777,-0.05501195670139558
BY,1992 Q4,NA,NA
CA,1992 Q4,0.9974026648185556,-0.03160115629096005
CH,1992 Q4,1.58761211930113,-0.03244375272204647
CL,1992 Q4,1.3567821372793714,0.033958612409286104
CN,1992 Q4,3.430492871446932,0.027339326083055226
CO,1992 Q4,1.0773480069212333,0.012649975155353488
CR,1992 Q4,0.45692019096332015,0.04318723499103855
CY,1992 Q4,0.9478134193513552,0.021790464034817325
CZ,1992 Q4,NA,NA
DE,1992 Q4,1.6534638816019316,-0.030009162207797146
DK,1992 Q4,0.7601800446329132,0.010670743913500869
ES,1992 Q4,1.291024018231435,0.00826275583596936
FI,1992 Q4,1.5591832890213253,-0.08796847643229655
FR,1992 Q4,1.7465786223756836,-0.001998301700941507
GB,1992 Q4,1.3250168668719127,0.023296415224462796
HR,1992 Q4,NA,NA
HU,1992 Q4,0.7328491364349065,-0.04257899231162954
ID,1992 Q4,1.2043160883458117,-0.029031544781745744
IE,1992 Q4,1.143251271481065,-0.07231646592225593
IL,1992 Q4,0.98127659627722,-0.032824729450157464
IS,1992 Q4,1.2475156043313236,0.04472812906273882
IT,1992 Q4,1.100172332722332,-0.058138504878961994
JP,1992 Q4,0.9708351660091764,0.0014189094649155187
KR,1992 Q4,1.4597818130486406,-0.08889079651979737
LT,1992 Q4,NA,NA
LU,1992 Q4,0.38922155688622756,0.0012720553010114877
LV,1992 Q4,NA,NA
MT,1992 Q4,0.8729761261454771,-0.02543919899905689
MX,1992 Q4,1.1844580009385266,0.005306619388363298
MY,1992 Q4,1.1871070704218587,5.73482118354951e-4
NL,1992 Q4,1.1028108910958547,0.016531841427688487
NO,1992 Q4,0.9969313532353387,-0.05785202125971234
NZ,1992 Q4,1.1607814616496515,0.015307256800754843
PL,1992 Q4,0.7539807131643866,-0.04286290233059176
PT,1992 Q4,0.6870868058597032,0.011641568191720908
RO,1992 Q4,1.2505485401019352,-0.04678495154069062
SE,1992 Q4,NA,NA
SG,1992 Q4,1.020786075405121,0.012463574770100738
SI,1992 Q4,0.931843324857026,0.07723135934922465
SK,1992 Q4,NA,NA
TH,1992 Q4,1.3164021873866314,0.021096545392806476
TR,1992 Q4,0.7209620025388974,0.08507812045080065
US,1992 Q4,1.1799406820309295,-0.001328665036373522
ZA,1992 Q4,1.2038145993363938,0.03549160752553426
AR,1993 Q1,1.3739368497901077,-0.10670057310228431
AT,1993 Q1,1.1103434796697045,-0.008204071295828896
AU,1993 Q1,1.1888140237893767,0.0057146300052450805
BE,1993 Q1,1.095667625982655,-0.017795904993045397
BG,1993 Q1,1.144556454363158,0.023508846679110684
BO,1993 Q1,1.2708348635983018,-0.017154048747993977
BR,1993 Q1,1.5730076385656913,0.07798228334151358
BY,1993 Q1,NA,NA
CA,1993 Q1,0.9823948171516503,-0.015007847666905216
CH,1993 Q1,1.5649603112541535,-0.02265180804697664
CL,1993 Q1,1.4000725853446594,0.043290448065288034
CN,1993 Q1,3.091400585886691,-0.3390922855602412
CO,1993 Q1,1.1175015775439168,0.04015357062268343
CR,1993 Q1,0.49387528891631977,0.036955097952999616
CY,1993 Q1,0.9540005550995342,0.0061871357481789735
CZ,1993 Q1,1.2451986434292528,NA
DE,1993 Q1,1.683597577608637,0.030133696006705346
DK,1993 Q1,0.7057472927538478,-0.05443275187906538
ES,1993 Q1,1.265115429287327,-0.02590858894410797
FI,1993 Q1,1.5854450316848665,0.0262617426635412
FR,1993 Q1,1.6973425573737013,-0.0492360650019823
GB,1993 Q1,1.3233579076908921,-0.0016589591810205473
HR,1993 Q1,NA,NA
HU,1993 Q1,0.6796919453520499,-0.05315719108285655
ID,1993 Q1,1.1847379332921106,-0.019578155053701085
IE,1993 Q1,1.0111783904100218,-0.1320728810710432
IL,1993 Q1,1.0321298247442945,0.05085322846707452
IS,1993 Q1,1.2787014131281982,0.031185808796874603
IT,1993 Q1,1.1398930841818622,0.039720751459530135
JP,1993 Q1,0.9630476973462538,-0.00778746866292257
KR,1993 Q1,1.4732831565203384,0.013501343471697735
LT,1993 Q1,0.8786384603149355,NA
LU,1993 Q1,0.3776795910818667,-0.011541965804360843
LV,1993 Q1,NA,NA
MT,1993 Q1,0.8795953099501242,0.0066191838046471
MX,1993 Q1,1.2152706862478604,0.030812685309333787
MY,1993 Q1,1.1548686300262467,-0.03223844039561197
NL,1993 Q1,1.0993580161614283,-0.0034528749344264753
NO,1993 Q1,1.0056380071760591,0.008706653940720455
NZ,1993 Q1,1.1782751920051817,0.017493730355530257
PL,1993 Q1,0.7523191881710091,-0.0016615249933775722
PT,1993 Q1,0.6822724638745921,-0.0048143419851111036
RO,1993 Q1,1.2037635885612445,-0.04678495154069062
SE,1993 Q1,NA,NA
SG,1993 Q1,1.04373035174091,0.022944276335788993
SI,1993 Q1,0.9330620329002673,0.0012187080432413122
SK,1993 Q1,1.2549637025056286,NA
TH,1993 Q1,1.3376170864577168,0.021214899071085425
TR,1993 Q1,0.7505102965194258,0.029548293980528384
US,1993 Q1,1.1638334204386582,-0.01610726159227127
ZA,1993 Q1,1.2106325101446669,0.006817910808273098
AR,1993 Q2,1.2859742580154188,-0.0879625917746889
AT,1993 Q2,1.1167259895725852,0.006382509902880695
AU,1993 Q2,1.1977205507476307,0.008906526958254002
BE,1993 Q2,1.1132324393599577,0.017564813377302757
BG,1993 Q2,1.1374894412005894,-0.007067013162568525
BO,1993 Q2,1.3143931922567555,0.04355832865845377
BR,1993 Q2,1.6265069938906274,0.053499355324936104
BY,1993 Q2,NA,NA
CA,1993 Q2,0.9934904040119455,0.011095586860295215
CH,1993 Q2,1.5617621087745692,-0.0031982024795842445
CL,1993 Q2,1.381554116312861,-0.018518469031798324
CN,1993 Q2,3.0847285312567596,-0.006672054629931257
CO,1993 Q2,1.1011868602152488,-0.01631471732866796
CR,1993 Q2,0.5278781235207654,0.034002834604445586
CY,1993 Q2,0.9372635147573014,-0.01673704034223278
CZ,1993 Q2,1.2490282371593362,0.0038295937300834026
DE,1993 Q2,1.6851486193677427,0.001551041759105809
DK,1993 Q2,0.6528843487136917,-0.052862944040156123
ES,1993 Q2,1.2273583979828837,-0.0377570313044433
FI,1993 Q2,1.5444269364435306,-0.04101809524133593
FR,1993 Q2,1.6874509307331897,-0.009891626640511575
GB,1993 Q2,1.3118280794244517,-0.011529828266440445
HR,1993 Q2,NA,NA
HU,1993 Q2,0.6708326045630102,-0.008859340789039716
ID,1993 Q2,1.281727953140254,0.09699001984814326
IE,1993 Q2,0.9913767238369555,-0.019801666573066257
IL,1993 Q2,1.037153723104476,0.005023898360181578
IS,1993 Q2,1.2780712082245302,-6.302049036679414e-4
IT,1993 Q2,1.117959515045275,-0.021933569136587172
JP,1993 Q2,0.944251892988971,-0.018795804357282786
KR,1993 Q2,1.4779825441717604,0.004699387651422082
LT,1993 Q2,1.0522738307169446,0.17363537040200905
LU,1993 Q2,0.36613762527750593,-0.011541965804360788
LV,1993 Q2,NA,NA
MT,1993 Q2,0.8566915410490918,-0.022903768901032406
MX,1993 Q2,1.2303437349075255,0.015073048659665078
MY,1993 Q2,1.1155692338206922,-0.03929939620555456
NL,1993 Q2,1.0920065778025267,-0.0073514383589015075
NO,1993 Q2,0.9870697606194425,-0.018568246556616597
NZ,1993 Q2,1.176713974524512,-0.0015612174806696189
PL,1993 Q2,0.7717335387482797,0.01941435057727059
PT,1993 Q2,0.6966332608189296,0.014360796944337562
RO,1993 Q2,1.1569786370205537,-0.046784951540690844
SE,1993 Q2,NA,NA
SG,1993 Q2,1.073808754880949,0.030078403140038956
SI,1993 Q2,0.8826044088411175,-0.050457624059149886
SK,1993 Q2,1.2147062539481996,-0.040257448557428965
TH,1993 Q2,1.3634806401292456,0.025863553671528816
TR,1993 Q2,0.8123702407070562,0.06185994418763041
US,1993 Q2,1.1683082237461972,0.0044748033075390214
ZA,1993 Q2,1.24030805377888,0.029675543634213097
AR,1993 Q3,1.2002156075941786,-0.0857586504212402
AT,1993 Q3,1.130903081016887,0.014177091444301793
AU,1993 Q3,1.2112921634453222,0.01357161269769147
BE,1993 Q3,1.071481715709981,-0.041750723649976784
BG,1993 Q3,1.1431113731398688,0.005621931939279401
BO,1993 Q3,1.2724797749764525,-0.04191341728030307
BR,1993 Q3,1.7188691571019004,0.092362163211273
BY,1993 Q3,NA,NA
CA,1993 Q3,0.9945339684870176,0.001043564475072034
CH,1993 Q3,1.5534654455881916,-0.008296663186377673
CL,1993 Q3,1.3926262244776764,0.011072108164815297
CN,1993 Q3,3.40343944215327,0.3187109108965105
CO,1993 Q3,1.1346422960361953,0.033455435820946455
CR,1993 Q3,0.5282941729597767,4.160494390113012e-4
CY,1993 Q3,0.907823748323175,-0.02943976643412638
CZ,1993 Q3,1.2123652019125286,-0.036663035246807585
DE,1993 Q3,1.6916264847443576,0.0064778653766148775
DK,1993 Q3,0.6287116601355754,-0.024172688578116275
ES,1993 Q3,1.2219320692974973,-0.005426328685386395
FI,1993 Q3,1.5260569894315579,-0.018369947011972698
FR,1993 Q3,1.687793427230047,3.424964968572475e-4
GB,1993 Q3,1.3135288573863284,0.0017007779618767316
HR,1993 Q3,NA,NA
HU,1993 Q3,0.6561801765282141,-0.01465242803479605
ID,1993 Q3,1.23223204310968,-0.04949591003057385
IE,1993 Q3,0.9348977250880302,-0.05647899874892537
IL,1993 Q3,1.0278488321972814,-0.009304890907194663
IS,1993 Q3,1.2421271329361898,-0.03594407528834043
IT,1993 Q3,1.105812940616253,-0.012146574429022117
JP,1993 Q3,0.94487132604012,6.194330511489765e-4
KR,1993 Q3,1.4658310130210466,-0.012151531150713879
LT,1993 Q3,1.2024950755088641,0.15022124479191956
LU,1993 Q3,0.3545956594731451,-0.011541965804360843
LV,1993 Q3,0.8943824914807178,NA
MT,1993 Q3,0.8586879149519184,0.001996373902826587
MX,1993 Q3,1.2972879094273175,0.06694417451979207
MY,1993 Q3,1.070729310900313,-0.04483992292037908
NL,1993 Q3,1.1089753061643066,0.016968728361779872
NO,1993 Q3,0.9994633826284781,0.012393622009035599
NZ,1993 Q3,1.1480616243788144,-0.02865235014569767
PL,1993 Q3,0.7571761055081457,-0.014557433240133921
PT,1993 Q3,0.6852345961305828,-0.011398664688346827
RO,1993 Q3,1.1101936854798633,-0.0467849515406904
SE,1993 Q3,NA,NA
SG,1993 Q3,1.0846462025406693,0.01083744765972039
SI,1993 Q3,0.8586293351708125,-0.023975073670304936
SK,1993 Q3,1.0964997985495568,-0.11820645539864283
TH,1993 Q3,1.3662536823266576,0.0027730421974119235
TR,1993 Q3,0.8161151218720063,0.003744881164950087
US,1993 Q3,1.1735594485519727,0.005251224805775445
ZA,1993 Q3,1.2469433640227792,0.006635310243899184
AR,1993 Q4,1.2038659356807777,0.0036503280865991528
AT,1993 Q4,1.1064854251424925,-0.024417655874394484
AU,1993 Q4,1.2013989973187833,-0.0098931661265389
BE,1993 Q4,1.0307757991923576,-0.04070591651762334
BG,1993 Q4,0.9520686828594849,-0.1910426902803839
BO,1993 Q4,1.2878005878677066,0.015320812891254088
BR,1993 Q4,1.6622249152537574,-0.056644241848142984
BY,1993 Q4,NA,NA
CA,1993 Q4,0.9903736760764628,-0.004160292410554822
CH,1993 Q4,1.4741519158897696,-0.07931352969842198
CL,1993 Q4,1.4033005013962792,0.010674276918602787
CN,1993 Q4,3.4959609611158684,0.0925215189625983
CO,1993 Q4,1.1398310887925132,0.005188792756317895
CR,1993 Q4,0.5362775245730602,0.007983351613283562
CY,1993 Q4,0.9199490768405911,0.0121253285174161
CZ,1993 Q4,1.1610520887055182,-0.051313113207010375
DE,1993 Q4,1.6148140948290624,-0.07681238991529526
DK,1993 Q4,0.5539201088236931,-0.07479155131188231
ES,1993 Q4,1.1847539973343142,-0.037178071963183124
FI,1993 Q4,1.3998420258309872,-0.12621496360057072
FR,1993 Q4,1.62117186745242,-0.06662155977762696
GB,1993 Q4,1.30446208272357,-0.009066774662758403
HR,1993 Q4,2.1359148095168146,NA
HU,1993 Q4,0.6377709273380409,-0.018409249190173282
ID,1993 Q4,1.2464967808256235,0.014264737715943498
IE,1993 Q4,0.9391580482764907,0.004260323188460591
IL,1993 Q4,1.0759316897697828,0.048082857572501414
IS,1993 Q4,1.2088408067969711,-0.03328632613921867
IT,1993 Q4,1.0488060172750118,-0.057006923341241134
JP,1993 Q4,0.9441430210650082,-7.28304975111782e-4
KR,1993 Q4,1.440765526249556,-0.025065486771490564
LT,1993 Q4,1.0726132256006804,-0.12988184990818374
LU,1993 Q4,0.34305369366878424,-0.011541965804360843
LV,1993 Q4,0.8696683605499609,-0.024714130930756917
MT,1993 Q4,0.8792796809690097,0.02059176601709123
MX,1993 Q4,1.2747590548360166,-0.02252885459130094
MY,1993 Q4,1.0361883433344168,-0.03454096756589631
NL,1993 Q4,1.1107509431215288,0.0017756369572221598
NO,1993 Q4,1.0380673831739624,0.038604000545484296
NZ,1993 Q4,1.155295171996244,0.00723354761742967
PL,1993 Q4,0.706887101502849,-0.05028900400529679
PT,1993 Q4,0.6895386508299667,0.004304054699383886
RO,1993 Q4,1.0634087339391725,-0.046784951540690844
SE,1993 Q4,NA,NA
SG,1993 Q4,1.0832650161228616,-0.0013811864178077116
SI,1993 Q4,0.7561704908703797,-0.10245884430043284
SK,1993 Q4,1.0272090351884815,-0.06929076336107531
TH,1993 Q4,1.3950672206155674,0.028813538288909868
TR,1993 Q4,0.8089918059741161,-0.00712331589789017
US,1993 Q4,1.1941819136116771,0.020622465059704442
ZA,1993 Q4,1.2525963296946518,0.005652965671872678
AR,1994 Q1,1.1600889966473484,-0.043776939033429274
AT,1994 Q1,1.0769048954149496,-0.02958052972754288
AU,1994 Q1,1.194146912191677,-0.007252085127106289
BE,1994 Q1,1.005809028197991,-0.024966770994366616
BG,1994 Q1,1.1594155094501435,0.20734682659065862
BO,1994 Q1,1.3126256806525227,0.02482509278481615
BR,1994 Q1,1.800974387506958,0.13874947225320056
BY,1994 Q1,NA,NA
CA,1994 Q1,1.0043358061259724,0.013962130049509636
CH,1994 Q1,1.4625209259727292,-0.011630989917040369
CL,1994 Q1,1.3951181003015303,-0.008182401094748881
CN,1994 Q1,3.486771156090298,-0.009189805025570319
CO,1994 Q1,1.127398564010693,-0.01243252478182022
CR,1994 Q1,0.5350237149495187,-0.0012538096235414908
CY,1994 Q1,0.9280433459392194,0.008094269098628315
CZ,1994 Q1,1.2121904154938303,0.051138326788312094
DE,1994 Q1,1.6472774809709332,0.03246338614187083
DK,1994 Q1,0.5335900952932234,-0.020330013530469704
ES,1994 Q1,1.1704479751523116,-0.014306022182002609
FI,1994 Q1,1.3814092211595814,-0.018432804671405734
FR,1994 Q1,1.5905450473477933,-0.030626820104626695
GB,1994 Q1,1.2963092274740224,-0.008152855249547564
HR,1994 Q1,1.958551386864877,-0.1773634226519376
HU,1994 Q1,0.655999641774241,0.01822871443620011
ID,1994 Q1,1.2604495283054553,0.013952747479831773
IE,1994 Q1,0.967203215338537,0.028045167062046295
IL,1994 Q1,1.0826263509369907,0.006694661167207849
IS,1994 Q1,1.1991882494153168,-0.00965255738165438
IT,1994 Q1,1.0486972040843878,-1.0881319062394645e-4
JP,1994 Q1,0.9320982846907186,-0.0120447363742896
KR,1994 Q1,1.4886486390763074,0.047883112826751395
LT,1994 Q1,1.1172345679012345,0.044621342300554145
LU,1994 Q1,0.33151172786442346,-0.011541965804360788
LV,1994 Q1,0.8009778640111219,-0.06869049653883896
MT,1994 Q1,0.8514977735284145,-0.027781907440595166
MX,1994 Q1,1.3122123044916316,0.03745324965561503
MY,1994 Q1,0.9919749576820214,-0.04421338565239541
NL,1994 Q1,1.1377035504822222,0.02695260736069338
NO,1994 Q1,1.014885574601295,-0.023181808572667384
NZ,1994 Q1,1.1873044630650127,0.0320092910687686
PL,1994 Q1,0.7228297760012068,0.015942674498357845
PT,1994 Q1,0.704390026840192,0.014851376010225348
RO,1994 Q1,1.0166237823984818,-0.04678495154069062
SE,1994 Q1,NA,NA
SG,1994 Q1,1.1063580187971462,0.023093002674284602
SI,1994 Q1,0.7457044861597315,-0.01046600471064818
SK,1994 Q1,1.0142462397314393,-0.012962795457042153
TH,1994 Q1,1.5340504467383476,0.13898322612278013
TR,1994 Q1,0.7258526211751021,-0.08313918479901405
US,1994 Q1,1.1948463142930612,6.644006813840697e-4
ZA,1994 Q1,1.210767864192657,-0.04182846550199493
AR,1994 Q2,1.184073403695064,0.02398440704771554
AT,1994 Q2,1.0753403337929235,-0.0015645616220261171
AU,1994 Q2,1.2196985769498112,0.025551664758134196
BE,1994 Q2,1.0089936266968709,0.003184598498879865
BG,1994 Q2,0.9079982287075892,-0.2514172807425543
BO,1994 Q2,1.3078823170795797,-0.004743363572943027
BR,1994 Q2,1.6250552877108084,-0.1759190997961495
BY,1994 Q2,NA,NA
CA,1994 Q2,0.9916357463649572,-0.012700059761015181
CH,1994 Q2,1.4603868571158256,-0.0021340688569035926
CL,1994 Q2,1.399103854036017,0.00398575373448673
CN,1994 Q2,3.2884227439078817,-0.1983484121824164
CO,1994 Q2,1.1263979227189758,-0.0010006412917171748
CR,1994 Q2,0.5474349820997654,0.012411267150246652
CY,1994 Q2,0.9151144960233849,-0.01292884991583454
CZ,1994 Q2,1.2067677329454474,-0.005422682548382962
DE,1994 Q2,1.6681517838766993,0.020874302905766084
DK,1994 Q2,0.5627970193510621,0.029206924057838646
ES,1994 Q2,1.145885892620209,-0.02456208253210268
FI,1994 Q2,1.3339347419721639,-0.04747447918741754
FR,1994 Q2,1.579190443950092,-0.011354603397701446
GB,1994 Q2,1.2975676891247638,0.0012584616507413937
HR,1994 Q2,1.7811879642129396,-0.17736342265193739
HU,1994 Q2,0.6555864093205944,-4.1323245364655037e-4
ID,1994 Q2,1.2792684278588584,0.0188188995534031
IE,1994 Q2,0.9836792037496319,0.016475988411094877
IL,1994 Q2,1.0592672523789008,-0.02335909855808982
IS,1994 Q2,1.2119501190625392,0.012761869647222479
IT,1994 Q2,1.0565059593450803,0.007808755260692468
JP,1994 Q2,0.9205901129261554,-0.011508171764563202
KR,1994 Q2,1.4890747476937136,4.2610861740621786e-4
LT,1994 Q2,1.1400759314850786,0.022841363583844032
LU,1994 Q2,0.30253807106598984,-0.02897365679843361
LV,1994 Q2,0.7935992909983874,-0.0073785730127344795
MT,1994 Q2,0.8313827788909186,-0.020114994637495887
MX,1994 Q2,1.3659528888374965,0.05374058434586493
MY,1994 Q2,0.9944853394259652,0.0025103817439438014
NL,1994 Q2,1.1573301397341456,0.0196265892519234
NO,1994 Q2,1.005768783036846,-0.009116791564449
NZ,1994 Q2,1.1884938219678574,0.0011893589028446616
PL,1994 Q2,0.7096986146473395,-0.013131161353867271
PT,1994 Q2,0.703231476315853,-0.001158550524338997
RO,1994 Q2,0.9698388308577911,-0.046784951540690733
SE,1994 Q2,NA,NA
SG,1994 Q2,1.0934141098299786,-0.012943908967167683
SI,1994 Q2,0.7419563488956143,-0.0037481372641171573
SK,1994 Q2,0.9509149323784652,-0.0633313073529741
TH,1994 Q2,1.591530429356956,0.05747998261860854
TR,1994 Q2,0.5588749558823378,-0.16697766529276425
US,1994 Q2,1.2276943866147982,0.03284807232173703
ZA,1994 Q2,1.221008739027503,0.010240874834846148
AR,1994 Q3,1.1721458145477763,-0.011927589147287643
AT,1994 Q3,1.0789664761935294,0.0036261424006058807
AU,1994 Q3,1.2176528772305562,-0.0020456997192550563
BE,1994 Q3,1.000119380585306,-0.008874246111564954
BG,1994 Q3,0.6694123242385249,-0.23858590446906425
BO,1994 Q3,1.3190598648406195,0.011177547761039852
BR,1994 Q3,1.8445269561927906,0.21947166848198219
BY,1994 Q3,NA,NA
CA,1994 Q3,0.9901185550069744,-0.0015171913579827834
CH,1994 Q3,1.4698028543843764,0.009415997268550802
CL,1994 Q3,1.4560570081170718,0.056953154081054835
CN,1994 Q3,3.2893853993256545,9.626554177728508e-4
CO,1994 Q3,1.133146266095416,0.006748343376440147
CR,1994 Q3,0.5291743119266055,-0.01826067017315991
CY,1994 Q3,0.8926471067043193,-0.022467389319065556
CZ,1994 Q3,1.239842387830372,0.03307465488492456
DE,1994 Q3,1.7130073007341253,0.04485551685742606
DK,1994 Q3,0.5726505439583961,0.009853524607334019
ES,1994 Q3,1.1314882082864677,-0.014397684333741223
FI,1994 Q3,1.2974351687687367,-0.03649957320342723
FR,1994 Q3,1.5631018996613752,-0.016088544288716644
GB,1994 Q3,1.3091321397697233,0.011564450644959479
HR,1994 Q3,1.6042295554307309,-0.1769584087822087
HU,1994 Q3,0.6538844078373355,-0.0017020014832589414
ID,1994 Q3,1.2772328845204746,-0.0020355433383838495
IE,1994 Q3,0.9521678904958369,-0.03151131325379497
IL,1994 Q3,1.0615966331089826,0.0023293807300817093
IS,1994 Q3,1.1680780355714198,-0.043872083491119485
IT,1994 Q3,1.0804864945293218,0.02398053518424148
JP,1994 Q3,0.9256774212753923,0.005087308349236874
KR,1994 Q3,1.50961409906349,0.02053935136977647
LT,1994 Q3,1.0548650766991379,-0.0852108547859407
LU,1994 Q3,0.2989485134155185,-0.0035895576504713644
LV,1994 Q3,0.774696348449393,-0.018902942548994495
MT,1994 Q3,0.8342530757581668,0.0028702968672481566
MX,1994 Q3,1.3291500237656457,-0.03680286507185082
MY,1994 Q3,1.0414573327018515,0.046971993275886303
NL,1994 Q3,1.1668574522556399,0.009527312521494302
NO,1994 Q3,1.0139924223921986,0.00822363935535253
NZ,1994 Q3,1.1670906935731014,-0.021403128394756
PL,1994 Q3,0.6747914417338716,-0.0349071729134679
PT,1994 Q3,0.6853575277365822,-0.017873948579270826
RO,1994 Q3,0.9230538793171005,-0.04678495154069062
SE,1994 Q3,NA,NA
SG,1994 Q3,1.0898104441094334,-0.003603665720545157
SI,1994 Q3,0.7848836926461199,0.04292734375050555
SK,1994 Q3,0.8793985979268492,-0.07151633445161609
TH,1994 Q3,1.631876282468281,0.04034585311132499
TR,1994 Q3,0.49486610856824687,-0.06400884731409096
US,1994 Q3,1.243623576454403,0.015929189839604785
ZA,1994 Q3,1.2595615616468172,0.03855282261931414
AR,1994 Q4,1.216127079239639,0.0439812646918627
AT,1994 Q4,1.0853772802071027,0.006410804013573301
AU,1994 Q4,1.2074062317509269,-0.01024664547962928
BE,1994 Q4,1.0279511113403126,0.027831730755006667
BG,1994 Q4,0.6820396343793064,0.012627310140781445
BO,1994 Q4,1.4322557210316018,0.11319585619098227
BR,1994 Q4,1.603790120629688,-0.24073683556310255
BY,1994 Q4,0.5112961344079213,NA
CA,1994 Q4,0.9984741798941797,0.008355624887205315
CH,1994 Q4,1.4646049972894386,-0.005197857094937808
CL,1994 Q4,1.4676782137541318,0.011621205637059928
CN,1994 Q4,3.312601393070162,0.023215993744507557
CO,1994 Q4,1.0752859953459941,-0.057860270749421794
CR,1994 Q4,0.5206830647441334,-0.008491247182472073
CY,1994 Q4,0.922564023872835,0.029916917168515633
CZ,1994 Q4,1.2318461515407868,-0.007996236289585124
DE,1994 Q4,1.7010704027095709,-0.011936898024554443
DK,1994 Q4,0.5832305220222406,0.010579978063844475
ES,1994 Q4,1.127523482327225,-0.0039647259592425765
FI,1994 Q4,1.2461507236615315,-0.0512844451072052
FR,1994 Q4,1.488265455941813,-0.07483644371956233
GB,1994 Q4,1.319622998240328,0.010490858470604714
HR,1994 Q4,1.7126330371321419,0.10840348170141101
HU,1994 Q4,0.6334697847181775,-0.020414623119157982
ID,1994 Q4,1.2842729009487421,0.00704001642826757
IE,1994 Q4,0.9530703507616562,9.024602658193048e-4
IL,1994 Q4,1.0365401445155988,-0.02505648859338372
IS,1994 Q4,1.2055775668785897,0.037499531307169987
IT,1994 Q4,1.0573695157935472,-0.023116978735774563
JP,1994 Q4,0.9248228092446623,-8.546120307300065e-4
KR,1994 Q4,1.4460476281944143,-0.06356647086907574
LT,1994 Q4,1.1258998772517665,0.07103480055262867
LU,1994 Q4,0.27942938659058486,-0.01951912682493362
LV,1994 Q4,0.7739001674599705,-7.961809894224681e-4
MT,1994 Q4,0.8369497645851874,0.002696688827020677
MX,1994 Q4,1.462452820158418,0.1333027963927722
MY,1994 Q4,1.1054393879046358,0.06398205520278433
NL,1994 Q4,1.195290980077059,0.02843352782141917
NO,1994 Q4,1.0337127562828907,0.019720333890692165
NZ,1994 Q4,1.1703915479741593,0.0033008544010579843
PL,1994 Q4,0.629980608210694,-0.04481083352317761
PT,1994 Q4,0.6992303014890391,0.01387277375245688
RO,1994 Q4,0.8762689277764099,-0.04678495154069062
SE,1994 Q4,NA,NA
SG,1994 Q4,1.0805936613055818,-0.00921678280385163
SI,1994 Q4,0.7222008009409195,-0.06268289170520036
SK,1994 Q4,0.7486059445050824,-0.1307926534217667
TH,1994 Q4,1.665211235533431,0.033334953065149886
TR,1994 Q4,0.5511350027062603,0.05626889413801339
US,1994 Q4,1.2685432198836393,0.02491964342923625
ZA,1994 Q4,1.2442403117771026,-0.015321249869714615
AR,1995 Q1,1.3523341197537888,0.13620704051414978
AT,1995 Q1,1.0663426089943022,-0.019034671212800447
AU,1995 Q1,1.2167400467612584,0.009333815010331481
BE,1995 Q1,1.0193068631464046,-0.008644248193907966
BG,1995 Q1,0.6725710409286199,-0.009468593450686513
BO,1995 Q1,1.425420579520916,-0.0068351415106857605
BR,1995 Q1,1.6145159807103568,0.010725860080668781
BY,1995 Q1,0.55498155236437,0.04368541795644865
CA,1995 Q1,1.0175003696382683,0.01902618974408854
CH,1995 Q1,1.4615426144102006,-0.0030623828792379904
CL,1995 Q1,1.4413145159667649,-0.026363697787366913
CN,1995 Q1,3.3000894523357855,-0.012511940734376559
CO,1995 Q1,1.0733918378588863,-0.0018941574871078615
CR,1995 Q1,0.44510834306474634,-0.07557472167938706
CY,1995 Q1,0.939280998776522,0.016716974903687065
CZ,1995 Q1,1.2521384019757629,0.020292250434976067
DE,1995 Q1,1.7358904655326088,0.034820062823037956
DK,1995 Q1,0.5948261393952701,0.011595617373029499
ES,1995 Q1,1.1201910781280926,-0.007332404199132503
FI,1995 Q1,1.252628799807542,0.006478076146010592
FR,1995 Q1,1.4794777383722244,-0.008787717569588516
GB,1995 Q1,1.3209101932354685,0.001287194995140517
HR,1995 Q1,1.639339013616999,-0.07329402351514291
HU,1995 Q1,0.6595750763531306,0.02610529163495312
ID,1995 Q1,1.279420816055009,-0.004852084893733233
IE,1995 Q1,1.06788985122871,0.1148195004670538
IL,1995 Q1,1.0218767323091278,-0.01466341220647105
IS,1995 Q1,1.188976475622841,-0.016601091255748823
IT,1995 Q1,1.113280619107909,0.055911103314361776
JP,1995 Q1,0.9150852857471545,-0.009737523497507783
KR,1995 Q1,1.4843960210957565,0.038348392901342176
LT,1995 Q1,1.1764065561533916,0.05050667890162508
LU,1995 Q1,0.3035603137059629,0.024130927115378065
LV,1995 Q1,0.7971219794121094,0.023221811952138904
MT,1995 Q1,0.7672316940967773,-0.06971807048841017
MX,1995 Q1,1.399256946834902,-0.06319587332351584
MY,1995 Q1,1.1338011896967108,0.028361801792075036
NL,1995 Q1,1.2119451350084793,0.016654154931420306
NO,1995 Q1,1.0514290824615606,0.017716326178669917
NZ,1995 Q1,1.16973151191046,-6.600360636992431e-4
PL,1995 Q1,0.6586144095578058,0.028633801347111798
PT,1995 Q1,0.730133880883959,0.030903579394919944
RO,1995 Q1,0.8294839762357191,-0.046784951540690733
SE,1995 Q1,NA,NA
SG,1995 Q1,1.1434304556495618,0.06283679434398004
SI,1995 Q1,0.7203245176975852,-0.0018762832433343313
SK,1995 Q1,0.7955173981034257,0.046911453598343256
TH,1995 Q1,1.728678601997293,0.06346736646386208
TR,1995 Q1,0.5518333617921082,6.983590858479216e-4
US,1995 Q1,1.293486775421488,0.02494355553784877
ZA,1995 Q1,1.2659801461765026,0.02173983439939997
AR,1995 Q2,1.319494365268657,-0.03283975448513177
AT,1995 Q2,1.0690066269990217,0.002664018004719493
AU,1995 Q2,1.2454265498531218,0.02868650309186349
BE,1995 Q2,1.024376068943759,0.005069205797354481
BG,1995 Q2,0.6499488769418517,-0.022622163986768196
BO,1995 Q2,1.4345151118972546,0.009094532376338504
BR,1995 Q2,1.644426032888295,0.029910052177938073
BY,1995 Q2,0.5628194193687753,0.007837867004405363
CA,1995 Q2,1.00832388358652,-0.009176486051748256
CH,1995 Q2,1.4583782918744863,-0.0031643225357143034
CL,1995 Q2,1.3810396479961273,-0.060274867970637525
CN,1995 Q2,3.26516852283899,-0.034920929496795594
CO,1995 Q2,1.0775990612234094,0.004207223364523172
CR,1995 Q2,0.43459040228591145,-0.010517940778834889
CY,1995 Q2,0.9472278939529151,0.00794689517639302
CZ,1995 Q2,1.18701589135232,-0.06512251062344276
DE,1995 Q2,1.7551277775514136,0.019237312018804742
DK,1995 Q2,0.5955766047775808,7.504653823107166e-4
ES,1995 Q2,1.1134209436861806,-0.00677013444191199
FI,1995 Q2,1.2334082055476958,-0.019220594259846235
FR,1995 Q2,1.4571510524689997,-0.02232668590322473
GB,1995 Q2,1.310144937310735,-0.010765255924733541
HR,1995 Q2,1.5306841976106684,-0.10865481600633053
HU,1995 Q2,0.6345476670330502,-0.025027409320080407
ID,1995 Q2,1.2716374508040689,-0.007783365250940033
IE,1995 Q2,1.0865832859579307,0.018693434729220693
IL,1995 Q2,1.0180425809254834,-0.003834151383644402
IS,1995 Q2,1.1640591914269405,-0.024917284195900447
IT,1995 Q2,1.1384050350756565,0.025124415967747504
JP,1995 Q2,0.9025863774231835,-0.012498908323971047
KR,1995 Q2,1.508086608069918,0.023690586974161487
LT,1995 Q2,1.1919688650214202,0.015562308868028563
LU,1995 Q2,0.321779284545242,0.01821897083927909
LV,1995 Q2,0.8299931678433159,0.03287118843120651
MT,1995 Q2,0.7957057217568869,0.028474027660109646
MX,1995 Q2,1.3131699088082853,-0.08608703802661677
MY,1995 Q2,1.1330564895619133,-7.44700134797549e-4
NL,1995 Q2,1.2385453034081464,0.026600168399667057
NO,1995 Q2,1.0440065538590921,-0.007422528602468503
NZ,1995 Q2,1.1764605441136513,0.00672903220319121
PL,1995 Q2,0.6662125340599455,0.007598124502139703
PT,1995 Q2,0.7458670198257421,0.015733138941783076
RO,1995 Q2,0.7826990246950285,-0.04678495154069062
SE,1995 Q2,NA,NA
SG,1995 Q2,1.1513709622731074,0.007940506623545618
SI,1995 Q2,0.7583771906712268,0.038052672973641566
SK,1995 Q2,0.7327670147399523,-0.06275038336347338
TH,1995 Q2,1.7456863954469932,0.01700779344970016
TR,1995 Q2,0.5664002059003008,0.014566844108192645
US,1995 Q2,1.3037955006324609,0.010308725210972813
ZA,1995 Q2,1.2519802695395539,-0.013999876636948683
AR,1995 Q3,1.239554544540034,-0.07993982072862305
AT,1995 Q3,1.0820602408106699,0.013053613811648157
AU,1995 Q3,1.241423566041979,-0.004002983811142835
BE,1995 Q3,1.0112959574114124,-0.013080111532346672
BG,1995 Q3,0.6629550051582821,0.013006128216430435
BO,1995 Q3,1.4766532511873653,0.04213813929011079
BR,1995 Q3,1.7325886683598946,0.08816263547159964
BY,1995 Q3,0.5445976039359303,-0.018221815432845068
CA,1995 Q3,1.0013683083060823,-0.006955575280437776
CH,1995 Q3,1.445848828179639,-0.01252946369484742
CL,1995 Q3,1.4282248460121287,0.047185198016001406
CN,1995 Q3,3.269464094544386,0.004295571705395851
CO,1995 Q3,1.1032084558133717,0.025609394589962253
CR,1995 Q3,0.4804753087120997,0.045884906426188254
CY,1995 Q3,0.933574886722153,-0.013653007230762015
CZ,1995 Q3,1.1876332926429587,6.174012906385862e-4
DE,1995 Q3,1.7669208382623465,0.01179306071093289
DK,1995 Q3,0.5869104250984171,-0.008666179679163721
ES,1995 Q3,1.1270823315243526,0.013661387838171946
FI,1995 Q3,1.2335398418127652,1.316362650694014e-4
FR,1995 Q3,1.4388722935699803,-0.01827875889901942
GB,1995 Q3,1.309620867676229,-5.240696345059082e-4
HR,1995 Q3,1.412403328901616,-0.11828086870905241
HU,1995 Q3,0.6087554367525398,-0.025792230280510364
ID,1995 Q3,1.2553544772083163,-0.016282973595752592
IE,1995 Q3,1.069746096769207,-0.01683718918872379
IL,1995 Q3,1.0200200249572415,0.0019774440317581465
IS,1995 Q3,1.1611097823487204,-0.0029494090782200555
IT,1995 Q3,1.1177808466706871,-0.02062418840496938
JP,1995 Q3,0.9082502638076407,0.005663886384457251
KR,1995 Q3,1.5321253419492622,0.024038733879344187
LT,1995 Q3,1.107555653637141,-0.08441321138427926
LU,1995 Q3,0.29662244365911594,-0.025156840886126075
LV,1995 Q3,0.8000709502904528,-0.029922217552863062
MT,1995 Q3,0.8065865498414866,0.01088082808459967
MX,1995 Q3,1.2318473518334812,-0.08132255697480417
MY,1995 Q3,1.1688257083248594,0.03576921876294614
NL,1995 Q3,1.2527813173128355,0.014236013904689093
NO,1995 Q3,1.0695661397229335,0.025559585863841328
NZ,1995 Q3,1.1943878452387964,0.017927301125145068
PL,1995 Q3,0.6631522273794304,-0.003060306680515157
PT,1995 Q3,0.7451241817703478,-7.428380553943237e-4
RO,1995 Q3,0.7359140731543379,-0.04678495154069062
SE,1995 Q3,NA,NA
SG,1995 Q3,1.194798474639189,0.043427512366081666
SI,1995 Q3,0.7900005976933222,0.03162340702209543
SK,1995 Q3,0.6260412880974268,-0.10672572664252555
TH,1995 Q3,1.7630917034487776,0.017405308001784414
TR,1995 Q3,0.5764036429408793,0.010003437040578489
US,1995 Q3,1.2982892837692364,-0.0055062168632245
ZA,1995 Q3,1.2612368703711898,0.00925660083163593
AR,1995 Q4,1.2442893785673388,0.004734834027304791
AT,1995 Q4,1.1061693211974846,0.024109080386814696
AU,1995 Q4,1.2324368535995618,-0.008986712442417222
BE,1995 Q4,1.0016423057973394,-0.009653651614073055
BG,1995 Q4,0.6666654005321563,0.003710395373874187
BO,1995 Q4,1.399016774263256,-0.07763647692410935
BR,1995 Q4,1.4799954756873572,-0.2525931926725373
BY,1995 Q4,0.5249327443284655,-0.01966485960746478
CA,1995 Q4,1.0143891610375595,0.01302085273147724
CH,1995 Q4,1.4371185174395384,-0.008730310740100444
CL,1995 Q4,1.4545661977880382,0.02634135177590946
CN,1995 Q4,3.3530549415850963,0.08359084704071051
CO,1995 Q4,1.1327748758058134,0.029566419992441695
CR,1995 Q4,0.48824362699269375,0.007768318280594044
CY,1995 Q4,0.9535878508713181,0.02001296414916509
CZ,1995 Q4,1.1356423711916213,-0.051990921451337435
DE,1995 Q4,1.714522031132164,-0.05239880713018241
DK,1995 Q4,0.576497048415058,-0.010413376683359066
ES,1995 Q4,1.1274130707386734,3.3073921432080766e-4
FI,1995 Q4,1.1430539132751876,-0.09048592853757764
FR,1995 Q4,1.3679727427597956,-0.07089955081018462
GB,1995 Q4,1.334935316894889,0.025314449218659885
HR,1995 Q4,1.4518803970199834,0.039477068118367376
HU,1995 Q4,0.5593803669351965,-0.0493750698173433
ID,1995 Q4,1.2159673029975588,-0.039387174210757436
IE,1995 Q4,1.0660936927697606,-0.0036524039994463298
IL,1995 Q4,1.0207737831076318,7.537581503902491e-4
IS,1995 Q4,1.25524515427631,0.09413537192758947
IT,1995 Q4,1.084573008569378,-0.033207838101309006
JP,1995 Q4,0.903210117711029,-0.005040146096611742
KR,1995 Q4,1.4470464350942238,-0.08507890685503838
LT,1995 Q4,1.0791469324061653,-0.028408721230975598
LU,1995 Q4,0.3002628871871071,0.003640443527991144
LV,1995 Q4,0.6163127569590781,-0.18375819333137478
MT,1995 Q4,0.8214681490222622,0.014881599180775584
MX,1995 Q4,1.06701240654405,-0.1648349452894311
MY,1995 Q4,1.2018109284848149,0.03298522015995542
NL,1995 Q4,1.258835815200474,0.006054497887638455
NO,1995 Q4,1.0969319105839,0.027365770860966476
NZ,1995 Q4,1.2219288363983383,0.027540991159541894
PL,1995 Q4,0.6526537769474975,-0.010498450431932871
PT,1995 Q4,0.7653880234717938,0.020263841701446017
RO,1995 Q4,0.6891291216136471,-0.046784951540690733
SE,1995 Q4,NA,NA
SG,1995 Q4,1.1936107580843136,-0.0011877165548754842
SI,1995 Q4,0.7964776514076259,0.006477053714303738
SK,1995 Q4,0.6693027326409843,0.043261444543557515
TH,1995 Q4,1.7849485501349394,0.021856846686161724
TR,1995 Q4,0.6249198971670151,0.04851625422613581
US,1995 Q4,1.3035721969202083,0.005282913150971957
ZA,1995 Q4,1.249700213224549,-0.011536657146640872
AR,1996 Q1,1.1219758594034985,-0.12231351916384026
AT,1996 Q1,1.0904040018798797,-0.01576531931760483
AU,1996 Q1,1.250863283847183,0.01842643024762114
BE,1996 Q1,0.9621047020272495,-0.03953760377008986
BG,1996 Q1,0.7167119783107844,0.05004657777862809
BO,1996 Q1,1.3222873307738938,-0.07672944348936217
BR,1996 Q1,1.5103137185473816,0.03031824286002438
BY,1996 Q1,0.6106068686495657,0.08567412432110022
CA,1996 Q1,1.0281249875450278,0.013735826507468296
CH,1996 Q1,1.3751240968200051,-0.06199442061953331
CL,1996 Q1,1.4460946758520608,-0.008471521935977444
CN,1996 Q1,3.5911167597578513,0.23806181817275496
CO,1996 Q1,1.163625384192557,0.030850508386743636
CR,1996 Q1,0.49407154485600263,0.005827917863308885
CY,1996 Q1,0.9732649134201073,0.019677062548789204
CZ,1996 Q1,1.1692021793209233,0.03355980812930204
DE,1996 Q1,1.7311855644624874,0.016663533330323332
DK,1996 Q1,0.5616318676682154,-0.014865180746842621
ES,1996 Q1,1.1207803549118989,-0.0066327158267744935
FI,1996 Q1,1.1789078866787974,0.03585397340360985
FR,1996 Q1,1.3917525773195876,0.023779834559791935
GB,1996 Q1,1.3425742853693376,0.007638968474448671
HR,1996 Q1,1.330286316328765,-0.12159408069121835
HU,1996 Q1,0.5339860838674224,-0.025394283067774137
ID,1996 Q1,1.184628464709282,-0.03133883828827688
IE,1996 Q1,1.065039777389319,-0.001053915380441639
IL,1996 Q1,1.007887216820346,-0.012886566287285683
IS,1996 Q1,1.2959274514226027,0.04068229714629279
IT,1996 Q1,1.106650514918599,0.0220775063492209
JP,1996 Q1,0.9066597195432934,0.003449601832264393
KR,1996 Q1,1.490407770369484,0.043361335275260204
LT,1996 Q1,1.1839854471181464,0.10483851471198102
LU,1996 Q1,0.2750208507089241,-0.02524203647818296
LV,1996 Q1,0.6319038753383294,0.015591118379251312
MT,1996 Q1,0.8522243363232763,0.03075618730101415
MX,1996 Q1,0.9442043481369973,-0.12280805840705278
MY,1996 Q1,1.1914891200562028,-0.010321808428612078
NL,1996 Q1,1.276756173437321,0.01792035823684701
NO,1996 Q1,1.100197290595682,0.0032653800117821152
NZ,1996 Q1,1.1958053487798532,-0.026123487618485042
PL,1996 Q1,0.6478134486050477,-0.00484032834244974
PT,1996 Q1,0.794747742159778,0.02935971868798415
RO,1996 Q1,0.6423441700729565,-0.04678495154069062
SE,1996 Q1,NA,NA
SG,1996 Q1,1.2046332861698308,0.01102252808551718
SI,1996 Q1,0.8036568325831007,0.00717918117547478
SK,1996 Q1,0.7474174835343964,0.07811475089341213
TH,1996 Q1,1.7849675175373219,1.8967402382497056e-5
TR,1996 Q1,0.6473297306245062,0.022409833457491035
US,1996 Q1,1.2920209349007419,-0.011551262019466435
ZA,1996 Q1,1.274182851019024,0.024482637794475126
AR,1996 Q2,1.0792462339487439,-0.04272962545475467
AT,1996 Q2,1.1219743293228677,0.03157032744298793
AU,1996 Q2,1.2501914113642312,-6.71872482951752e-4
BE,1996 Q2,0.9631815071097255,0.0010768050824759845
BG,1996 Q2,0.8517110748710269,0.13499909656024256
BO,1996 Q2,1.268083143766172,-0.054204187007721893
BR,1996 Q2,1.4608306141386862,-0.04948310440869541
BY,1996 Q2,0.6381297087488077,0.027522840099241996
CA,1996 Q2,1.0354199157691049,0.0072949282240770685
CH,1996 Q2,1.3623550252421466,-0.01276907157785856
CL,1996 Q2,1.4353972174080676,-0.010697458443993169
CN,1996 Q2,3.5681629774439814,-0.022953782313869908
CO,1996 Q2,1.1824573605565922,0.01883197636403522
CR,1996 Q2,0.47138625077667884,-0.022685294079323792
CY,1996 Q2,0.9743144181966266,0.0010495047765192167
CZ,1996 Q2,1.1756207732039707,0.006418593883047441
DE,1996 Q2,1.7485353475403176,0.017349783077830194
DK,1996 Q2,0.5819990996768422,0.02036723200862678
ES,1996 Q2,1.1444323455286303,0.0236519906167314
FI,1996 Q2,1.1799698935122378,0.0010620068334403765
FR,1996 Q2,1.3602730993069694,-0.03147947801261819
GB,1996 Q2,1.3468616512004714,0.00428736583113376
HR,1996 Q2,1.3019978261460288,-0.02828849018273627
HU,1996 Q2,0.5122924360641458,-0.02169364780327665
ID,1996 Q2,1.1609728236325478,-0.023655641076734124
IE,1996 Q2,1.0883205973690637,0.023280819979744738
IL,1996 Q2,1.0012265234447337,-0.00666069337561237
IS,1996 Q2,1.322979876296864,0.027052424874261405
IT,1996 Q2,1.1003241283718947,-0.006326386546704255
JP,1996 Q2,0.8913895897358538,-0.01527012980743958
KR,1996 Q2,1.4794119052005923,-0.010995865168891727
LT,1996 Q2,1.1879596485519037,0.003974201433757374
LU,1996 Q2,0.26454071399919776,-0.010480136709726362
LV,1996 Q2,0.5956243681079683,-0.03627950723036111
MT,1996 Q2,0.8469806175401441,-0.005243718783132234
MX,1996 Q2,0.8864407939407019,-0.05776355419629542
MY,1996 Q2,1.2259820074178907,0.034492887361687874
NL,1996 Q2,1.2826562950158455,0.0059001215785245975
NO,1996 Q2,1.1287733548676253,0.028576064271943258
NZ,1996 Q2,1.1838100855958,-0.011995263184053195
PL,1996 Q2,0.6638708688767431,0.016057420271695322
PT,1996 Q2,0.8176948435542122,0.022947101394434233
RO,1996 Q2,0.595559218532266,-0.04678495154069051
SE,1996 Q2,NA,NA
SG,1996 Q2,1.2198929846638633,0.015259698494032525
SI,1996 Q2,0.826363922453143,0.02270708987004233
SK,1996 Q2,0.7850042557421455,0.037586772207749086
TH,1996 Q2,1.8308764447239465,0.04590892718662465
TR,1996 Q2,0.6339148848064019,-0.01341484581810426
US,1996 Q2,1.2992987644695566,0.007277829568814731
ZA,1996 Q2,1.2583224461530773,-0.015860404865946753
AR,1996 Q3,1.063945147127904,-0.01530108682083986
AT,1996 Q3,1.1339506999219977,0.011976370599130037
AU,1996 Q3,1.2409621415369039,-0.009229269827327302
BE,1996 Q3,0.966494415735956,0.0033129086262304597
BG,1996 Q3,0.928867162570189,0.07715608769916205
BO,1996 Q3,1.239215830243401,-0.028867313522770832
BR,1996 Q3,1.3506533718801312,-0.11017724225855496
BY,1996 Q3,0.5830020086710711,-0.0551277000777366
CA,1996 Q3,1.0358752025216782,4.552867525733362e-4
CH,1996 Q3,1.356614916019327,-0.005740109222819534
CL,1996 Q3,1.4427106438890693,0.00731342648100175
CN,1996 Q3,3.485288505011479,-0.08287447243250234
CO,1996 Q3,1.193441892712296,0.01098453215570383
CR,1996 Q3,0.47979294656535804,0.008406695788679197
CY,1996 Q3,0.9544373508532157,-0.01987706734341088
CZ,1996 Q3,1.2006851285379956,0.025064355334024846
DE,1996 Q3,1.763293226431363,0.014757878891045406
DK,1996 Q3,0.5832296171532475,0.0012305174764053461
ES,1996 Q3,1.161770793661307,0.01733844813267682
FI,1996 Q3,1.1871379473914416,0.007168053879203828
FR,1996 Q3,1.3519680196801969,-0.008305079626772516
GB,1996 Q3,1.3476550443908806,7.93393190409164e-4
HR,1996 Q3,1.1812140273037544,-0.12078379884227441
HU,1996 Q3,0.5167969028595778,0.004504466795432038
ID,1996 Q3,1.1719215459954,0.010948722362852159
IE,1996 Q3,1.0808182427900739,-0.007502354578989845
IL,1996 Q3,0.9664167928823212,-0.034809730562412544
IS,1996 Q3,1.2747505625127844,-0.048229313784079686
IT,1996 Q3,1.087964624700268,-0.01235950367162686
JP,1996 Q3,0.8919472778151258,5.57688079272034e-4
KR,1996 Q3,1.527735401718539,0.04832349651794665
LT,1996 Q3,1.1391839540114972,-0.04877569454040653
LU,1996 Q3,0.28705518308406397,0.022514469084866207
LV,1996 Q3,0.5343133016284768,-0.06131106647949147
MT,1996 Q3,0.86109011977897,0.0141095022388259
MX,1996 Q3,0.7897862687083486,-0.0966545252323533
MY,1996 Q3,1.252811883950995,0.026829876533104313
NL,1996 Q3,1.3042196375956727,0.02156334257982717
NO,1996 Q3,1.1675166921406162,0.03874333727299084
NZ,1996 Q3,1.2244710295468015,0.040660943951001505
PL,1996 Q3,0.6875438950943323,0.023673026217589266
PT,1996 Q3,0.8278518798762388,0.01015703632202658
RO,1996 Q3,0.5487742669915752,-0.046784951540690844
SE,1996 Q3,NA,NA
SG,1996 Q3,1.2343594536738325,0.014466469009969174
SI,1996 Q3,0.8093132760635717,-0.017050646389571322
SK,1996 Q3,0.8291396425804011,0.044135386838255575
TH,1996 Q3,1.8481557415026857,0.017279296778739184
TR,1996 Q3,0.6274548227627166,-0.006460062043685322
US,1996 Q3,1.308684764898136,0.009386000428579289
ZA,1996 Q3,1.2845702755533135,0.026247829400236178
AR,1996 Q4,1.0815107600947598,0.01756561296685577
AT,1996 Q4,1.149790401116055,0.0158397011940572
AU,1996 Q4,1.2124572230091157,-0.028504918527788137
BE,1996 Q4,0.9569831400215234,-0.009511275714432554
BG,1996 Q4,0.9337922506321906,0.004925088062001648
BO,1996 Q4,1.1921952985007385,-0.04702053174266263
BR,1996 Q4,1.3079577006472585,-0.04269567123287277
BY,1996 Q4,0.5901047311975015,0.007102722526430405
CA,1996 Q4,1.0352676835836307,-6.075189380474466e-4
CH,1996 Q4,1.2997001694694303,-0.0569147465498967
CL,1996 Q4,1.436840007625237,-0.0058706362638323295
CN,1996 Q4,3.388379367862339,-0.09690913714914018
CO,1996 Q4,1.1629610588212922,-0.030480833891003867
CR,1996 Q4,0.4675823692990637,-0.01221057726629432
CY,1996 Q4,0.9746017462074239,0.02016439535420822
CZ,1996 Q4,1.1759816475801363,-0.024703480957859236
DE,1996 Q4,1.7095394725307094,-0.05375375390065362
DK,1996 Q4,0.567602574721567,-0.01562704243168045
ES,1996 Q4,1.183866478940304,0.022095685278996857
FI,1996 Q4,1.1742926672953993,-0.012845280096042355
FR,1996 Q4,1.2955426167896715,-0.056425402890525334
GB,1996 Q4,1.3402179584218223,-0.0074370859690582325
HR,1996 Q4,0.9810344006506972,-0.2001796266530571
HU,1996 Q4,0.5420667713233485,0.02526986846377066
ID,1996 Q4,1.1447745508273772,-0.02714699516802277
IE,1996 Q4,1.0659430292382983,-0.014875213551775568
IL,1996 Q4,0.9585689272727526,-0.007847865609568627
IS,1996 Q4,1.3388685904324513,0.06411802791966692
IT,1996 Q4,1.0951874397113166,0.007222815011048711
JP,1996 Q4,0.8892612398802477,-0.002686037934878094
KR,1996 Q4,1.4782247243540858,-0.04951067736445314
LT,1996 Q4,1.053819245326299,-0.0853647086851983
LU,1996 Q4,0.27470561931733495,-0.012349563766729021
LV,1996 Q4,0.5704957865894639,0.03618248496098708
MT,1996 Q4,0.8401179984227802,-0.020972121356189755
MX,1996 Q4,0.7384938214761259,-0.051292447232222704
MY,1996 Q4,1.3229600000301442,0.07014811607914928
NL,1996 Q4,1.324287552371225,0.020067914775552254
NO,1996 Q4,1.1615144497029504,-0.0060022424376657835
NZ,1996 Q4,1.186239232362883,-0.03823179718391856
PL,1996 Q4,0.6971622973018123,0.009618402207480004
PT,1996 Q4,0.8507858106933912,0.022933930817152448
RO,1996 Q4,0.5019893154508847,-0.04678495154069051
SE,1996 Q4,NA,NA
SG,1996 Q4,1.2519624623738417,0.017603008700009193
SI,1996 Q4,0.761160499249642,-0.04815277681392971
SK,1996 Q4,0.7655314616561066,-0.06360818092429443
TH,1996 Q4,1.8646146993469326,0.01645895784424689
TR,1996 Q4,0.6673565483763049,0.03990172561358829
US,1996 Q4,1.2844097878880463,-0.024274977010089627
ZA,1996 Q4,1.2833508722224471,-0.0012194033308663421
AR,1997 Q1,1.024524813565213,-0.056985946529546805
AT,1997 Q1,1.1633008906809137,0.013510489564858785
AU,1997 Q1,1.2123044671492682,-1.5275585984753093e-4
BE,1997 Q1,0.9508496923527688,-0.006133447668754566
BG,1997 Q1,0.929929714449658,-0.0038625361825326276
BO,1997 Q1,1.1882497143474842,-0.0039455841532543
BR,1997 Q1,1.3575071278198878,0.049549427172629334
BY,1997 Q1,0.6460289534756124,0.05592422227811089
CA,1997 Q1,1.0593221295989503,0.024054446015319586
CH,1997 Q1,1.2428259866797227,-0.056874182789707683
CL,1997 Q1,1.403440087905694,-0.033399919719542925
CN,1997 Q1,3.4338530790999204,0.04547371123758159
CO,1997 Q1,1.1805542336650778,0.01759317484378564
CR,1997 Q1,0.4848498623489603,0.01726749304989661
CY,1997 Q1,0.9768771857099292,0.0022754395025053054
CZ,1997 Q1,1.284812428007808,0.10883078042767158
DE,1997 Q1,1.7605807806742442,0.0510413081435348
DK,1997 Q1,0.5924573540404175,0.024854779318850495
ES,1997 Q1,1.2315608347672475,0.04769435582694359
FI,1997 Q1,1.1262018248259897,-0.048090842469409534
FR,1997 Q1,1.3001503583214544,0.004607741531782894
GB,1997 Q1,1.3314070592748897,-0.008810899146932671
HR,1997 Q1,0.9813910613720491,3.5666072135187576e-4
HU,1997 Q1,0.5922489917900831,0.050182220466734595
ID,1997 Q1,1.1401703744743192,-0.004604176353057987
IE,1997 Q1,1.1002558314522197,0.03431280221392141
IL,1997 Q1,0.9650630168402099,0.0064940895674573396
IS,1997 Q1,1.384744783810608,0.04587619337815663
IT,1997 Q1,1.1517439276641739,0.05655648795285728
JP,1997 Q1,0.8705396484284411,-0.01872159145180663
KR,1997 Q1,1.5171348802050029,0.03891015585091706
LT,1997 Q1,1.068923821039903,0.01510457571360413
LU,1997 Q1,0.2815975718546482,0.0068919525373132284
LV,1997 Q1,0.5869212171983275,0.01642543060886359
MT,1997 Q1,0.8478618378389594,0.007743839416179177
MX,1997 Q1,0.7002929340968003,-0.03820088737932559
MY,1997 Q1,1.3483403476987583,0.02538034766861408
NL,1997 Q1,1.354552582302534,0.030265029931308973
NO,1997 Q1,1.2353619787072514,0.07384752900430103
NZ,1997 Q1,1.2217432306705573,0.03550399830767437
PL,1997 Q1,0.7242699830207463,0.02710768571893396
PT,1997 Q1,0.8775264559471143,0.026740645253723105
RO,1997 Q1,0.49061872632039727,-0.011370589130487385
SE,1997 Q1,NA,NA
SG,1997 Q1,1.2234523887911655,-0.02851007358267621
SI,1997 Q1,0.744679794122292,-0.016480705127350004
SK,1997 Q1,1.120558770456101,0.35502730879999445
TH,1997 Q1,1.8239577598799475,-0.04065693946698512
TR,1997 Q1,0.6866082946739193,0.01925174629761439
US,1997 Q1,1.2784640635575106,-0.00594572433053564
ZA,1997 Q1,1.2727278546851244,-0.010623017537322754
AR,1997 Q2,0.9807551812429665,-0.04376963232224651
AT,1997 Q2,1.1957697630903041,0.03246887240939045
AU,1997 Q2,1.2135155105967783,0.0012110434475101073
BE,1997 Q2,0.9550601961737539,0.00421050382098509
BG,1997 Q2,0.7398621253121762,-0.19006758913748178
BO,1997 Q2,1.197949152708369,0.009699438360884827
BR,1997 Q2,1.3676672390542286,0.010160111234340796
BY,1997 Q2,0.6711418249675474,0.025112871491934974
CA,1997 Q2,1.07319305465128,0.013870925052329675
CH,1997 Q2,1.2372681532644616,-0.00555783341526106
CL,1997 Q2,1.393048624384019,-0.010391463521675082
CN,1997 Q2,3.2918571657507,-0.14199591334922035
CO,1997 Q2,1.187810011309879,0.007255777644801231
CR,1997 Q2,0.4952500975046484,0.010400235155688053
CY,1997 Q2,0.9734786503695686,-0.003398535340360609
CZ,1997 Q2,1.271306746729402,-0.013505681278406012
DE,1997 Q2,1.7856716018551553,0.025090821180911105
DK,1997 Q2,0.590291884036473,-0.002165470003944514
ES,1997 Q2,1.2447991479498564,0.013238313182608819
FI,1997 Q2,1.1164602161147614,-0.009741608711228311
FR,1997 Q2,1.28493271648782,-0.015217641833634499
GB,1997 Q2,1.3125223864970161,-0.018884672777873535
HR,1997 Q2,0.9958370666121741,0.01444600524012496
HU,1997 Q2,0.6177640987502735,0.025515106960190437
ID,1997 Q2,1.1479238996528167,0.007753525178497478
IE,1997 Q2,1.114619783220961,0.014363951768741279
IL,1997 Q2,0.980810441870824,0.015747425030614104
IS,1997 Q2,1.41033921257943,0.02559442876882212
IT,1997 Q2,1.190803072756295,0.03905914509212116
JP,1997 Q2,0.860989942819601,-0.009549705608840164
KR,1997 Q2,1.5153076428831045,-0.0018272373218983784
LT,1997 Q2,0.9636506807559438,-0.10527314028395918
LU,1997 Q2,0.2822160716798799,6.184998252317109e-4
LV,1997 Q2,0.5786438508295254,-0.008277366368802053
MT,1997 Q2,0.8071079843719329,-0.040753853467026535
MX,1997 Q2,0.7099307083910413,0.009637774294241064
MY,1997 Q2,1.384281604185522,0.035941256486763606
NL,1997 Q2,1.3580487769760867,0.003496194673552777
NO,1997 Q2,1.2690247110920758,0.03366273238482442
NZ,1997 Q2,1.228973558726804,0.007230328056246682
PL,1997 Q2,0.7297138866219444,0.0054439036011980635
PT,1997 Q2,0.9130072439861119,0.03548078803899757
RO,1997 Q2,0.4532971929105897,-0.037321533409807595
SE,1997 Q2,NA,NA
SG,1997 Q2,1.231191460752802,0.00773907196163659
SI,1997 Q2,0.733431152718787,-0.01124864140350501
SK,1997 Q2,1.1109020414402646,-0.009656729015836474
TH,1997 Q2,1.7678304769964313,-0.056127282883516205
TR,1997 Q2,0.7297941723329875,0.04318587765906823
US,1997 Q2,1.2753040511978873,-0.0031600123596233765
ZA,1997 Q2,1.2458272814554048,-0.026900573229719615
AR,1997 Q3,0.9787599431051214,-0.001995238137845079
AT,1997 Q3,1.2111284536055813,0.015358690515277162
AU,1997 Q3,1.228206188072678,0.014690677475899694
BE,1997 Q3,0.9434897740717787,-0.01157042210197523
BG,1997 Q3,0.7056087019884787,-0.03425342332369752
BO,1997 Q3,1.1810957644595792,-0.01685338824878979
BR,1997 Q3,1.3024715005791705,-0.06519573847505811
BY,1997 Q3,0.733595002239465,0.06245317727191768
CA,1997 Q3,1.0790658086413898,0.00587275399010978
CH,1997 Q3,1.2422667304723556,0.004998577207893984
CL,1997 Q3,1.4456649730417768,0.05261634865775777
CN,1997 Q3,3.286389593033691,-0.005467572717009261
CO,1997 Q3,1.2095217584664895,0.021711747156610395
CR,1997 Q3,0.5129418691056844,0.01769177160103602
CY,1997 Q3,0.9485645100117365,-0.024914140357832126
CZ,1997 Q3,1.2556829306670712,-0.015623816062330764
DE,1997 Q3,1.8095414401036143,0.023869838248459008
DK,1997 Q3,0.5854429595857342,-0.004848924450738812
ES,1997 Q3,1.3109040148507924,0.06610486690093609
FI,1997 Q3,1.1373272840939777,0.020867067979216225
FR,1997 Q3,1.2556436505383466,-0.029289065949473336
GB,1997 Q3,1.3678075784673038,0.055285191970287695
HR,1997 Q3,0.9380556803385788,-0.0577813862735953
HU,1997 Q3,0.6231595842272908,0.005395485477017292
ID,1997 Q3,1.2421637766531155,0.09423987700029879
IE,1997 Q3,1.1318618199721013,0.017242036751140333
IL,1997 Q3,0.9671080084875802,-0.01370243338324384
IS,1997 Q3,1.3742698942361589,-0.036069318343271206
IT,1997 Q3,1.221636811477135,0.030833738720839943
JP,1997 Q3,0.8584261276930356,-0.0025638151265653386
KR,1997 Q3,1.5138696387698096,-0.0014380041132948662
LT,1997 Q3,0.8641650110498471,-0.09948566970609674
LU,1997 Q3,0.27555903193153586,-0.006657039748344029
LV,1997 Q3,0.6021278226552729,0.023483971825747463
MT,1997 Q3,0.807224777043535,1.1679267160213946e-4
MX,1997 Q3,0.7312180276593165,0.021287319268275207
MY,1997 Q3,1.4241809721372383,0.039899367951716336
NL,1997 Q3,1.386990582474236,0.028941805498149176
NO,1997 Q3,1.3122724755610446,0.04324776446896883
NZ,1997 Q3,1.2374612725612313,0.008487713834427257
PL,1997 Q3,0.7343009164413478,0.004587029819403399
PT,1997 Q3,0.9440521534917955,0.031044909505683616
RO,1997 Q3,0.44784977622105465,-0.005447416689535023
SE,1997 Q3,NA,NA
SG,1997 Q3,1.2693591697510704,0.03816770899826838
SI,1997 Q3,0.7179375433982806,-0.015493609320506363
SK,1997 Q3,1.0983774481684832,-0.012524593271781459
TH,1997 Q3,1.7597884683936538,-0.008042008602777484
TR,1997 Q3,0.7544350209595231,0.024640848626535594
US,1997 Q3,1.2740706111454976,-0.0012334400523896782
ZA,1997 Q3,1.2354866458877112,-0.010340635567693601
AR,1997 Q4,0.9835160788939366,0.0047561357888151745
AT,1997 Q4,1.2278428265676549,0.016714372962073565
AU,1997 Q4,1.2529361699967907,0.024729981924112687
BE,1997 Q4,0.9436273139086181,1.375398368393954e-4
BG,1997 Q4,0.36222235440921213,-0.34338634757926656
BO,1997 Q4,1.2146376051258323,0.0335418406662531
BR,1997 Q4,1.1870833709978363,-0.11538812958133415
BY,1997 Q4,0.6738164614985344,-0.0597785407409307
CA,1997 Q4,1.056174821049882,-0.02289098759150776
CH,1997 Q4,1.247542382682422,0.005275652210066317
CL,1997 Q4,1.3015786708464032,-0.14408630219537355
CN,1997 Q4,3.231126316501241,-0.05526327653244989
CO,1997 Q4,1.1746893408607326,-0.03483241760575684
CR,1997 Q4,1.338088138957503,0.8251462698518186
CY,1997 Q4,0.9728764457701229,0.024311935758386416
CZ,1997 Q4,1.1874703819993213,-0.06821254866774984
DE,1997 Q4,1.7663633231716038,-0.04317811693201046
DK,1997 Q4,0.572840004207341,-0.012602955378393177
ES,1997 Q4,1.3367081384566788,0.025804123605886353
FI,1997 Q4,1.110484381852736,-0.02684290224124175
FR,1997 Q4,1.228169574976468,-0.02747407556187853
GB,1997 Q4,1.3521783417893378,-0.015629236677966007
HR,1997 Q4,1.0176641862046283,0.0796085058660495
HU,1997 Q4,0.6111864016661439,-0.011973182561146878
ID,1997 Q4,1.1820363397656617,-0.06012743688745381
IE,1997 Q4,1.1567119115755204,0.02485009160341911
IL,1997 Q4,0.9609302829679397,-0.006177725519640465
IS,1997 Q4,1.8022957272816502,0.42802583304549136
IT,1997 Q4,1.2606493034361423,0.039012491959007356
JP,1997 Q4,0.9051774540088311,0.04675132631579548
KR,1997 Q4,1.5643881187950117,0.050518480025202095
LT,1997 Q4,0.9413655815537909,0.0772005705039438
LU,1997 Q4,0.27533187324006614,-2.271586914697199e-4
LV,1997 Q4,0.6940611920144881,0.09193336935921526
MT,1997 Q4,0.8045717472265135,-0.002653029817021535
MX,1997 Q4,0.7816635320503111,0.0504455043909946
MY,1997 Q4,1.404941938825926,-0.01923903331131216
NL,1997 Q4,1.3940709128580824,0.007080330383846478
NO,1997 Q4,1.3550885103955934,0.042816034834548766
NZ,1997 Q4,1.236961803228181,-4.994693330502287e-4
PL,1997 Q4,0.7148012155003526,-0.01949970094099518
PT,1997 Q4,0.9504483779427707,0.0063962244509752075
RO,1997 Q4,0.399389558657709,-0.048460217563345676
SE,1997 Q4,NA,NA
SG,1997 Q4,1.2720329962746142,0.002673826523543754
SI,1997 Q4,0.695204878234741,-0.022732665163539667
SK,1997 Q4,1.0065423411748986,-0.09183510699358455
TH,1997 Q4,1.7932377709912453,0.03344930259759149
TR,1997 Q4,0.7592275168689443,0.004792495909421213
US,1997 Q4,1.273359893526771,-7.107176187266528e-4
ZA,1997 Q4,1.2395967243114128,0.004110078423701591
AR,1998 Q1,0.9529152707823784,-0.030600808111558186
AT,1998 Q1,1.2080346867843816,-0.019808139783273226
AU,1998 Q1,1.2867144822380856,0.033778312241294906
BE,1998 Q1,0.9298572996706915,-0.013770014237926564
BG,1998 Q1,0.3927810519331793,0.03055869752396717
BO,1998 Q1,1.227232835678785,0.012595230552952641
BR,1998 Q1,1.2732762106217839,0.08619283962394753
BY,1998 Q1,0.6902846008275708,0.016468139329036457
CA,1998 Q1,1.0921490942843468,0.03597427323446478
CH,1998 Q1,1.2195295085574338,-0.028012874124988096
CL,1998 Q1,1.3148584909669305,0.013279820120527308
CN,1998 Q1,3.5047722085877693,0.27364589208652834
CO,1998 Q1,1.2050839963940772,0.030394655533344528
CR,1998 Q1,1.5681987441041108,0.23011060514660775
CY,1998 Q1,0.971285828071227,-0.001590617698895902
CZ,1998 Q1,1.2311052268133162,0.04363484481399493
DE,1998 Q1,1.8152425340928706,0.04887921092126679
DK,1998 Q1,0.5724565592568713,-3.834449504697135e-4
ES,1998 Q1,1.3864622427516806,0.04975410429500182
FI,1998 Q1,1.1235010893814443,0.013016707528708427
FR,1998 Q1,1.2276082366317158,-5.613383447522491e-4
GB,1998 Q1,1.3486435619351553,-0.0035347798541824904
HR,1998 Q1,1.0552539307909126,0.03758974458628428
HU,1998 Q1,0.6383028668786811,0.02711646521253719
ID,1998 Q1,1.190259748249683,0.008223408484021366
IE,1998 Q1,1.2011694706606484,0.04445755908512794
IL,1998 Q1,0.9389478171857684,-0.021982465782171334
IS,1998 Q1,1.4991870169697343,-0.3031087103119159
IT,1998 Q1,1.3127380272440752,0.052088723807932835
JP,1998 Q1,0.8990423411949628,-0.006135112813868249
KR,1998 Q1,1.5936262471260345,0.029238128331022795
LT,1998 Q1,1.0341624991881533,0.09279691763436237
LU,1998 Q1,0.2771690471114901,0.0018371738714239583
LV,1998 Q1,0.7603017060881546,0.06624051407366649
MT,1998 Q1,0.8135334049786723,0.008961657752158847
MX,1998 Q1,0.7835807550901573,0.0019172230398462053
MY,1998 Q1,1.3938133354124942,-0.011128603413431915
NL,1998 Q1,1.3961337661087068,0.0020628532506243857
NO,1998 Q1,1.3834576559585454,0.028369145562952003
NZ,1998 Q1,1.255599220460414,0.018637417232233
PL,1998 Q1,0.7349122940848164,0.020111078584463815
PT,1998 Q1,0.9730936677852396,0.02264528984246894
RO,1998 Q1,0.4925995522508834,0.093209993593174445
SE,1998 Q1,NA,NA
SG,1998 Q1,1.2094930248383804,-0.0625399714362338
SI,1998 Q1,0.6982915239953205,0.0030866457605794873
SK,1998 Q1,1.0818960056467521,0.07535366447185354
TH,1998 Q1,1.6713821545922267,-0.12185561639901854
TR,1998 Q1,0.7978164831728045,0.03858896630386022
US,1998 Q1,1.249357133238852,-0.024002760287918923
ZA,1998 Q1,1.2508471514361885,0.011250427124775753
AR,1998 Q2,0.9396268868637188,-0.013288383918659608
AT,1998 Q2,1.2296352590629156,0.021600572278533958
AU,1998 Q2,1.2763188018230027,-0.010395680415082875
BE,1998 Q2,0.9468817494600432,0.017024449789351692
BG,1998 Q2,0.423300775345477,0.030519723412297695
BO,1998 Q2,1.2750817675475812,0.04784893186879624
BR,1998 Q2,1.2403725927684173,-0.032903617853366596
BY,1998 Q2,0.7141548860772593,0.023870285249688483
CA,1998 Q2,1.108826584993724,0.016677490709377185
CH,1998 Q2,1.2368322706827966,0.017302762125362747
CL,1998 Q2,1.3122585639776083,-0.00259992698932221
CN,1998 Q2,3.478733515734584,-0.026038692853185275
CO,1998 Q2,1.208641835825205,0.0035578394311277517
CR,1998 Q2,1.6803462465208605,0.11214750241674976
CY,1998 Q2,0.9672789988943701,-0.0040068291768569075
CZ,1998 Q2,1.175315645366992,-0.05578958144632429
DE,1998 Q2,1.8338120682465922,0.018569534153721534
DK,1998 Q2,0.5886546727131896,0.016198113456318275
ES,1998 Q2,1.4341096671017077,0.04764742435002711
FI,1998 Q2,1.1359208825836864,0.012419793202242069
FR,1998 Q2,1.2243379256192448,-0.0032703110124709944
GB,1998 Q2,1.3363647086420702,-0.01227885329308509
HR,1998 Q2,1.084715819124118,0.0294618883332054
HU,1998 Q2,0.6623207854086005,0.024017918529919413
ID,1998 Q2,1.2882341053155228,0.09797435706583979
IE,1998 Q2,1.1987346118004807,-0.002434858860167699
IL,1998 Q2,0.9517940628153321,0.012846245629563713
IS,1998 Q2,1.474032105760151,-0.02515491120958324
IT,1998 Q2,1.3201635542397758,0.007425526995700649
JP,1998 Q2,0.9034235859625296,0.004381244767566739
KR,1998 Q2,1.4528732174309655,-0.14075302969506898
LT,1998 Q2,1.042912067468684,0.00874956828053075
LU,1998 Q2,0.29512349588347053,0.017954448771980436
LV,1998 Q2,0.7679594150222429,0.0076577089340882365
MT,1998 Q2,0.7976457160137126,-0.015887688964959734
MX,1998 Q2,0.8268347201036234,0.04325396501346601
MY,1998 Q2,1.3805650023221425,-0.013248333090351672
NL,1998 Q2,1.3981966193593311,0.0020628532506243857
NO,1998 Q2,1.3931858706485858,0.009728214690040371
NZ,1998 Q2,1.2728768094312555,0.017277588970841418
PL,1998 Q2,0.7238440088263322,-0.011068285258484245
PT,1998 Q2,1.0482368171990373,0.07514314941379763
RO,1998 Q2,0.5336610441006993,0.041061491849815834
SE,1998 Q2,NA,NA
SG,1998 Q2,1.186840419434236,-0.022652605404144488
SI,1998 Q2,0.7125716281562016,0.014280104160881102
SK,1998 Q2,1.0446184052188232,-0.037277600427928936
TH,1998 Q2,1.6334506603227261,-0.0379314942695006
TR,1998 Q2,0.7632845281581953,-0.03453195501460926
US,1998 Q2,1.260138981467877,0.010781848229024948
ZA,1998 Q2,1.2480866771939134,-0.0027604742422751016
AR,1998 Q3,0.9571989906741631,0.017572103810444384
AT,1998 Q3,1.2577569171241956,0.028121658061279975
AU,1998 Q3,1.259369746683666,-0.016949055139336755
BE,1998 Q3,0.9161359230982238,-0.03074582636181944
BG,1998 Q3,0.48003050208324377,0.05672972673776677
BO,1998 Q3,1.2636265022834268,-0.011455265264154413
BR,1998 Q3,1.291925241010706,0.05155264824228878
BY,1998 Q3,0.7253276898841652,0.011172803806905884
CA,1998 Q3,1.134175645394591,0.02534906040086704
CH,1998 Q3,1.2489263553550212,0.012094084672224614
CL,1998 Q3,1.3165529266996543,0.004294362722045975
CN,1998 Q3,3.424831127491975,-0.05390238824260907
CO,1998 Q3,1.2373090507835014,0.028667214958296494
CR,1998 Q3,1.8585334550645225,0.178187208543662
CY,1998 Q3,0.9596460604927028,-0.007632938401667233
CZ,1998 Q3,1.1491045510027629,-0.02621109436422908
DE,1998 Q3,1.848413795524473,0.014601727277880894
DK,1998 Q3,0.5865029886716155,-0.0021516840415740646
ES,1998 Q3,1.4671448968218779,0.033035229720170145
FI,1998 Q3,1.160245867002984,0.024324984419297646
FR,1998 Q3,1.2325227714516083,0.008184845832363452
GB,1998 Q3,1.338991744036417,0.0026270353943467217
HR,1998 Q3,1.0685013548496594,-0.016214464274458606
HU,1998 Q3,0.6796795516565727,0.01735876624797217
ID,1998 Q3,1.1168694750899433,-0.17136463022557957
IE,1998 Q3,1.1690623179965056,-0.02967229380397507
IL,1998 Q3,0.9514779354750581,-3.1612734027397504e-4
IS,1998 Q3,1.4776536437926788,0.003621538032527738
IT,1998 Q3,1.3965076917516956,0.07634413751191982
JP,1998 Q3,0.9076466799150278,0.0042230939524982025
KR,1998 Q3,1.3413338329090656,-0.11153938452189993
LT,1998 Q3,1.054436113714464,0.011524046245779962
LU,1998 Q3,0.2995273486598275,0.004403852776356965
LV,1998 Q3,0.918998834311059,0.15103941928881615
MT,1998 Q3,0.8125868313639585,0.014941115350245893
MX,1998 Q3,0.7694196088954671,-0.05741511120815623
MY,1998 Q3,1.35272296059723,-0.02784204172491256
NL,1998 Q3,1.4002594726099553,0.0020628532506241637
NO,1998 Q3,1.4224097956951702,0.029223925046584442
NZ,1998 Q3,1.3038488622093296,0.030972052778074133
PL,1998 Q3,0.7174862177924314,-0.006357791033900773
PT,1998 Q3,1.0855495785911267,0.03731276139208939
RO,1998 Q3,0.5680561799688899,0.03439513586819065
SE,1998 Q3,NA,NA
SG,1998 Q3,1.1400770587082871,-0.04676336072594878
SI,1998 Q3,0.7178111408268381,0.0052395126706364925
SK,1998 Q3,1.0492412995177491,0.004622894298925928
TH,1998 Q3,1.5375256742034533,-0.0959249861192728
TR,1998 Q3,0.5922526901143407,-0.17103183804385458
US,1998 Q3,1.265203596712102,0.005064615244225079
ZA,1998 Q3,1.2209299698511638,-0.027156707342749664
AR,1998 Q4,0.9775046503467983,0.0203056596726352
AT,1998 Q4,1.2743224763331893,0.01656555920899372
AU,1998 Q4,1.2842608673434672,0.024891120659801258
BE,1998 Q4,0.9084048561247906,-0.007731066973433176
BG,1998 Q4,0.4994335252548926,0.019403023171648826
BO,1998 Q4,1.3163948137847494,0.05276831150132266
BR,1998 Q4,0.8105559847455946,-0.4813692562651114
BY,1998 Q4,0.5987475929769992,-0.12658009690716598
CA,1998 Q4,1.1209159355313758,-0.01325970986321523
CH,1998 Q4,1.2045827940566178,-0.04434356129840333
CL,1998 Q4,1.2541453669077987,-0.06240755979185564
CN,1998 Q4,3.379792544421191,-0.04503858307078401
CO,1998 Q4,1.1663341937113754,-0.07097485707212603
CR,1998 Q4,1.7246505904999232,-0.1338828645645993
CY,1998 Q4,0.9604139634407292,7.679029480263111e-4
CZ,1998 Q4,1.0838928447259937,-0.0652117062767692
DE,1998 Q4,1.853874723970972,0.005460928446499036
DK,1998 Q4,0.6266716619067141,0.04016867323509854
ES,1998 Q4,1.4506391343583491,-0.01650576246352875
FI,1998 Q4,1.1625655593857582,0.0023196923827741855
FR,1998 Q4,1.2407076172839717,0.008184845832363452
GB,1998 Q4,1.3023539990316557,-0.036637745004761246
HR,1998 Q4,1.1007955137223202,0.03229415887266085
HU,1998 Q4,0.6254521719174974,-0.05422737973907532
ID,1998 Q4,0.9585757772814235,-0.15829369780851976
IE,1998 Q4,1.1612888622438176,-0.007773455752688063
IL,1998 Q4,0.9426417908787824,-0.008836144596275686
IS,1998 Q4,1.6850810171708033,0.20742737337812445
IT,1998 Q4,1.381267810354375,-0.015239881397320687
JP,1998 Q4,0.8959249325366246,-0.011721747378403147
KR,1998 Q4,1.303367918879389,-0.03796591402967664
LT,1998 Q4,1.0277603913635482,-0.026675722350915754
LU,1998 Q4,0.3039312014361844,0.004403852776356909
LV,1998 Q4,0.9393328955721133,0.020334061261054304
MT,1998 Q4,0.8129596573960348,3.7282603207633436e-4
MX,1998 Q4,0.7301777996797838,-0.03924180921568332
MY,1998 Q4,1.3399707828075609,-0.012752177789669084
NL,1998 Q4,1.4023223258605797,0.0020628532506243857
NO,1998 Q4,1.311911004618673,-0.11049879107649718
NZ,1998 Q4,1.316067240352475,0.012218378143145303
PL,1998 Q4,0.6902088166537123,-0.027277401138719126
PT,1998 Q4,1.102197007117316,0.01664742852618928
RO,1998 Q4,0.5330578767457277,-0.03499830322316222
SE,1998 Q4,NA,NA
SG,1998 Q4,1.0279212416521728,-0.11215581705611433
SI,1998 Q4,0.7174136677687887,-3.9747305804938016e-4
SK,1998 Q4,1.0163315335112943,-0.03290976600645479
TH,1998 Q4,1.4817510984180022,-0.055774575785451086
TR,1998 Q4,0.6323079847169523,0.04005529460261159
US,1998 Q4,1.2881462678114608,0.02294267109935877
ZA,1998 Q4,1.2627266853112658,0.041796715460101996
AR,1999 Q1,0.9476331855924833,-0.029871464754315014
AT,1999 Q1,1.2908880355421832,0.01656555920899394
AU,1999 Q1,1.2914102508220435,0.007149383478576299
BE,1999 Q1,0.9006737891513574,-0.007731066973433176
BG,1999 Q1,0.5194835775860003,0.02005005233110768
BO,1999 Q1,1.3141560431383295,-0.002238770646419974
BR,1999 Q1,0.8417844608946338,0.03122847614903912
BY,1999 Q1,0.6089354615591163,0.010187868582117066
CA,1999 Q1,1.1309426844132409,0.010026748881865055
CH,1999 Q1,1.198332011703262,-0.006250782353355744
CL,1999 Q1,1.2933537274848972,0.03920836057709853
CN,1999 Q1,3.557679590280731,0.1778870458595403
CO,1999 Q1,1.1303571304474729,-0.03597706326390249
CR,1999 Q1,1.888077397856337,0.1634268073564138
CY,1999 Q1,0.9611818663887555,7.679029480263111e-4
CZ,1999 Q1,1.071913936777356,-0.011978907948637652
DE,1999 Q1,1.8593356524174711,0.005460928446499036
DK,1999 Q1,0.6140757236744392,-0.012595938232274895
ES,1999 Q1,1.4341333718948206,-0.01650576246352853
FI,1999 Q1,1.1648852517685322,0.0023196923827739635
FR,1999 Q1,1.2488924631163352,0.008184845832363452
GB,1999 Q1,1.3172375226469903,0.014883523615334626
HR,1999 Q1,1.1036623987254464,0.0028668850031261517
HU,1999 Q1,0.6446939455199817,0.019241773602484358
ID,1999 Q1,0.6600839272148464,-0.2984918500665771
IE,1999 Q1,1.1535154064911295,-0.007773455752688063
IL,1999 Q1,0.9194640100012446,-0.023177780877537857
IS,1999 Q1,1.6721562571204334,-0.01292476005036991
IT,1999 Q1,1.3660279289570545,-0.015239881397320465
JP,1999 Q1,0.8844144952658186,-0.011510437270806029
KR,1999 Q1,1.3132133720311765,0.009845453151787531
LT,1999 Q1,1.0010846690126325,-0.026675722350915754
LU,1999 Q1,0.30833505421254137,0.004403852776356965
LV,1999 Q1,0.9596669568331677,0.020334061261054415
MT,1999 Q1,0.813332483428111,3.7282603207622333e-4
MX,1999 Q1,0.6828149395888669,-0.04736286009091695
MY,1999 Q1,1.2670671868260133,-0.07290359598154761
NL,1999 Q1,1.404385179111204,0.0020628532506243857
NO,1999 Q1,1.3826678927646685,0.07075688814599546
NZ,1999 Q1,1.350196093217443,0.03412885286496814
PL,1999 Q1,0.7012777859195648,0.011068969265852546
PT,1999 Q1,1.1188444356435052,0.01664742852618928
RO,1999 Q1,0.6057168662008131,0.07265898945508542
SE,1999 Q1,NA,NA
SG,1999 Q1,0.9864526790904875,-0.041468562561685296
SI,1999 Q1,0.7170161947107394,-3.9747305804926913e-4
SK,1999 Q1,0.9834217675048393,-0.03290976600645501
TH,1999 Q1,1.4406099601570177,-0.04114113826098453
TR,1999 Q1,0.5971805844553062,-0.03512740026164607
US,1999 Q1,1.2794058417942569,-0.008740426017203928
ZA,1999 Q1,1.2893531675584724,0.02662648224720665
AR,1999 Q2,0.9184471931359282,-0.029185992456555176
AT,1999 Q2,1.307453594751177,0.01656555920899372
AU,1999 Q2,1.2879514145232873,-0.003458836298756207
BE,1999 Q2,0.8929427221779243,-0.007731066973433176
BG,1999 Q2,0.5398523979643459,0.020368820378345642
BO,1999 Q2,1.333061243821773,0.01890520068344359
BR,1999 Q2,0.7880464423710789,-0.053738018523554865
BY,1999 Q2,0.638310630697234,0.029375169138117774
CA,1999 Q2,1.0958030602280193,-0.03513962418522154
CH,1999 Q2,1.1881372223170414,-0.010194789386220648
CL,1999 Q2,1.18644260105676,-0.10691112642813727
CN,1999 Q2,3.5197389326980937,-0.03794065758263754
CO,1999 Q2,1.1116564445226758,-0.018700685924797122
CR,1999 Q2,1.8301567126870442,-0.05792068516929283
CY,1999 Q2,0.9619497693367818,7.679029480263111e-4
CZ,1999 Q2,1.0499486936829154,-0.02196524309444059
DE,1999 Q2,1.8647965808639702,0.005460928446499036
DK,1999 Q2,0.6330463371917402,0.018970613517301005
ES,1999 Q2,1.4176276094312918,-0.01650576246352875
FI,1999 Q2,1.1672049441513064,0.0023196923827741855
FR,1999 Q2,1.2570773089486988,0.008184845832363674
GB,1999 Q2,1.3321416357990281,0.014904113152037768
HR,1999 Q2,1.0471324173481242,-0.056529981377322125
HU,1999 Q2,0.6559214380571642,0.01122749253718247
ID,1999 Q2,0.45416414585490356,-0.20591978135994288
IE,1999 Q2,1.1457419507384414,-0.007773455752688063
IL,1999 Q2,0.9289662732155711,0.009502263214326567
IS,1999 Q2,1.6876594051526908,0.015503148032257386
IT,1999 Q2,1.3507880475597338,-0.015239881397320687
JP,1999 Q2,0.8656879112899778,-0.018726583975840816
KR,1999 Q2,1.3351670277049368,0.021953655673760286
LT,1999 Q2,0.9744089466617167,-0.026675722350915754
LU,1999 Q2,0.3127389069888983,0.004403852776356909
LV,1999 Q2,0.980001018094222,0.020334061261054304
MT,1999 Q2,0.8137053094601874,3.7282603207633436e-4
MX,1999 Q2,0.6892033753090937,0.006388435720226848
MY,1999 Q2,1.1837150395290783,-0.08335214729693496
NL,1999 Q2,1.4064480323618285,0.0020628532506243857
NO,1999 Q2,1.3613681086676073,-0.021299784097061236
NZ,1999 Q2,1.3236839633510502,-0.026512129866392842
PL,1999 Q2,0.7178402451251775,0.016562459205612723
PT,1999 Q2,1.1354918641696945,0.01664742852618928
RO,1999 Q2,0.5178190210167918,-0.08789784518402133
SE,1999 Q2,NA,NA
SG,1999 Q2,0.9648204496223503,-0.021632229468137254
SI,1999 Q2,0.71661872165269,-3.9747305804938016e-4
SK,1999 Q2,0.9505120014983844,-0.0329097660064549
TH,1999 Q2,1.3857401872088748,-0.05486977294814288
TR,1999 Q2,0.5600576190438002,-0.03712296541150595
US,1999 Q2,1.2885764472464813,0.009170605452224478
ZA,1999 Q2,1.3154963514708973,0.026143183912424872
AR,1999 Q3,0.9014574922970577,-0.016989700838870414
AT,1999 Q3,1.3240191539601707,0.01656555920899372
AU,1999 Q3,1.274740823700958,-0.013210590822329227
BE,1999 Q3,0.885211655204491,-0.007731066973433287
BG,1999 Q3,0.5415497200448387,0.0016973220804927802
BO,1999 Q3,1.2920285339702233,-0.04103270985154972
BR,1999 Q3,0.7946399320173818,0.006593489646302908
BY,1999 Q3,0.6433737160427646,0.005063085345530571
CA,1999 Q3,1.103571324921512,0.007768264693492677
CH,1999 Q3,1.1437818281579535,-0.04435539415908796
CL,1999 Q3,1.245604064169174,0.05916146311241399
CN,1999 Q3,3.4390380631299955,-0.08070086956809819
CO,1999 Q3,1.1086463752995,-0.0030100692231758153
CR,1999 Q3,1.7943894619235776,-0.03576725076346654
CY,1999 Q3,0.9627176722848081,7.679029480263111e-4
CZ,1999 Q3,1.0260137186970477,-0.02393497498586772
DE,1999 Q3,1.870257509310469,0.005460928446498814
DK,1999 Q3,0.6635839249692003,0.030537587777460073
ES,1999 Q3,1.4011218469677633,-0.01650576246352853
FI,1999 Q3,1.1695246365340803,0.0023196923827739635
FR,1999 Q3,1.2652621547810623,0.008184845832363452
GB,1999 Q3,1.3654067349719523,0.033265099172924195
HR,1999 Q3,1.067780999003877,0.020648581655752674
HU,1999 Q3,0.6603731060992745,0.0044516680421102794
ID,1999 Q3,0.4494427740729438,-0.004721371781959749
IE,1999 Q3,1.1379684949857534,-0.007773455752688063
IL,1999 Q3,0.9446053192059694,0.015639045990398226
IS,1999 Q3,1.7003836287222514,0.0127242235695606
IT,1999 Q3,1.3355481661624131,-0.015239881397320687
JP,1999 Q3,0.8656929374787649,5.026188787060626e-6
KR,1999 Q3,1.2759988422987896,-0.05916818540614721
LT,1999 Q3,0.947733224310801,-0.026675722350915754
LU,1999 Q3,0.31714275976525524,0.004403852776356965
LV,1999 Q3,1.0003350793552763,0.020334061261054304
MT,1999 Q3,0.8140781354922637,3.7282603207633436e-4
MX,1999 Q3,0.6553238100622836,-0.03387956524681013
MY,1999 Q3,1.1881614947661578,0.0044464552370795385
NL,1999 Q3,1.4085108856124529,0.0020628532506243857
NO,1999 Q3,1.4310761799861853,0.06970807131857804
NZ,1999 Q3,1.3374974911520539,0.013813527801003644
PL,1999 Q3,0.7372600952493898,0.019419850124212323
PT,1999 Q3,1.1521392926958838,0.01664742852618928
RO,1999 Q3,0.4698716986642545,-0.04794732235253729
SE,1999 Q3,NA,NA
SG,1999 Q3,0.9293074091694419,-0.03551304045290837
SI,1999 Q3,0.7162212485946406,-3.9747305804938016e-4
SK,1999 Q3,0.9176022354919295,-0.0329097660064549
TH,1999 Q3,1.3064087156824529,-0.07933147152642195
TR,1999 Q3,0.5207065258086828,-0.03935109323511743
US,1999 Q3,1.3195025437295163,0.030926096483034904
ZA,1999 Q3,1.277430480707049,-0.038065870763848375
AR,1999 Q4,0.9074092316575371,0.0059517393604793245
AT,1999 Q4,1.3405847131691646,0.01656555920899394
AU,1999 Q4,1.2866024978456507,0.011861674144692635
BE,1999 Q4,0.8774805882310578,-0.007731066973433176
BG,1999 Q4,0.5393105859323001,-0.002239134112538621
BO,1999 Q4,1.3284234375940125,0.036394903623789165
BR,1999 Q4,0.7459395962286399,-0.04870033578874189
BY,1999 Q4,0.6778953024513653,0.0345215864086007
CA,1999 Q4,1.0929952811750026,-0.010576043746509445
CH,1999 Q4,1.130318549027143,-0.013463279130810468
CL,1999 Q4,1.1912292621245977,-0.05437480204457623
CN,1999 Q4,3.086473636290024,-0.35256442683997147
CO,1999 Q4,1.0318714391272232,-0.07677493617227671
CR,1999 Q4,1.8243974743761338,0.030008012452556132
CY,1999 Q4,0.9634855752328344,7.679029480263111e-4
CZ,1999 Q4,1.0110954735570905,-0.014918245139957209
DE,1999 Q4,1.875718437756968,0.005460928446499036
DK,1999 Q4,0.6628028970157138,-7.810279534864462e-4
ES,1999 Q4,1.3846160845042346,-0.01650576246352875
FI,1999 Q4,1.1718443289168545,0.0023196923827741855
FR,1999 Q4,1.2734470006134258,0.008184845832363452
GB,1999 Q4,1.3448007638399917,-0.02060597113196061
HR,1999 Q4,1.04864779892986,-0.019133200074016976
HU,1999 Q4,0.6688824893230534,0.008509383223778921
ID,1999 Q4,0.3864238007250293,-0.06301897334791451
IE,1999 Q4,1.1301950392330653,-0.007773455752688063
IL,1999 Q4,0.9376022990727656,-0.007003020133203752
IS,1999 Q4,1.7588255267846582,0.05844189806240685
IT,1999 Q4,1.3203082847650927,-0.015239881397320465
JP,1999 Q4,0.8619164201606287,-0.003776517318136108
KR,1999 Q4,1.2381180604964417,-0.037880781802347885
LT,1999 Q4,0.9210575019598852,-0.026675722350915754
LU,1999 Q4,0.32154661254161215,0.004403852776356909
LV,1999 Q4,1.0206691406163306,0.020334061261054304
MT,1999 Q4,0.81445096152434,3.7282603207633436e-4
MX,1999 Q4,0.636650886692107,-0.018672923370176564
MY,1999 Q4,1.1598851919059838,-0.02827630286017402
NL,1999 Q4,1.4105737388630772,0.0020628532506243857
NO,1999 Q4,1.3696688728911643,-0.06140730709502096
NZ,1999 Q4,1.3386430055774732,0.001145514425419325
PL,1999 Q4,0.7298308712084532,-0.0074292240409365995
PT,1999 Q4,1.168786721222073,0.01664742852618928
RO,1999 Q4,0.37715816307301175,-0.09271353559124274
SE,1999 Q4,NA,NA
SG,1999 Q4,0.9205682800213288,-0.008739129148113034
SI,1999 Q4,0.7158237755365913,-3.9747305804938016e-4
SK,1999 Q4,0.8846924694854746,-0.0329097660064549
TH,1999 Q4,1.249369258547454,-0.057039457134998806
TR,1999 Q4,0.4459552347078487,-0.07475129110083412
US,1999 Q4,1.3290198989269024,0.009517355197386168
ZA,1999 Q4,1.2503820141413045,-0.027048466565744445
AR,2000 Q1,0.859667437459024,-0.0477417941985131
AT,2000 Q1,1.3571502723781583,0.01656555920899372
AU,2000 Q1,1.325734042214837,0.0391315443691862
BE,2000 Q1,0.8697495212576246,-0.007731066973433176
BG,2000 Q1,0.5259566743309264,-0.01335391160137367
BO,2000 Q1,1.2881070988859047,-0.0403163387081078
BR,2000 Q1,0.7289606758418575,-0.016978920386782392
BY,2000 Q1,0.6295000823629457,-0.048395220088419566
CA,2000 Q1,1.0487018306821292,-0.044293450492873365
CH,2000 Q1,1.1184661830277693,-0.01185236599937367
CL,2000 Q1,1.2765399482313393,0.08531068610674164
CN,2000 Q1,3.1967629429466893,0.11028930665666525
CO,2000 Q1,0.9968125699430859,-0.035058869184137365
CR,2000 Q1,1.87489256233939,0.05049508796325619
CY,2000 Q1,0.9642534781808607,7.679029480263111e-4
CZ,2000 Q1,0.8912379736827548,-0.1198574998743357
DE,2000 Q1,1.881179366203467,0.005460928446499036
DK,2000 Q1,0.7623032613769388,0.099500364361225
ES,2000 Q1,1.368110322040706,-0.01650576246352853
FI,2000 Q1,1.1741640212996285,0.0023196923827739635
FR,2000 Q1,1.2816318464457892,0.008184845832363452
GB,2000 Q1,1.3865220062100176,0.041721242370025946
HR,2000 Q1,1.0048126995753837,-0.04383509935447627
HU,2000 Q1,0.7369117601624394,0.06802927083938604
ID,2000 Q1,0.38342429856625443,-0.0029995021587748694
IE,2000 Q1,1.1224215834803772,-0.007773455752688063
IL,2000 Q1,0.9791793865104624,0.041577087437696836
IS,2000 Q1,1.8180040070764825,0.059178480291824265
IT,2000 Q1,1.305068403367772,-0.015239881397320687
JP,2000 Q1,0.8480561791417351,-0.013860241018893604
KR,2000 Q1,1.2064159485619355,-0.03170211193450623
LT,2000 Q1,0.8943817796089695,-0.026675722350915754
LU,2000 Q1,0.3259504653179691,0.004403852776356965
LV,2000 Q1,1.0410032018773852,0.020334061261054526
MT,2000 Q1,0.8148237875564163,3.7282603207622333e-4
MX,2000 Q1,0.6009402790472355,-0.03571060764487155
MY,2000 Q1,1.1519295086710604,-0.00795568323492346
NL,2000 Q1,1.4126365921137014,0.0020628532506241637
NO,2000 Q1,1.407371323937762,0.03770245104659775
NZ,2000 Q1,1.3951002308438967,0.056457225266423494
PL,2000 Q1,0.7384240780629799,0.008593206854526692
PT,2000 Q1,1.1854341497482623,0.01664742852618928
RO,2000 Q1,0.3991602449285625,0.022002081855550748
SE,2000 Q1,NA,NA
SG,2000 Q1,0.9238504591978726,0.0032821791765437203
SI,2000 Q1,0.715426302478542,-3.9747305804926913e-4
SK,2000 Q1,0.8517827034790197,-0.0329097660064549
TH,2000 Q1,1.2165409028358556,-0.03282835571159848
TR,2000 Q1,0.4737208387480742,0.02776560404022549
US,2000 Q1,1.3499443292622397,0.020924430335337307
ZA,2000 Q1,1.3192170574523516,0.06883504331104717
AR,2000 Q2,0.8270599535542321,-0.032607483904791845
AT,2000 Q2,1.3737158315871523,0.01656555920899394
AU,2000 Q2,1.3196457663860477,-0.006088275828789236
BE,2000 Q2,0.8620184542841914,-0.007731066973433176
BG,2000 Q2,0.5388937748526803,0.012937100521753897
BO,2000 Q2,1.331997863069719,0.04389076418381421
BR,2000 Q2,0.7412679581930827,0.012307282351225135
BY,2000 Q2,0.5694234449600607,-0.06007663740288505
CA,2000 Q2,1.0737972580411224,0.025095427358993172
CH,2000 Q2,1.1912940751971524,0.07282789216938301
CL,2000 Q2,1.2747379227753322,-0.0018020254560071614
CN,2000 Q2,2.9044232166515855,-0.29233972629510374
CO,2000 Q2,0.9742667661386272,-0.022545803804458697
CR,2000 Q2,1.9159849777500955,0.04109241541070552
CY,2000 Q2,0.965021381128887,7.679029480263111e-4
CZ,2000 Q2,0.8956096030818671,0.004371629399112287
DE,2000 Q2,1.886640294649966,0.005460928446499036
DK,2000 Q2,0.7899874099248312,0.027684148547892362
ES,2000 Q2,1.3516045595771773,-0.01650576246352875
FI,2000 Q2,1.1764837136824027,0.0023196923827741855
FR,2000 Q2,1.2898166922781527,0.008184845832363452
GB,2000 Q2,1.4020347498626198,0.015512743652602135
HR,2000 Q2,0.9520958621147597,-0.052716837460623944
HU,2000 Q2,0.7880477280080476,0.051135967845608143
ID,2000 Q2,0.38785633545096565,0.004432036884711221
IE,2000 Q2,1.1146481277276892,-0.007773455752688063
IL,2000 Q2,0.9774159909636045,-0.0017633955468578932
IS,2000 Q2,2.2048867847580547,0.3868827776815722
IT,2000 Q2,1.2898285219704513,-0.015239881397320687
JP,2000 Q2,0.8308294159555479,-0.01722676318618721
KR,2000 Q2,1.155890972779843,-0.050524975782092474
LT,2000 Q2,0.8677060572580537,-0.026675722350915754
LU,2000 Q2,0.330354318094326,0.004403852776356909
LV,2000 Q2,1.0613372631384395,0.020334061261054304
MT,2000 Q2,0.8151966135884926,3.7282603207633436e-4
MX,2000 Q2,0.6724222384343371,0.07148195938710167
MY,2000 Q2,1.146785485360589,-0.005144023310471368
NL,2000 Q2,1.4146994453643258,0.0020628532506243857
NO,2000 Q2,1.3927993947352193,-0.0145719292025428
NZ,2000 Q2,1.411493284176432,0.01639305333253538
PL,2000 Q2,0.7516744861359608,0.013250408072980835
PT,2000 Q2,1.2020815782744516,0.01664742852618928
RO,2000 Q2,0.4117860502091721,0.012625805280609581
SE,2000 Q2,NA,NA
SG,2000 Q2,0.9530648661083444,0.029214406910471835
SI,2000 Q2,0.7150288294204926,-3.9747305804938016e-4
SK,2000 Q2,0.8188729374725648,-0.0329097660064549
TH,2000 Q2,1.1648233677895397,-0.05171753504631593
TR,2000 Q2,0.5074877678642368,0.03376692911616258
US,2000 Q2,1.3664949408681581,0.01655061160591842
ZA,2000 Q2,1.3241810130586056,0.004963955606253956
AR,2000 Q3,0.8201371950372148,-0.006922758517017291
AT,2000 Q3,1.390281390796146,0.01656555920899372
AU,2000 Q3,1.3368201133185171,0.017174346932469442
BE,2000 Q3,0.8542873873107583,-0.007731066973433176
BG,2000 Q3,0.5207870376643946,-0.018106737188285704
BO,2000 Q3,1.3186534206683422,-0.013344442401376666
BR,2000 Q3,0.7118749645128922,-0.029392993680190438
BY,2000 Q3,0.5356479089672811,-0.033775535992779604
CA,2000 Q3,1.0453431073239239,-0.02845415071719848
CH,2000 Q3,1.2074439316995738,0.0161498565024214
CL,2000 Q3,1.2571911624906351,-0.01754676028469704
CN,2000 Q3,2.879377515653104,-0.025045700998481468
CO,2000 Q3,0.9964813969529052,0.02221463081427799
CR,2000 Q3,1.782033132523071,-0.13395184522702452
CY,2000 Q3,0.9657892840769132,7.679029480262001e-4
CZ,2000 Q3,0.8708549004614653,-0.024754702620401803
DE,2000 Q3,1.8921012230964651,0.005460928446499036
DK,2000 Q3,2.7983660552828726,2.0083786453580412
ES,2000 Q3,1.3350987971136488,-0.01650576246352853
FI,2000 Q3,1.1788034060651769,0.0023196923827741855
FR,2000 Q3,1.298001538110516,0.008184845832363452
GB,2000 Q3,1.4161705872476422,0.014135837385022443
HR,2000 Q3,0.867449238374728,-0.08464662374003173
HU,2000 Q3,0.8308631350326873,0.04281540702463971
ID,2000 Q3,0.380903459344946,-0.006952876106019634
IE,2000 Q3,1.106874671975001,-0.007773455752688285
IL,2000 Q3,0.9725491655928789,-0.0048668253707256914
IS,2000 Q3,2.2311450445521612,0.026258259794106564
IT,2000 Q3,1.2745886405731308,-0.015239881397320465
JP,2000 Q3,0.8353814572435333,0.0045520412879853644
KR,2000 Q3,1.190334221089357,0.03444324830951406
LT,2000 Q3,0.841030334907138,-0.026675722350915754
LU,2000 Q3,0.334758170870683,0.004403852776356965
LV,2000 Q3,1.0816713243994938,0.020334061261054304
MT,2000 Q3,0.8155694396205689,3.7282603207633436e-4
MX,2000 Q3,0.6539080732859363,-0.018514165148400874
MY,2000 Q3,1.1389929020133718,-0.007792583347217219
NL,2000 Q3,1.4167622986149502,0.0020628532506243857
NO,2000 Q3,1.4386794070843842,0.045880012349164945
NZ,2000 Q3,1.3775458008002044,-0.03394748337622766
PL,2000 Q3,0.7609074579868336,0.009232971850872795
PT,2000 Q3,1.2187290068006407,0.016647428526189056
RO,2000 Q3,0.41151179391991444,-2.742562892576461e-4
SE,2000 Q3,NA,NA
SG,2000 Q3,0.9931954867893492,0.040130620681004814
SI,2000 Q3,0.7146313563624432,-3.9747305804938016e-4
SK,2000 Q3,0.78596317146610994,-0.0329097660064549
TH,2000 Q3,1.040498518595432,-0.12432484919410758
TR,2000 Q3,0.5512842602325463,0.043796492368309514
US,2000 Q3,1.3679461198918372,0.0014511790236790834
ZA,2000 Q3,1.3539954425024805,0.029814429443874912
AR,2000 Q4,0.8447462618550252,0.024609066817810388
AT,2000 Q4,1.4068469500051397,0.01656555920899372
AU,2000 Q4,1.3801606721585007,0.043340558839983556
BE,2000 Q4,0.8465563203373251,-0.007731066973433176
BG,2000 Q4,0.5395037274150247,0.018716689750630122
BO,2000 Q4,1.2724702741900162,-0.046183146478326
BR,2000 Q4,0.7152508817634526,0.003375917250560412
BY,2000 Q4,0.5880977038053158,0.05244979483803469
CA,2000 Q4,1.0596162851424562,0.014273177818532323
CH,2000 Q4,1.359241686901218,0.1517977552016443
CL,2000 Q4,1.2536418122864785,-0.003549350204156587
CN,2000 Q4,2.8938787032923554,0.014501187639251345
CO,2000 Q4,0.927006973486157,-0.06947442346674815
CR,2000 Q4,1.7087121252904958,-0.07332100723257517
CY,2000 Q4,0.9665571870249395,7.679029480263111e-4
CZ,2000 Q4,0.8093642325691197,-0.061490667892345585
DE,2000 Q4,1.8975621515429641,0.005460928446499036
DK,2000 Q4,2.8890496434222217,0.09068358813934907
ES,2000 Q4,1.31859303465012,-0.01650576246352875
FI,2000 Q4,1.1811230984479508,0.0023196923827739635
FR,2000 Q4,1.3061863839428796,0.008184845832363452
GB,2000 Q4,1.4222597431166861,0.006089155869043905
HR,2000 Q4,0.8610376000740081,-0.006411638300719891
HU,2000 Q4,0.8354889776880949,0.004625842655407664
ID,2000 Q4,0.40345131157744163,0.022547852232495613
IE,2000 Q4,1.0991012162223128,-0.007773455752688063
IL,2000 Q4,0.9774394089957242,0.0048902434028453845
IS,2000 Q4,2.2804402809660616,0.04929523641390032
IT,2000 Q4,1.2593487591758101,-0.015239881397320687
JP,2000 Q4,0.8353838964689589,2.4392254256433432e-6
KR,2000 Q4,1.1569317090116555,-0.03340251207770151
LT,2000 Q4,0.8143546125562221,-0.026675722350915865
LU,2000 Q4,0.3391620236470399,0.004403852776356909
LV,2000 Q4,1.102005385660548,0.020334061261054304
MT,2000 Q4,0.8159422656526452,3.7282603207622333e-4
MX,2000 Q4,0.7294627665522481,0.07555469326631181
MY,2000 Q4,1.1229759719592944,-0.01601693005407734
NL,2000 Q4,1.4188251518655746,0.0020628532506243857
NO,2000 Q4,1.425754978046894,-0.012924429037490137
NZ,2000 Q4,1.3984282300813842,0.020882429281179782
PL,2000 Q4,0.7376790972887483,-0.023228360698085315
PT,2000 Q4,1.23537643532683,0.01664742852618928
RO,2000 Q4,0.36169040216974446,-0.049821391750169974
SE,2000 Q4,NA,NA
SG,2000 Q4,0.9967044464911127,0.003508959701763459
SI,2000 Q4,0.714233883304394,-3.9747305804926913e-4
SK,2000 Q4,0.753053405459655,-0.0329097660064549
TH,2000 Q4,1.0156370204632859,-0.02486149813214622
TR,2000 Q4,0.5457790874593385,-0.005505172773207834
US,2000 Q4,1.3541829380404447,-0.01376318185139258
ZA,2000 Q4,1.3418605434727675,-0.012134899029712987
AR,2001 Q1,0.800523128216784,-0.04422313363824126
AT,2001 Q1,1.4234125092141336,0.01656555920899394
AU,2001 Q1,1.3557366823912185,-0.024423989767282217
BE,2001 Q1,0.8388252533638918,-0.007731066973433287
BG,2001 Q1,0.5114108644756366,-0.028092862939388175
BO,2001 Q1,1.2077090336238825,-0.06476124056613375
BR,2001 Q1,0.7572165622820245,0.04196568051857186
BY,2001 Q1,0.6557981112678581,0.06770040746254236
CA,2001 Q1,1.052407376867938,-0.007208908274518144
CH,2001 Q1,1.4223346584748826,0.06309297157366456
CL,2001 Q1,1.3171042120607168,0.06346239977423829
CN,2001 Q1,2.8888797773001236,-0.00499892599223184
CO,2001 Q1,0.9180838601499607,-0.008923113336196331
CR,2001 Q1,1.7578194583055022,0.04910733301500647
CY,2001 Q1,0.9673250899729658,7.679029480263111e-4
CZ,2001 Q1,0.8121067259258704,0.002742493356750697
DE,2001 Q1,1.9030230799894632,0.005460928446499036
DK,2001 Q1,2.965761155223236,0.07671151180101443
ES,2001 Q1,1.3020872721865913,-0.01650576246352875
FI,2001 Q1,1.183442790830725,0.0023196923827741855
FR,2001 Q1,1.314371229775243,0.008184845832363452
GB,2001 Q1,1.4418591770837372,0.019599433967051105
HR,2001 Q1,0.8547038559399428,-0.006333744134065289
HU,2001 Q1,0.8669769877766312,0.0314880100885363
ID,2001 Q1,0.4052838597853221,0.00183254820788048
IE,2001 Q1,1.0913277604696248,-0.007773455752688063
IL,2001 Q1,0.9931519439998627,0.015712535004138495
IS,2001 Q1,2.231345222168825,-0.049095058797236746
IT,2001 Q1,1.2441088777784897,-0.015239881397320465
JP,2001 Q1,0.8284834582986144,-0.0069004381703445805
KR,2001 Q1,1.1774569290337624,0.020525220022106883
LT,2001 Q1,0.7876788902053063,-0.026675722350915754
LU,2001 Q1,0.34356587642339687,0.004403852776356965
LV,2001 Q1,1.1223394469216024,0.020334061261054304
MT,2001 Q1,0.8163150916847215,3.7282603207633436e-4
MX,2001 Q1,0.7178666998216403,-0.011596066730607757
MY,2001 Q1,1.132151938032736,0.009175966073441622
NL,2001 Q1,1.420888005116199,0.0020628532506243857
NO,2001 Q1,1.4496523700079973,0.023897391961103187
NZ,2001 Q1,1.3699737429446395,-0.0284544871367447
PL,2001 Q1,0.7310280393979115,-0.0066510578908367535
PT,2001 Q1,1.2520238638530192,0.01664742852618928
RO,2001 Q1,0.3855205248878272,0.023830122718082714
SE,2001 Q1,NA,NA
SG,2001 Q1,0.9863744865441239,-0.01032995994698882
SI,2001 Q1,0.7138364102463446,-3.9747305804938016e-4
SK,2001 Q1,0.7201436394532001,-0.0329097660064549
TH,2001 Q1,1.0063811695843399,-0.009255850878945981
TR,2001 Q1,0.46468636695014726,-0.0810927205091912
US,2001 Q1,1.33252294371732,-0.0216599943231246
ZA,2001 Q1,1.346289903079128,0.004429359606360483
AR,2001 Q2,0.7863828181000276,-0.014140310116756316
AT,2001 Q2,1.4399780684231274,0.01656555920899372
AU,2001 Q2,1.3415218477171142,-0.014214834674104226
BE,2001 Q2,0.8310941863904586,-0.007731066973433176
BG,2001 Q2,0.5186570397726703,0.007246175297033752
BO,2001 Q2,1.1968527676374523,-0.010856265986430191
BR,2001 Q2,0.6624421087745039,-0.09477445350752056
BY,2001 Q2,0.6468958309888116,-0.008902280279046493
CA,2001 Q2,1.0392129641956125,-0.013194412672325573
CH,2001 Q2,1.3669892691316254,-0.05534538934325717
CL,2001 Q2,1.2961226090665743,-0.020981602994142534
CN,2001 Q2,2.8133500133516143,-0.0755297639485093
CO,2001 Q2,0.9206751380051115,0.0025912778551507865
CR,2001 Q2,1.749495592846046,-0.008323865459456181
CY,2001 Q2,0.9680929929209922,7.679029480263111e-4
CZ,2001 Q2,0.7783957472447641,-0.033710978681106285
DE,2001 Q2,1.908484008435962,0.005460928446498814
DK,2001 Q2,2.9737188955800478,0.007957740356811627
ES,2001 Q2,1.2855815097230627,-0.01650576246352853
FI,2001 Q2,1.185762483213499,0.0023196923827739635
FR,2001 Q2,1.3225560756076067,0.008184845832363674
GB,2001 Q2,1.4292081644028898,-0.012651012680847451
HR,2001 Q2,0.8763948844039964,0.021691028464053574
HU,2001 Q2,0.882289444995816,0.015312457219184727
ID,2001 Q2,0.41933996541531526,0.014056105629993154
IE,2001 Q2,1.0835543047169367,-0.007773455752688063
IL,2001 Q2,1.0051636861892577,0.012011742189394936
IS,2001 Q2,2.3592538384454653,0.12790861627664052
IT,2001 Q2,1.228868996381169,-0.015239881397320687
JP,2001 Q2,0.8110770349444772,-0.017406423354137113
KR,2001 Q2,1.1607072262457314,-0.016749702788031007
LT,2001 Q2,0.7610031678543907,-0.026675722350915643
LU,2001 Q2,0.3479697291997538,0.004403852776356909
LV,2001 Q2,1.1426735081826567,0.020334061261054304
MT,2001 Q2,0.8166879177167978,3.7282603207633436e-4
MX,2001 Q2,0.6606050384221405,-0.05726166139949984
MY,2001 Q2,1.12885033585505,-0.003301602177686158
NL,2001 Q2,1.4229508583668233,0.0020628532506243857
NO,2001 Q2,1.4231610257061145,-0.026491344301882824
NZ,2001 Q2,1.3528000138240288,-0.01717372912061066
PL,2001 Q2,0.7280777399437994,-0.002950299454112071
PT,2001 Q2,1.2686712923792085,0.01664742852618928
RO,2001 Q2,0.39851598218194567,0.012995457294118495
SE,2001 Q2,NA,NA
SG,2001 Q2,1.021955002931405,0.035580516387281214
SI,2001 Q2,0.7134389371882952,-3.9747305804938016e-4
SK,2001 Q2,0.6872338734467452,-0.0329097660064549
TH,2001 Q2,0.9500495165284828,-0.05633165305585708
TR,2001 Q2,0.41479092043888416,-0.0498954465112631
US,2001 Q2,1.321840232555491,-0.010682711161829062
ZA,2001 Q2,1.3372478868916753,-0.009042016187452706
AR,2001 Q3,0.8101574052592007,0.023774587159173022
AT,2001 Q3,1.456543627632121,0.01656555920899372
AU,2001 Q3,1.313186679275923,-0.028335168441191216
BE,2001 Q3,0.8233631194170254,-0.007731066973433176
BG,2001 Q3,0.5301238901291804,0.011466850356510072
BO,2001 Q3,1.197398084957288,5.453173198357586e-4
BR,2001 Q3,0.6766944627550555,0.01425235398055158
BY,2001 Q3,0.6877583603180044,0.040862529329192765
CA,2001 Q3,1.0597996557524674,0.020586691556854886
CH,2001 Q3,1.3606426801896099,-0.006346588942015563
CL,2001 Q3,1.3463356330835625,0.05021302401698824
CN,2001 Q3,2.83861363689746,0.02526362354584588
CO,2001 Q3,0.9299921467542325,0.009317008749121003
CR,2001 Q3,1.7798034785115473,0.030307885665501244
CY,2001 Q3,0.9688608958690185,7.679029480263111e-4
CZ,2001 Q3,0.6743685215613568,-0.10402722568340728
DE,2001 Q3,1.913944936882461,0.005460928446499036
DK,2001 Q3,2.9476785147572198,-0.026040380822828002
ES,2001 Q3,1.269075747259534,-0.01650576246352875
FI,2001 Q3,1.1880821755962732,0.0023196923827741855
FR,2001 Q3,1.3307409214399701,0.008184845832363452
GB,2001 Q3,1.4362473945592724,0.0070392301563826365
HR,2001 Q3,0.8333729599057925,-0.043021924498203856
HU,2001 Q3,0.8873730107405238,0.0050835657447078075
ID,2001 Q3,0.42427920058527446,0.0049392351699592
IE,2001 Q3,1.0757808489642486,-0.007773455752688063
IL,2001 Q3,0.9995004394282807,-0.005663246760976959
IS,2001 Q3,2.2890915927754394,-0.07016224567002594
IT,2001 Q3,1.2136291149838483,-0.015239881397320687
JP,2001 Q3,0.81159893173081,5.218967863327428e-4
KR,2001 Q3,1.1875715845464534,0.02686435830072198
LT,2001 Q3,0.734327445503475,-0.026675722350915754
LU,2001 Q3,0.35237358197611074,0.004403852776356965
LV,2001 Q3,1.1630075694437112,0.020334061261054526
MT,2001 Q3,0.8170607437488742,3.7282603207633436e-4
MX,2001 Q3,0.6212063438562123,-0.03939869456592815
MY,2001 Q3,1.13760831841473,0.008757982559680189
NL,2001 Q3,1.4250137116174475,0.0020628532506241637
NO,2001 Q3,1.4611965835744491,0.03803555786833468
NZ,2001 Q3,1.3631967451026321,0.0103967312786033
PL,2001 Q3,0.7375443790966448,0.009466639152845402
PT,2001 Q3,1.2853187209053978,0.01664742852618928
RO,2001 Q3,0.39090685970709116,-0.007609122474854513
SE,2001 Q3,NA,NA
SG,2001 Q3,1.1153054179065263,0.0933504149751212
SI,2001 Q3,0.7130414641302458,-3.9747305804938016e-4
SK,2001 Q3,0.6543241074402903,-0.0329097660064549
TH,2001 Q3,0.9448123686173658,-0.005237147911116957
TR,2001 Q3,0.36543020427280076,-0.049360716166083396
US,2001 Q3,1.2985852100770998,-0.023255022478391174
ZA,2001 Q3,1.3518350924967553,0.014587205605079978
AR,2001 Q4,0.8483350033400918,0.03817759808089116
AT,2001 Q4,1.473109186841115,0.01656555920899394
AU,2001 Q4,1.3076928331705235,-0.005493846105399491
BE,2001 Q4,0.8156320524435923,-0.007731066973433176
BG,2001 Q4,0.5317205741463625,0.0015966840171821595
BO,2001 Q4,1.0161570817006613,-0.18124100325662673
BR,2001 Q4,0.6479065560038486,-0.028787906751206904
BY,2001 Q4,0.6839607058841088,-0.0037976544338955698
CA,2001 Q4,1.0424111639687923,-0.017388491783675075
CH,2001 Q4,1.2998049141189474,-0.06083776607066249
CL,2001 Q4,1.3092463580183504,-0.03708927506521209
CN,2001 Q4,2.759474218991596,-0.0791394179058642
CO,2001 Q4,1.676136807712034,0.7461446609578015
CR,2001 Q4,1.6665721672407392,-0.1132313112708081
CY,2001 Q4,0.9696287988170448,7.679029480263111e-4
CZ,2001 Q4,0.6428461791439468,-0.03152234241741003
DE,2001 Q4,1.91940586532896,0.005460928446499036
DK,2001 Q4,3.0373617775506783,0.089683262793458507
EE,2001 Q4,NA,NA
ES,2001 Q4,1.2525699847960055,-0.01650576246352853
FI,2001 Q4,1.1904018679790471,0.0023196923827739635
FR,2001 Q4,1.3389257672723336,0.008184845832363452
GB,2001 Q4,1.4559361401357416,0.019688745576469158
GR,2001 Q4,NA,NA
HR,2001 Q4,0.7155409802109125,-0.11783197969488002
HU,2001 Q4,0.8511509405375957,-0.036222070202928114
ID,2001 Q4,0.3931622159263221,-0.03111698465895235
IE,2001 Q4,1.0680073932115606,-0.007773455752688063
IL,2001 Q4,1.0084329189195393,0.008932479491258638
IS,2001 Q4,2.305378881403425,0.016287288627985674
IT,2001 Q4,1.1983892335865278,-0.015239881397320465
JP,2001 Q4,0.59650769840204,-0.21509123332877
KR,2001 Q4,1.159893795549905,-0.02767778899654849
LT,2001 Q4,0.7076517231525591,-0.026675722350915865
LU,2001 Q4,0.3567774347524677,0.004403852776356965
LV,2001 Q4,1.1833416307047655,0.020334061261054304
MT,2001 Q4,0.8174335697809504,3.7282603207622333e-4
MX,2001 Q4,0.569945402874991,-0.05126094098122136
MY,2001 Q4,1.0092915862137226,-0.12831673220100748
NL,2001 Q4,1.4270765648680719,0.0020628532506243857
NO,2001 Q4,1.445336669883158,-0.01585991369129114
NZ,2001 Q4,1.361114326557375,-0.0020824185452570365
PL,2001 Q4,0.6988265129863542,-0.0387178661102906
PT,2001 Q4,1.301966149431587,0.01664742852618928
RO,2001 Q4,0.4440698345538742,0.05316297484678306
SE,2001 Q4,2.291181115551195,NA
SG,2001 Q4,1.0946930034725304,-0.020612414433995863
SI,2001 Q4,0.7126439910721966,-3.9747305804926913e-4
SK,2001 Q4,0.6214143414338354,-0.0329097660064549
TH,2001 Q4,0.9013336147516332,-0.04347875386573263
TR,2001 Q4,0.3589462519397794,-0.006483952333021348
US,2001 Q4,1.273388376665964,-0.025196833411135877
ZA,2001 Q4,1.4006914877724264,0.048856395275671094
AR,2002 Q1,0.74298689263722,-0.10534811070287187
AT,2002 Q1,1.4896747460501087,0.01656555920899372
AU,2002 Q1,1.370459404227551,0.06276657105702754
BE,2002 Q1,0.8079009854701591,-0.007731066973433176
BG,2002 Q1,0.5421490997325316,0.010428525586169024
BO,2002 Q1,1.0455632859849753,0.029406204284313953
BR,2002 Q1,0.6762158866390096,0.028309330635160945
BY,2002 Q1,0.6638834413744985,-0.020077264509610337
CA,2002 Q1,1.0379127626313644,-0.004498401337427849
CH,2002 Q1,1.2969572952348254,-0.002847618884121994
CL,2002 Q1,1.348912443602641,0.03966608558429052
CN,2002 Q1,2.8866717275042086,0.1271975085126127
CO,2002 Q1,1.7310108674029119,0.054874059690877885
CR,2002 Q1,1.7037270071555346,0.0371548399147954
CY,2002 Q1,0.9703967017650711,7.679029480263111e-4
CZ,2002 Q1,0.5800630663558749,-0.06278311278807192
DE,2002 Q1,1.924866793775459,0.005460928446499036
DK,2002 Q1,3.925387963087126,0.8880261855364475
EE,2002 Q1,NA,NA
ES,2002 Q1,1.2360642223324767,-0.01650576246352875
FI,2002 Q1,1.1927215603618213,0.0023196923827741855
FR,2002 Q1,1.347110613104697,0.008184845832363452
GB,2002 Q1,1.4584494415775526,0.0025133014418110555
GR,2002 Q1,0.6033875790716896,NA
HR,2002 Q1,0.7570425918324473,0.04150161162153476
HU,2002 Q1,0.9187088150521445,0.06755787451454887
ID,2002 Q1,0.3893261168891057,-0.003836099037216434
IE,2002 Q1,1.0602339374588725,-0.007773455752688063
IL,2002 Q1,1.0165617348318972,0.008128815912357812
IS,2002 Q1,2.3840780076312837,0.07869912622785868
IT,2002 Q1,1.1831493521892071,-0.015239881397320687
JP,2002 Q1,0.5766555707513303,-0.01985212765070965
KR,2002 Q1,1.023494516038924,-0.13639927951098096
LT,2002 Q1,0.6809760008016433,-0.026675722350915754
LU,2002 Q1,0.3611812875288246,0.004403852776356909
LV,2002 Q1,1.2036756919658198,0.020334061261054304
MT,2002 Q1,0.8178063958130267,3.7282603207633436e-4
MX,2002 Q1,0.548005944343215,-0.021939458531775924
MY,2002 Q1,1.004238852307535,-0.005052733906187656
NL,2002 Q1,1.4291394181186963,0.0020628532506243857
NO,2002 Q1,1.8838602518983771,0.4385235820152191
NZ,2002 Q1,1.382838093427571,0.02172376687019595
PL,2002 Q1,0.7105404330165394,0.011713920030185121
PT,2002 Q1,1.3186135779577763,0.01664742852618928
RO,2002 Q1,0.47753344925418173,0.03346361470030751
RU,2002 Q1,1.010559595320898,NA
SE,2002 Q1,2.313831362985341,0.022650247434145676
SG,2002 Q1,0.990842898849793,-0.10385010462273736
SI,2002 Q1,0.7122465180141472,-3.9747305804938016e-4
SK,2002 Q1,0.5885045754273805,-0.0329097660064549
TH,2002 Q1,0.95193291759501375,0.050599302843380545
TR,2002 Q1,0.33064548669573396,-0.028300765244045456
US,2002 Q1,1.2415423091903552,-0.0318460674756087
ZA,2002 Q1,1.2683616666198108,-0.1323298211526156
AR,2002 Q2,0.7866919286321867,0.04370503599496678
AT,2002 Q2,1.5285381352490959,0.03886338919898713
AU,2002 Q2,1.3937680858291905,0.023308681601639458
BE,2002 Q2,0.7853806977031711,-0.022520287766988
BG,2002 Q2,0.6119118283333576,0.069762728600826
BO,2002 Q2,1.0927342245456122,0.04717093856063692
BR,2002 Q2,0.6926547826500333,0.016438896011023774
BY,2002 Q2,0.6434193746664364,-0.020464066708062112
CA,2002 Q2,1.0457788603647387,0.007866097733374211
CH,2002 Q2,1.283534052755014,-0.013423242479811304
CL,2002 Q2,1.308981536870752,-0.03993090673188893
CN,2002 Q2,2.7472622631013115,-0.13940946440289714
CO,2002 Q2,1.6229257422919539,-0.10808512511095802
CR,2002 Q2,1.7870724914544907,0.08334548429895605
CY,2002 Q2,0.9704315274994135,3.48257343424363e-5
CZ,2002 Q2,0.5581596358245546,-0.021903430531320267
DE,2002 Q2,1.8940213841484899,-0.030845409626969245
DK,2002 Q2,3.8130865495027346,-0.11230141358439116
EE,2002 Q2,NA,NA
ES,2002 Q2,1.2566515438554078,0.02058732152293108
FI,2002 Q2,1.1873796533386767,-0.005341907023144632
FR,2002 Q2,1.3306966240163143,-0.016413989088382763
GB,2002 Q2,1.4676553842230866,0.009205942645533982
GR,2002 Q2,0.6324912316604844,0.02910365258879477
HR,2002 Q2,0.819892722511369,0.06285013067892176
HU,2002 Q2,0.95711850864256,0.03840969359041546
ID,2002 Q2,0.39409669932540087,0.00477058243629519
IE,2002 Q2,1.1240180639378268,0.06378412647895426
IL,2002 Q2,1.0137082781812328,-0.0028534566506643877
IS,2002 Q2,2.3818600344892658,-0.0022179731420179927
IT,2002 Q2,1.1811146821407508,-0.0020346700484563662
JP,2002 Q2,0.5583196077615955,-0.018335962989734833
KR,2002 Q2,1.0360868766841573,0.012592360645233391
LT,2002 Q2,0.7027678972975183,0.021791896495874985
LU,2002 Q2,0.3647737442758755,0.0035924567470508872
LV,2002 Q2,1.219377529565004,0.0157018375991842
MT,2002 Q2,0.7946830743228523,-0.023123321490174376
MX,2002 Q2,0.6366399494879171,0.0886340051447021
MY,2002 Q2,1.0113619791234119,0.007123126815876901
NL,2002 Q2,1.4464187055264601,0.017279287407763855
NO,2002 Q2,1.837115021220176,-0.046745230678201244
NZ,2002 Q2,1.4066303623058074,0.023792268878236378
PL,2002 Q2,0.7317829439235306,0.021242510906991252
PT,2002 Q2,1.3225499676339196,0.003936389676143293
RO,2002 Q2,0.5005434993452301,0.023010050091048395
RU,2002 Q2,1.001293584994414,-0.009266010326483887
SE,2002 Q2,2.3168572135806182,0.0030258505952773795
SG,2002 Q2,1.02102051903548,0.030177620185686926
SI,2002 Q2,0.698383847248964,-0.013862670765183216
SK,2002 Q2,0.5591169300100737,-0.029387645417306874
TH,2002 Q2,0.9386924391731489,-0.01324047842186482
TR,2002 Q2,0.2810347961935517,-0.04961069050218225
US,2002 Q2,1.231750070963014,-0.00979223822734121
ZA,2002 Q2,1.1547992252611312,-0.11356244135867954
AR,2002 Q3,0.7094091557160278,-0.07728277291615893
AT,2002 Q3,1.5085458406409482,-0.019992294608147665
AU,2002 Q3,1.3721539492085255,-0.021614136620665025
BE,2002 Q3,0.802958260776492,0.017577563073320923
BG,2002 Q3,0.6516748087214749,0.03976298038811732
BO,2002 Q3,1.1566212533117783,0.06388702876616614
BR,2002 Q3,0.756593215079529,0.0639384324294957
BY,2002 Q3,0.6674173380918753,0.023997963425438917
CA,2002 Q3,1.0442083429168847,-0.0015705174478539696
CH,2002 Q3,1.2483849317010918,-0.035149121053922316
CL,2002 Q3,1.361237604886883,0.05225606801613103
CN,2002 Q3,2.7197081093009357,-0.027554153800375847
CO,2002 Q3,1.697773083751133,0.07484734145917904
CR,2002 Q3,1.7780356729657734,-0.009036818488717291
CY,2002 Q3,0.9476307115819164,-0.022800815917497164
CZ,2002 Q3,0.5341436160530698,-0.02401601977148482
DE,2002 Q3,1.8949406419626256,9.1925781413571e-4
DK,2002 Q3,3.710527054201936,-0.10255949530079844
EE,2002 Q3,NA,NA
ES,2002 Q3,1.2774827052075994,0.02083116135219165
FI,2002 Q3,1.222756246566717,0.03537659322804032
FR,2002 Q3,1.3110629845437962,-0.01963363947251806
GB,2002 Q3,1.4658107872441386,-0.0018445969789480099
GR,2002 Q3,0.6396231806892873,0.007131949028802875
HR,2002 Q3,0.8181157992104161,-0.001776923300952915
HU,2002 Q3,1.0059060274883593,0.04878751884579935
ID,2002 Q3,0.4200749301042451,0.025978230778844258
IE,2002 Q3,1.096334651488361,-0.027683412449465816
IL,2002 Q3,0.9753906423520403,-0.038317635829192453
IS,2002 Q3,2.3173072984804186,-0.06455273600884714
IT,2002 Q3,1.189053891006613,0.007939208865862302
JP,2002 Q3,0.5439589267095173,-0.014360681052078217
KR,2002 Q3,1.06744384011417,0.0313569634300126
LT,2002 Q3,0.7060638077089976,0.0032959104114792526
LU,2002 Q3,0.3534551411514744,-0.011318603124401083
LV,2002 Q3,1.330791074794635,0.11141354522963098
MT,2002 Q3,0.7813251785432962,-0.01335789577955615
MX,2002 Q3,0.6466104187718066,0.00997046928388945
MY,2002 Q3,1.0182511774840668,0.006889198360654936
NL,2002 Q3,1.439686449580326,-0.006732255946134025
NO,2002 Q3,1.9320990614194438,0.09498404019926787
NZ,2002 Q3,1.3938266364310385,-0.012803725874768856
PL,2002 Q3,0.7530871420574342,0.021304198133903607
PT,2002 Q3,1.3509792093939759,0.028429241760056234
RO,2002 Q3,0.5124182655965385,0.011874766251308344
RU,2002 Q3,1.0028294036061027,0.0015358186116887218
SE,2002 Q3,2.300019704190686,-0.016837509389932226
SG,2002 Q3,1.0317423681045688,0.010721849069088796
SI,2002 Q3,0.7059193418340812,0.007535494585117264
SK,2002 Q3,0.6761139676106923,0.11699703760061864
TH,2002 Q3,0.9841363632253579,0.045443924052208984
TR,2002 Q3,0.29049645286169423,0.009461656668142526
US,2002 Q3,1.2451003602920019,0.013350289328987852
ZA,2002 Q3,1.1336317386697343,-0.02116748659139689
AR,2002 Q4,0.6667412545706141,-0.042667901145413745
AT,2002 Q4,1.5009699786918334,-0.007575861949114859
AU,2002 Q4,1.3645953906585808,-0.007558558549944694
BE,2002 Q4,0.7714645012426399,-0.03149375953385214
BG,2002 Q4,0.6657419264101438,0.014067117688668973
BO,2002 Q4,1.0759878509636436,-0.08063340234813476
BR,2002 Q4,0.692868410294804,-0.06372480478472509
BY,2002 Q4,0.7464417467769318,0.07902440868505645
CA,2002 Q4,1.0247772709296248,-0.019431071987259907
CH,2002 Q4,1.2269308220800759,-0.021454109621015904
CL,2002 Q4,1.3196593141612876,-0.04157829072559549
CN,2002 Q4,2.666243419789956,-0.053464689510979824
CO,2002 Q4,1.5510941604713742,-0.14667892327975873
CR,2002 Q4,1.6354452242718596,-0.1425904486939138
CY,2002 Q4,0.9382567509773544,-0.00937396060456197
CZ,2002 Q4,0.5182028790949554,-0.015940736958114377
DE,2002 Q4,1.8302448798398419,-0.06469576212278372
DK,2002 Q4,3.844208925339802,0.133681871137866
EE,2002 Q4,NA,NA
ES,2002 Q4,1.2611899738110663,-0.01629273139653309
FI,2002 Q4,1.1786367994345976,-0.04411944713211935
FR,2002 Q4,1.3155520280686044,0.004489043524808167
GB,2002 Q4,1.471408821920533,0.0055980346763944144
GR,2002 Q4,0.6647081855299983,0.025085004840711078
HR,2002 Q4,0.8555368615815708,0.03742106237115472
HU,2002 Q4,0.9139490565690271,-0.09195697091933219
ID,2002 Q4,0.44267504421264103,0.022600114108395908
IE,2002 Q4,1.081988052230483,-0.014346599257877957
IL,2002 Q4,0.9672303502438406,-0.008160292108199685
IS,2002 Q4,2.2238165007549147,-0.09349079772550395
IT,2002 Q4,1.1480617783214289,-0.04099211268518421
JP,2002 Q4,0.5439187265976609,-4.020011185634775e-5
KR,2002 Q4,1.0870275559464242,0.019583715832254267
LT,2002 Q4,0.7588620415249945,0.05279823381599691
LU,2002 Q4,0.34391035699746464,-0.009544784154009778
LV,2002 Q4,1.3895836268584776,0.058792552063842596
MT,2002 Q4,0.7752347415658863,-0.006090436977409852
MX,2002 Q4,0.6626376051817716,0.016027186409965033
MY,2002 Q4,1.012234464376077,-0.006016713107989791
NL,2002 Q4,1.4081312232241134,-0.03155522635621266
NO,2002 Q4,1.8558760789148954,-0.0762229825045484
NZ,2002 Q4,1.3611156121901973,-0.03271102424084127
PL,2002 Q4,0.746120882317085,-0.0069662597403492565
PT,2002 Q4,1.4347442533996904,0.0837650440057145
RO,2002 Q4,0.4867676419644063,-0.025650623632132163
RU,2002 Q4,0.9408919415691206,-0.06193746203698214
SE,2002 Q4,2.2955729937413345,-0.004446710449351521
SG,2002 Q4,1.0065496463190988,-0.02519272178546994
SI,2002 Q4,0.7302333501272574,0.024314008293176204
SK,2002 Q4,0.7075642441203397,0.03145027650964738
TH,2002 Q4,0.9817731619215174,-0.0023632013038404898
TR,2002 Q4,0.38345153859622044,0.09295508573452621
US,2002 Q4,1.2343553696029295,-0.01074499068907242
ZA,2002 Q4,1.1442458767402088,0.01061413807047451
AR,2003 Q1,0.5900481929808505,-0.07669306158976352
AT,2003 Q1,1.4481197627860258,-0.05285021590580752
AU,2003 Q1,1.382781628512253,0.018186237853672127
BE,2003 Q1,0.7394668265572032,-0.03199767468543668
BG,2003 Q1,0.6993544788798601,0.033612552469716284
BO,2003 Q1,1.0890902352081675,0.013102384244523924
BR,2003 Q1,0.7043256499076379,0.011457239612833958
BY,2003 Q1,0.7393646362646797,-0.007077110512252016
CA,2003 Q1,1.0432430583714096,0.018465787441784842
CH,2003 Q1,1.1905184948753413,-0.03641232720473453
CL,2003 Q1,1.3413573825391085,0.021698068377820956
CN,2003 Q1,2.7800920757797813,0.11384865598982552
CO,2003 Q1,1.6415746115752132,0.09048045110383907
CR,2003 Q1,1.696651203672106,0.06120597940024641
CY,2003 Q1,0.9410144480183521,0.0027576970409977086
CZ,2003 Q1,0.5345586498615077,0.016355770766552258
DE,2003 Q1,1.8050052833786057,-0.02523959646123619
DK,2003 Q1,3.583167527741087,-0.26104139759871536
EE,2003 Q1,NA,NA
ES,2003 Q1,1.2829953898918625,0.021805416080796114
FI,2003 Q1,1.2477060267953302,0.06906922736073251
FR,2003 Q1,1.3002083695085953,-0.015343658560009077
GB,2003 Q1,1.4841470487049688,0.012738226784435813
GR,2003 Q1,0.6853607718206937,0.02065258629069533
HR,2003 Q1,0.8801545635237944,0.02461770194222357
HU,2003 Q1,0.8531509707809042,-0.06079808578812296
ID,2003 Q1,0.4552667508343002,0.012591706621659149
IE,2003 Q1,1.088123616550315,0.0061355643198319765
IL,2003 Q1,0.956125028777571,-0.011105321466269635
IS,2003 Q1,2.2378740821448804,0.014057581389965712
IT,2003 Q1,1.1182831375663587,-0.029778640755070196
JP,2003 Q1,0.5320395945695592,-0.011879132028101758
KR,2003 Q1,1.108019360264719,0.020991804318294838
LT,2003 Q1,0.8186263695859989,0.0597643280610044
LU,2003 Q1,0.34636513417744375,0.0024547771799791063
LV,2003 Q1,1.4113924050632911,0.021808778204813528
MT,2003 Q1,0.7823740837651028,0.007139342199216414
MX,2003 Q1,0.6417287135275075,-0.020908891654264128
MY,2003 Q1,1.0009863673680617,-0.011248097008015323
NL,2003 Q1,1.3115149881414325,-0.09661623508268091
NO,2003 Q1,1.9159072633723937,0.06003118445749833
NZ,2003 Q1,1.3903950586618052,0.02927944647160796
PL,2003 Q1,0.7780802971240652,0.03195941480698028
PT,2003 Q1,1.4583638970392105,0.023619643639520183
RO,2003 Q1,0.5591694571488507,0.07240181518444438
RU,2003 Q1,0.9322965967996394,-0.008595344769481206
SE,2003 Q1,2.242510707329079,-0.05306228641225541
SG,2003 Q1,0.9826109843832251,-0.023938661935873684
SI,2003 Q1,0.7303245212289818,9.117110172440768e-5
SK,2003 Q1,0.5248664567950236,-0.18269778732531605
TH,2003 Q1,0.9448468203316186,-0.036926341589898826
TR,2003 Q1,0.4147473850453705,0.031295846449150067
US,2003 Q1,1.2353927752930374,0.0010374056901079065
ZA,2003 Q1,1.2710595385557493,0.12681366181554043
AR,2003 Q2,0.5194090741035858,-0.0706391188772647
AT,2003 Q2,1.4504300495870024,0.0023102868009765576
AU,2003 Q2,1.3810218452573266,-0.001759783254926317
BE,2003 Q2,0.7401876149925762,7.207884353730432e-4
BG,2003 Q2,0.7683131504866146,0.068958671606754507
BO,2003 Q2,1.0568531397923893,-0.03223709541577824
BR,2003 Q2,0.6723685654847481,-0.0319570844228898
BY,2003 Q2,0.7832015367944956,0.043836900529815814
CA,2003 Q2,0.9854205671183854,-0.05782249125302419
CH,2003 Q2,1.175557998708619,-0.014960496166722237
CL,2003 Q2,1.3905914816575513,0.04923409911844279
CN,2003 Q2,2.747919689304026,-0.03217238647575549
CO,2003 Q2,1.6296632739321713,-0.011911337643041975
CR,2003 Q2,1.6229683677591622,-0.07368283591294378
CY,2003 Q2,0.9538937925552591,0.012879344536906978
CZ,2003 Q2,0.5332321371381782,-0.0013265127233295093
DE,2003 Q2,1.7782936721885694,-0.02671161119003629
DK,2003 Q2,3.4847961557340312,-0.09837137200705559
EE,2003 Q2,NA,NA
ES,2003 Q2,1.3041850780430428,0.021189688151180386
FI,2003 Q2,1.2518866342445079,0.004180607449177698
FR,2003 Q2,1.2879133602834756,-0.012295009225119724
GB,2003 Q2,1.4722833702135478,-0.011863678491421004
GR,2003 Q2,0.7090212351221241,0.023660463301430457
HR,2003 Q2,0.9010808359721509,0.020926272448356542
HU,2003 Q2,0.8979811830489515,0.04483021226804729
ID,2003 Q2,0.4674295093329755,0.012162758498675319
IE,2003 Q2,1.0699101735560703,-0.018213442994244655
IL,2003 Q2,0.9443728071490689,-0.01175222162850209
IS,2003 Q2,2.2498119756146417,0.011937893469761374
IT,2003 Q2,1.1237521499200223,0.005469012353663594
JP,2003 Q2,0.518702272702301,-0.013337321867258223
KR,2003 Q2,1.124415830883367,0.016396470618647907
LT,2003 Q2,0.8434057964644556,0.02477942687845669
LU,2003 Q2,0.32902569365028983,-0.017339440527153915
LV,2003 Q2,1.4496330887258173,0.0382406836625262
MT,2003 Q2,0.7709515468046495,-0.011422536960453256
MX,2003 Q2,0.6410184902709926,-7.102232565149302e-4
MY,2003 Q2,0.9953626736858551,-0.00562369368220661
NL,2003 Q2,1.3105202403985456,-9.947477428868812e-4
NO,2003 Q2,1.88614184029847,-0.029765423073923714
NZ,2003 Q2,1.421232710205678,0.030837651543872857
PL,2003 Q2,0.7778366082935857,-2.4368883047953815e-4
PT,2003 Q2,1.4590671380394584,7.032410002478784e-4
RO,2003 Q2,0.6142139011005429,0.05504444395169217
RU,2003 Q2,0.9632254836557705,0.030928886856131155
SE,2003 Q2,2.2582565391279035,0.015745831798824383
SG,2003 Q2,1.0034687521788643,0.020857767795639193
SI,2003 Q2,0.7488335672022629,0.01850904597328107
SK,2003 Q2,0.5496145576097877,0.024748100814764085
TH,2003 Q2,0.955646801128079,0.010799980796460384
TR,2003 Q2,0.42950149677430677,0.014754111728936259
US,2003 Q2,1.2242054002305047,-0.011187375062532645
ZA,2003 Q2,1.2232770355684413,-0.04778250298730802
AR,2003 Q3,0.4799742219849386,-0.03943485211864722
AT,2003 Q3,1.4703013851851348,0.019871335598132367
AU,2003 Q3,1.3854012935680238,0.004379448310697143
BE,2003 Q3,0.7501647307609794,0.00997711576840321
BG,2003 Q3,0.7896824397822937,0.02136928929567905
BO,2003 Q3,1.0370796476061819,-0.019773492186207386
BR,2003 Q3,0.6252446673931017,-0.04712389809164641
BY,2003 Q3,0.8170763995243374,0.03387486272984186
CA,2003 Q3,1.0011480008496032,0.015727433731217766
CH,2003 Q3,1.1624725846542872,-0.013085414054331945
CL,2003 Q3,1.4091571726801504,0.018565691022599085
CN,2003 Q3,2.7892627579951967,0.04134306869117088
CO,2003 Q3,1.644365361218562,0.014702087286390775
CR,2003 Q3,1.6777666286712059,0.05479826091204365
CY,2003 Q3,0.929857240566381,-0.024036551988878108
CZ,2003 Q3,0.5213408482533192,-0.01189128888485902
DE,2003 Q3,1.7877792015240386,0.0094855293354692
DK,2003 Q3,3.4808803741010226,-0.0039157816330086526
EE,2003 Q3,NA,NA
ES,2003 Q3,1.3157738550928695,0.011588777049826637
FI,2003 Q3,1.2664477346098186,0.014561100365310775
FR,2003 Q3,1.2460513610613602,-0.04186199922211542
GB,2003 Q3,1.5138541086111725,0.04157073839762471
GR,2003 Q3,0.7257636364965959,0.016742401374471805
HR,2003 Q3,0.8702324069460021,-0.030848429026148816
HU,2003 Q3,0.940567232822099,0.042586049773147505
ID,2003 Q3,0.48798786203204336,0.02055835269906786
IE,2003 Q3,1.137666926901426,0.06775675334535558
IL,2003 Q3,0.9545719000685617,0.010199092919492836
IS,2003 Q3,2.2649073836708444,0.015095408056202686
IT,2003 Q3,1.1433445256300165,0.01959237570999428
JP,2003 Q3,0.5198935400673376,0.001191267365036608
KR,2003 Q3,1.1423587579753391,0.017942927091972205
LT,2003 Q3,0.9376236558249653,0.09421785936050975
LU,2003 Q3,0.33764956492209175,0.00862387127180192
LV,2003 Q3,1.5244845360824741,0.07485144735665683
MT,2003 Q3,0.776463611879382,0.005512065074732453
MX,2003 Q3,0.6725088174736824,0.03149032720268985
MY,2003 Q3,0.9909959180362755,-0.004366755649579557
NL,2003 Q3,1.3147045660099395,0.004184325611393813
NO,2003 Q3,1.9514757805605039,0.06533394026203387
NZ,2003 Q3,1.4153474214239403,-0.005885288781737774
PL,2003 Q3,0.7869975288930412,0.009160920599455502
PT,2003 Q3,1.4360150363861266,-0.023052101653331825
RO,2003 Q3,0.6844460594105938,0.07023215831005092
RU,2003 Q3,1.0082309297472756,0.04500544609150503
SE,2003 Q3,2.239619670272627,-0.01863686885527649
SG,2003 Q3,1.0115613301035014,0.008092577924637023
SI,2003 Q3,0.7673333610188755,0.018499793816612597
SK,2003 Q3,0.5490208210473976,-5.937365623901458e-4
TH,2003 Q3,0.9638138413067254,0.008167040178646445
TR,2003 Q3,0.4315511600806105,0.0020496633063037395
US,2003 Q3,1.2321117275639408,0.007906327333436103
ZA,2003 Q3,1.2168260219667657,-0.006451013601675548
AR,2003 Q4,0.46149079902445506,-0.018483422960483553
AT,2003 Q4,1.4275870246910327,-0.042714360494102044
AU,2003 Q4,1.3905289250831854,0.005127631515161601
BE,2003 Q4,0.7171394165461235,-0.033025314214855994
BG,2003 Q4,0.8422115596421225,0.05252911985982878
BO,2003 Q4,0.9822890065512453,-0.054790641054936584
BR,2003 Q4,0.604479273863004,-0.020765393530097653
BY,2003 Q4,0.862509350055225,0.045432950530887584
CA,2003 Q4,0.9937619338737074,-0.007386066975895833
CH,2003 Q4,1.1683810398489718,0.005908455194684636
CL,2003 Q4,1.398387165614655,-0.010770007065495468
CN,2003 Q4,2.6820526487397722,-0.10721010925542451
CO,2003 Q4,1.5257302870026757,-0.11863507421588637
CR,2003 Q4,1.5900624549910285,-0.08770417368017736
CY,2003 Q4,0.9365295165180442,0.006672275951663198
CZ,2003 Q4,0.5280877959019142,0.00674694764859507
DE,2003 Q4,1.757628134588157,-0.030151066935881543
DK,2003 Q4,3.5824514433920114,0.1015710692909888
EE,2003 Q4,NA,NA
ES,2003 Q4,1.352038053149381,0.03626419805651149
FI,2003 Q4,1.2165508109897385,-0.049896923620080136
FR,2003 Q4,1.2172366600422366,-0.028814701019123534
GB,2003 Q4,1.5072783107268106,-0.006575797884361911
GR,2003 Q4,0.7358900817520545,0.010126445255458583
HR,2003 Q4,0.8862531387849296,0.016020731838927493
HU,2003 Q4,0.9379117953271803,-0.0026554374949187
ID,2003 Q4,0.500797544079276,0.012809682047232651
IE,2003 Q4,1.1673643830383293,0.029697456136903444
IL,2003 Q4,0.9482855922801762,-0.00628630778838557
IS,2003 Q4,2.316365624415308,0.0514582407444637
IT,2003 Q4,1.1440782429975036,7.337173674870634e-4
JP,2003 Q4,0.5189997136373268,-8.938264300107912e-4
KR,2003 Q4,1.1272319887618925,-0.015126769213446689
LT,2003 Q4,1.005646299657189,0.06802264383222378
LU,2003 Q4,0.3365312546844551,-0.0011183102376366438
LV,2003 Q4,1.5032144944476915,-0.021270041634782633
MT,2003 Q4,0.7174851457848834,-0.05897846609449853
MX,2003 Q4,0.6426884193582558,-0.029820398115426583
MY,2003 Q4,0.9881048702832083,-0.002891047753067255
NL,2003 Q4,1.30972588665222,-0.004978679357719562
NO,2003 Q4,1.9124145280267975,-0.0390612525337064
NZ,2003 Q4,1.397163283482096,-0.01818413794184437
PL,2003 Q4,0.7676399207618048,-0.019357608131236437
PT,2003 Q4,1.4362510328672395,2.3599648111294336e-4
RO,2003 Q4,0.7066206850705428,0.022174625659948988
RU,2003 Q4,1.010338244299557,0.002107314552281414
SE,2003 Q4,2.274326032605133,0.034706362332506124
SG,2003 Q4,0.9794659047200396,-0.03209542538346177
SI,2003 Q4,0.798871350934074,0.03153798991519852
SK,2003 Q4,0.5622309806598448,0.013210159612447203
TH,2003 Q4,0.9157519112290855,-0.048061930077639925
TR,2003 Q4,0.4409099402241088,0.00935878014349828
US,2003 Q4,1.2476169040078349,0.015505176443894042
ZA,2003 Q4,1.1775118438980734,-0.03931417806869231
AR,2004 Q1,0.43238785815754877,-0.02910294086690629
AT,2004 Q1,1.4248754261736165,-0.0027115985174162027
AU,2004 Q1,1.3722941701490647,-0.018234754934120634
BE,2004 Q1,0.7103876390818095,-0.0067517774643139905
BG,2004 Q1,0.858827104505754,0.016615544863631482
BO,2004 Q1,1.0106230899916506,0.028334083440405333
BR,2004 Q1,0.6031275014539339,-0.00135177240907014
BY,2004 Q1,0.8473129676022657,-0.01519638245295929
CA,2004 Q1,0.9813145120841681,-0.012447421789539281
CH,2004 Q1,1.1883430766661098,0.01996203681713804
CL,2004 Q1,1.3897818415280025,-0.008605324086652377
CN,2004 Q1,2.7526037861680437,0.07055113742827146
CO,2004 Q1,1.5390313922222576,0.013301105219581943
CR,2004 Q1,1.6165373336546882,0.026474878663659718
CY,2004 Q1,0.9293344376141026,-0.007195078903941554
CZ,2004 Q1,0.5242001279735581,-0.0038876679283561533
DE,2004 Q1,1.756366857894233,-0.0012612766939239517
DK,2004 Q1,3.433949349760438,-0.1485020936315733
EE,2004 Q1,1.0979190583793415,NA
ES,2004 Q1,1.3880124969219405,0.03597444377255954
FI,2004 Q1,1.2660995706781153,0.0495487596883768
FR,2004 Q1,1.208764408033856,-0.008472252008380643
GB,2004 Q1,1.537325511744218,0.03004720101740732
GR,2004 Q1,0.7635914332784185,0.027701351526363993
HR,2004 Q1,0.9147323307768062,0.02847919199187654
HU,2004 Q1,0.9736466021551643,0.03573480682798402
ID,2004 Q1,0.5203787003343239,0.01958115625504786
IE,2004 Q1,1.2205544955234027,0.053190112485073326
IL,2004 Q1,0.9671132583138963,0.018827666033720103
IS,2004 Q1,2.345356899696345,0.028991275281037066
IT,2004 Q1,1.1732935526491965,0.029215309651692944
JP,2004 Q1,0.5090213359692517,-0.009978377668075078
KR,2004 Q1,1.125714806467113,-0.0015171822947794844
LT,2004 Q1,1.0168073341094295,0.01116103445224037
LU,2004 Q1,0.32016452180549915,-0.01636673287895596
LV,2004 Q1,1.5423076923076924,0.03909319786000087
MT,2004 Q1,0.7215203449567078,0.004035199171824377
MX,2004 Q1,0.6358139979792786,-0.006874421378977202
MY,2004 Q1,0.9579644110830056,-0.030140459200202696
NL,2004 Q1,1.332232526887864,0.022506640235644193
NO,2004 Q1,1.9267148942864958,0.014300366259698327
NZ,2004 Q1,1.4051761496059243,0.008012866123828344
PL,2004 Q1,0.8403969929008739,0.07275707213906912
PT,2004 Q1,1.4672651155301506,0.031014082662911058
RO,2004 Q1,0.7381575718017847,0.03153688673124189
RU,2004 Q1,1.0237022592791825,0.013364014979625471
SE,2004 Q1,2.2575355306507863,-0.016790501954346837
SG,2004 Q1,0.9594874024431626,-0.01997850227687703
SI,2004 Q1,0.9613293051359516,0.16245795420187759
SK,2004 Q1,0.5705705660445607,0.008339585384715908
TH,2004 Q1,0.909270844923421,-0.0064810663056644735
TR,2004 Q1,0.47225995867430093,0.03135001845019214
US,2004 Q1,1.2219012920940238,-0.02571561191381111
ZA,2004 Q1,1.1189279921128854,-0.05858385178518799
AR,2004 Q2,0.42919379492737786,-0.003194063230170907
AT,2004 Q2,1.4453461831093077,0.020470756935691226
AU,2004 Q2,1.3967710917926015,0.024476921643536764
BE,2004 Q2,0.6936442134354637,-0.01674342564634579
BG,2004 Q2,0.869887664237403,0.0110605597316491
BO,2004 Q2,1.2029061101953087,0.19228302020365806
BR,2004 Q2,0.6191733338995264,0.016045832445592545
BY,2004 Q2,0.898748406222261,0.05143543861999533
CA,2004 Q2,0.9771352274719146,-0.0041792846122534755
CH,2004 Q2,1.1742834960107864,-0.014059580655323423
CL,2004 Q2,1.4107936774206433,0.021011835892640773
CN,2004 Q2,2.674026655808509,-0.07857713035953484
CO,2004 Q2,1.5053910620363815,-0.03364033018587609
CR,2004 Q2,1.471644304832169,-0.1448930288225192
CY,2004 Q2,0.9354651716735963,0.006130734059493714
CZ,2004 Q2,0.5277056083723792,0.003505480398821148
DE,2004 Q2,1.7547839591381151,-0.0015828987561179453
DK,2004 Q2,3.40123547154635,-0.03271387821408789
EE,2004 Q2,1.1065756787241694,0.008656620344827948
ES,2004 Q2,1.4159150369742077,0.027902540052267222
FI,2004 Q2,1.2784491637008357,0.012349593022720429
FR,2004 Q2,1.2150415605369784,0.006277152503122441
GB,2004 Q2,1.521936011412248,-0.015389500331969952
GR,2004 Q2,0.7769711845134093,0.0133797512349908
HR,2004 Q2,0.9240832706053088,0.009350939828502658
HU,2004 Q2,0.991578798731225,0.01793219657606071
ID,2004 Q2,0.5730660268647362,0.052687326530412304
IE,2004 Q2,1.2429753053241364,0.022420809800733688
IL,2004 Q2,0.9561659244779049,-0.010947333835991335
IS,2004 Q2,2.465344942371346,0.11998804267500063
IT,2004 Q2,1.186337466510361,0.013043913861164436
JP,2004 Q2,0.5009046220768781,-0.008116713892373562
KR,2004 Q2,1.1176809085095085,-0.008033897957604452
LT,2004 Q2,1.0661779817770776,0.04937064766764809
LU,2004 Q2,0.32402612699432487,0.003861605188825723
LV,2004 Q2,1.5464535464535465,0.004145854145854111
MT,2004 Q2,0.7314384318320489,0.009918086875341126
MX,2004 Q2,0.6185572104997011,-0.017256787479577484
MY,2004 Q2,0.9641311340092172,0.006166722926211676
NL,2004 Q2,1.3278319814703856,-0.004400545417478474
NO,2004 Q2,1.8821040311125672,-0.044610863173928594
NZ,2004 Q2,1.4193658526793156,0.014189703073391291
PL,2004 Q2,0.8167773096082532,-0.023619683292620652
PT,2004 Q2,1.476266362216461,0.009001246686310305
RO,2004 Q2,0.7869186885679287,0.04876111676614403
RU,2004 Q2,1.0397192633769137,0.016017004097731213
SE,2004 Q2,2.371279250417711,0.11374371976692466
SG,2004 Q2,0.9616354504551637,0.0021480480120011913
SI,2004 Q2,0.968362905925678,0.007033600789726369
SK,2004 Q2,0.5834872014438329,0.012916635399272236
TH,2004 Q2,0.9331199501615619,0.023849105238140877
TR,2004 Q2,0.522302206804692,0.05004224813039104
US,2004 Q2,1.2211892436778333,-7.120484161904361e-4
ZA,2004 Q2,1.1250733089443947,0.006145316831509318
AR,2004 Q3,0.4382071698298064,0.00901337490242854
AT,2004 Q3,1.4466575981344734,0.0013114150251656298
AU,2004 Q3,1.3936012692561708,-0.003169822536430722
BE,2004 Q3,0.6974782587462107,0.0038340453107470474
BG,2004 Q3,0.9154055992235905,0.0455179349861875
BO,2004 Q3,1.1467404874708913,-0.056165622724417386
BR,2004 Q3,0.6107933615345869,-0.008379972364939592
BY,2004 Q3,0.9658068004856063,0.06705839426334526
CA,2004 Q3,0.979343339254227,0.002208111782312394
CH,2004 Q3,1.1972814107274063,0.022997914716619938
CL,2004 Q3,1.4157887776041205,0.0049951001834771525
CN,2004 Q3,2.6957388335954535,0.021712177786944675
CO,2004 Q3,1.5837593026600307,0.07836824062364922
CR,2004 Q3,1.5399621070734273,0.06831780224125827
CY,2004 Q3,0.9311163933316611,-0.0043487783419352555
CZ,2004 Q3,0.5497462153617735,0.02204060698939425
DE,2004 Q3,1.7306591369723006,-0.024124822165814575
DK,2004 Q3,3.3762590166156308,-0.024976454930719427
EE,2004 Q3,1.172659604380493,0.0660839256563237
ES,2004 Q3,1.456737245690995,0.04082220871678732
FI,2004 Q3,1.282617623655638,0.004168459954802195
FR,2004 Q3,1.220287084966754,0.00524552442977555
GB,2004 Q3,1.5496262670633822,0.027690255651134255
GR,2004 Q3,0.7871946655780091,0.010223481064599804
HR,2004 Q3,0.8856555641106171,-0.03842770649469174
HU,2004 Q3,0.99221344325633265,6.346445251076416e-4
ID,2004 Q3,0.5975129259196477,0.024446899054911486
IE,2004 Q3,1.2984687461826439,0.05549344085850749
IL,2004 Q3,0.952156862745098,-0.004009061732806907
IS,2004 Q3,2.4220294349490152,-0.04331550742233059
IT,2004 Q3,1.1884120854665576,0.00207461895619665
JP,2004 Q3,0.5001316914478761,-7.729306290020777e-4
KR,2004 Q3,1.1079877672185352,-0.009693141290973317
LT,2004 Q3,1.091866280600158,0.025688298823080435
LU,2004 Q3,0.313514611266425,-0.010511515727899878
LV,2004 Q3,1.6323809523809525,0.085927405927406
MT,2004 Q3,0.7407002188183808,0.009261786986331844
MX,2004 Q3,0.6347149087721983,0.016157698272497134
MY,2004 Q3,0.9694662241531455,0.0053350901439283005
NL,2004 Q3,1.3670837101120663,0.039251728641680694
NO,2004 Q3,1.9614926143328788,0.07938858322031161
NZ,2004 Q3,1.455064853204352,0.035699000525036384
PL,2004 Q3,0.819047873906179,0.0022705642979257146
PT,2004 Q3,1.4891688577851565,0.012902495568695604
RO,2004 Q3,0.7756188234982835,-0.011299865069645199
RU,2004 Q3,1.0897923191534649,0.05007305577655119
SE,2004 Q3,2.3266470965932573,-0.044632153824453624
SG,2004 Q3,0.984250330673721,0.022614880218557287
SI,2004 Q3,0.9923153197818543,0.023952413856176302
SK,2004 Q3,0.5831262003882014,-3.6100105563152685e-4
TH,2004 Q3,0.9578306298284021,0.024710679666840152
TR,2004 Q3,0.5217174284594348,-5.847783452571642e-4
US,2004 Q3,1.228737124259514,0.007547880581680655
ZA,2004 Q3,1.1400103807147284,0.014937071770333654
AR,2004 Q4,0.4451610091795707,0.00695383934976429
AT,2004 Q4,1.4159559938824449,-0.030701604252028503
AU,2004 Q4,1.3855426329459641,-0.008058636310206646
BE,2004 Q4,0.6758948787240965,-0.02158338002211424
BG,2004 Q4,0.9440068682862928,0.028601269062702217
BO,2004 Q4,1.1159771038178794,-0.0307633836530119
BR,2004 Q4,0.7122530800723641,0.10145971853777724
BY,2004 Q4,0.9390078612089997,-0.026798939276606593
CA,2004 Q4,0.9827460866332971,0.0034027473790700924
CH,2004 Q4,1.1813181923064244,-0.015963218420981917
CL,2004 Q4,1.3709207398938144,-0.04486803771030612
CN,2004 Q4,2.578021504047125,-0.11771732954832848
CO,2004 Q4,1.4874163246841063,-0.0963429779759244
CR,2004 Q4,1.5143174977503329,-0.025644609323094425
CY,2004 Q4,0.9555532079612877,0.024436814629626658
CZ,2004 Q4,0.5664034988556762,0.01665728349390272
DE,2004 Q4,1.7155705529732945,-0.015088583999006033
DK,2004 Q4,3.4558018622678075,0.07954284565217673
EE,2004 Q4,1.2149366390261194,0.042277034645626266
ES,2004 Q4,1.4823874755381605,0.025650229847165473
FI,2004 Q4,1.2671788888337223,-0.0154387348219156
FR,2004 Q4,1.209052027721824,-0.011235057244930013
GB,2004 Q4,1.537508495177631,-0.01211777188575125
GR,2004 Q4,0.8026260928265574,0.01543142724854829
HR,2004 Q4,0.9241995180701763,0.03854395395955923
HU,2004 Q4,0.9765765730586966,-0.015636870197636044
ID,2004 Q4,0.6158043453972192,0.018291419477571513
IE,2004 Q4,1.3289252524691273,0.030456506286483442
IL,2004 Q4,0.9310882515304567,-0.02106861121464132
IS,2004 Q4,2.8457238449525506,0.42369441000353536
IT,2004 Q4,1.1888891428378963,4.7705737133862947e-4
JP,2004 Q4,0.505771401416051,0.005639709968174977
KR,2004 Q4,1.1082312350458208,2.434678272855706e-4
LT,2004 Q4,1.049044734389562,-0.042821546210596084
LU,2004 Q4,0.2924501276648745,-0.0210644836015505
LV,2004 Q4,1.6520787746170678,0.01969782223611527
MT,2004 Q4,0.7614475627769571,0.02074734395857636
MX,2004 Q4,0.6190569623999491,-0.015657946372249154
MY,2004 Q4,0.9484201599042874,-0.021046064248858132
NL,2004 Q4,1.3488587067764493,-0.01822500333561705
NO,2004 Q4,1.919588452120362,-0.041904162212516693
NZ,2004 Q4,1.4941712389293915,0.03910638572503955
PL,2004 Q4,0.7748792545390178,-0.0441686193671611
PT,2004 Q4,1.440865653569978,-0.04830320421517853
RO,2004 Q4,0.7133749065417114,-0.062243916956572054
RU,2004 Q4,1.1132775730844742,0.02348525393100931
SE,2004 Q4,2.359819714243796,0.033172617650538694
SG,2004 Q4,0.9629767595869291,-0.021273571086791954
SI,2004 Q4,0.9728426245640467,-0.01947269521780759
SK,2004 Q4,0.5659176259513913,-0.01720857443681012
TH,2004 Q4,0.9704552021708708,0.01262457234246872
TR,2004 Q4,0.5341773051685241,0.012459876709089324
US,2004 Q4,1.2420921596349608,0.0133550353754468
ZA,2004 Q4,1.2451783622563772,0.10516798154164886
AR,2005 Q1,0.4319283384165501,-0.013232670763020593
AT,2005 Q1,1.398914526657406,-0.017041467225038964
AU,2005 Q1,1.4008194362061546,0.01527680326019043
BE,2005 Q1,0.678215478432896,0.002320599708799498
BG,2005 Q1,1.0006530684213526,0.05664620013505983
BO,2005 Q1,1.1123395627582633,-0.0036375410596161117
BR,2005 Q1,0.7187596551880138,0.006506575115649671
BY,2005 Q1,0.9391507477024726,1.4288649347293791e-4
CA,2005 Q1,0.9606673850088611,-0.022078701624436037
CH,2005 Q1,1.1833180450280822,0.0019998527216578132
CL,2005 Q1,1.366231949936786,-0.004688789957028261
CN,2005 Q1,2.7287989958385745,0.1507774917914495
CO,2005 Q1,1.5103020857570095,0.022885761072903188
CR,2005 Q1,1.4438104980485167,-0.07050699970181618
CY,2005 Q1,0.9534458500278088,-0.002107357933478937
CZ,2005 Q1,0.5875232000827266,0.021119701227050425
DE,2005 Q1,1.6985940101768706,-0.01697654279642391
DK,2005 Q1,3.4559770915940637,1.752293262562432e-4
EE,2005 Q1,1.24771074506018,0.032774106034060724
ES,2005 Q1,1.5326452621522249,0.050257786614064326
FI,2005 Q1,1.2896148816289614,0.022435992795239112
FR,2005 Q1,1.2081373236347084,-9.147040871155809e-4
GB,2005 Q1,1.5264843874262102,-0.01102410775142082
GR,2005 Q1,0.8326408323181773,0.030014739491619924
HR,2005 Q1,0.9402245390292113,0.01602502095903502
HU,2005 Q1,0.9913483605613735,0.014771787502676936
ID,2005 Q1,0.6438879878327535,0.028083642435534295
IE,2005 Q1,1.3100264112916504,-0.018898841177476866
IL,2005 Q1,0.930705417117238,-3.8283441321873557e-4
IS,2005 Q1,3.004031454001975,0.15830760904942442
IT,2005 Q1,1.2330949566900888,0.04420581385219258
JP,2005 Q1,0.5097079597990515,0.003936558383000444
KR,2005 Q1,1.1083838726184891,1.526375726683682e-4
LT,2005 Q1,1.041518194579419,-0.0075265398101429515
LU,2005 Q1,0.2921834392218713,-2.666884430032046e-4
LV,2005 Q1,1.7062908496732025,0.05421207505613479
MT,2005 Q1,0.929242579398126,0.1677950166211689
MX,2005 Q1,0.6591849869129781,0.04012802451302899
MY,2005 Q1,0.9322160998726511,-0.016204060031636325
NL,2005 Q1,1.3738537963321482,0.024995089555698957
NO,2005 Q1,1.9123957723863532,-0.007192679734008944
NZ,2005 Q1,1.505637208021239,0.011465969091847494
PL,2005 Q1,0.7490181928785064,-0.025861061660511497
PT,2005 Q1,1.4493201955392607,0.008454541969282747
RO,2005 Q1,0.7180955912996247,0.004720684757913318
RU,2005 Q1,1.051127173473514,-0.06215039961096025
SE,2005 Q1,2.26170902757283,-0.09811068667096601
SG,2005 Q1,0.944256722372626,-0.018720037214303042
SI,2005 Q1,1.0327482206591387,0.05990559609509205
SK,2005 Q1,0.6344137790636335,0.06849615311224222
TH,2005 Q1,0.9742386649412224,0.0037834627703515755
TR,2005 Q1,0.5763105793864549,0.04213327421793078
US,2005 Q1,1.2358684969965203,-0.00622366263844043
ZA,2005 Q1,1.2066359885174847,-0.03854237373889258
AR,2005 Q2,0.4449931832196236,0.013064844803073516
AT,2005 Q2,1.4222283026337237,0.023313775976317785
AU,2005 Q2,1.4144909398884014,0.013671503682246788
BE,2005 Q2,0.6822092361327754,0.003993757699879419
BG,2005 Q2,0.9658214447053808,-0.034831623715971816
BO,2005 Q2,1.09393577973494,-0.01840378302332324
BR,2005 Q2,0.7241219837352073,0.00536232854719354
BY,2005 Q2,0.9541795083800578,0.015028760677585185
CA,2005 Q2,0.9561027085228562,-0.004564676486004893
CH,2005 Q2,1.1777497191941306,-0.005568325833951615
CL,2005 Q2,1.3657635499704612,-4.683999663248617e-4
CN,2005 Q2,2.602082620625585,-0.12671637521298962
CO,2005 Q2,1.501964831627327,-0.008337254129682448
CR,2005 Q2,1.5003953743713947,0.05658487632287801
CY,2005 Q2,0.9462363380174417,-0.007209512010367125
CZ,2005 Q2,0.5961292271950162,0.008606027112289527
DE,2005 Q2,1.6780056560439303,-0.020588354132940356
DK,2005 Q2,3.217565598167268,-0.23841149342679557
EE,2005 Q2,1.217409607791852,-0.03030113726832817
ES,2005 Q2,1.608296902844822,0.07565164069259711
FI,2005 Q2,1.3099053298015133,0.020290448172551878
FR,2005 Q2,1.19694565681782,-0.011191666816888324
GB,2005 Q2,1.518484927945548,-0.007999459480662274
GR,2005 Q2,0.8380179028132992,0.005377070495121927
HR,2005 Q2,0.9552474908533463,0.015022951824134934
HU,2005 Q2,0.9909111241027736,-4.372364585999433e-4
ID,2005 Q2,0.6646099631015331,0.020721975268779613
IE,2005 Q2,1.3398349209547133,0.02980850966306292
IL,2005 Q2,0.9227627453817585,-0.007942671735479467
IS,2005 Q2,3.1471568315081258,0.14312537750615073
IT,2005 Q2,1.2348039343392598,0.0017089776491709952
JP,2005 Q2,0.5018950968701943,-0.00781286292885719
KR,2005 Q2,1.108239104284294,-1.4476833419507784e-4
LT,2005 Q2,1.082561376866616,0.041043182287197055
LU,2005 Q2,0.30039700576402495,0.00821356654215366
LV,2005 Q2,1.7793621013133207,0.07307125164011818
MT,2005 Q2,0.9276923765181683,-0.0015502028799577738
MX,2005 Q2,0.6477325450919657,-0.01145244182101246
MY,2005 Q2,0.9456772697416039,0.01346116986895285
NL,2005 Q2,1.3614625549160508,-0.012391241416097376
NO,2005 Q2,1.8870465520436135,-0.025349220342739676
NZ,2005 Q2,1.5274452918165131,0.021808083795274102
PL,2005 Q2,0.7332227207802513,-0.015795472098255048
PT,2005 Q2,1.499641621259181,0.050321425719920265
RO,2005 Q2,0.753236914103859,0.03514132280423421
RU,2005 Q2,1.0653353743389924,0.01420820086547847
SE,2005 Q2,2.2157259428991307,-0.04598308467369927
SG,2005 Q2,0.9362470208888266,-0.008009701483799425
SI,2005 Q2,1.0495067815201238,0.01675856086098504
SK,2005 Q2,0.6773127574026143,0.04289897833898082
TH,2005 Q2,0.9928308863865024,0.018592221445280055
TR,2005 Q2,0.6068931432121404,0.03058256382568547
US,2005 Q2,1.2545436618399584,0.018675164843438008
ZA,2005 Q2,1.1854100134666712,-0.021225975050813473
AR,2005 Q3,0.4635182064033299,0.018525023183706302
AT,2005 Q3,1.4414381643599914,0.019209861726267707
AU,2005 Q3,1.4282182891104407,0.013727349222039331
BE,2005 Q3,0.6923289555731266,0.010119719440351171
BG,2005 Q3,0.9692793109388715,0.0034578662334907584
BO,2005 Q3,1.0560060185514992,-0.037929761183440824
BR,2005 Q3,0.7188568179684186,-0.005265165766788704
BY,2005 Q3,0.9888174690732052,0.034637960693147396
CA,2005 Q3,0.9725457581033674,0.016443049580511238
CH,2005 Q3,1.1838978642032592,0.006148145009128525
CL,2005 Q3,1.4128063373709858,0.04704278740052459
CN,2005 Q3,2.634894307215528,0.03281168658994327
CO,2005 Q3,1.4269123434919246,-0.07505248813540244
CR,2005 Q3,1.556328896836419,0.055933522465024366
CY,2005 Q3,0.9237746346869782,-0.02246170333046349
CZ,2005 Q3,0.62082477982405615,0.024695552629039996
DE,2005 Q3,1.673017237581746,-0.00498841846218423
DK,2005 Q3,3.2758945232825587,0.05832892511529053
EE,2005 Q3,1.359138827525968,0.141729219734116
ES,2005 Q3,1.6468902311110385,0.03859332826621653
FI,2005 Q3,1.330800507355469,0.020895177553955646
FR,2005 Q3,1.2047558416781918,0.007810184860371772
GB,2005 Q3,1.5188885015451874,4.0357359963949513e-4
GR,2005 Q3,0.8725183266983599,0.034500423885060694
HR,2005 Q3,0.943769899078559,-0.011477591774787244
HU,2005 Q3,1.005047337440288,0.014136213337514358
ID,2005 Q3,0.6702423148536663,0.005632351752133169
IE,2005 Q3,1.3775338353205355,0.03769891436582218
IL,2005 Q3,0.9391996142719383,0.016436868890179812
IS,2005 Q3,3.3391009190721808,0.191944087564055
IT,2005 Q3,1.248952607818378,0.014148673479118079
JP,2005 Q3,0.517352239609321,0.015457142739126684
KR,2005 Q3,1.1361682288759705,0.027929124591676402
LT,2005 Q3,1.1719726704462858,0.08941129357966981
LU,2005 Q3,0.29561753594351,-0.00477946982051497
LV,2005 Q3,1.8492962581531067,0.06993415683978599
MT,2005 Q3,0.9202527295234034,-0.007439646994764848
MX,2005 Q3,0.6627224262947634,0.014989881202797761
MY,2005 Q3,0.9672621046934972,0.021584834951893228
NL,2005 Q3,1.3152541005917757,-0.04620845432427512
NO,2005 Q3,1.9232288913911588,0.036182339347545334
NZ,2005 Q3,1.5226374100275384,-0.004807881788974733
PL,2005 Q3,0.7373615812362074,0.004138860455956128
PT,2005 Q3,1.4639130790454165,-0.035728542213764536
RO,2005 Q3,0.7824535126344923,0.029216598530633298
RU,2005 Q3,1.0816454059644889,0.01631003162549649
SE,2005 Q3,2.2837453751985235,0.06801943229939278
SG,2005 Q3,0.9248326771653543,-0.011414343723472276
SI,2005 Q3,1.093190569279071,0.04368378775894732
SK,2005 Q3,0.7071911707196964,0.029878413317082075
TH,2005 Q3,0.9895266227856723,-0.0033042636008301374
TR,2005 Q3,0.6076804043265601,7.87261114419735e-4
US,2005 Q3,1.2592599635834625,0.0047163017435041255
ZA,2005 Q3,1.2169616789780273,0.03155166551135613
AR,2005 Q4,0.49250886161466834,0.028990655211338423
AT,2005 Q4,1.4258359787766273,-0.015602185583364125
AU,2005 Q4,1.4422895453953546,0.014071256284913902
BE,2005 Q4,0.6872318635998782,-0.005097091973248369
BG,2005 Q4,0.9689072768591737,-3.720340796978805e-4
BO,2005 Q4,1.0598338903814517,0.0038278718299524783
BR,2005 Q4,0.7279905443545152,0.009133726386096552
BY,2005 Q4,0.967281787271612,-0.021535681801593265
CA,2005 Q4,0.9940543349709152,0.021508576867547813
CH,2005 Q4,1.1748326755423502,-0.009065188660908996
CL,2005 Q4,1.334305909551647,-0.07850042781933886
CN,2005 Q4,2.5188006664647804,-0.1160936407507478
CO,2005 Q4,1.3656812742633382,-0.061231069228586454
CR,2005 Q4,1.5930677565206781,0.03673885968425905
CY,2005 Q4,1.0559505821704738,0.1321759474834956
CZ,2005 Q4,0.6196849315776151,-0.0011398482464410886
DE,2005 Q4,1.6491625901094809,-0.023854647472265178
DK,2005 Q4,3.3569136930352537,0.08101916975269496
EE,2005 Q4,1.3458368866609813,-0.013301940864986594
ES,2005 Q4,1.6704377888588415,0.02354755774780304
FI,2005 Q4,1.321463100225588,-0.009337407129880848
FR,2005 Q4,1.2244840743593939,0.01972823268120205
GB,2005 Q4,1.5059551534706122,-0.012933348074575246
GR,2005 Q4,0.8847078646848653,0.01218953798650535
HR,2005 Q4,0.9769924802676829,0.03322258118912391
HU,2005 Q4,1.0172016119678697,0.012154274527581777
ID,2005 Q4,0.6584208167234273,-0.011821498130238917
IE,2005 Q4,1.4369672175464523,0.059433382225916764
IL,2005 Q4,0.9236861253112018,-0.015513488960736566
IS,2005 Q4,3.6466786228942545,0.3075777038220737
IT,2005 Q4,1.2249233930961156,-0.02402921472226227
JP,2005 Q4,0.5296090361179623,0.01225679650864131
KR,2005 Q4,1.1543719137497437,0.018203684873773218
LT,2005 Q4,1.2513586956521738,0.079386025205888
LU,2005 Q4,0.3073581465193607,0.01174061057585074
LV,2005 Q4,1.8901132537496175,0.04081699559651075
MT,2005 Q4,0.9436294082228113,0.02337667869940785
MX,2005 Q4,0.6647263965439164,0.0020039702491529976
MY,2005 Q4,0.9736265094085316,0.006364404715034411
NL,2005 Q4,1.2643530485606682,-0.05090105203110751
NO,2005 Q4,1.962307934017964,0.03907904262680528
NZ,2005 Q4,1.5689799889128884,0.04634257888534998
PL,2005 Q4,0.7326863419704952,-0.004675239265712228
PT,2005 Q4,1.445680567049257,-0.018232511996159495
RO,2005 Q4,0.8035229724837172,0.021069459849224925
RU,2005 Q4,1.0852143922807154,0.0035689863162264857
SE,2005 Q4,2.2330076196258197,-0.05073775557270377
SG,2005 Q4,0.9248829265202497,5.024935489539306e-5
SI,2005 Q4,1.114323363123036,0.021132793843964937
SK,2005 Q4,0.7150401386683342,0.007848967948637764
TH,2005 Q4,0.9919429284104092,0.0024163056247369363
TR,2005 Q4,0.5900365504664314,-0.017643853860128678
US,2005 Q4,1.2579672381972018,-0.0012927253862606847
ZA,2005 Q4,1.212199428576578,-0.004762250401449286
AR,2006 Q1,0.5088579840874651,0.01634912247279674
AT,2006 Q1,1.4144508702387713,-0.011385108537856015
AU,2006 Q1,1.4573977362729305,0.015108190877575867
BE,2006 Q1,0.6903351689113796,0.003103305311501381
BG,2006 Q1,0.946872422042041,-0.022034854817132632
BO,2006 Q1,0.9392622551264629,-0.12057163525498882
BR,2006 Q1,0.7113568560002802,-0.016633688354234955
BY,2006 Q1,0.9982701987307214,0.030988411459109466
CA,2006 Q1,0.9873897447662875,-0.0066645902046277294
CH,2006 Q1,1.2138438713672215,0.039011195824871336
CL,2006 Q1,1.3472639795575785,0.012958070005931521
CN,2006 Q1,2.640473986762111,0.1216733202973308
CO,2006 Q1,1.4400148203298566,0.07433354606651843
CR,2006 Q1,1.5424829546898498,-0.05058480183082836
CY,2006 Q1,1.0641504459774156,0.00819986380694182
CZ,2006 Q1,0.6307537782139662,0.011068846636351104
DE,2006 Q1,1.658433090876079,0.009270500766598078
DK,2006 Q1,3.2711250851702833,-0.08578860786497033
EE,2006 Q1,1.4335777735173825,0.08774088685640113
ES,2006 Q1,1.801648653210063,0.13121086435122153
FI,2006 Q1,1.342763515965167,0.02130041573957886
FR,2006 Q1,1.2573880803434103,0.03290400598401644
GB,2006 Q1,1.544784243028371,0.03882908955775877
GR,2006 Q1,0.9263653876829822,0.04165752299811687
HR,2006 Q1,1.0339125165957213,0.056920036328038326
HU,2006 Q1,0.9924757921442156,-0.024725819823654183
ID,2006 Q1,0.6478893262417539,-0.010531490481673456
IE,2006 Q1,1.4799983719605083,0.04303115441405603
IL,2006 Q1,0.9249989741982894,0.0013128488870876032
IS,2006 Q1,3.8356367911966,0.18895816830234535
IT,2006 Q1,1.2873727933053922,0.062449400209276584
JP,2006 Q1,0.5320566064430107,0.002447570325048387
KR,2006 Q1,1.1593109022283676,0.004938988478623951
LT,2006 Q1,1.3843704898548264,0.13301179420265252
LU,2006 Q1,0.29639164245428135,-0.010966504065079374
LV,2006 Q1,1.9404593138644741,0.05034606011485665
MT,2006 Q1,0.9887730272377506,0.04514361901493935
MX,2006 Q1,0.6873096806548804,0.022583284110963997
MY,2006 Q1,0.9552187125531931,-0.018407796855338443
NL,2006 Q1,1.2727041058897361,0.008351057329067935
NO,2006 Q1,1.8107038345696944,-0.1516040994482697
NZ,2006 Q1,1.576992832626273,0.008012843713384621
PL,2006 Q1,0.7529298139595114,0.020243471989016215
PT,2006 Q1,1.5441403323196263,0.09845976527036937
RO,2006 Q1,0.85923530739257,0.055712334908852856
RU,2006 Q1,1.116136101927863,0.030921709647147688
SE,2006 Q1,2.2934005094246634,0.06039288979884372
SG,2006 Q1,0.8888053317791711,-0.036077594741078634
SI,2006 Q1,1.1426089620668671,0.028285598943831092
SK,2006 Q1,0.6916855788313027,-0.023354559837031497
TH,2006 Q1,0.9699176774439587,-0.02202525096645047
TR,2006 Q1,0.6162139446571391,0.026177394190707637
US,2006 Q1,1.2629064599005853,0.004939221703383456
ZA,2006 Q1,1.1802567289307195,-0.0319426996458585
AR,2006 Q2,0.5244048833505852,0.01554689926312014
AT,2006 Q2,1.4004588840918406,-0.013991986146930646
AU,2006 Q2,1.4342565596338661,-0.023141176639064343
BE,2006 Q2,0.6974406286761852,0.007105459764805588
BG,2006 Q2,0.9314951874581672,-0.015377234583873856
BO,2006 Q2,1.0872335414550864,0.14797128632862355
BR,2006 Q2,0.7252019162482218,0.013845060247941632
BY,2006 Q2,1.010003288840787,0.011733090110065625
CA,2006 Q2,1.0051781784585507,0.01778843369226324
CH,2006 Q2,1.2240529459637917,0.010209074596570167
CL,2006 Q2,1.3445064453220017,-0.0027575342355767862
CN,2006 Q2,2.582880098197595,-0.057593888564516416
CO,2006 Q2,1.3690243868314698,-0.07099043349838685
CR,2006 Q2,1.6164215141518614,0.07393855946201167
CY,2006 Q2,1.0879867510297678,0.023836305052352236
CZ,2006 Q2,0.6513469197274862,0.020593141513519986
DE,2006 Q2,1.6362737467412096,-0.022159344134869308
DK,2006 Q2,3.3192290654056005,0.048103980235317145
EE,2006 Q2,1.527474471928337,0.0938966984109546
ES,2006 Q2,1.8202562444099708,0.018607591199907736
FI,2006 Q2,1.3421320352239785,-6.314807411884615e-4
FR,2006 Q2,1.2498881041487904,-0.007499976194619951
GB,2006 Q2,1.5202608612798154,-0.024523381748555506
GR,2006 Q2,0.9204123421007856,-0.005953045582196559
HR,2006 Q2,1.0323021712856022,-0.0016103453101190546
HU,2006 Q2,1.0511548311434717,0.058679038999256194
ID,2006 Q2,0.6431139661612926,-0.0047753600804613106
IE,2006 Q2,1.4832241598387592,0.0032257878782508964
IL,2006 Q2,0.9206789861045908,-0.004319988093698601
IS,2006 Q2,3.766045964414346,-0.06959082678225403
IT,2006 Q2,1.2887760805727237,0.001403287267331521
JP,2006 Q2,0.526565768231011,-0.0054908382119996935
KR,2006 Q2,1.1677154149261884,0.00840451269782072
LT,2006 Q2,1.4356099486774576,0.051239458822631256
LU,2006 Q2,0.3099505028849336,0.013558860430652242
LV,2006 Q2,1.9868697478991597,0.04641043403468559
MT,2006 Q2,1.0203225270470655,0.031549499809314874
MX,2006 Q2,0.7242063005847531,0.0368966199298727
MY,2006 Q2,0.9787068207259285,0.02348810817273539
NL,2006 Q2,1.2704387771619305,-0.0022653287278056045
NO,2006 Q2,1.8064026502953958,-0.004301184274298597
NZ,2006 Q2,1.5749104400747305,-0.0020823925515425223
PL,2006 Q2,0.7674555232904224,0.014525709330911019
PT,2006 Q2,1.6064326881974027,0.06229235587777637
RO,2006 Q2,0.933607064868945,0.07437175747637492
RU,2006 Q2,1.1162720756545421,1.359737266790617e-4
SE,2006 Q2,2.1907459941503453,-0.10265451527431813
SG,2006 Q2,0.8685594205891993,-0.020245911189971766
SI,2006 Q2,1.1952884698901323,0.05267950782326514
SK,2006 Q2,0.727956334735192,0.036270755903889285
TH,2006 Q2,0.9695975731104222,-3.2010433353657497e-4
TR,2006 Q2,0.6397507677938348,0.023536823136695695
US,2006 Q2,1.2727957549799835,0.009889295079398286
ZA,2006 Q2,1.2006794626417565,0.020422733711036978
AR,2006 Q3,0.5439643905898248,0.019559507239239604
AT,2006 Q3,1.4131318235894845,0.01267293949764392
AU,2006 Q3,1.4456085783294996,0.011352018695633515
BE,2006 Q3,0.7073412962322542,0.009900667556068998
BG,2006 Q3,0.9050844653214741,-0.026410722136693043
BO,2006 Q3,1.0629924589449624,-0.024241082510124023
BR,2006 Q3,0.7399664629287759,0.014764546680554047
BY,2006 Q3,1.0317313403865713,0.021728051545784277
CA,2006 Q3,0.9897380136564393,-0.015440164802111411
CH,2006 Q3,1.2249979837685905,9.450378047988206e-4
CL,2006 Q3,1.3724565309483228,0.027950085626321064
CN,2006 Q3,2.581429616148064,-0.001450482049530688
CO,2006 Q3,1.549395504405232,0.18037111757376234
CR,2006 Q3,1.6501498669376349,0.03372835278577346
CY,2006 Q3,1.0572270909898631,-0.030759660039904713
CZ,2006 Q3,0.6769133983001888,0.025566478572702667
DE,2006 Q3,1.6529696032568078,0.01669585651559813
DK,2006 Q3,3.404829817907326,0.08560075250172572
EE,2006 Q3,1.6418325855423943,0.11435811361405723
ES,2006 Q3,1.8465829540141914,0.026326709604220566
FI,2006 Q3,1.3669321705214028,0.02480013529742431
FR,2006 Q3,1.2411676448795246,-0.00872045926926579
GB,2006 Q3,1.5102812296426162,-0.009979631637199171
GR,2006 Q3,0.9512473246552753,0.030834982554489687
HR,2006 Q3,0.9912215886065393,-0.041080582679062894
HU,2006 Q3,1.0914058215638058,0.04025099042033409
ID,2006 Q3,0.6516743667627873,0.008560400601494766
IE,2006 Q3,1.3979308443061287,-0.08529331553263053
IL,2006 Q3,0.9061237764893352,-0.014555209615255582
IS,2006 Q3,3.643674445903572,-0.12237151851077366
IT,2006 Q3,1.3136245052691267,0.024848424696402915
JP,2006 Q3,0.5359648060395945,0.009399037808583532
KR,2006 Q3,1.1860963626695762,0.018380947743387832
LT,2006 Q3,1.415364829594886,-0.02024511908257165
LU,2006 Q3,0.31048719494032156,5.366920553879773e-4
LV,2006 Q3,2.0796417332365045,0.09277198533734476
MT,2006 Q3,1.0304516097300056,0.010129082682940105
MX,2006 Q3,0.7820333160884065,0.057827015503653434
MY,2006 Q3,0.9778934660379636,-8.133546879649511e-4
NL,2006 Q3,1.244898887360738,-0.025539889801192484
NO,2006 Q3,1.8277958113107073,0.021393161015311524
NZ,2006 Q3,1.5949743839564932,0.02006394388176269
PL,2006 Q3,0.7902931915681769,0.022837668277754464
PT,2006 Q3,1.6458877598596813,0.039455071662278574
RO,2006 Q3,0.9997206798543999,0.06611361498545498
RU,2006 Q3,1.1563722269157357,0.040100151261193595
SE,2006 Q3,2.145880139706992,-0.044865854443353115
SG,2006 Q3,0.8573551004804643,-0.011204320108735066
SI,2006 Q3,1.2336933483424097,0.03840487845227747
SK,2006 Q3,0.7253946508394867,-0.0025616838957052135
TH,2006 Q3,0.966370647268726,-0.003226925841696149
TR,2006 Q3,0.6590534340643107,0.019302666270475943
US,2006 Q3,1.2814974231466973,0.008701668166713805
ZA,2006 Q3,1.2371807827595325,0.03650132011777596
AR,2006 Q4,0.5616512248433594,0.017686834253534567
AT,2006 Q4,1.396122656770879,-0.017009166818605426
AU,2006 Q4,1.4153743915565247,-0.030234186772974958
BE,2006 Q4,0.7141409451049452,0.006799648872691022
BG,2006 Q4,0.9002681522654045,-0.004816313056069665
BO,2006 Q4,0.9895089045246708,-0.07348355442029164
BR,2006 Q4,0.7541116420794569,0.014145179150681031
BY,2006 Q4,1.0605545249071533,0.028823184520581968
CA,2006 Q4,1.0025151534032983,0.012777139746859012
CH,2006 Q4,1.2208731271518025,-0.004124856616787964
CL,2006 Q4,1.334444347495332,-0.03801218345299073
CN,2006 Q4,2.423712159917994,-0.15771745623007005
CO,2006 Q4,1.5525890960578206,0.003193591652588479
CR,2006 Q4,1.5796550911214575,-0.07049477581617736
CY,2006 Q4,1.0651272942569567,0.00790020326709362
CZ,2006 Q4,0.6823145433208792,0.005401145020690334
DE,2006 Q4,1.600753356862196,-0.05221624639461164
DK,2006 Q4,3.467821238860354,0.06299142095302779
EE,2006 Q4,1.6926111105707031,0.05077852502830882
ES,2006 Q4,1.8868429480386755,0.0402599940244841
FI,2006 Q4,1.3513998753788798,-0.015532295142522967
FR,2006 Q4,1.2428962377747497,0.0017285928952250895
GB,2006 Q4,1.509002697364769,-0.001278532277847244
GR,2006 Q4,0.9300638826122131,-0.021183442043062217
HR,2006 Q4,1.0192916576334292,0.02807006902688991
HU,2006 Q4,1.0517906274614797,-0.03961519410232617
ID,2006 Q4,0.6484285443596941,-0.0032458224030932348
IE,2006 Q4,1.410877399599576,0.012946555293447348
IL,2006 Q4,0.9160062431403851,0.00988246665104997
IS,2006 Q4,3.327502178270027,-0.316172267633545
IT,2006 Q4,1.293963544198699,-0.019660961070427696
JP,2006 Q4,0.540656028272257,0.004691222232662495
KR,2006 Q4,1.1971350871447552,0.011038724475179063
LT,2006 Q4,1.4228404602438605,0.007475630648974496
LU,2006 Q4,0.3144078081113323,0.003920613171010723
LV,2006 Q4,2.1021285745001075,0.022486841263603008
MT,2006 Q4,1.039719580187744,0.009267970457738306
MX,2006 Q4,0.787707738417499,0.005674422329092432
MY,2006 Q4,0.9287351573745927,-0.0491583086633709
NL,2006 Q4,1.1522410005214612,-0.09265788683927689
NO,2006 Q4,1.8080926068725105,-0.019703204438196842
NZ,2006 Q4,1.5929552293773452,-0.0020191545791479193
PL,2006 Q4,0.7918331229894765,0.0015399314212996007
PT,2006 Q4,1.5859364633746063,-0.05995129648507502
RO,2006 Q4,0.935213169354518,-0.0645075104998819
RU,2006 Q4,1.1434416663234062,-0.012930560592329554
SE,2006 Q4,2.1821544315459236,0.03627429183893138
SG,2006 Q4,0.805597264099399,-0.051757836381065236
SI,2006 Q4,1.2545811466883956,0.020887798345985864
SK,2006 Q4,0.7241958858187268,-0.0011987650207598843
TH,2006 Q4,0.9683341780795123,0.0019635308107862626
TR,2006 Q4,0.6629399463253873,0.0038865122610766134
US,2006 Q4,1.26303009214537,-0.018467331001327247
ZA,2006 Q4,1.2494098812200929,0.012229098460560417
AR,2007 Q1,0.5585304348746841,-0.003120789968675264
AT,2007 Q1,1.3655221997094003,-0.030600457061478847
AU,2007 Q1,1.7995007877409877,0.384126396184463
BE,2007 Q1,0.7123739502313086,-0.0017669948736366292
BG,2007 Q1,0.9794851702718155,0.07921701800641101
BO,2007 Q1,0.9303256746815352,-0.05918322984313562
BR,2007 Q1,0.7498065783986751,-0.004305063680781762
BY,2007 Q1,1.1672911528148238,0.10673662790767047
CA,2007 Q1,1.012534772930879,0.01001961952758057
CH,2007 Q1,1.2547553735211727,0.033882246369370206
CL,2007 Q1,1.3701941751300286,0.035749827634696585
CN,2007 Q1,2.547244796710826,0.12353263679283177
CO,2007 Q1,1.5075451139282285,-0.04504398212959204
CR,2007 Q1,1.5680106134176017,-0.011644477703855793
CY,2007 Q1,1.047829703569268,-0.017297590687688658
CZ,2007 Q1,0.6902657226007753,0.007951179279896192
DE,2007 Q1,1.5918471659572455,-0.008906190904950595
DK,2007 Q1,3.357804055678018,-0.110017183182336
EE,2007 Q1,1.7482392382457672,0.05562812767506409
ES,2007 Q1,1.923077456519126,0.03623450848045051
FI,2007 Q1,1.3480165839176945,-0.0033832914611853226
FR,2007 Q1,1.221914148452266,-0.020982089322483688
GB,2007 Q1,1.5392287203814248,0.03022602301665578
GR,2007 Q1,0.9554234525905914,0.025359569978378294
HR,2007 Q1,1.047176225326871,0.02788456769344183
HU,2007 Q1,1.0743975801652275,0.022606952703747796
ID,2007 Q1,0.6486408650912795,2.1232073158539144e-4
IE,2007 Q1,1.3889621094674953,-0.02191529013208071
IL,2007 Q1,1.2103426307540726,0.2943363876136874
IS,2007 Q1,2.721424700222455,-0.6060774780475722
IT,2007 Q1,1.3469709501245057,0.05300740592580677
JP,2007 Q1,0.5383160990713046,-0.002339929200952384
KR,2007 Q1,1.2151401208581922,0.01800503371343698
LT,2007 Q1,1.4915733138317322,0.06873285358787173
LU,2007 Q1,0.3195607238501339,0.005152915738801611
LV,2007 Q1,2.2137014314928427,0.11157285699273523
MT,2007 Q1,1.018312934285995,-0.02140664590174901
MX,2007 Q1,0.8131316892026258,0.025423950785126825
MY,2007 Q1,0.9038357459875683,-0.02489941138702434
NL,2007 Q1,1.1200591512933218,-0.03218184922813938
NO,2007 Q1,1.7929307310002072,-0.015161875872303332
NZ,2007 Q1,1.5931887783479661,2.335489706208893e-4
PL,2007 Q1,0.8182309040408894,0.026397781051412883
PT,2007 Q1,1.6720600608374863,0.08612359746288001
RO,2007 Q1,0.9842089623737883,0.04899579301927026
RU,2007 Q1,1.1278702783300198,-0.01557138799338631
SE,2007 Q1,2.229405578113559,0.047251146567635516
SG,2007 Q1,0.7763414477146827,-0.029255816384716304
SI,2007 Q1,1.32179878274281,0.06721763605441433
SK,2007 Q1,0.7286957741750777,0.004499888356350845
TH,2007 Q1,0.9420157003021612,-0.02631847777735108
TR,2007 Q1,0.6644441141580226,0.0015041678326352947
US,2007 Q1,1.2481062709671622,-0.014923821178207897
ZA,2007 Q1,1.2461404519532755,-0.003269429266817392
AR,2007 Q2,0.5623771856912877,0.0038467508166035724
AT,2007 Q2,1.3414468875992818,-0.024075312110118485
AU,2007 Q2,1.76042065177016,-0.03908013597082771
BE,2007 Q2,0.7007108343411239,-0.01166311589018465
BG,2007 Q2,1.0418278948579638,0.06234272458614831
BO,2007 Q2,0.9239614370106521,-0.006364237670883011
BR,2007 Q2,0.75326103403792255,0.0034544556392474
BY,2007 Q2,1.2039015052765694,0.0366103524617456
CA,2007 Q2,1.031902053016435,0.019367280085555993
CH,2007 Q2,1.255708396816233,9.530232950603068e-4
CL,2007 Q2,1.3693401403548962,-8.540347751324617e-4
CN,2007 Q2,2.4781325303366386,-0.06911226637418721
CO,2007 Q2,1.646577360442534,0.13903224651430546
CR,2007 Q2,1.6711809679812086,0.1031703545636069
CY,2007 Q2,1.0883957934299446,0.04056608986067656
CZ,2007 Q2,0.7068448048080539,0.01657908220727855
DE,2007 Q2,1.5508977959322612,-0.04094937002498433
DK,2007 Q2,3.3876405375842777,0.02983648190625976
EE,2007 Q2,1.8101071839844096,0.061867945738642405
ES,2007 Q2,1.9422288330077855,0.0191513764886595
FI,2007 Q2,1.3367109029916084,-0.011305680926086081
FR,2007 Q2,1.2299481414735887,0.008033993021322683
GB,2007 Q2,1.5224943888459335,-0.01673433153549131
GR,2007 Q2,0.9614881178979865,0.006064665307395134
HR,2007 Q2,1.0502822033624748,0.0031059780356037514
HU,2007 Q2,1.116817399132595,0.04241981896736746
ID,2007 Q2,0.6611152635815364,0.012474398490256888
IE,2007 Q2,1.3541331097125588,-0.034828999754936474
IL,2007 Q2,1.180691504554212,-0.029651126199860656
IS,2007 Q2,2.232956900410909,-0.48846779981154587
IT,2007 Q2,1.366778976109215,0.01980802598470932
JP,2007 Q2,0.5313934396871365,-0.006922659384168139
KR,2007 Q2,1.2197043431458838,0.0045642222876915994
LT,2007 Q2,1.5437578814627995,0.05218456763106727
LU,2007 Q2,0.319437321870911,-1.2340197922289242e-4
LV,2007 Q2,2.2466717383035375,0.032970306810694794
MT,2007 Q2,0.9877675465359269,-0.030545387750067987
MX,2007 Q2,0.8148692238104852,0.0017375346078594145
MY,2007 Q2,0.9163861027844832,0.012550356796914852
NL,2007 Q2,1.129179132752381,0.009119981459059234
NO,2007 Q2,1.7951652389771455,0.0022345079769383602
NZ,2007 Q2,1.6225340552983394,0.029345276950373256
PL,2007 Q2,0.8717841361597144,0.05355323211882501
PT,2007 Q2,1.681107225136703,0.009047164299216703
RO,2007 Q2,1.0777794257363758,0.09357046336258745
RU,2007 Q2,1.1510795409843435,0.02320926265432366
SE,2007 Q2,2.1894593709868304,-0.039946207126728694
SG,2007 Q2,0.764836867422127,-0.011504580292555744
SI,2007 Q2,1.3689748681352778,0.04717608539246787
SK,2007 Q2,0.7461446314330034,0.017448857257925665
TH,2007 Q2,0.9590291623075994,0.017013462005438185
TR,2007 Q2,0.6739352376922527,0.009491123534230095
US,2007 Q2,1.2596585034984484,0.011552232531286233
ZA,2007 Q2,1.2501542684356166,0.004013816482341115
AR,2007 Q3,0.5884262217392964,0.026049036048008678
AT,2007 Q3,1.310867213579026,-0.030579674020255743
AU,2007 Q3,1.7672465368104364,0.00682588504027648
BE,2007 Q3,0.7085303973192916,0.00781956297816766
BG,2007 Q3,1.069671043664853,0.027843148806889317
BO,2007 Q3,0.9162660194225429,-0.00769541758810921
BR,2007 Q3,0.7942757051955993,0.04101467115767676
BY,2007 Q3,1.2278295022203929,0.023927996943823526
CA,2007 Q3,1.008545744531473,-0.023356308484961952
CH,2007 Q3,1.270904043753274,0.015195646937040896
CL,2007 Q3,1.4370366691985859,0.06769652884368971
CN,2007 Q3,2.475389694253236,-0.0027428360834025334
CO,2007 Q3,1.7309569729267003,0.08437961248416626
CR,2007 Q3,1.7265084862190245,0.0553275182378159
CY,2007 Q3,1.0864881823886217,-0.0019076110413229763
CZ,2007 Q3,0.7416878383431822,0.0348430335351283
DE,2007 Q3,1.5225103907590705,-0.028387405173190716
DK,2007 Q3,3.3586166464914045,-0.02902389109287329
EE,2007 Q3,1.9442348598830443,0.13412767589863472
ES,2007 Q3,1.9505430073551926,0.00831417434740711
FI,2007 Q3,1.3375779128905205,8.670098989120856e-4
FR,2007 Q3,1.24056322960915,0.010615088135561335
GB,2007 Q3,1.5483475603336585,0.025853171487725035
GR,2007 Q3,0.976630983845785,0.015142865947798456
HR,2007 Q3,1.0417986401852721,-0.008483563177202669
HU,2007 Q3,1.1411226330886592,0.02430523395606432
ID,2007 Q3,0.6771907868314828,0.016075523249946433
IE,2007 Q3,1.3748010220324731,0.020667912319914272
IL,2007 Q3,1.1720498512959046,-0.008641653258307347
IS,2007 Q3,2.7777482326116285,0.5447913322007194
IT,2007 Q3,1.4023302220366194,0.03555124592740433
JP,2007 Q3,0.5409927221884381,0.009599282501301598
KR,2007 Q3,1.2524143753642372,0.032710032218353335
LT,2007 Q3,1.6522453950372964,0.10848751357449693
LU,2007 Q3,0.3166428898594105,-0.0027944320115004806
LV,2007 Q3,2.3956931359353972,0.14902139763185973
MT,2007 Q3,0.963426061145113,-0.024341485390813933
MX,2007 Q3,0.8419503472915533,0.02708112348106806
MY,2007 Q3,0.9380780863730267,0.021691983588543517
NL,2007 Q3,1.1331967014857505,0.004017568733369448
NO,2007 Q3,1.7974061774567964,0.0022409384796509
NZ,2007 Q3,1.6411257140427316,0.01859165874439217
PL,2007 Q3,0.9164509188234162,0.04466678266370183
PT,2007 Q3,1.6791600858542908,-0.0019471392824121914
RO,2007 Q3,1.172802585046966,0.09502315931059035
RU,2007 Q3,1.2221389813457195,0.07105944036137601
SE,2007 Q3,2.2144265593937194,0.02496718840688894
SG,2007 Q3,0.7918581014229434,0.027021234000816463
SI,2007 Q3,1.4171114641962674,0.048136596060989634
SK,2007 Q3,0.775321889560988,0.029177258127984662
TH,2007 Q3,0.95692399979851706,-0.0021051625090823256
TR,2007 Q3,0.7023097695374783,0.028374531845225537
US,2007 Q3,1.2676423633862342,0.007983859887785716
ZA,2007 Q3,1.274869025013584,0.02471475657796729
AR,2007 Q4,0.6186283978883554,0.030202176149059068
AT,2007 Q4,1.2566515576031225,-0.0542156559759035
AU,2007 Q4,1.7937037980941946,0.026457261283758138
BE,2007 Q4,0.7233281375159664,0.014797740196674791
BG,2007 Q4,1.0953104908655853,0.02563944720073219
BO,2007 Q4,0.8989113630370277,-0.017354656385515255
BR,2007 Q4,0.8171102746824519,0.022834569486852585
BY,2007 Q4,1.144642010456864,-0.08318749176352891
CA,2007 Q4,1.0212416967743319,0.01269595224285891
CH,2007 Q4,1.2849567500706514,0.014052706317377428
CL,2007 Q4,1.367353597278821,-0.06968307191976475
CN,2007 Q4,2.340962307570077,-0.1344273866831589
CO,2007 Q4,1.7422072792413204,0.011250306314620095
CR,2007 Q4,1.8330636017517026,0.10655511553267805
CY,2007 Q4,1.0861275476660093,-3.6063472261238516e-4
CZ,2007 Q4,0.7274083128869341,-0.01427952545624811
DE,2007 Q4,1.4605942012289004,-0.061916189530170085
DK,2007 Q4,3.4415558919354994,0.08293924544409492
EE,2007 Q4,1.937778840359656,-0.006456019523388257
ES,2007 Q4,1.9239784870839827,-0.026564520271209924
FI,2007 Q4,1.3098020315185466,-0.027775881371973954
FR,2007 Q4,1.2504151745093053,0.009851944900155285
GB,2007 Q4,1.5723163865488354,0.02396882621517693
GR,2007 Q4,0.9548286302999817,-0.021802353545803288
HR,2007 Q4,0.9866311339793994,-0.05516750620587274
HU,2007 Q4,1.1453732510889345,0.004250618000275264
ID,2007 Q4,0.6796132009478464,0.0024224141163635693
IE,2007 Q4,1.4000896879267821,0.025288665894309004
IL,2007 Q4,1.156323654099434,-0.015726197196470615
IS,2007 Q4,2.8867107617160666,0.10896252910443804
IT,2007 Q4,1.208561140031494,-0.19376908200512544
JP,2007 Q4,0.5404648233894144,-5.278987990237072e-4
KR,2007 Q4,1.2610450462855414,0.008630670921304207
LT,2007 Q4,1.6372011952191234,-0.015044199818172954
LU,2007 Q4,0.3174518278252718,8.089379658612894e-4
LV,2007 Q4,2.3901149006018603,-0.005578235333536963
MT,2007 Q4,0.9583321151599663,-0.005093945985146675
MX,2007 Q4,0.8125836840553456,-0.029366663236207624
MY,2007 Q4,0.9065000620386724,-0.031578024334354304
NL,2007 Q4,1.2118508715506195,0.07865417006486908
NO,2007 Q4,1.8420233475306589,0.044617170073862455
NZ,2007 Q4,1.6179628660039818,-0.023162848038749795
PL,2007 Q4,0.9242683834708664,0.007817464647450145
PT,2007 Q4,1.6658724578808948,-0.013287627973395999
RO,2007 Q4,1.143227674921443,-0.029574910125523157
RU,2007 Q4,1.2011378848728247,-0.02100109647289483
SE,2007 Q4,2.2303446514293945,0.01591809203567518
SG,2007 Q4,0.8286233044964221,0.036765203073478636
SI,2007 Q4,1.44482373871212,0.027712274515852675
SK,2007 Q4,0.7919564642085872,0.01663457464759921
TH,2007 Q4,0.9958391054482385,0.03891510564972145
TR,2007 Q4,0.7205701182692429,0.01826034873176463
US,2007 Q4,1.254897363504632,-0.012744999881602048
ZA,2007 Q4,1.2617604802812432,-0.013108544732340688
AR,2008 Q1,0.6063949255024849,-0.01223347238587058
AT,2008 Q1,1.2394447047303088,-0.01720685287281376
AU,2008 Q1,1.8044097331142637,0.010705935020069113
BE,2008 Q1,0.7365532441004139,0.013225106584447532
BG,2008 Q1,1.1544017376677036,0.0590912468021183
BO,2008 Q1,0.8539065987441655,-0.045004764292862154
BR,2008 Q1,0.8428052906869418,0.025695016004489868
BY,2008 Q1,1.1839640690570956,0.039322058600231635
CA,2008 Q1,1.0092415273105673,-0.012000169463764587
CH,2008 Q1,1.2812599624776064,-0.0036967875930449257
CL,2008 Q1,1.8297758234799855,0.46242222620116435
CN,2008 Q1,2.4939346233302113,0.15297231576013415
CO,2008 Q1,1.8391908985510874,0.09698361930976707
CR,2008 Q1,1.6194035845714116,-0.21366001718029093
CY,2008 Q1,1.1293343703415646,0.04320682267555531
CZ,2008 Q1,0.7405218696878134,0.013113556800879334
DE,2008 Q1,1.4633498494855146,0.0027556482566142293
DK,2008 Q1,3.38945911420588,-0.052096777729619514
EE,2008 Q1,1.9173244147157191,-0.020454425643936958
ES,2008 Q1,1.8529667238129084,-0.07101176327107428
FI,2008 Q1,1.3192215285406785,0.009419497022131962
FR,2008 Q1,1.2330046432607173,-0.017410531248587935
GB,2008 Q1,1.6175158635787628,0.045199477029927326
GR,2008 Q1,0.9855115907274181,0.030682960427436456
HR,2008 Q1,1.035072156234536,0.04844102225513658
HU,2008 Q1,1.1729707960723035,0.02759754498336897
ID,2008 Q1,0.7299712690998604,0.050358068152014046
IE,2008 Q1,1.4376999669863422,0.03761027905956005
IL,2008 Q1,1.1525916507623992,-0.003732003337034717
IS,2008 Q1,2.0469273416398743,-0.8397834200761922
IT,2008 Q1,1.2185918344393207,0.010030694407826779
JP,2008 Q1,0.5215072147971695,-0.018957608592244823
KR,2008 Q1,1.282046985109422,0.021001938823880684
LT,2008 Q1,1.7463147550189526,0.10911355979982917
LU,2008 Q1,0.3052975324630428,-0.012154295362229006
LV,2008 Q1,2.459278070016325,0.06916316941446476
MT,2008 Q1,0.9555123237258214,-0.0028197914341449026
MX,2008 Q1,0.8029951369437296,-0.009588547111616053
MY,2008 Q1,0.8710158163218482,-0.03548424571682418
NL,2008 Q1,1.2209103260645262,0.009059454513906662
NO,2008 Q1,1.897630695987483,0.055607348456824024
NZ,2008 Q1,1.621041542948923,0.00307867694494135
PL,2008 Q1,0.9495461482850028,0.02527776481413646
PT,2008 Q1,1.6915814166898235,0.02570895880892876
RO,2008 Q1,1.2343873666634544,0.09115969174201144
RU,2008 Q1,1.251232475029781,0.050094590156956276
SE,2008 Q1,2.2500067108609167,0.019662059431522216
SG,2008 Q1,0.8283957083720538,-2.2759612436829002e-4
SI,2008 Q1,1.5072414806169472,0.06241774190482707
SK,2008 Q1,0.8371923431139204,0.045235878905333204
TH,2008 Q1,0.9649201165818911,-0.030918988866347363
TR,2008 Q1,0.7322686267718249,0.011698508502582028
US,2008 Q1,1.2490586476946075,-0.005838715810024597
ZA,2008 Q1,1.2057048573216682,-0.056055622959575
AR,2008 Q2,0.6533735604198351,0.046978634917350215
AT,2008 Q2,1.2431912368020992,0.0037465320717904316
AU,2008 Q2,1.7539577033304883,-0.05045202978377539
BE,2008 Q2,0.7008839433725432,-0.03566930072787067
BG,2008 Q2,1.2415135387798952,0.08711180111219163
BO,2008 Q2,0.8350878743488321,-0.018818724395333386
BR,2008 Q2,0.8741850851893997,0.03137979450245798
BY,2008 Q2,1.2316379882759196,0.047673919218824024
CA,2008 Q2,0.9896179186517221,-0.01962360865884516
CH,2008 Q2,1.2866429983630605,0.005383035885454079
CL,2008 Q2,1.827076084550622,-0.002699738929363482
CN,2008 Q2,2.4938282877013527,-1.0633562885864478e-4
CO,2008 Q2,1.9787262662076643,0.13953536765657693
CR,2008 Q2,1.7163568111520873,0.09695322658067562
CY,2008 Q2,1.127018888584725,-0.002315481756839599
CZ,2008 Q2,0.7670703413621469,0.026548471674333496
DE,2008 Q2,1.4439579757373733,-0.01939187374814133
DK,2008 Q2,3.4779936367889017,0.08853452258302186
EE,2008 Q2,1.9337514700117602,0.01642705529604105
ES,2008 Q2,1.8281081381818949,-0.024858585631013508
FI,2008 Q2,1.3445126251939625,0.025291096653283995
FR,2008 Q2,1.240163782978509,0.007159139717791696
GB,2008 Q2,1.5841467618589715,-0.03336910171979124
GR,2008 Q2,0.9937752708487354,0.008263680121317285
HR,2008 Q2,1.0434629077091209,0.008390751474584901
HU,2008 Q2,1.1754990675352335,0.0025282714629299985
ID,2008 Q2,0.7586455118232603,0.028674242723399912
IE,2008 Q2,1.3915867603122214,-0.04611320667412078
IL,2008 Q2,1.165894731365732,0.01330308060333274
IS,2008 Q2,2.148048673189998,0.10112133155012382
IT,2008 Q2,1.2150766720025683,-0.003515162436752428
JP,2008 Q2,0.5188641259798409,-0.002643088817328665
KR,2008 Q2,1.291617790892904,0.009570805783482017
LT,2008 Q2,1.8157656048154358,0.0694508497964832
LU,2008 Q2,0.31808378378378377,0.01278625132074096
LV,2008 Q2,2.502649240551042,0.04337117053471706
MT,2008 Q2,1.0172150027927576,0.06170267906693616
MX,2008 Q2,0.8089380038158844,0.0059428668721548394
MY,2008 Q2,0.9001704556141471,0.02915463929229889
NL,2008 Q2,1.1783342011012765,-0.042576124963249695
NO,2008 Q2,1.9050828431762934,0.007452147188810487
NZ,2008 Q2,1.6423237066743452,0.021282163725422132
PL,2008 Q2,0.9740544113298636,0.024508263044860756
PT,2008 Q2,1.7255847878384603,0.03400337114863672
RO,2008 Q2,1.2619597819113637,0.02757241524790932
RU,2008 Q2,1.2780916402423912,0.026859165212610225
SE,2008 Q2,2.3011402981496634,0.05113358728874662
SG,2008 Q2,0.8532122708276033,0.02481656245554953
SI,2008 Q2,1.537603119810754,0.030361639193806855
SK,2008 Q2,0.8710489484919902,0.03385660537806978
TH,2008 Q2,1.029791504663599,0.06487138808170789
TR,2008 Q2,0.7785622098908208,0.046293583118995896
US,2008 Q2,1.2467735771150277,-0.0022850705795798287
ZA,2008 Q2,1.1801568704321121,-0.025547986889556062
AR,2008 Q3,0.6444925512252632,-0.00888100919457191
AT,2008 Q3,1.2368274756987876,-0.006363761103311605
AU,2008 Q3,1.7002807599520189,-0.0536769433784694
BE,2008 Q3,0.7136757930779639,0.012791849705420688
BG,2008 Q3,1.2879514797469145,0.04643794096701925
BO,2008 Q3,0.8265732226507913,-0.008514651698040887
BR,2008 Q3,0.9416028776012751,0.0674177924118754
BY,2008 Q3,1.3359910519625307,0.10435306368661101
CA,2008 Q3,1.0093091757855,0.01969125713377784
CH,2008 Q3,1.2829546756109735,-0.00368832275208697
CL,2008 Q3,1.8483572603289,0.02128117577827804
CN,2008 Q3,2.579969665570616,0.08614137786926346
CO,2008 Q3,1.950106208827195,-0.028620057380469355
CR,2008 Q3,1.8700877337824062,0.15373092263031896
CY,2008 Q3,1.0483014303744216,-0.0787174582103034
CZ,2008 Q3,0.7754528084208426,0.00838246705869572
DE,2008 Q3,1.429815523514424,-0.014142452222949187
DK,2008 Q3,3.5430398969406336,0.06504626015173187
EE,2008 Q3,1.9654186167446699,0.03166714673290971
ES,2008 Q3,1.7865913722747098,-0.041516765907185116
FI,2008 Q3,1.3664342873117379,0.021921662117775353
FR,2008 Q3,1.2459527301444044,0.005788947165895397
GB,2008 Q3,1.5862072567287273,0.002060494869755791
GR,2008 Q3,0.97106366082851725,-0.022711610020218154
HR,2008 Q3,1.0066786457572354,-0.036784261951885444
HU,2008 Q3,1.2009055399881166,0.025406472452883078
ID,2008 Q3,0.7998243168553212,0.04117880503206084
IE,2008 Q3,1.4595713599696538,0.06798459965743242
IL,2008 Q3,1.1695310820923246,0.00363635072659263
IS,2008 Q3,2.5052885424893754,0.35723986929937723
IT,2008 Q3,1.218280609318235,0.003203937315666705
JP,2008 Q3,0.5206453606174138,0.0017812346375729593
KR,2008 Q3,1.3333886608011072,0.04177086990820311
LT,2008 Q3,1.8746100214318657,0.05884441661642992
LU,2008 Q3,0.3021914589938235,-0.015892324789960277
LV,2008 Q3,2.6520716482721185,0.1494224077210764
MT,2008 Q3,1.0647324298924652,0.04751742709970763
MX,2008 Q3,0.7972313939607034,-0.011706609855181016
MY,2008 Q3,0.9228485461648757,0.022678090550728558
NL,2008 Q3,1.2570162050290574,0.07868200392778091
NO,2008 Q3,1.9346351657000482,0.029552322523754837
NZ,2008 Q3,1.6458231872582756,0.0034994805839303478
PL,2008 Q3,1.0067235726754895,0.03266916134562592
PT,2008 Q3,1.6749967708801043,-0.05058801695835591
RO,2008 Q3,1.3325329380819817,0.07057315617061799
RU,2008 Q3,1.3814383766039988,0.10334673636160763
SE,2008 Q3,2.2826342937529307,-0.018506004396732667
SG,2008 Q3,0.863431107050801,0.010218836223197636
SI,2008 Q3,1.579195948219327,0.041592828408572924
SK,2008 Q3,0.8904363004965936,0.019387352004603398
TH,2008 Q3,1.0440248202802986,0.014233315616699604
TR,2008 Q3,0.7869752214731215,0.008413011582300678
US,2008 Q3,1.2125703502567846,-0.03420322685824306
ZA,2008 Q3,1.20532694144774,0.02517007101562796
AR,2008 Q4,0.6934880992665079,0.04899554804124473
AT,2008 Q4,1.2170291150028867,-0.019798360695900907
AU,2008 Q4,1.5979277462070232,-0.10235301374499572
BE,2008 Q4,0.6708141649727185,-0.04286162810524541
BG,2008 Q4,1.316407462736618,0.028455982989703532
BO,2008 Q4,0.8109779748888267,-0.015595247761964526
BR,2008 Q4,1.0051922951048151,0.06358941750353997
BY,2008 Q4,1.3481772882821381,0.012186236319607469
CA,2008 Q4,0.9727260502492477,-0.0365831255362522
CH,2008 Q4,1.2438822957873552,-0.03907237982361833
CL,2008 Q4,1.7244118632353647,-0.12394539709353536
CN,2008 Q4,2.466676394074251,-0.11329327149636503
CO,2008 Q4,1.8314718524003073,-0.11863435642688769
CR,2008 Q4,1.9517540068892842,0.08166627310687802
CY,2008 Q4,1.1159358742966345,0.06763444392221296
CZ,2008 Q4,0.7485763008888613,-0.026876507531981342
DE,2008 Q4,1.3903672747788918,-0.03944824873553232
DK,2008 Q4,3.401832180195663,-0.14120771674497057
EE,2008 Q4,1.9567251461988304,-0.008693470545839466
ES,2008 Q4,1.744223152898853,-0.042368219375856775
FI,2008 Q4,1.3666803132322327,2.460259204948301e-4
FR,2008 Q4,1.2226942860116055,-0.023258444132798983
GB,2008 Q4,1.5674300622978836,-0.01877719443084369
GR,2008 Q4,0.9382716580114867,-0.03279200281703054
HR,2008 Q4,1.0611620613198016,0.054483415562566195
HU,2008 Q4,1.2432825023709748,0.04237696238285826
ID,2008 Q4,0.7736045505080146,-0.026219766347306606
IE,2008 Q4,1.3930801332858853,-0.0664912266837685
IL,2008 Q4,1.0810357049115205,-0.08849537718080414
IS,2008 Q4,1.9646170142036314,-0.5406715282857439
IT,2008 Q4,1.1948910837692173,-0.023389525549017742
JP,2008 Q4,0.5275170629538868,0.00687170233647294
KR,2008 Q4,1.3176273800790674,-0.01576128072203975
LT,2008 Q4,1.974131601242587,0.09952157981072118
LU,2008 Q4,0.3496032868517528,0.0474118278579293
LV,2008 Q4,2.7841125047510453,0.13204085647892683
MT,2008 Q4,1.0481310970615954,-0.01660133283086984
MX,2008 Q4,0.7590972019033295,-0.038134192057373895
MY,2008 Q4,0.8958015999773467,-0.02704694618752901
NL,2008 Q4,1.1953482180635693,-0.06166798696548814
NO,2008 Q4,2.005507865803442,0.07087270010339375
NZ,2008 Q4,1.5963068146210522,-0.049516372637223416
PL,2008 Q4,1.0718076852544118,0.06508411257892233
PT,2008 Q4,1.6744369315173975,-5.59839362706871e-4
RO,2008 Q4,1.3062929524322868,-0.026239985649694875
RU,2008 Q4,1.4044875731892068,0.023049196585207987
SE,2008 Q4,2.197750138297715,-0.08488415545521555
SG,2008 Q4,0.8526714862298951,-0.010759620820905869
SI,2008 Q4,1.5953108705029293,0.01611492228360234
SK,2008 Q4,0.8137894729333552,-0.07664682756323837
TH,2008 Q4,0.9949578961884108,-0.04906692409188784
TR,2008 Q4,0.7158116687642745,-0.071163552708847
US,2008 Q4,1.196960029751635,-0.015610320505149655
ZA,2008 Q4,1.2009443338500831,-0.004382607597656962
AR,2009 Q1,0.6764748497800763,-0.01701324948643157
AT,2009 Q1,1.2166185963466556,-4.1051865623109585e-4
AU,2009 Q1,1.5932149419275028,-0.004712804279520366
BE,2009 Q1,0.6514844867458928,-0.01932967822682574
BG,2009 Q1,1.328555307463376,0.012147844726758006
BO,2009 Q1,0.7696842859039879,-0.04129368898483887
BR,2009 Q1,0.974235434286739,-0.030956860818076137
BY,2009 Q1,1.4170328113058297,0.06885552302369158
CA,2009 Q1,0.9777482112999673,0.005022161050719509
CH,2009 Q1,1.2267655942784443,-0.01711670150891087
CL,2009 Q1,1.7030810571198283,-0.021330806115536394
CN,2009 Q1,2.600623986848615,0.13394759277436386
CO,2009 Q1,1.8977591624081145,0.06628731000780719
CR,2009 Q1,1.9484848388343554,-0.0032691680549288282
CY,2009 Q1,1.1130508384912448,-0.0028850358053897907
CZ,2009 Q1,0.7485907119742345,1.4411085373255972e-5
DE,2009 Q1,1.384349200466876,-0.006018074312015731
DK,2009 Q1,3.399170703589209,-0.002661476606454105
EE,2009 Q1,1.9330050537773746,-0.023720092421455785
ES,2009 Q1,1.7434731455805341,-7.500073183188682e-4
FI,2009 Q1,1.3819095036133575,0.015229190381124802
FR,2009 Q1,1.21913537351993,-0.0035589124916755033
GB,2009 Q1,1.510127304890368,-0.05730275740751556
GR,2009 Q1,0.9241350740754977,-0.014136583935989044
HR,2009 Q1,1.1020195365507564,0.04085747523095473
HU,2009 Q1,1.3237338040339244,0.08045130166294956
ID,2009 Q1,0.7470482955016563,-0.026556255006358276
IE,2009 Q1,1.34947375025489,-0.0436063830309954
IL,2009 Q1,1.0540631581662467,-0.026972546745273718
IS,2009 Q1,1.7502316110793,-0.21438540312433152
IT,2009 Q1,1.2091178421556712,0.01422675838645393
JP,2009 Q1,0.5149030228852675,-0.012614040068619325
KR,2009 Q1,1.3030020953587562,-0.014625284720311216
LT,2009 Q1,1.954954954954955,-0.019176646287631938
LU,2009 Q1,0.33458420526998967,-0.015019081581763127
LV,2009 Q1,2.7639074746702352,-0.020205030080810094
MT,2009 Q1,1.0513891870434489,0.003258089981853507
MX,2009 Q1,0.8161101076906457,0.057012905787316215
MY,2009 Q1,0.8827687476548555,-0.013032852322491184
NL,2009 Q1,1.1850291910582764,-0.010319027005292858
NO,2009 Q1,1.9855405136195101,-0.019967352183931864
NZ,2009 Q1,1.6144135058132136,0.01810669119216146
PL,2009 Q1,1.1046858584456338,0.03287817319122199
PT,2009 Q1,1.7050899755471403,0.030653044029742782
RO,2009 Q1,1.3154954201200375,0.009202467687750682
RU,2009 Q1,1.4389678992279562,0.0344803260387494
SE,2009 Q1,2.2536256316308436,0.05587549333312847
SG,2009 Q1,0.8078730797921051,-0.044798406437789984
SI,2009 Q1,1.5907461195234636,-0.004564750979465737
SK,2009 Q1,0.8861087765478234,0.07231930361446814
TH,2009 Q1,0.9603754206225873,-0.0345824755658235
TR,2009 Q1,0.6942722244335402,-0.021539444330734292
US,2009 Q1,1.1633367068242944,-0.033623322927340604
ZA,2009 Q1,1.2363021765824147,0.03535784273233156
AR,2009 Q2,0.6693195936722355,-0.007155256107840846
AT,2009 Q2,1.237822704326155,0.021204107979499343
AU,2009 Q2,1.5849005523112767,-0.008314389616226103
BE,2009 Q2,0.643295138307458,-0.008189348438434774
BG,2009 Q2,1.312991761850398,-0.015563545612978125
BO,2009 Q2,0.749440619580327,-0.020243666323660814
BR,2009 Q2,0.9456179478086303,-0.02861748647810869
BY,2009 Q2,1.4848212718077825,0.06778846050195275
CA,2009 Q2,0.9788222205484249,0.0010740092484576858
CH,2009 Q2,1.2123989604517975,-0.014366633826646824
CL,2009 Q2,1.7445466131901883,0.041465556070360066
CN,2009 Q2,2.5364770037232134,-0.06414698312540157
CO,2009 Q2,1.8548528682885908,-0.042906294119523736
CR,2009 Q2,1.9538260913380114,0.005341252503656024
CY,2009 Q2,1.1735075623964513,0.06045672390520651
CZ,2009 Q2,0.7582068125818333,0.009616100607598765
DE,2009 Q2,1.3828675358867268,-0.0014816645801492
DK,2009 Q2,3.4184601508528836,0.019289447263674653
EE,2009 Q2,1.9037151304794961,-0.029289923297878495
ES,2009 Q2,1.7348297549338538,-0.008643390646680293
FI,2009 Q2,1.391121141063841,0.00921163745048359
FR,2009 Q2,1.2025954167333672,-0.016539956786562726
GB,2009 Q2,1.481359308252854,-0.02876799663751406
GR,2009 Q2,0.8776654191554928,-0.04646965492000488
HR,2009 Q2,1.0879247866057453,-0.014094749945011031
HU,2009 Q2,1.206124434285075,-0.11760936974884939
ID,2009 Q2,0.7383035094128645,-0.008744786088791812
IE,2009 Q2,1.3897826006808323,0.040308850425942344
IL,2009 Q2,1.0335188539383466,-0.0205443042279001
IS,2009 Q2,1.750332406002152,1.0079492285197666e-4
IT,2009 Q2,1.2054399121910053,-0.0036779299646658714
JP,2009 Q2,0.5105151126675569,-0.004387910217710567
KR,2009 Q2,1.2684126719579663,-0.034589423400789965
LT,2009 Q2,1.91637943519189,-0.03857551976306506
LU,2009 Q2,0.336717256028495,0.0021330507585053393
LV,2009 Q2,2.7042735042735044,-0.059633970396730795
MT,2009 Q2,1.0563537461282497,0.004964559084800868
MX,2009 Q2,0.8019112239820388,-0.014198883708606891
MY,2009 Q2,0.889492602491975,0.0067238548371195694
NL,2009 Q2,1.152499321126838,-0.03252986993143847
NO,2009 Q2,1.94483628363786,-0.04070422998165002
NZ,2009 Q2,1.6359026196082,0.021489113794986414
PL,2009 Q2,1.073155354580634,-0.03153050386499978
PT,2009 Q2,1.7438833268801741,0.038793351333033854
RO,2009 Q2,1.2524918084678172,-0.06300361165222035
RU,2009 Q2,1.3611766262678155,-0.07779127296014066
SE,2009 Q2,2.2592595038411587,0.005633872210315083
SG,2009 Q2,0.7926449896997797,-0.015228090092325397
SI,2009 Q2,1.5950025061526854,0.004256386629221787
SK,2009 Q2,0.8938265120613627,0.00771773551353927
TH,2009 Q2,0.9777830223444449,0.017407601721857624
TR,2009 Q2,0.7091134084890405,0.014841184055500278
US,2009 Q2,1.1086959211978127,-0.05464078562648167
ZA,2009 Q2,1.215858872537035,-0.02044330404537975
AR,2009 Q3,0.6504956286528041,-0.0188239650194314
AT,2009 Q3,1.2570635823230978,0.01924087799694285
AU,2009 Q3,1.5888743041329332,0.0039737518216564904
BE,2009 Q3,0.6360019303984128,-0.007293207909045196
BG,2009 Q3,1.3058233520898226,-0.007168409760575312
BO,2009 Q3,0.7184702405925784,-0.03097037898774868
BR,2009 Q3,0.9111924934450699,-0.03442545436356037
BY,2009 Q3,1.543537159349673,0.0587158875418905
CA,2009 Q3,0.9655114239689087,-0.013310796579516282
CH,2009 Q3,1.1983549764430652,-0.014043984008732302
CL,2009 Q3,1.7911635433510906,0.04661693016090229
CN,2009 Q3,2.5634350614902517,0.0269580577670383
CO,2009 Q3,1.7968962931308647,-0.05795657515772601
CR,2009 Q3,1.8369080532895274,-0.116918038048484
CY,2009 Q3,1.1855986752490586,0.012091112852607333
CZ,2009 Q3,0.783501629275331,0.025294816693497646
DE,2009 Q3,1.3897102182802696,0.006842682393542798
DK,2009 Q3,3.503442883806367,0.08498273295348335
EE,2009 Q3,1.8979010106245142,-0.005814119854981925
ES,2009 Q3,1.746589701748699,0.011759946814845268
FI,2009 Q3,1.3897638489620994,-0.001357292101741736
FR,2009 Q3,1.2015789802661505,-0.0010164364672167192
GB,2009 Q3,1.4718798281896432,-0.009479480063210755
GR,2009 Q3,0.8639304221540086,-0.013734997001484173
HR,2009 Q3,1.103279935855692,0.015355149249946631
HU,2009 Q3,1.195105346316528,-0.011019087968547003
ID,2009 Q3,0.7402605091641151,0.001956999751250632
IE,2009 Q3,1.342967032967033,-0.046815567713799355
IL,2009 Q3,1.0301088563074419,-0.003409997630904771
IS,2009 Q3,1.7607060695801664,0.010373663578014503
IT,2009 Q3,1.1901716989256166,-0.015268213265388741
JP,2009 Q3,0.5127865825919408,0.002271469924383873
KR,2009 Q3,1.2441808964698386,-0.024231775488127605
LT,2009 Q3,1.8344725050633275,-0.08190693012856243
LU,2009 Q3,0.3353008404894162,-0.0014164155390787858
LV,2009 Q3,2.6030462377964496,-0.10122726647705482
MT,2009 Q3,1.0794074358317527,0.023053689703502966
MX,2009 Q3,0.7782406648559302,-0.023670559126108603
MY,2009 Q3,0.8845571992495476,-0.004935403242427472
NL,2009 Q3,1.1737685236480804,0.021269202521242425
NO,2009 Q3,1.960255737392051,0.01541945375419096
NZ,2009 Q3,1.6275250377551862,-0.008377581853013849
PL,2009 Q3,1.0755872879643744,0.00243193338374037
PT,2009 Q3,1.7825617534356004,0.038678426555426304
RO,2009 Q3,1.2334916733501862,-0.01900013511763099
RU,2009 Q3,1.324273580016973,-0.03690304625084262
SE,2009 Q3,2.28382725891441,0.024567755073251263
SG,2009 Q3,0.7901969793187811,-0.002448010380998622
SI,2009 Q3,1.6370752389745877,0.04207273282190238
SK,2009 Q3,0.9265914964695497,0.03276498440818709
TH,2009 Q3,0.9838967605115982,0.006113738167153326
TR,2009 Q3,0.7139168385418565,0.004803430052816027
US,2009 Q3,1.0732321887124725,-0.03546373248534018
ZA,2009 Q3,1.2094751131880361,-0.006383759348998819
AR,2009 Q4,0.6512324577569062,7.368291041021102e-4
AT,2009 Q4,1.2553129713119713,-0.0017506110111265016
AU,2009 Q4,1.5934784272357123,0.004604123102779134
BE,2009 Q4,0.6079116815490229,-0.02809024884938993
BG,2009 Q4,1.2821271862312023,-0.023696165858620333
BO,2009 Q4,0.7217885844044553,0.0033183438118769004
BR,2009 Q4,0.9211930067344334,0.010000513289363466
BY,2009 Q4,1.4824835572408945,-0.061053602108778415
CA,2009 Q4,0.9694897274325279,0.0039783034636192705
CH,2009 Q4,1.1997673380601073,0.0014123616170420572
CL,2009 Q4,1.7047106692646088,-0.08645287408648183
CN,2009 Q4,2.366499967857028,-0.1969350936332237
CO,2009 Q4,1.6565391897808326,-0.14035710335003215
CR,2009 Q4,1.8889037758004334,0.051995722510906006
CY,2009 Q4,1.148563348987527,-0.0370353262615315
CZ,2009 Q4,0.7566244223697745,-0.026877206905556505
DE,2009 Q4,1.3696840311975937,-0.020026187082675895
DK,2009 Q4,3.55056542347601,0.04712253966964308
EE,2009 Q4,1.808843793060253,-0.08905721756426122
ES,2009 Q4,1.7348409096736148,-0.01174879207508428
FI,2009 Q4,1.3695840704894717,-0.02017977847262764
FR,2009 Q4,1.2162784635722133,0.014699483306062744
GB,2009 Q4,1.4589923699599778,-0.012887458229665416
GR,2009 Q4,0.8747139232962657,0.010783501142257124
HR,2009 Q4,1.1186350851056386,0.015355149249946631
HU,2009 Q4,1.1759545977795791,-0.01915074853694887
ID,2009 Q4,0.730221149711875,-0.010039359452240104
IE,2009 Q4,1.2893839785731678,-0.053583054393865126
IL,2009 Q4,1.0167816848053475,-0.013327171502094393
IS,2009 Q4,1.795879668014398,0.03517359843423162
IT,2009 Q4,1.1582860666049555,-0.031885632320661106
JP,2009 Q4,0.5099494746535217,-0.00283710793841907
KR,2009 Q4,1.209990743089307,-0.03419015338053155
LT,2009 Q4,1.7525655749347653,-0.0819069301285622
LU,2009 Q4,0.3921193638979342,0.05681852340851801
LV,2009 Q4,2.501818971319395,-0.10122726647705482
MT,2009 Q4,1.106371654958962,0.026964219127209255
MX,2009 Q4,0.7128087313257244,-0.06543193353020582
MY,2009 Q4,0.8676660783168321,-0.016891120932715498
NL,2009 Q4,1.1987672000498102,0.024998676401729814
NO,2009 Q4,1.9344647229997345,-0.02579101439231657
NZ,2009 Q4,1.6203421426114641,-0.007182895143722057
PL,2009 Q4,1.0290723076383375,-0.04651498032603696
PT,2009 Q4,1.8324108103976509,0.04984905696205044
RO,2009 Q4,1.1977460157501951,-0.03574565759999104
RU,2009 Q4,1.179000577312944,-0.145273002704029
SE,2009 Q4,2.2127135078750024,-0.07111375103940754
SG,2009 Q4,0.7793083603045083,-0.010888619014272738
SI,2009 Q4,1.6541949928450574,0.01711975387046971
SK,2009 Q4,0.9240919105125227,-0.0024995859570270396
TH,2009 Q4,0.9637181724939811,-0.020178588017617183
TR,2009 Q4,0.7153950070924626,0.0014781685506061182
US,2009 Q4,1.0374541041303498,-0.03577808458212273
ZA,2009 Q4,1.236082758243543,0.026607645055506834
AR,2010 Q1,0.6521524629258584,9.200051689521871e-4
AT,2010 Q1,1.2803428436092497,0.025029872297278377
AU,2010 Q1,1.5876365931627825,-0.005841834072929819
BE,2010 Q1,0.6103406923731186,0.0024290108240957453
BG,2010 Q1,1.2444728041056405,-0.037654382125561714
BO,2010 Q1,0.7104619906466978,-0.011326593757757464
BR,2010 Q1,0.9375318619447732,0.016338855210339842
BY,2010 Q1,1.593879125459601,0.11139556821870644
CA,2010 Q1,0.9774948803749581,0.008005152942430205
CH,2010 Q1,1.2047026366510878,0.004935298590980519
CL,2010 Q1,1.7222792707065908,0.017568601441982024
CN,2010 Q1,2.434519981990467,0.06802001413343906
CO,2010 Q1,1.6338730935489565,-0.0226660962318761
CR,2010 Q1,1.7775070894379095,-0.11139668636252398
CY,2010 Q1,1.1476350929739174,-9.282560136096851e-4
CZ,2010 Q1,0.7653027152810288,0.008678292911254326
DE,2010 Q1,1.3625007399443563,-0.007183291253237467
DK,2010 Q1,3.609145570999085,0.058580147523075166
EE,2010 Q1,1.7793952967525195,-0.029448496307733496
ES,2010 Q1,1.7748377165430087,0.039996806869393886
FI,2010 Q1,1.4030012687579296,0.033417198268457904
FR,2010 Q1,1.2389703787604147,0.02269191518820146
GB,2010 Q1,1.4285727362624931,-0.030419633697484683
GR,2010 Q1,0.9186353305875079,0.043921407291242165
HR,2010 Q1,1.1339902343555852,0.015355149249946631
HU,2010 Q1,1.1843771991238294,0.008422601344250324
ID,2010 Q1,0.7285840581409877,-0.0016370915708873168
IE,2010 Q1,1.1986836242544576,-0.09070035431871015
IL,2010 Q1,1.0460618708681664,0.029280186062818903
IS,2010 Q1,1.8656270666330694,0.06974739861867141
IT,2010 Q1,1.1895897201969723,0.03130365359201681
JP,2010 Q1,0.5035754740429298,-0.006374000610591901
KR,2010 Q1,1.1784740830891915,-0.03151666000011555
LT,2010 Q1,1.670658644806203,-0.0819069301285622
LU,2010 Q1,0.4075994613611207,0.01548009746318646
LV,2010 Q1,2.40059170484234,-0.10122726647705482
MT,2010 Q1,1.145726128361018,0.03935447340205611
MX,2010 Q1,0.7216124194338115,0.008803688108087071
MY,2010 Q1,0.8702570245414868,0.002590946224654722
NL,2010 Q1,1.1971677042974294,-0.0015994957523808306
NO,2010 Q1,1.9648152693884589,0.030350546388724364
NZ,2010 Q1,1.6614410125092685,0.04109886989780431
PL,2010 Q1,1.0263225171294055,-0.002749790508931982
PT,2010 Q1,1.881161218691833,0.04875040829418209
RO,2010 Q1,1.199615831836561,0.0018698160863659385
RU,2010 Q1,1.1605302400464521,-0.018470337266491832
SE,2010 Q1,2.2408128867669794,0.028099378891977
SG,2010 Q1,0.7775672286470671,-0.001741131657441275
SI,2010 Q1,1.6753431531204723,0.021148160275414885
SK,2010 Q1,0.9485709405438464,0.02447903003132368
TH,2010 Q1,0.951733142601158,-0.011985029892823018
TR,2010 Q1,0.7466892956401006,0.03129428854763794
US,2010 Q1,1.0631269502178067,0.025672846087456902
ZA,2010 Q1,1.235442171370349,-6.405868731940156e-4
AR,2010 Q2,0.6425695742323149,-0.009582888693543512
AT,2010 Q2,1.2889262492657336,0.008583405656483967
AU,2010 Q2,1.5836148524362932,-0.004021740726489309
BE,2010 Q2,0.6023371717860609,-0.008003520587057666
BG,2010 Q2,1.2349013680930379,-0.009571436012602685
BO,2010 Q2,0.7554009053170415,0.04493891467034372
BR,2010 Q2,0.9693698993756259,0.03183803743085267
BY,2010 Q2,1.6062163678225794,0.012337242362978396
CA,2010 Q2,0.9678796729844504,-0.009615207390507696
CH,2010 Q2,1.162446353256473,-0.042256283394614735
CL,2010 Q2,1.6770113081106626,-0.045267962595928246
CN,2010 Q2,2.4087128653881336,-0.02580711660233348
CO,2010 Q2,1.669129379934521,0.03525628638556455
CR,2010 Q2,1.7540865667944905,-0.023420522643418984
CY,2010 Q2,1.0134787350054526,-0.1341563579684648
CZ,2010 Q2,0.7492707728429205,-0.016031942438108238
DE,2010 Q2,1.2656739799667622,-0.09682675997759405
DK,2010 Q2,3.666388437100394,0.05724286610130891
EE,2010 Q2,1.712742718446602,-0.06665257830591753
ES,2010 Q2,1.7689531934624723,-0.005884523080536441
FI,2010 Q2,1.4032833261894557,2.8205743152609486e-4
FR,2010 Q2,1.236685239374802,-0.0022851393856127
GB,2010 Q2,1.4078265447675327,-0.020746191494960486
GR,2010 Q2,1.1865686532374362,0.2679333226499283
HR,2010 Q2,1.1493453836055318,0.015355149249946631
HU,2010 Q2,1.238525481753493,0.054148282629663536
ID,2010 Q2,0.7484888087361825,0.01990475059519481
IE,2010 Q2,1.1503471600517259,-0.048336464202731744
IL,2010 Q2,1.0615433826153804,0.015481511747214016
IS,2010 Q2,1.9273280909698847,0.061701024336815236
IT,2010 Q2,1.2538147311800676,0.0642250109830953
JP,2010 Q2,0.49306264398030447,-0.010512830062625322
KR,2010 Q2,1.158154678070872,-0.020319405018319525
LT,2010 Q2,1.5887517146776406,-0.08190693012856243
LU,2010 Q2,0.362811000486186,-0.04478846087493471
LV,2010 Q2,2.299364438365285,-0.10122726647705482
MT,2010 Q2,1.1034308080890993,-0.042295320271918735
MX,2010 Q2,0.7136620467604636,-0.00795037267334786
MY,2010 Q2,0.8912560214505905,0.020998996909103673
NL,2010 Q2,1.0860788707648097,-0.11108883353261967
NO,2010 Q2,1.9598280634369183,-0.004987205951540563
NZ,2010 Q2,1.6346524358620658,-0.02678857664720269
PL,2010 Q2,1.0597432483216493,0.03342073119224387
PT,2010 Q2,1.9216232199932222,0.04046200130138922
RO,2010 Q2,1.2495666362211024,0.04995080438454136
RU,2010 Q2,1.1384705130353296,-0.022059727011122465
SE,2010 Q2,2.2292692997952583,-0.011543586971721087
SG,2010 Q2,0.7949396596354938,0.01737243098842678
SI,2010 Q2,1.6395728134934189,-0.03577033962705345
SK,2010 Q2,0.9558619106834404,0.007290970139594011
TH,2010 Q2,0.976846534502459,0.025113391901300908
TR,2010 Q2,0.798683453320353,0.051994157680252395
US,2010 Q2,1.0518049813359713,-0.011321968881835343
ZA,2010 Q2,1.2049302053139819,-0.03051196605636708
AR,2010 Q3,0.6475247145954858,0.004955140363170907
AT,2010 Q3,1.2862963438719313,-0.0026299053938023675
AU,2010 Q3,1.5259370644817354,-0.0576777879545578
BE,2010 Q3,0.5853088232274491,-0.017028348558611794
BG,2010 Q3,1.2258512694729093,-0.00905009862012851
BO,2010 Q3,0.7738020155295895,0.018401110212547978
BR,2010 Q3,1.004045282123457,0.034675382747830996
BY,2010 Q3,1.616297290993222,0.010080923170642686
CA,2010 Q3,0.9447914489690101,-0.023088224015440306
CH,2010 Q3,1.1558848563153286,-0.006561496941144496
CL,2010 Q3,1.6795193743432977,0.002508066232635109
CN,2010 Q3,2.4972659564411286,0.08855309105299503
CO,2010 Q3,1.7403867656694159,0.07125738573489482
CR,2010 Q3,1.8361556509156627,0.0820690841211722
CY,2010 Q3,1.015066417045556,0.0015876820401032887
CZ,2010 Q3,0.7711739627936006,0.02190318995068008
DE,2010 Q3,1.2502569268575772,-0.015417053109185064
DK,2010 Q3,3.6724659638446617,0.006077526744267647
EE,2010 Q3,1.736024844720497,0.02328212627389492
ES,2010 Q3,1.760709432815722,-0.008243760646750253
FI,2010 Q3,1.420684745879003,0.017401419689547337
FR,2010 Q3,1.229627745582944,-0.007057493791857938
GB,2010 Q3,1.395230166202369,-0.012596378565163713
GR,2010 Q3,1.1985734625198772,0.012004809282440965
HR,2010 Q3,1.1647005328554785,0.015355149249946631
HU,2010 Q3,1.2191138474807766,-0.019411634272716416
ID,2010 Q3,0.7702011021768006,0.02171229344061809
IE,2010 Q3,1.123150418361394,-0.027196741690331816
IL,2010 Q3,1.1239559721843781,0.062412589568997756
IS,2010 Q3,1.9106677597252741,-0.016660331244610527
IT,2010 Q3,1.285087741862463,0.03127301068239552
JP,2010 Q3,0.4971877228951501,0.004125078914845648
KR,2010 Q3,1.1512166354570126,-0.006938042613859441
LT,2010 Q3,1.5439155365431874,-0.044836178134453286
LU,2010 Q3,0.3741040946393643,0.011293094153178307
LV,2010 Q3,2.1981371718882303,-0.10122726647705482
MT,2010 Q3,1.1021679034585097,-0.0012629046305896452
MX,2010 Q3,0.710676423029576,-0.002985623730887621
MY,2010 Q3,0.8889901700327174,-0.002265851417873055
NL,2010 Q3,1.1236783519754212,0.03759948121061152
NO,2010 Q3,1.9885163565352384,0.028688293098320106
NZ,2010 Q3,1.6079787926911187,-0.026673643170947114
PL,2010 Q3,1.0475181777429967,-0.01222507057865263
PT,2010 Q3,1.8813860679406897,-0.04023715205253242
RO,2010 Q3,1.2378010588273205,-0.011765577393781923
RU,2010 Q3,1.1414827526413662,0.003012239606036582
SE,2010 Q3,2.210646661160564,-0.018622638634694155
SG,2010 Q3,0.8107475749714305,0.015807915335936618
SI,2010 Q3,1.6493482990031505,0.009775485509731618
SK,2010 Q3,0.9793595749880601,0.023497664304619748
TH,2010 Q3,0.9884268353492203,0.011580300846761316
TR,2010 Q3,0.8256537959968145,0.02697034267646159
US,2010 Q3,1.0343658509701452,-0.017439130365826117
ZA,2010 Q3,1.1935194813694912,-0.01141072394449072
AR,2010 Q4,0.6714465451821684,0.023921830586682624
AT,2010 Q4,1.3260996851315774,0.03980334125964613
AU,2010 Q4,1.4941468969513225,-0.03179016753041286
BE,2010 Q4,0.5907963512314723,0.00548752800402319
BG,2010 Q4,1.1907827323315274,-0.03506853714138192
BO,2010 Q4,0.8057392303404722,0.03193721481088274
BR,2010 Q4,1.0497439393686565,0.045698657245199614
BY,2010 Q4,1.6177426267981216,0.0014453358048995835
CA,2010 Q4,0.9564889499631133,0.01169750099410316
CH,2010 Q4,1.1630419134148333,0.00715705709950476
CL,2010 Q4,1.6798750689516806,3.556946083829171e-4
CN,2010 Q4,2.3497705184235675,-0.14749543801756104
CO,2010 Q4,1.6295152894286782,-0.11087147624073768
CR,2010 Q4,1.758401812659735,-0.07775383825592774
CY,2010 Q4,1.0356761002858452,0.020609683240289334
CZ,2010 Q4,0.7714274868990925,2.5352410549184246e-4
DE,2010 Q4,1.230065279913908,-0.02019164694366915
DK,2010 Q4,3.6345898119700775,-0.03787615187458426
EE,2010 Q4,1.628780718336484,-0.10724412638401293
ES,2010 Q4,1.7389112137498912,-0.021798219065830793
FI,2010 Q4,1.3734201739560576,-0.04726457192294542
FR,2010 Q4,1.2289616981668505,-6.660474160935514e-4
GB,2010 Q4,1.3781089843886867,-0.017121181813682274
GR,2010 Q4,1.1983745043933587,-1.989581265184892e-4
HR,2010 Q4,1.1800556821054253,0.015355149249946853
HU,2010 Q4,1.224347367532662,0.005233520051885376
ID,2010 Q4,0.7594473851592254,-0.010753717017575215
IE,2010 Q4,1.0321557219833544,-0.0909946963780397
IL,2010 Q4,1.0953709933383375,-0.02858497884604061
IS,2010 Q4,1.9302098201756688,0.019542060450394638
IT,2010 Q4,1.2851561969209029,6.845505843977584e-5
JP,2010 Q4,0.49480904088861,-0.0023786820065401226
KR,2010 Q4,1.1353970512831097,-0.015819584173902834
LT,2010 Q4,1.4229715850736049,-0.12094395146958248
LU,2010 Q4,0.39141923579323223,0.017315141153867952
LV,2010 Q4,2.0697674418604652,-0.12836973002776508
MT,2010 Q4,1.0885836484367795,-0.013584255021730218
MX,2010 Q4,0.7042425664984802,-0.0064338565310958495
MY,2010 Q4,0.891181937322327,0.0021917672896095697
NL,2010 Q4,1.1574300824600714,0.03375173048465019
NO,2010 Q4,1.9515870247645624,-0.03692933177067603
NZ,2010 Q4,1.5669797810902333,-0.04099901160088537
PL,2010 Q4,1.0252582652896398,-0.0222599124533569
PT,2010 Q4,1.8054250279852515,-0.07596103995543824
RO,2010 Q4,1.1975783068719794,-0.040222751955341085
RU,2010 Q4,1.0673263171487604,-0.07415643549260587
SE,2010 Q4,2.156270792282299,-0.05437586887826518
SG,2010 Q4,0.8145232236598503,0.0037756486884198415
SI,2010 Q4,1.6351013409411532,-0.014246958061997272
SK,2010 Q4,0.962451268575336,-0.016908306412724117
TH,2010 Q4,0.9951670806802942,0.00674024533107398
TR,2010 Q4,0.8495584464088883,0.02390465041207379
US,2010 Q4,1.0133353923417627,-0.021030458628382487
ZA,2010 Q4,1.1906390425114748,-0.0028804388580163653
AR,2011 Q1,0.6753244596191164,0.00387791443694796
AT,2011 Q1,1.3135099326982476,-0.012589752433329826
AU,2011 Q1,1.5034468367545208,0.00929993980319832
BE,2011 Q1,0.5907795788018694,-1.6772429602962546e-5
BG,2011 Q1,1.155523892234514,-0.03525884009701352
BO,2011 Q1,0.810211834601676,0.004472604261203772
BR,2011 Q1,1.0857097468657473,0.035965807497090774
BY,2011 Q1,1.7801705007230024,0.16242787392488078
CA,2011 Q1,0.9810756754239928,0.024586725460879477
CH,2011 Q1,1.1514620969163412,-0.011579816498492157
CL,2011 Q1,1.6619821662019159,-0.01789290274976474
CN,2011 Q1,2.449067139851344,0.09929662142777662
CO,2011 Q1,1.6513734651610736,0.021858175732395457
CR,2011 Q1,1.686716359148797,-0.07168545351093791
CY,2011 Q1,1.0412931506849314,0.005617050399086221
CZ,2011 Q1,0.7941774130519734,0.02274992615288096
DE,2011 Q1,1.2281844012851761,-0.0018808786287318746
DK,2011 Q1,3.7388718023483305,0.10428199037825303
EE,2011 Q1,1.61255230125523,-0.016228417081253887
ES,2011 Q1,1.732554486550167,-0.006356727199724244
FI,2011 Q1,1.421539466959356,0.048119293003298313
FR,2011 Q1,1.2428843292535132,0.013922631086662696
GB,2011 Q1,1.3696229069402976,-0.008486077448389029
GR,2011 Q1,1.2447294838222893,0.04635497942893063
HR,2011 Q1,1.195410831355372,0.015355149249946631
HU,2011 Q1,1.1718841142177192,-0.052463253314942726
ID,2011 Q1,0.779156276868862,0.019708891709636633
IE,2011 Q1,1.0195715329335213,-0.01258418904983305
IL,2011 Q1,1.1255765187830502,0.030205525444712666
IS,2011 Q1,1.9034911940286572,-0.026718626147011593
IT,2011 Q1,1.335530222524449,0.05037402560354609
JP,2011 Q1,0.4828610894600169,-0.011947951428593118
KR,2011 Q1,1.139291108502015,0.0038940572189052336
LT,2011 Q1,1.4318890814558058,0.008917496382200962
LU,2011 Q1,0.33792683929305384,-0.053492396500178396
LV,2011 Q1,2.0307239552678045,-0.03904348659266077
MT,2011 Q1,1.0880007856594052,-5.828627773742934e-4
MX,2011 Q1,0.7259196466015233,0.021677080103043145
MY,2011 Q1,0.8948278513881905,0.0036459140658635647
NL,2011 Q1,1.22178551715273,0.0643554346926587
NO,2011 Q1,1.9542609834687021,0.0026739587041397783
NZ,2011 Q1,1.5506076940211329,-0.016372087069100427
PL,2011 Q1,1.0112207997251237,-0.014037465564516127
PT,2011 Q1,1.838622044968499,0.033197016983247396
RO,2011 Q1,1.2097505586684159,0.01217225179643644
RU,2011 Q1,1.0905986393827287,0.023272322233968357
SE,2011 Q1,2.178312391910493,0.022041599628193964
SG,2011 Q1,0.8247153013514379,0.010192077691587587
SI,2011 Q1,1.6479209225769538,0.012819581635800548
SK,2011 Q1,0.9901227617051497,0.02767149312981365
TH,2011 Q1,1.003881780357693,0.008714699677398685
TR,2011 Q1,0.884604907353319,0.035046460944430646
US,2011 Q1,0.9750685074308967,-0.03826688491086605
ZA,2011 Q1,1.175482054759222,-0.015156987752252826
AR,2011 Q2,0.6943724930394718,0.019048033420355437
AT,2011 Q2,1.3254166431730126,0.011906710474764992
AU,2011 Q2,1.501416137648547,-0.0020306991059737545
BE,2011 Q2,0.61411735542311785,0.023337776621248474
BG,2011 Q2,1.1421047077752933,-0.013419184459220634
BO,2011 Q2,0.857397320726049,0.04718548612437301
BR,2011 Q2,1.128589416395834,0.04287966953008682
BY,2011 Q2,1.6059053820010454,-0.17426511872195705
CA,2011 Q2,0.9868922698230198,0.005816594399027042
CH,2011 Q2,1.1539600583364698,0.0024979614201285916
CL,2011 Q2,1.5923061898144784,-0.0696759763874375
CN,2011 Q2,2.444978836011578,-0.004088303839766105
CO,2011 Q2,1.7091359493959923,0.0577624842349187
CR,2011 Q2,1.7793166193437742,0.09260026019497714
CY,2011 Q2,1.0450138799914586,0.003720729306527115
CZ,2011 Q2,0.8050533489838902,0.010875935931916825
DE,2011 Q2,1.2078541434827512,-0.020330257802424923
DK,2011 Q2,3.7010606882935395,-0.037811114054790984
EE,2011 Q2,1.5897920604914935,-0.022760240763736617
ES,2011 Q2,1.748468001174407,0.015913514624239955
FI,2011 Q2,1.426903465773333,0.005363998813977089
FR,2011 Q2,1.2793244190781798,0.03644008982466662
GB,2011 Q2,1.3760349341102276,0.006412027169929946
GR,2011 Q2,1.3028665633483456,0.05813707952605629
HR,2011 Q2,1.2107659806053186,0.015355149249946631
HU,2011 Q2,1.1978497464752231,0.025965632257503923
ID,2011 Q2,0.8230149857204763,0.04385870885161425
IE,2011 Q2,0.9708323901635971,-0.04873914276992419
IL,2011 Q2,1.1150027346109912,-0.010573784172059009
IS,2011 Q2,1.8850401924846,-0.0184510015440571
IT,2011 Q2,1.3554404082370097,0.019910185712560757
JP,2011 Q2,0.4727784468546705,-0.01008264260534636
KR,2011 Q2,1.1383773113303643,-9.137971716506321e-4
LT,2011 Q2,1.4186506231198968,-0.013238458335909087
LU,2011 Q2,0.34566997851772285,0.007743139224669016
LV,2011 Q2,2.0048595472324284,-0.02586440803537604
MT,2011 Q2,1.0687214216354461,-0.019279364023959022
MX,2011 Q2,0.7275361311857474,0.0016164845842241427
MY,2011 Q2,0.8853475147637945,-0.0094803366243960685
NL,2011 Q2,1.2105552973358635,-0.01123021981686656
NO,2011 Q2,1.9388113035954462,-0.015449679873255961
NZ,2011 Q2,1.5203320130444886,-0.030275680976644237
PL,2011 Q2,1.0660100664707548,0.054789266745631116
PT,2011 Q2,1.8330890132442734,-0.005533031724225479
RO,2011 Q2,1.2482426802015858,0.03849212153316994
RU,2011 Q2,1.1233279228404565,0.03272928345772774
SE,2011 Q2,2.2205792151191273,0.042266823208634285
SG,2011 Q2,0.8513463896874618,0.0266310883360239
SI,2011 Q2,1.634395972019707,-0.013524950557246784
SK,2011 Q2,1.0083251661480592,0.018202404442909548
TH,2011 Q2,1.0255457898865605,0.0216640095288676
TR,2011 Q2,0.9452461809936699,0.06064127364035088
US,2011 Q2,0.9473043892276282,-0.027764118203268517
ZA,2011 Q2,1.1574534350148868,-0.018028619744335117
AR,2011 Q3,0.7534033588399542,0.059030865800482446
AT,2011 Q3,1.317034531225805,-0.008382111947207616
AU,2011 Q3,1.4703215282740671,-0.031094609374479942
BE,2011 Q3,0.6138349752045688,-2.8238021854909423e-4
BG,2011 Q3,1.1071050618697535,-0.03499964590553972
BO,2011 Q3,0.8604126351337663,0.0030153144077172955
BR,2011 Q3,1.1317354851024262,0.0031460687065920645
BY,2011 Q3,1.502779793554025,-0.10312558844702036
CA,2011 Q3,0.9858007937315562,-0.00109147609146365
CH,2011 Q3,1.1190488650636183,-0.034911193272851415
CL,2011 Q3,1.605217146032781,0.012910956218302738
CN,2011 Q3,2.632793877075671,0.18781504106409308
CO,2011 Q3,1.7783179732219738,0.06918202382598149
CR,2011 Q3,1.8865728536799695,0.10725623433619536
CY,2011 Q3,1.073806833000087,0.028792953008628386
CZ,2011 Q3,0.8065319901180985,0.0014786411342082584
DE,2011 Q3,1.1873057664478,-0.02054837703495127
DK,2011 Q3,3.64460502078838,-0.056455667505159735
EE,2011 Q3,1.5207737209568502,-0.06901833953464331
ES,2011 Q3,1.7804607384992717,0.03199273732486474
FI,2011 Q3,1.394441117135292,-0.032462348638041094
FR,2011 Q3,1.2611198227835148,-0.018204596294665087
GB,2011 Q3,1.3730880487289647,-0.002946885381262865
GR,2011 Q3,1.3343696489726027,0.03150308562425708
HR,2011 Q3,1.2261211298552652,0.015355149249946631
HU,2011 Q3,1.2100489075042005,0.012199161028977334
ID,2011 Q3,0.8407267911498715,0.01771180542939521
IE,2011 Q3,0.9909396667046466,0.02010727654104949
IL,2011 Q3,1.0934179826514088,-0.021584751959582427
IS,2011 Q3,1.5489577908540497,-0.33608240163055036
IT,2011 Q3,1.3687437313461375,0.01330332310912774
JP,2011 Q3,0.47809114193995866,0.005312695085288144
KR,2011 Q3,1.1523353071454316,0.013957995815067292
LT,2011 Q3,1.3984873949579832,-0.020163228161913516
LU,2011 Q3,0.314588406676024,-0.031081571841698852
LV,2011 Q3,2.0197226870666984,0.014863139834270012
MT,2011 Q3,1.0691084995741897,3.870779387435963e-4
MX,2011 Q3,0.7272672715337098,-2.6885965203760076e-4
MY,2011 Q3,0.8852591368424255,-8.837792136895395e-5
NL,2011 Q3,1.1875429048833426,-0.023012392452520958
NO,2011 Q3,1.9221248874735017,-0.016686416121944436
NZ,2011 Q3,1.5291070658446708,0.008775052800182204
PL,2011 Q3,1.0864005412719893,0.02039047480123446
PT,2011 Q3,1.8232283817151338,-0.00986063152913963
RO,2011 Q3,1.2466766791103767,-0.0015660010912090794
RU,2011 Q3,1.1687713903080204,0.04544346746756389
SE,2011 Q3,2.137493322384766,-0.08308589273436118
SG,2011 Q3,0.8658078041851913,0.01446141449772953
SI,2011 Q3,1.6007586141277095,-0.03363735789199751
SK,2011 Q3,1.026802952239515,0.018477786091455783
TH,2011 Q3,1.0454410866077413,0.019895296721180733
TR,2011 Q3,0.9843504347324012,0.03910425373873139
US,2011 Q3,0.937869506671213,-0.009434882556415114
ZA,2011 Q3,1.1310774167230293,-0.02637601829185754
AR,2011 Q4,0.793355003339994,0.03995164450003974
AT,2011 Q4,1.30301271669954,-0.014021814526264942
AU,2011 Q4,1.4597097425588665,-0.010611785715200606
BE,2011 Q4,0.59089907335274094,-0.02293590185182781
BG,2011 Q4,1.0988645722781774,-0.008240489591576194
BO,2011 Q4,0.8232553723847281,-0.03715726274903819
BR,2011 Q4,1.1574279441246138,0.02569245902218764
BY,2011 Q4,1.1615807775399027,-0.3411990160141223
CA,2011 Q4,1.1736334027568442,0.1878326090252881
CH,2011 Q4,1.110507159324443,-0.008541705739175232
CL,2011 Q4,1.6224099945285042,0.017192848495723112
CN,2011 Q4,2.511967835944244,-0.12082604113142725
CO,2011 Q4,1.6798660831750565,-0.09845189004691735
CR,2011 Q4,1.8662264779889717,-0.020346375690997842
CY,2011 Q4,1.0889206204971766,0.015113787497089692
CZ,2011 Q4,0.8006025017897608,-0.005929488328337729
DE,2011 Q4,1.1666180741860197,-0.020687692261780244
DK,2011 Q4,3.7089972059698932,0.06439218518151346
EE,2011 Q4,1.4475254087494476,-0.07324831220740258
ES,2011 Q4,1.7902044428152348,0.009743704315963164
FI,2011 Q4,1.39819135609145,0.003750238956158114
FR,2011 Q4,1.2722834717118099,0.011163648928295133
GB,2011 Q4,1.3573753253084369,-0.015712723420527874
GR,2011 Q4,1.3770436446520529,0.04267399567945018
HR,2011 Q4,1.2414762791052119,0.015355149249946631
HU,2011 Q4,1.176134297059236,-0.03391461044496458
ID,2011 Q4,0.8239100059070434,-0.016816785242828036
IE,2011 Q4,1.0057618914642092,0.01482222475956263
IL,2011 Q4,1.0525153011286936,-0.040902681522715145
IS,2011 Q4,1.6142401317059507,0.06528234085190099
IT,2011 Q4,1.3460132072091935,-0.022730524136943986
JP,2011 Q4,0.47597636412215727,-0.0021147778178013943
KR,2011 Q4,1.1394472723626612,-0.012888034782770452
LT,2011 Q4,1.3281383069323796,-0.07034908802560369
LU,2011 Q4,0.31286502843295017,-0.0017233782430738365
LV,2011 Q4,1.9687838977943835,-0.05093878927231499
MT,2011 Q4,1.0935520115376232,0.024443511963433417
MX,2011 Q4,0.7442083833455085,0.016941111811798693
MY,2011 Q4,0.8696881453222839,-0.01557099152014163
NL,2011 Q4,1.144289181878789,-0.043253723004553546
NO,2011 Q4,1.9447933939776136,0.022668506504111896
NZ,2011 Q4,1.5378821186448528,0.008775052800181982
PL,2011 Q4,1.0443503041041413,-0.04205023716784795
PT,2011 Q4,1.8019737604449653,-0.021254621270168528
RO,2011 Q4,1.2114453916412464,-0.03523128746913029
RU,2011 Q4,1.1054165858133258,-0.06335480449469455
SE,2011 Q4,2.113209048055968,-0.024284274328798094
SG,2011 Q4,0.8787272970468247,0.012919492861633408
SI,2011 Q4,1.5644314800257197,-0.03632713410198973
SK,2011 Q4,1.0550032626161798,0.028200310376664817
TH,2011 Q4,1.0477727997479547,0.0023317131402134095
TR,2011 Q4,0.9956021008827176,0.011251666150316364
US,2011 Q4,0.9450522294499839,0.007182722778770856
ZA,2011 Q4,1.100356603053579,-0.030720813669450342
AR,2012 Q1,0.7692330982222944,-0.024121905117699627
AT,2012 Q1,1.2683840070767847,-0.03462870962275533
AU,2012 Q1,1.4670336671081323,0.007323924549265781
BE,2012 Q1,0.5875567665758401,-0.0033423067769008385
BG,2012 Q1,1.079786954382584,-0.01907761789559337
BO,2012 Q1,0.8171147729965967,-0.006140599388131385
BR,2012 Q1,1.116963347371576,-0.04046459675303771
BY,2012 Q1,0.89324132802919,-0.26833944951071276
CA,2012 Q1,1.2151360823902964,0.04150267963345211
CH,2012 Q1,1.121012354734098,0.010505195409654888
CL,2012 Q1,1.6023125191003538,-0.020097475428150435
CN,2012 Q1,2.753868457029617,0.24190062108537314
CO,2012 Q1,1.7409152303139075,0.06104914713885101
CR,2012 Q1,1.888133816677106,0.021907338688134326
CY,2012 Q1,1.0834682729883196,-0.005452347508857036
CZ,2012 Q1,0.8009718954806048,3.6939369084398876e-4
DE,2012 Q1,1.157614931830375,-0.0090031423556447
DK,2012 Q1,3.7357697325084276,0.026772526538534347
EE,2012 Q1,1.4692838556397783,0.021758446890330685
ES,2012 Q1,1.756962387759965,-0.03324205505526989
FI,2012 Q1,1.4722086509022214,0.07401729481077135
FR,2012 Q1,1.2475074687445429,-0.024776002967267008
GB,2012 Q1,1.358468742569894,0.0010934172614571747
GR,2012 Q1,1.4207015839543176,0.04365793930226469
HR,2012 Q1,1.2568314283551585,0.015355149249946631
HU,2012 Q1,1.155631205501572,-0.020503091557663833
ID,2012 Q1,0.8341548119281058,0.01024480602106237
IE,2012 Q1,0.9764972041198587,-0.029264687344350504
IL,2012 Q1,1.06412208944944,0.011606788320746464
IS,2012 Q1,1.6398645818008133,0.025624450094862583
IT,2012 Q1,1.3341440471487747,-0.011869160060418826
JP,2012 Q1,0.4718018970125907,-0.004174467109566593
KR,2012 Q1,1.120908511484553,-0.01853876087810824
LT,2012 Q1,1.3282455839478648,1.0727701548529645e-4
LU,2012 Q1,0.3250511450954545,0.012186116662504354
LV,2012 Q1,1.8040271599157105,-0.16475673787867295
MT,2012 Q1,1.0925519509170167,-0.0010000606206064244
MX,2012 Q1,0.7341517324566601,-0.01005665088884844
MY,2012 Q1,0.8627139013529547,-0.006974243969329219
NL,2012 Q1,1.1407179022751888,-0.0035712796036002636
NO,2012 Q1,1.913703293288688,-0.031090100688925704
NZ,2012 Q1,1.546657171445035,0.008775052800182204
PL,2012 Q1,1.0469497420257765,0.002599437921635195
PT,2012 Q1,1.8540217135558468,0.052047953110881506
RO,2012 Q1,1.2047640657174743,-0.00668132592377213
RU,2012 Q1,1.1309650240725007,0.025548438259174855
SE,2012 Q1,2.1434915967451644,0.030282548689196442
SG,2012 Q1,0.8913397376159345,0.012612440569109817
SI,2012 Q1,1.5404637755312731,-0.02396770449444663
SK,2012 Q1,1.0407359051272822,-0.014267357488897625
TH,2012 Q1,1.018115378111281,-0.02965742163667362
TR,2012 Q1,1.0277322413944912,0.03213014051177354
US,2012 Q1,0.9183133821848151,-0.02673884726516884
ZA,2012 Q1,1.1369207234172414,0.03656412036366241
AR,2012 Q2,0.7658777817662931,-0.0033553164560012894
AT,2012 Q2,1.2622931620702682,-0.0060908450065164654
AU,2012 Q2,1.4473387624036174,-0.01969490470451496
BE,2012 Q2,0.5835352776381723,-0.00402148893766785
BG,2012 Q2,1.0799852419057296,1.9828752314565712e-4
BO,2012 Q2,0.83453864780045794,0.017423874803861206
BR,2012 Q2,1.143877862275128,0.0269145149035519
BY,2012 Q2,0.8350511516262302,-0.05819017640295976
CA,2012 Q2,1.1920710974933633,-0.023064984896933094
CH,2012 Q2,1.0962006199222334,-0.024811734811864605
CL,2012 Q2,1.623228083710973,0.020915564610619164
CN,2012 Q2,2.7431709860366267,-0.010697470992990343
CO,2012 Q2,1.8387153903230407,0.09780016000913316
CR,2012 Q2,1.9757585418130537,0.08762472513594766
CY,2012 Q2,1.0919326166088208,0.008464343620501191
CZ,2012 Q2,0.8015372016789637,5.65306198358928e-4
DE,2012 Q2,1.1212453721503044,-0.03636955968007061
DK,2012 Q2,3.5655106879614418,-0.17025904454698582
EE,2012 Q2,1.402896357937966,-0.06638749770181218
ES,2012 Q2,1.7829613548242382,0.025998967064273293
FI,2012 Q2,1.4643816670111123,-0.00782698389110914
FR,2012 Q2,1.2492352596480465,0.001727790903503612
GB,2012 Q2,1.333281013880483,-0.025187728689411104
GR,2012 Q2,1.5225172799513769,0.10181569599705931
HR,2012 Q2,1.2141171181297066,-0.04271431022545191
HU,2012 Q2,1.141886941982608,-0.013744263518963962
ID,2012 Q2,0.8641949768288333,0.030040164900727473
IE,2012 Q2,0.9890138061545058,0.012516602034647106
IL,2012 Q2,1.0590074027902876,-0.00511468665915249
IS,2012 Q2,1.6120547939081442,-0.02780978789266908
IT,2012 Q2,1.3377569321574698,0.003612885008695166
JP,2012 Q2,0.46537652689523995,-0.006425370117350726
KR,2012 Q2,1.1273269087783806,0.006418397293827649
LT,2012 Q2,1.313908509922637,-0.01433707402522777
LU,2012 Q2,0.3131180276876404,-0.011933117407814109
LV,2012 Q2,1.738803379238514,-0.06522378067719647
MT,2012 Q2,1.0706307851165484,-0.021921165800468323
MX,2012 Q2,0.7378466303430641,0.0036948978864039805
MY,2012 Q2,0.8785174787567878,0.01580357740383309
NL,2012 Q2,1.1494141492787413,0.008696247003552537
NO,2012 Q2,1.8908428495348044,-0.02286044375388352
NZ,2012 Q2,1.555432224245217,0.008775052800181982
PL,2012 Q2,1.0596128159651552,0.01266307393937871
PT,2012 Q2,1.8797405327653454,0.02571881920949859
RO,2012 Q2,1.2155530750713315,0.010789009353857182
RU,2012 Q2,1.1756412733165904,0.04467624924408975
SE,2012 Q2,2.1714420060528252,0.027950409307660795
SG,2012 Q2,0.914939850171605,0.023600112555670405
SI,2012 Q2,1.5211616182156968,-0.019302157315576274
SK,2012 Q2,1.0436402585976052,0.002904353470323029
TH,2012 Q2,1.0075756265032392,-0.01053975160804188
TR,2012 Q2,1.0578325258782226,0.030100284483731476
US,2012 Q2,0.9140824702111511,-0.004230911973663987
ZA,2012 Q2,1.1372986171173605,3.7789370011909185e-4
AR,2012 Q3,0.7774920738502302,0.011614292083937161
AT,2012 Q3,1.2842563363878758,0.021963174317607637
AU,2012 Q3,1.419758095952415,-0.027580666451202385
BE,2012 Q3,0.5532123257121803,-0.030322951925991992
BG,2012 Q3,1.0581078198105687,-0.02187742209516097
BO,2012 Q3,0.8548224669873329,0.02028381918687494
BR,2012 Q3,1.1323976139337368,-0.011480248341391164
BY,2012 Q3,0.8260415754858268,-0.00900957614040343
CA,2012 Q3,1.2168478926800435,0.02477679518668019
CH,2012 Q3,1.076068777324609,-0.02013184259762446
CL,2012 Q3,1.643369512666616,0.02014142895564297
CN,2012 Q3,2.892750142317733,0.1495791562811064
CO,2012 Q3,1.875161593810871,0.03644620348783034
CR,2012 Q3,2.0583221982478364,0.0825636564347827
CY,2012 Q3,1.1029421259927255,0.011009509383904659
CZ,2012 Q3,0.8056429625774082,0.004105760898444499
DE,2012 Q3,1.114106581063504,-0.007138791086800378
DK,2012 Q3,3.541663557458675,-0.023847130502766767
EE,2012 Q3,1.4022853481418198,-6.110097961462557e-4
ES,2012 Q3,1.8146613793639685,0.03170002453973031
FI,2012 Q3,1.4546116219917824,-0.009770045019329876
FR,2012 Q3,1.2529788232239332,0.003743563575886677
GB,2012 Q3,1.3172999018364255,-0.01598111204405739
GR,2012 Q3,1.4379594690789514,-0.08455781087242542
HR,2012 Q3,1.1607214428857715,-0.05339567524393507
HU,2012 Q3,1.09247046840667,-0.04941647357593815
ID,2012 Q3,0.8820268678226151,0.017831890993781796
IE,2012 Q3,0.9610889218790934,-0.027924884275412398
IL,2012 Q3,1.041244506350271,-0.017762896440016496
IS,2012 Q3,1.571251217932398,-0.04080357597574613
IT,2012 Q3,1.297589476795443,-0.040167455362026816
JP,2012 Q3,0.4705792665226744,0.0052027396274344495
KR,2012 Q3,1.1215912049860668,-0.0057357037923138066
LT,2012 Q3,1.2929994214397884,-0.02090908848284867
LU,2012 Q3,0.31057527318703154,-0.002542754500608868
LV,2012 Q3,1.7369577790630422,-0.001845600175471862
MT,2012 Q3,1.0532253518004135,-0.017405433316134866
MX,2012 Q3,0.7501047990189769,0.012258168675912784
MY,2012 Q3,0.883051032338178,0.004533553581390293
NL,2012 Q3,1.1498586160313478,4.4446675260645385e-4
NO,2012 Q3,1.9103910754421218,0.019548225907317418
NZ,2012 Q3,1.5642072770453992,0.008775052800182204
PL,2012 Q3,1.0527538726333907,-0.006858943331764511
PT,2012 Q3,1.8646408258585745,-0.015099706906770871
RO,2012 Q3,1.2149987910316578,-5.542840396737247e-4
RU,2012 Q3,1.2215054678524317,0.04586419453584134
SE,2012 Q3,2.150252699013163,-0.021189307039662264
SG,2012 Q3,0.9237324918875347,0.00879264171592975
SI,2012 Q3,1.5410424410079135,0.0198808227922167
SK,2012 Q3,1.0486442827857876,0.005004024188182354
TH,2012 Q3,0.9653599382308535,-0.04221568827238564
TR,2012 Q3,1.065362308701923,0.007529782823700426
US,2012 Q3,0.9002044832083534,-0.013877987002797632
ZA,2012 Q3,1.1218793135890208,-0.015419303528339645
AR,2012 Q4,0.7824718659603777,0.00497979211014743
AT,2012 Q4,1.2678776327075194,-0.016378703680356432
AU,2012 Q4,1.406469287189086,-0.013288808763328941
BE,2012 Q4,0.5572336583604189,0.0040213326482386735
BG,2012 Q4,1.0455036482407338,-0.012604171569834843
BO,2012 Q4,0.8129901656385164,-0.041832301348816436
BR,2012 Q4,1.1648821975747772,0.03248458364104034
BY,2012 Q4,0.7951143670687353,-0.030927208417091512
CA,2012 Q4,1.21117717310151,-0.00567071957853349
CH,2012 Q4,1.0709449653167749,-0.005123812007834072
CL,2012 Q4,1.5889592882773733,-0.05441022438924259
CN,2012 Q4,2.733520469125547,-0.15922967319218628
CO,2012 Q4,1.717710833983851,-0.15745075982702006
CR,2012 Q4,1.9889995859232599,-0.06932261232457648
CY,2012 Q4,1.1384839650145773,0.03554183902185182
CZ,2012 Q4,0.7837273657074657,-0.02191559686994249
DE,2012 Q4,1.1056962782955726,-0.008410302767931421
DK,2012 Q4,3.5806573118760463,0.038993754417371296
EE,2012 Q4,1.3564356435643565,-0.04584970457746329
ES,2012 Q4,1.6461864595664168,-0.1684749197975517
FI,2012 Q4,1.4644491985339227,0.009837576542140347
FR,2012 Q4,1.2387943665515162,-0.014184456672416967
GB,2012 Q4,1.3188008238763782,0.001500922039952668
GR,2012 Q4,1.3516358515094613,-0.08632361756949014
HR,2012 Q4,1.1229135053110775,-0.03780793757469403
HU,2012 Q4,1.0539193021551436,-0.038551166251526325
ID,2012 Q4,0.8773472070215582,-0.004679660801056862
IE,2012 Q4,1.0093933669185557,0.048304445039462296
IL,2012 Q4,1.0172646126136207,-0.023979893736650437
IS,2012 Q4,1.5330754624038228,-0.03817575552857533
IT,2012 Q4,1.270380685404123,-0.02720879139131993
JP,2012 Q4,0.4735560795935336,0.0029768130708591745
KR,2012 Q4,1.1060013358843506,-0.015589869101716225
LT,2012 Q4,1.2476486529571178,-0.04535076848267061
LU,2012 Q4,0.3205354904943227,0.00996021730729113
LV,2012 Q4,1.645494332847043,-0.09146344621599911
MT,2012 Q4,0.9971371235692909,-0.056088228231122694
MX,2012 Q4,0.7471152478075702,-0.002989551211406649
MY,2012 Q4,0.8919862683070273,0.008935235968849264
NL,2012 Q4,1.166343919717823,0.01648530368647516
NO,2012 Q4,1.9244402595712606,0.014049184129138803
NZ,2012 Q4,1.5729823298455812,0.008775052800181982
PL,2012 Q4,1.0080521283006194,-0.0447017443327713
PT,2012 Q4,1.8514429430069483,-0.013197882851626153
RO,2012 Q4,1.17357295352315,-0.0414258375085077
RU,2012 Q4,1.1611737114723035,-0.06033175638012822
SE,2012 Q4,2.129107771713816,-0.021144927299347138
SG,2012 Q4,0.9278045391075449,0.0040720472200102
SI,2012 Q4,1.49471435856883,-0.046328082439083484
SK,2012 Q4,1.008840645363627,-0.03980363742216064
TH,2012 Q4,0.9766441202545414,0.011284182023687861
TR,2012 Q4,1.0810437454995587,0.015681436797635673
US,2012 Q4,0.8794937427982795,-0.020710740410073925
ZA,2012 Q4,1.133407661984938,0.01152834839591721
AR,2013 Q1,0.781075285530321,-0.0013965804300566376
AT,2013 Q1,1.2474361245434775,-0.02044150816404189
AU,2013 Q1,1.4035441407208982,-0.002925146468187867
BE,2013 Q1,0.560171219401686,0.0029375610412670783
BG,2013 Q1,1.0183547615848345,-0.027148886655899318
BO,2013 Q1,0.822460312300116,0.00947014666159951
BR,2013 Q1,1.1530948691693226,-0.0117873284054546
BY,2013 Q1,0.7750180308800019,-0.02009633618873341
CA,2013 Q1,1.212557644560993,0.001380471459482946
CH,2013 Q1,1.0651307232377822,-0.005814242078992615
CL,2013 Q1,1.5869507298311878,-0.0020085584461855266
CN,2013 Q1,2.855819944093263,0.1222994749677162
CO,2013 Q1,1.738456760384718,0.020745926400867143
CR,2013 Q1,1.959151707743051,-0.029847878180208953
CY,2013 Q1,1.2112520418948785,0.07276807688030118
CZ,2013 Q1,0.7858581618999028,0.0021307961924370566
DE,2013 Q1,1.1038319960106986,-0.0018642822848740082
DK,2013 Q1,3.5673114463543163,-0.013345865521730005
EE,2013 Q1,1.3718295218295218,0.01539387826516525
ES,2013 Q1,1.5766301742439808,-0.06955628532243607
FI,2013 Q1,1.4892727359284004,0.024823537394477624
FR,2013 Q1,1.2353596665484008,-0.0034347000031154096
GB,2013 Q1,1.3304596760969774,0.011658852220599147
GR,2013 Q1,1.3135370005898603,-0.03809885091960097
HR,2013 Q1,1.1193784016041248,-0.003535103706952647
HU,2013 Q1,1.0417955281471047,-0.012123774008038879
ID,2013 Q1,0.8772696861093854,-7.752091217283485e-5
IE,2013 Q1,0.9416404352909434,-0.06775293162761231
IL,2013 Q1,1.0121620083454623,-0.0051026042681583395
IS,2013 Q1,1.4923299218337394,-0.040745540570083394
IT,2013 Q1,1.2394027933124852,-0.030977892091637926
JP,2013 Q1,0.47208141503093914,-0.00147466456259443
KR,2013 Q1,1.0895830452942508,-0.016418290590099804
LT,2013 Q1,1.226082095511899,-0.021566557445218848
LU,2013 Q1,0.33275296622538164,0.012217475731058969
LV,2013 Q1,1.6361579364181469,-0.009336396428896165
MT,2013 Q1,1.0035598432612391,0.006422719691948298
MX,2013 Q1,0.7617890079417344,0.014673760134164215
MY,2013 Q1,0.8825142288410744,-0.009472039465952875
NL,2013 Q1,1.1701251934128705,0.003781273695047549
NO,2013 Q1,1.9203693703358238,-0.004070889235436859
NZ,2013 Q1,1.5817573826457634,0.008775052800182204
PL,2013 Q1,1.002150248786593,-0.005901879514026431
PT,2013 Q1,1.8346024020723761,-0.016840540934572212
RO,2013 Q1,1.1453095311841082,-0.028263422339041888
RU,2013 Q1,1.170900911476577,0.009727200004273406
SE,2013 Q1,2.131231147879552,0.0021233761657359906
SG,2013 Q1,0.9289996640566452,0.0011951249491003457
SI,2013 Q1,1.4375174166733435,-0.05719694189548652
SK,2013 Q1,1.0227011665083772,0.013860521144750226
TH,2013 Q1,0.9692742434630457,-0.0073698767914957
TR,2013 Q1,1.113669445352317,0.032625699852758316
US,2013 Q1,0.8614784419405122,-0.01801530085776737
ZA,2013 Q1,1.1425744542532053,0.009166792268267221
AR,2013 Q2,0.7700040830072168,-0.011071202523104229
AT,2013 Q2,1.240885421569255,-0.006550702974222444
AU,2013 Q2,1.401804148652218,-0.0017399920686802517
BE,2013 Q2,0.555890914519229,-0.004280304882457009
BG,2013 Q2,1.0189383020499578,5.835404651233222e-4
BO,2013 Q2,0.8513454265831891,0.028885114283073166
BR,2013 Q2,1.1673779906257602,0.01428312145643762
BY,2013 Q2,0.8006884615974891,0.025670430717487203
CA,2013 Q2,1.2154968983478773,0.0029392537868844215
CH,2013 Q2,1.0141829872037937,-0.0509477360339885
CL,2013 Q2,1.5980146615305577,0.011063931699369922
CN,2013 Q2,2.9056176678482024,0.049797723754939405
CO,2013 Q2,1.6922376838939406,-0.0462190764907775
CR,2013 Q2,1.9957268817413365,0.03657517399828558
CY,2013 Q2,1.4687941769182182,0.2575421350233398
CZ,2013 Q2,0.782202876292768,-0.003655285607134795
DE,2013 Q2,1.0883161210567445,-0.015515874953954123
DK,2013 Q2,3.4900315675448454,-0.07727987880947085
EE,2013 Q2,1.3263168598739068,-0.045512661955614986
ES,2013 Q2,1.5635692908313956,-0.013060883412585156
FI,2013 Q2,1.4781014750464134,-0.011171260881986944
FR,2013 Q2,1.2433505470459518,0.007990880497551034
GB,2013 Q2,1.309634739710935,-0.020824936386042436
GR,2013 Q2,1.3090806609510812,-0.0044563396387791165
HR,2013 Q2,1.1160912940500969,-0.003287107554027946
HU,2013 Q2,1.031230057216609,-0.010565470930495646
ID,2013 Q2,0.9134859565814959,0.03621627047211051
IE,2013 Q2,0.9230331107413703,-0.018607324549573145
IL,2013 Q2,0.9915197878714341,-0.020642220474028194
IS,2013 Q2,1.4357640005089687,-0.056565921324770674
IT,2013 Q2,1.233336202903185,-0.006066590409300243
JP,2013 Q2,0.46720267475531174,-0.004878740275627402
KR,2013 Q2,1.0953809555950527,0.005797910300801901
LT,2013 Q2,1.2133279154815115,-0.012754180030387419
LU,2013 Q2,0.3150232867598137,-0.017729679465567916
LV,2013 Q2,1.5667806330649607,-0.06937730335318615
MT,2013 Q2,0.9797623987546732,-0.023797444506565957
MX,2013 Q2,0.7562314234421155,-0.005557584499618962
MY,2013 Q2,0.8902941593035967,0.007779930462522233
NL,2013 Q2,1.1549007932643482,-0.015224400148522221
NO,2013 Q2,1.8787640281083968,-0.041605342227426956
NZ,2013 Q2,1.590336642118527,0.008579259472763612
PL,2013 Q2,1.0139291103885024,0.01177886160190944
PT,2013 Q2,1.805636196275579,-0.028966205796797206
RO,2013 Q2,1.1404285925955315,-0.004880938588576633
RU,2013 Q2,1.1744229822478354,0.0035220707712584343
SE,2013 Q2,2.1264140609288966,-0.004817086950655192
SG,2013 Q2,0.9622484921384258,0.033248828081780535
SI,2013 Q2,1.4392864951190945,0.0017690784457509157
SK,2013 Q2,1.0188936320044413,-0.0038075345039358943
TH,2013 Q2,0.975776619982178,0.006502376519132325
TR,2013 Q2,1.177667695824534,0.06399825047221697
US,2013 Q2,0.8662832671074694,0.004804825166957238
ZA,2013 Q2,1.13962265643496,-0.002951797818245172
AR,2013 Q3,0.7802872159830603,0.01028313297584349
AT,2013 Q3,1.2578567689961997,0.016971347426944616
AU,2013 Q3,1.3854113462629332,-0.016392802389284755
BE,2013 Q3,0.5471897519476459,-0.008701162571583154
BG,2013 Q3,0.9868902705234065,-0.032048031526551335
BO,2013 Q3,0.8607022119001063,0.009356785316917193
BR,2013 Q3,1.1888575031505018,0.021479512524741562
BY,2013 Q3,0.8407547914848479,0.04006632988735881
CA,2013 Q3,1.2096952192176902,-0.005801679130187143
CH,2013 Q3,1.0076249792981573,-0.0065580079056364315
CL,2013 Q3,1.5783708252108326,-0.019643836319725105
CN,2013 Q3,3.0503614673225363,0.1447437994743339
CO,2013 Q3,1.7085565798363045,0.01631889594236391
CR,2013 Q3,2.0219437380784453,0.026216856337108796
CY,2013 Q3,1.421169282376902,-0.04762489454131624
CZ,2013 Q3,0.7783341909484847,-0.003868685344283307
DE,2013 Q3,1.0798080799578236,-0.008508041098920893
DK,2013 Q3,3.5042370734297696,0.014205505884924197
EE,2013 Q3,1.3288610914960153,0.0025442316221084837
ES,2013 Q3,1.55265660986869,-0.01091268096270559
FI,2013 Q3,1.5020044191919193,0.023902944145505867
FR,2013 Q3,1.2585873528075713,0.015236805761619454
GB,2013 Q3,1.2750277401717918,-0.034606999539143146
GR,2013 Q3,1.2955041804278615,-0.013576480523219692
HR,2013 Q3,1.0909502893397476,-0.025141004710349302
HU,2013 Q3,1.0665336661242364,0.03530360890762729
ID,2013 Q3,0.9272159743873027,0.013730017805806849
IE,2013 Q3,0.9379970297434407,0.014963919002070392
IL,2013 Q3,0.9875721564209746,-0.00394763145045951
IS,2013 Q3,1.3958100257027752,-0.03995397480619345
IT,2013 Q3,1.227052977246604,-0.006283225656581015
JP,2013 Q3,0.4746734762995074,0.00747080154419566
KR,2013 Q3,1.1003780431626582,0.004997087567605529
LT,2013 Q3,1.1956226535665788,-0.017705261914932713
LU,2013 Q3,0.32522679152393574,0.010203504764122018
LV,2013 Q3,1.5339699264625177,-0.03281070660244301
MT,2013 Q3,0.9387212198458822,-0.041041178908791
MX,2013 Q3,0.7702251256747814,0.013993702232665939
MY,2013 Q3,0.9021109078107488,0.011816748507152086
NL,2013 Q3,1.136268979994098,-0.01863181327025032
NO,2013 Q3,1.9102529446746697,0.03148891656627284
NZ,2013 Q3,1.5649749944490445,-0.025361647669482457
PL,2013 Q3,1.0204311046392287,0.006501994250726284
PT,2013 Q3,1.7765658262906452,-0.02907036998493373
RO,2013 Q3,1.1172512718566776,-0.023177320738853924
RU,2013 Q3,1.2127149925390717,0.0382920102912363
SE,2013 Q3,2.1407412180533134,0.01432715712441679
SG,2013 Q3,0.9810946295060651,0.018846137367639293
SI,2013 Q3,1.4310477632134173,-0.008238731905677144
SK,2013 Q3,1.0301063638002523,0.01121273179581106
TH,2013 Q3,0.9784720984735321,0.0026954784913540975
TR,2013 Q3,1.1951524623821477,0.017484766557613662
US,2013 Q3,0.8550396153657024,-0.011243651741767002
ZA,2013 Q3,1.126155840464455,-0.013466815970505142
AR,2013 Q4,0.7982595873929866,0.017972371409926358
AT,2013 Q4,1.2298404661293025,-0.028016302866897158
AU,2013 Q4,1.3726998658374108,-0.012711480425522392
BE,2013 Q4,0.5569238641156663,0.009734112168020448
BG,2013 Q4,0.9613674250702494,-0.025522845453157084
BO,2013 Q4,0.8252027131038105,-0.03549949879629577
BR,2013 Q4,1.2210555395230733,0.03219803637257157
BY,2013 Q4,0.8317686647640392,-0.008986126720808674
CA,2013 Q4,1.1873553422899459,-0.022339876927744307
CH,2013 Q4,1.0159489678438005,0.008323988545643202
CL,2013 Q4,1.5377252871447176,-0.04064553806611504
CN,2013 Q4,2.85752180950919,-0.19283965781334622
CO,2013 Q4,1.632129846844712,-0.07642673299159242
CR,2013 Q4,2.002178905329439,-0.01976483274900609
CY,2013 Q4,1.4452211642762445,0.024051881899342487
CZ,2013 Q4,0.7663380176660414,-0.01199617328244329
DE,2013 Q4,1.0610755163395902,-0.01873256361823339
DK,2013 Q4,3.4516789123675347,-0.05255816106223499
EE,2013 Q4,1.275995361422497,-0.05286573007351825
ES,2013 Q4,1.5283952522124382,-0.024261357656251814
FI,2013 Q4,1.4707785719775575,-0.031225847214361835
FR,2013 Q4,1.249197111468469,-0.009390241339102268
GB,2013 Q4,1.2672804022472028,-0.007747337924588926
GR,2013 Q4,1.2675203587867343,-0.027983821641127227
HR,2013 Q4,1.0797960260242658,-0.01115426331548175
HU,2013 Q4,0.9794117455599988,-0.08712192056423762
ID,2013 Q4,0.9343220970700957,0.007106122682792981
IE,2013 Q4,0.915354437966545,-0.02264259177689565
IL,2013 Q4,0.9582835089841502,-0.029288647436824466
IS,2013 Q4,1.424100288133679,0.028290262430903823
IT,2013 Q4,1.1961115340723703,-0.03094144317423364
JP,2013 Q4,0.4791568352147956,0.004483358915288171
KR,2013 Q4,1.0907439475335288,-0.009634095629129424
LT,2013 Q4,1.1495865887885914,-0.046036064777987384
LU,2013 Q4,0.34019746633271625,0.014970674808780504
LV,2013 Q4,1.337839151998444,-0.19613077446407368
MT,2013 Q4,0.8862941637109033,-0.05242705613497889
MX,2013 Q4,0.7911684137876781,0.020943288112896696
MY,2013 Q4,0.9138416168731657,0.01173070906241691
NL,2013 Q4,1.1751852203237798,0.038916240329681884
NO,2013 Q4,1.8814868774634799,-0.028766067211189794
NZ,2013 Q4,1.5441822658521636,-0.02079272859688097
PL,2013 Q4,0.9871478222115406,-0.03328328242768808
PT,2013 Q4,1.7171794621572263,-0.05938636413341891
RO,2013 Q4,1.0453314174348742,-0.07191985442180338
RU,2013 Q4,1.161437087650815,-0.051277904888256565
SE,2013 Q4,2.083216045038705,-0.057525173014608466
SG,2013 Q4,1.022344167842469,0.04124953833640388
SI,2013 Q4,1.2565603829353142,-0.17448738027810307
SK,2013 Q4,1.0037481844475726,-0.0263581793526797
TH,2013 Q4,0.9799894504524046,0.0015173519788724832
TR,2013 Q4,1.201597548599133,0.006445086216985363
US,2013 Q4,0.8458886218404004,-0.00915099352530202
ZA,2013 Q4,1.1334405003618442,0.007284659897389245
AR,2014 Q1,0.7774977407675038,-0.02076184662548286
AT,2014 Q1,1.2362378541790604,0.006397388049757868
AU,2014 Q1,1.388379821347449,0.0156799555100382
BE,2014 Q1,0.5548927916072836,-0.0020310725083827474
BG,2014 Q1,0.9493616338529878,-0.012005791217261641
BO,2014 Q1,0.8359983134195608,0.01079560031575022
BR,2014 Q1,1.2261809206758534,0.005125381152780051
BY,2014 Q1,0.8284212549913996,-0.003347409772639587
CA,2014 Q1,1.1909024616455814,0.003547119355635564
CH,2014 Q1,1.0051831051722588,-0.01076586267154167
CL,2014 Q1,1.5846106605266557,0.0468853733819381
CN,2014 Q1,3.085349761844991,0.2278279523358009
CO,2014 Q1,1.6443019639774867,0.012172117132774662
CR,2014 Q1,1.9670203270169555,-0.0351585783124837
CY,2014 Q1,1.4489565190821034,0.003735354805858959
CZ,2014 Q1,0.7561990829444569,-0.010138934721584447
DE,2014 Q1,1.060293553775854,-7.819625637361938e-4
DK,2014 Q1,3.3792160951002237,-0.07246281726731096
EE,2014 Q1,1.2568694333901838,-0.019125928032313277
ES,2014 Q1,1.502434776000608,-0.025960476211830175
FI,2014 Q1,1.4317701159806422,-0.03900845599691527
FR,2014 Q1,1.2484584727272727,-7.386387411962847e-4
GB,2014 Q1,1.2322927746899395,-0.03498762755726337
GR,2014 Q1,1.2612991418523416,-0.006221216934392704
HR,2014 Q1,1.0959877204255015,0.01619169440123569
HU,2014 Q1,1.002874372261735,0.023462626701736267
ID,2014 Q1,0.9522352449594317,0.017913147889335956
IE,2014 Q1,0.8589017461921857,-0.0564526917743593
IL,2014 Q1,0.9660333326480695,0.0077498236639192974
IS,2014 Q1,1.3992396700626937,-0.024860618070985385
IT,2014 Q1,1.199909342190483,0.0037978081181127
JP,2014 Q1,0.47307722370464006,-0.006079611510155514
KR,2014 Q1,1.0818297634022904,-0.008914184131238345
LT,2014 Q1,1.1481255714721121,-0.0014610173164792961
LU,2014 Q1,0.33574409889348705,-0.004453367439229194
LV,2014 Q1,1.3347124117053482,-0.0031267402930958976
MT,2014 Q1,0.8652742562092061,-0.021019907501697244
MX,2014 Q1,0.7625461792971087,-0.028622234490569443
MY,2014 Q1,0.9176135004552542,0.0037718835820885754
NL,2014 Q1,1.1618993935069568,-0.013285826816822999
NO,2014 Q1,1.8811521482899767,-3.3472917350318987e-4
NZ,2014 Q1,1.5412484489208464,-0.0029338169313171125
PL,2014 Q1,1.005569678734304,0.018421856522763402
PT,2014 Q1,1.7498996156714277,0.03272015351420143
RO,2014 Q1,1.0544776235737245,0.00914620613885031
RU,2014 Q1,1.1975422933104913,0.03610520565967623
SE,2014 Q1,2.0890235296716617,0.005807484632956772
SG,2014 Q1,1.0145127381576184,-0.00783142968485051
SI,2014 Q1,1.1982204415576367,-0.05833994137767751
SK,2014 Q1,1.0257224245843535,0.021974240136780843
TH,2014 Q1,0.975957383499739,-0.004032066952665558
TR,2014 Q1,1.2342322293717938,0.03263468077266074
US,2014 Q1,0.8358096634879559,-0.010078958352444434
ZA,2014 Q1,1.117492134232959,-0.015948366128885283
AR,2014 Q2,0.7318280496963486,-0.04566969107115515
AT,2014 Q2,1.2382611673870232,0.0020233132079627847
AU,2014 Q2,1.3961577892609838,0.0077779679135348
BE,2014 Q2,0.5531838731488724,-0.001708918458411146
BG,2014 Q2,0.9751799671316773,0.025818333278689543
BO,2014 Q2,0.8588518949860166,0.022853581566455783
BR,2014 Q2,1.2279961210716603,0.0018152003958069596
BY,2014 Q2,0.8198167221088666,-0.008604532882533045
CA,2014 Q2,1.1854775261420274,-0.005424935503554051
CH,2014 Q2,1.0149373548286873,0.00975424965642846
CL,2014 Q2,1.6107670164439039,0.026156355917248186
CN,2014 Q2,3.0161441409274867,-0.06920562091750426
CO,2014 Q2,1.6961831056852472,0.05188114170776048
CR,2014 Q2,2.0753824838777777,0.10836215686082218
CY,2014 Q2,1.4570544630276296,0.00809794394552621
CZ,2014 Q2,0.7641268607097311,0.007927777765274202
DE,2014 Q2,1.053286807724944,-0.007006746050910007
DK,2014 Q2,3.3067287283343023,-0.07248736676592138
EE,2014 Q2,1.244214034438067,-0.012655398952116759
ES,2014 Q2,1.4425842121389212,-0.059850563861686856
FI,2014 Q2,1.476638099996157,0.04486798401551484
FR,2014 Q2,1.2206933558964876,-0.027765116830785086
GB,2014 Q2,1.2204106575191742,-0.01188211717076526
GR,2014 Q2,1.2387581994360781,-0.022540942416263476
HR,2014 Q2,1.1011105465631124,0.005122826137610836
HU,2014 Q2,0.9949963622406286,-0.00787801002110644
ID,2014 Q2,0.9379776264997415,-0.014257618459690202
IE,2014 Q2,0.8231662127773561,-0.0357355334148296
IL,2014 Q2,0.9690024926445928,0.002969159996523363
IS,2014 Q2,1.3860053391819207,-0.013234330880772971
IT,2014 Q2,1.1909223912793443,-0.008986950911138658
JP,2014 Q2,0.4705022219383957,-0.002575001766244367
KR,2014 Q2,1.0765427220705774,-0.005287041331712983
LT,2014 Q2,1.1420937758711522,-0.006031795600959899
LU,2014 Q2,0.33637688569808655,6.327868045994944e-4
LV,2014 Q2,1.322013093289689,-0.012699318415659189
MT,2014 Q2,0.8799989978292265,0.014724741620020465
MX,2014 Q2,0.7545803573827118,-0.007965821914396876
MY,2014 Q2,0.9279740473241302,0.010360546868875997
NL,2014 Q2,1.1523043592342843,-0.009595034272672498
NO,2014 Q2,1.8245501865894669,-0.056601961700509795
NZ,2014 Q2,1.5460938976211946,0.004845448700348198
PL,2014 Q2,1.014492035145203,0.00892235641089889
PT,2014 Q2,1.7018589671149282,-0.04804064855649948
RO,2014 Q2,1.0413828099138505,-0.013094813659874083
RU,2014 Q2,1.2118348883606698,0.014292595050178436
SE,2014 Q2,2.072499906304028,-0.0165236233676338
SG,2014 Q2,1.0566153899142805,0.04210265175666206
SI,2014 Q2,1.14629620880774,-0.05192423274989677
SK,2014 Q2,1.0339128082213198,0.008190383636966336
TH,2014 Q2,0.9934461817244863,0.01748879822474725
TR,2014 Q2,1.2587645238116796,0.024532294439885804
US,2014 Q2,0.8358712155564776,6.155206852165307e-5
ZA,2014 Q2,1.1230337936048413,0.005541659371882446
AR,2014 Q3,0.7257407019096535,-0.006087347786695174
AT,2014 Q3,1.2356738859515224,-0.002587281435500799
AU,2014 Q3,1.3831472252912458,-0.013010563969737987
BE,2014 Q3,0.5518507382035595,-0.0013331349453129526
BG,2014 Q3,0.944195251360142,-0.030984715771535276
BO,2014 Q3,0.8554801317642685,-0.0033717632217480364
BR,2014 Q3,1.1907834184746244,-0.03721270259703591
BY,2014 Q3,0.8103210805221761,-0.009495641586690473
CA,2014 Q3,1.1871517860534941,0.0016742599114667467
CH,2014 Q3,1.0061685086901135,-0.00876884613857376
CL,2014 Q3,1.5798585442872168,-0.030908472156687017
CN,2014 Q3,3.2729604804754584,0.2568163395479717
CO,2014 Q3,1.7452066320263095,0.04902352634106233
CR,2014 Q3,2.1004765456366017,0.025094061758824004
CY,2014 Q3,1.4445580761125574,-0.012496386915072266
CZ,2014 Q3,0.7615496092129983,-0.002577251496732824
DE,2014 Q3,1.0430125313431649,-0.010274276381779135
DK,2014 Q3,3.2785334206913883,-0.028195307642914003
EE,2014 Q3,1.2448364101626759,6.223757246088812e-4
ES,2014 Q3,1.4111264209438512,-0.03145779119506997
FI,2014 Q3,1.456270161745133,-0.02036793825102401
FR,2014 Q3,1.2241071690904304,0.0034138131939427385
GB,2014 Q3,1.2232199488199604,0.002809291300786221
GR,2014 Q3,1.2239286193949233,-0.014829580041154866
HR,2014 Q3,1.0465712602654285,-0.0545392862976839
HU,2014 Q3,0.966979437272002,-0.028016924968626622
ID,2014 Q3,0.9287342941920147,-0.009243332307726781
IE,2014 Q3,0.7567554676795533,-0.06641074509780287
IL,2014 Q3,0.9664013635120519,-0.002601129132540958
IS,2014 Q3,1.3451358763717007,-0.04086946281021997
IT,2014 Q3,1.1738647855363442,-0.01705760574300008
JP,2014 Q3,0.4769389579124846,0.006436735974088892
KR,2014 Q3,1.0742362931745482,-0.002306428896029278
LT,2014 Q3,1.1083448930422721,-0.03374888282888011
LU,2014 Q3,0.3348978566031204,-0.0014790290949661666
LV,2014 Q3,1.2927905344429962,-0.02922255884669278
MT,2014 Q3,0.8568363921823399,-0.023162605646886658
MX,2014 Q3,0.7521811670784392,-0.0023991903042726026
MY,2014 Q3,0.9452554961873957,0.017281448863265436
NL,2014 Q3,1.1476265131460588,-0.0046778460882255235
NO,2014 Q3,1.8581178431648846,0.033567656575417715
NZ,2014 Q3,1.5326520731967015,-0.013441824424493154
PL,2014 Q3,1.0109492578374344,-0.00354277730776853
PT,2014 Q3,1.6596076465756096,-0.04225132053931868
RO,2014 Q3,1.0190089062971621,-0.02237390361668834
RU,2014 Q3,1.2409159648486288,0.02908107648795899
SE,2014 Q3,2.079562494880527,0.007062588576498996
SG,2014 Q3,1.0689618816067208,0.012346491692440287
SI,2014 Q3,1.107523317444307,-0.03877289136343287
SK,2014 Q3,1.081805552240761,0.047892744019441214
TH,2014 Q3,0.9962685279890556,0.002822346264569342
TR,2014 Q3,1.2660853461311339,0.007320822319454301
US,2014 Q3,0.8321387428512236,-0.0037324727052540085
ZA,2014 Q3,1.1069716051156033,-0.016062188489238016
AR,2014 Q4,0.7216188537110666,-0.004121848198586853
AT,2014 Q4,1.1468553459119497,-0.08881854003957268
AU,2014 Q4,1.3877391823377876,0.004591957046541806
BE,2014 Q4,0.5588064693354463,0.006955731131886855
BG,2014 Q4,0.8731446743469253,-0.07105057701321671
BO,2014 Q4,0.8088459785581998,-0.046634153206068674
BR,2014 Q4,1.205900789692445,0.01511737121782053
BY,2014 Q4,0.8327392745653308,0.022418194043154704
CA,2014 Q4,1.1969698004148464,0.009818014361352212
CH,2014 Q4,0.9980149613435061,-0.008153547346607448
CL,2014 Q4,1.5306535180563208,-0.049205026230896065
CN,2014 Q4,3.1358965425948795,-0.1370639378805789
CO,2014 Q4,1.7560462431317738,0.010839611105464275
CR,2014 Q4,2.089157672947579,-0.011318872689022541
CY,2014 Q4,1.3998210815312953,-0.044736994581262124
CZ,2014 Q4,0.7417188298676195,-0.0198307793453788
DE,2014 Q4,1.022155550811148,-0.0208569805320169
DK,2014 Q4,3.2508700278711866,-0.027663392820201693
EE,2014 Q4,1.1977142857142857,-0.047122124448390146
ES,2014 Q4,1.3437575294079775,-0.06736889153587367
FI,2014 Q4,1.4463643553128311,-0.009905806432301878
FR,2014 Q4,1.202431842521753,-0.021675326568677322
GB,2014 Q4,1.201545165900581,-0.02167478291937952
GR,2014 Q4,1.255632045693672,0.03170342629874878
HR,2014 Q4,1.0523329129886507,0.005761652723222266
HU,2014 Q4,0.924423873044194,-0.04255556422780793
ID,2014 Q4,0.9329178835502542,0.004183589358239481
IE,2014 Q4,0.7353674377934815,-0.021388029886071802
IL,2014 Q4,0.917240575763547,-0.04916078774850485
IS,2014 Q4,1.238218928777746,-0.10691694759395465
IT,2014 Q4,1.1390041835684874,-0.034860601967856786
JP,2014 Q4,0.47871232564732136,0.0017733677348367727
KR,2014 Q4,1.079629691899621,0.00539339872507294
LT,2014 Q4,0.9859672131147541,-0.12237767992751802
LU,2014 Q4,0.3459510690482176,0.011053212445097216
LV,2014 Q4,1.2081426392067125,-0.08464789523628369
MT,2014 Q4,0.7424689344449553,-0.11436745773738455
MX,2014 Q4,0.7536169349999068,0.0014357679214676011
MY,2014 Q4,0.9417808119992818,-0.003474684188113919
NL,2014 Q4,1.113640656633845,-0.03398585651221375
NO,2014 Q4,1.855646612418479,-0.0024712307464056504
NZ,2014 Q4,1.5141436939132575,-0.018508379283443954
PL,2014 Q4,0.9743595897390003,-0.036589668098434114
PT,2014 Q4,1.5671445942485822,-0.09246305232702734
RO,2014 Q4,0.9379826823384539,-0.08102622395870818
RU,2014 Q4,1.2303141796106465,-0.010601785237982275
SE,2014 Q4,2.029025998004384,-0.05053649687614303
SG,2014 Q4,1.062893513320192,-0.006068368286528791
SI,2014 Q4,1.0158064658670347,-0.09171685157727238
SK,2014 Q4,1.0437713069753511,-0.03803424526540988
TH,2014 Q4,0.9848176991260232,-0.011450828863032392
TR,2014 Q4,1.2828167114059883,0.016731365274854415
US,2014 Q4,0.8391927603966979,0.0070540175454743
ZA,2014 Q4,1.1196133482706387,0.012641743155035412
AR,2015 Q1,0.7024633852538487,-0.01915546845721794
AT,2015 Q1,1.1535155432047501,0.006660197292800429
AU,2015 Q1,1.3980327140028923,0.010293531665104716
BE,2015 Q1,0.5576988954919646,-0.0011075738434817017
BG,2015 Q1,0.8497576248194384,-0.023387049527486936
BO,2015 Q1,0.8294463953483687,0.020600416790168885
BR,2015 Q1,1.2090849709756788,0.0031841812832338334
BY,2015 Q1,0.7939899704252673,-0.0387493041400635
CA,2015 Q1,1.1851600734214114,-0.011809726993434966
CH,2015 Q1,1.000426523239191,0.0024115618956848106
CL,2015 Q1,1.536648555621474,0.005995037565153183
CN,2015 Q1,3.426895354625004,0.29099881203012457
CO,2015 Q1,1.8708859973257452,0.11483975419397141
CR,2015 Q1,2.182694793731811,0.09353712078423193
CY,2015 Q1,1.4162628386821492,0.016441757150853942
CZ,2015 Q1,0.7447072058491642,0.0029883759815446664
DE,2015 Q1,1.0172718822153588,-0.004883668595789148
DK,2015 Q1,3.236104248087088,-0.014765779784098765
EE,2015 Q1,1.1821953327571304,-0.01551895295715533
ES,2015 Q1,1.3310548574907204,-0.012702671917257158
FI,2015 Q1,1.4069097202357115,-0.03945463507711966
FR,2015 Q1,1.2061815951692036,0.0037497526474505882
GB,2015 Q1,1.208379782146035,0.006834616245454006
GR,2015 Q1,1.4524169393754507,0.19678489368177865
HR,2015 Q1,1.0812673154791503,0.02893440249049961
HU,2015 Q1,0.8953305490683805,-0.029093323975813545
ID,2015 Q1,0.9091485280340375,-0.023769355516216728
IE,2015 Q1,0.7215388663933243,-0.013828571400157141
IL,2015 Q1,0.9292881764857608,0.01204760072221378
IS,2015 Q1,1.1734792470259403,-0.06473968175180578
IT,2015 Q1,1.1394330276206073,4.288440521198478e-4
JP,2015 Q1,0.47672447828328096,-0.001987847364040396
KR,2015 Q1,1.070226020409452,-0.009403671490169074
LT,2015 Q1,0.9916987647761987,0.005731551661444567
LU,2015 Q1,0.32404295458716836,-0.021908114461049233
LV,2015 Q1,1.1928890578952371,-0.015253581311475362
MT,2015 Q1,0.7296448603005146,-0.012824074144440756
MX,2015 Q1,0.7505723314452794,-0.003044603554627434
MY,2015 Q1,0.9407446586576296,-0.0010361533416521906
NL,2015 Q1,1.0818033125623938,-0.031837344071451223
NO,2015 Q1,1.8611933604879387,0.0055467480694597615
NZ,2015 Q1,1.5006673770280055,-0.013476316885252082
PL,2015 Q1,0.9960347741362512,0.021675184397250913
PT,2015 Q1,1.5689564384623902,0.0018118442138079782
RO,2015 Q1,0.9659929535459019,0.028010271207447923
RU,2015 Q1,1.1927785890665514,-0.037535590544095054
SE,2015 Q1,2.0450118980606375,0.015985900056253666
SG,2015 Q1,1.048807480581541,-0.014086032738650944
SI,2015 Q1,1.002491481864803,-0.013314984002231744
SK,2015 Q1,1.0400756851508033,-0.0036956218245478567
TH,2015 Q1,0.9675080188239549,-0.017309680302068364
TR,2015 Q1,1.3045451016319674,0.021728390225979055
US,2015 Q1,0.8297481947889445,-0.009444565607753419
ZA,2015 Q1,1.1343848481767476,0.01477149990610882
AR,2015 Q2,0.6764852313262912,-0.025978153927557424
AT,2015 Q2,1.1517103904887338,-0.0018051527160163339
AU,2015 Q2,1.4075454960050544,0.009512782002162101
BE,2015 Q2,0.5620036014355606,0.004304705943595999
BG,2015 Q2,0.8481209653088907,-0.0016366595105477
BO,2015 Q2,0.8218097387546066,-0.0076366565937621145
BR,2015 Q2,1.1949964802647932,-0.014088490710885582
BY,2015 Q2,0.7541844679103684,-0.039805502514898894
CA,2015 Q2,1.2089057181434253,0.023745644722013903
CH,2015 Q2,1.0080444347138025,0.0076179114746115495
CL,2015 Q2,1.5032616295597945,-0.03338692606167948
CN,2015 Q2,3.2882993693267966,-0.1385959852982075
CO,2015 Q2,1.9171659381853334,0.0462799408595882
CR,2015 Q2,2.1222451763355377,-0.060449617396273414
CY,2015 Q2,1.4094230592839454,-0.0068397793982037935
CZ,2015 Q2,0.7591047300458899,0.014397524196725686
DE,2015 Q2,1.003600671188371,-0.013671211026987873
DK,2015 Q2,3.1318820164844583,-0.10422223160262956
EE,2015 Q2,1.1423977572559367,-0.03979757550119367
ES,2015 Q2,1.2831910693828854,-0.04786378810783498
FI,2015 Q2,1.3695942595857207,-0.037315460649990806
FR,2015 Q2,1.2057698379522572,-4.1175721694641787e-4
GB,2015 Q2,1.1903976780585652,-0.017982104087469697
GR,2015 Q2,1.6170357972925822,0.1646188579171315
HR,2015 Q2,1.0545823991031391,-0.026684916376011225
HU,2015 Q2,0.897734666867281,0.0024041177989004847
ID,2015 Q2,0.9258069861468418,0.01665845811280431
IE,2015 Q2,0.7179925813536665,-0.003546285039657815
IL,2015 Q2,0.9441957818381762,0.01490760535241542
IS,2015 Q2,1.1652078485655273,-0.008271398460413026
IT,2015 Q2,1.1341252055777375,-0.005307822042869725
JP,2015 Q2,0.4701483799766758,-0.00657609830660516
KR,2015 Q2,1.0505193779022903,-0.019706642507161698
LT,2015 Q2,1.0114141615236578,0.019715396747459146
LU,2015 Q2,0.3337419135171944,0.009698958930026036
LV,2015 Q2,1.1734136697420448,-0.019475388153192386
MT,2015 Q2,0.6439521310132189,-0.08569272928729565
MX,2015 Q2,0.7466823515216348,-0.003889979923644593
MY,2015 Q2,0.9590355074561577,0.01829084879852816
NL,2015 Q2,1.0899996614008225,0.00819634883842868
NO,2015 Q2,2.0332924002856845,0.17209903979774577
NZ,2015 Q2,1.4998954796055801,-7.718974224253383e-4
PL,2015 Q2,1.0123292685276157,0.016294494391364545
PT,2015 Q2,1.5312594760233629,-0.037696962439027315
RO,2015 Q2,0.966410510930655,4.175573847531311e-4
RU,2015 Q2,1.1707991313782329,-0.02197945768831855
SE,2015 Q2,1.9649235845296904,-0.08008831353094714
SG,2015 Q2,1.0724329303492643,0.023625449767723294
SI,2015 Q2,0.9753059546960788,-0.027185527168724133
SK,2015 Q2,1.0518576516411426,0.011781966490339357
TH,2015 Q2,0.981459001910153,0.013950983086198132
TR,2015 Q2,1.3228397582239182,0.018294656591950842
US,2015 Q2,0.8379315341651741,0.008183339376229615
ZA,2015 Q2,1.1124579552974365,-0.021926892879311044
AR,2015 Q3,0.6939545889276679,0.01746935760137669
AT,2015 Q3,1.1395631579687127,-0.012147232520021145
AU,2015 Q3,1.4001577046639286,-0.007387791341125771
BE,2015 Q3,0.5580260015919342,-0.003977599843626445
BG,2015 Q3,0.8303181357249528,-0.017802829583937863
BO,2015 Q3,0.8253288770454098,0.003519138290803192
BR,2015 Q3,1.1832658792915527,-0.011730600973240524
BY,2015 Q3,0.7352918108850063,-0.018892657025362136
CA,2015 Q3,1.1893507403148313,-0.019554977828593945
CH,2015 Q3,1.0088864106510405,8.419759372380042e-4
CL,2015 Q3,1.5015061969405024,-0.0017554326192921188
CN,2015 Q3,3.3333050473989663,0.04500567807216971
CO,2015 Q3,1.9394850061283875,0.02231906794305405
CR,2015 Q3,2.1986194752154127,0.07637429887987501
CY,2015 Q3,1.3708236555297482,-0.03859940375419724
CZ,2015 Q3,0.7578635605384901,-0.0012411695073997198
DE,2015 Q3,0.99351862597423,-0.010082045214140911
DK,2015 Q3,3.1987945790274877,0.06691256254302935
EE,2015 Q3,1.165929203539823,0.02353144628388626
ES,2015 Q3,1.2541782723232109,-0.029012797059674522
FI,2015 Q3,1.383789839087772,0.014195579502051414
FR,2015 Q3,1.2021318019176428,-0.0036380360346144336
GB,2015 Q3,1.2036077420934488,0.013210064034883562
GR,2015 Q3,1.5890742511829958,-0.027961546109586344
HR,2015 Q3,0.9931977348121838,-0.06138466429095535
HU,2015 Q3,0.8758831185626542,-0.021851548304626767
ID,2015 Q3,0.9240174687124824,-0.0017895174343594
IE,2015 Q3,0.7094903095570207,-0.008502271796645755
IL,2015 Q3,0.934253723182533,-0.009942058655643238
IS,2015 Q3,1.1566257228771588,-0.00858212568836847
IT,2015 Q3,1.120877909920296,-0.013247295657441649
JP,2015 Q3,0.4725233180967767,0.0023749381201009223
KR,2015 Q3,1.0636229607793086,0.013103582877018294
LT,2015 Q3,1.0207678197064989,0.009353658182841063
LU,2015 Q3,0.34799002106332444,0.01424810754613004
LV,2015 Q3,1.1567617295308188,-0.016651940211225957
MT,2015 Q3,0.641781178758325,-0.002170952254893943
MX,2015 Q3,0.7705365407503062,0.02385418922867144
MY,2015 Q3,0.9764782363220551,0.017442728865897372
NL,2015 Q3,1.0962768585150213,0.006277197114198829
NO,2015 Q3,2.0824909996047913,0.04919859931910686
NZ,2015 Q3,1.5000575375491751,1.6205794359502868e-4
PL,2015 Q3,1.0009393087688279,-0.011389959758787871
PT,2015 Q3,1.4920990825875202,-0.039160393435842655
RO,2015 Q3,0.9579489416888097,-0.008461569241845268
RU,2015 Q3,1.1382995284633906,-0.03249960291484233
SE,2015 Q3,1.980703929642546,0.01578034511285553
SG,2015 Q3,1.055363775757029,-0.017069154592235236
SI,2015 Q3,0.9511977490044591,-0.024108205691619755
SK,2015 Q3,1.0500515389153136,-0.0018061127258290899
TH,2015 Q3,0.9913741740541324,0.009915172143979412
TR,2015 Q3,1.3153333797068945,-0.007506378517023737
US,2015 Q3,0.8435643084997345,0.005632774334560442
ZA,2015 Q3,1.1019193655426083,-0.010538589754828243
AR,2015 Q4,0.6930625618330607,-8.920270946072284e-4
AT,2015 Q4,1.1128502435357477,-0.026712914432964974
AU,2015 Q4,1.407461493701159,0.007303789037230279
BE,2015 Q4,0.5644781264980977,0.006452124906163537
BG,2015 Q4,0.7912197194685905,-0.039098416256362345
BO,2015 Q4,0.7895947157302574,-0.03573416131515239
BR,2015 Q4,1.1727272435031777,-0.010538635788374995
BY,2015 Q4,0.7319592886503224,-0.0033325222346838324
CA,2015 Q4,1.1824968925918828,-0.006853847722948503
CH,2015 Q4,1.0032537179558763,-0.005632692695164199
CL,2015 Q4,1.467504008916652,-0.034002188023850355
CN,2015 Q4,3.112150702918892,-0.2211543444800741
CO,2015 Q4,1.858892641127102,-0.08059236500128542
CR,2015 Q4,2.0754340128804776,-0.1231854623349351
CY,2015 Q4,1.3584605878718334,-0.012363067657914728
CZ,2015 Q4,0.7326655330241078,-0.025198027514382382
DE,2015 Q4,0.9801595266237,-0.013359099350530035
DK,2015 Q4,3.136322817942345,-0.06247176108514285
EE,2015 Q4,1.1295230587307843,-0.0364061448090387
ES,2015 Q4,1.21664983617916,-0.03752843614405088
FI,2015 Q4,1.3751757463246836,-0.008614092763088443
FR,2015 Q4,1.187163951572214,-0.01496785034542869
GB,2015 Q4,1.1859816943575499,-0.01762604773589893
GR,2015 Q4,1.5567223956497307,-0.03235185553326514
HR,2015 Q4,0.9801297784352621,-0.013067956376921708
HU,2015 Q4,0.7844931420479637,-0.0913899765146905
ID,2015 Q4,0.9382024037898151,0.014184935077332761
IE,2015 Q4,0.6389905922143596,-0.07049971734266114
IL,2015 Q4,0.9131953337214427,-0.021058389461090288
IS,2015 Q4,1.2042850549588122,0.047659332081653405
IT,2015 Q4,1.0982676756547909,-0.022610234265505014
JP,2015 Q4,0.47725912865746023,0.004735810560683507
KR,2015 Q4,1.0633951481399344,-2.2781263937421414e-4
LT,2015 Q4,0.9625737463126843,-0.05819407339381455
LU,2015 Q4,0.33639123685692407,-0.01159878420640037
LV,2015 Q4,1.0934292481796648,-0.06333248135115399
MT,2015 Q4,0.6377669826136569,-0.004014196144668025
MX,2015 Q4,0.7864039702495653,0.015867429499259122
MY,2015 Q4,0.9895042532892934,0.013026016967238263
NL,2015 Q4,1.1047478660224828,0.008471007507461437
NO,2015 Q4,2.0843172079962073,0.0018262083914160065
NZ,2015 Q4,1.4808790926263309,-0.019178444922844262
PL,2015 Q4,0.9637600372419387,-0.03717927152688916
PT,2015 Q4,1.4455514476337177,-0.04654763495380254
RO,2015 Q4,0.8891468657285659,-0.06880207596024379
RU,2015 Q4,1.0688918739269517,-0.06940765453643882
SE,2015 Q4,1.9716496682112499,-0.009054261431296062
SG,2015 Q4,1.0662034808863878,0.010839705129358723
SI,2015 Q4,0.91145259173172,-0.039745157272739084
SK,2015 Q4,1.027465014492989,-0.02258652442232445
TH,2015 Q4,0.9887457126611149,-0.002628461393017534
TR,2015 Q4,1.3232988379004025,0.007965458193508024
US,2015 Q4,0.8620889477408016,0.018524639241067065
ZA,2015 Q4,1.100893184594281,-0.0010261809483271822
AR,2016 Q1,0.6598470880920193,-0.03321547374104139
AT,2016 Q1,1.100590732752774,-0.012259510782973715
AU,2016 Q1,1.4149138474749685,0.007452353773809595
BE,2016 Q1,0.5614088919104833,-0.0030692345876144334
BG,2016 Q1,0.7851546601876837,-0.006065059280906837
BO,2016 Q1,0.8258403942214633,0.03624567849120586
BR,2016 Q1,1.119850674825369,-0.052876568677808766
BY,2016 Q1,0.7463903265798598,0.014431037929537371
CA,2016 Q1,1.1865817705826915,0.0040848779908087
CH,2016 Q1,1.0055671929382815,0.0023134749824051948
CL,2016 Q1,1.429265241117296,-0.03823876779935609
CN,2016 Q1,3.139425342051827,0.02727463913293482
CO,2016 Q1,1.8568543951289431,-0.0020382459981589385
CR,2016 Q1,2.024197312329328,-0.05123670055114937
CY,2016 Q1,1.296324016235355,-0.062136571636478344
CZ,2016 Q1,0.7357718679644195,0.0031063349403117613
DE,2016 Q1,0.977178772618873,-0.002980754004827002
DK,2016 Q1,3.1819859922777236,0.04566317433537881
EE,2016 Q1,1.1313044831880448,0.0017814244572604832
ES,2016 Q1,1.1887317586193977,-0.027918077559762278
FI,2016 Q1,1.3636137932885546,-0.011561953036129058
FR,2016 Q1,1.1711307760663507,-0.016033175505863362
GB,2016 Q1,1.2042993364844252,0.018317642126875366
GR,2016 Q1,1.5698981891831638,0.013175793533433122
HR,2016 Q1,0.9874019573818282,0.007272178946566177
HU,2016 Q1,0.8122027989395227,0.02770965689155902
ID,2016 Q1,0.9183694068291262,-0.019832996960688964
IE,2016 Q1,0.6372709604596491,-0.00171963175471046
IL,2016 Q1,0.9197249894974746,0.0065296557760319285
IS,2016 Q1,1.3053659292125595,0.10108087425374723
IT,2016 Q1,1.0954978630075782,-0.002769812647212655
JP,2016 Q1,0.4680865319140709,-0.009172596743389327
KR,2016 Q1,1.0545125029494011,-0.008882645190533278
LT,2016 Q1,0.9928259513412352,0.03025220502855086
LU,2016 Q1,0.3632759067435568,0.02688466988663274
LV,2016 Q1,1.0576689247872155,-0.03576032339244928
MT,2016 Q1,0.6603680204626247,0.02260103784896772
MX,2016 Q1,0.8140014369438696,0.027597466694304296
MY,2016 Q1,0.9874256733760356,-0.002078579913257772
NL,2016 Q1,1.0919839402599567,-0.012763925762526052
NO,2016 Q1,1.9714665396018636,-0.11285066839434377
NZ,2016 Q1,1.4727781677623824,-0.008100924863948533
PL,2016 Q1,0.9701178153857482,0.006357778143809445
PT,2016 Q1,1.4137365557541972,-0.03181489187952047
RO,2016 Q1,0.9059424369159481,0.016795571187382174
RU,2016 Q1,1.0921859844007547,0.02329411047380292
SE,2016 Q1,1.9306277242055452,-0.04102194400570469
SG,2016 Q1,1.049468936709775,-0.01673454417661291
SI,2016 Q1,0.8617860466303251,-0.0496665451013949
SK,2016 Q1,1.0298563141315018,0.0023912996385127006
TH,2016 Q1,0.9724334018587163,-0.01631231080239859
TR,2016 Q1,1.3180202657134639,-0.005278572186938613
US,2016 Q1,0.8566550700433145,-0.005433877697487044
ZA,2016 Q1,1.1235675876496796,0.022674403055398473
AR,2016 Q2,0.6479365592176508,-0.011910528874368498
AT,2016 Q2,1.0886306018698608,-0.011960130882913145
AU,2016 Q2,1.4158974303800884,9.835829051199063e-4
BE,2016 Q2,0.5560371186168981,-0.00537177329358518
BG,2016 Q2,0.7731854767041284,-0.011969183483555246
BO,2016 Q2,0.8499643284251769,0.024123934203713615
BR,2016 Q2,1.0869374361972448,-0.03291323862812412
BY,2016 Q2,0.7392472331785125,-0.0071430934013473335
CA,2016 Q2,1.1763679647283378,-0.010213805854353719
CH,2016 Q2,1.004732703075946,-8.344898623353636e-4
CL,2016 Q2,1.4729834440303864,0.043718202913090476
CN,2016 Q2,2.935668614192871,-0.20375672785895604
CO,2016 Q2,2.0404028799250313,0.1835484847960882
CR,2016 Q2,2.1701959763793126,0.1459986640499844
CY,2016 Q2,1.1894748584655717,-0.10684915776978343
CZ,2016 Q2,0.7388981086103912,0.0031262406459716674
DE,2016 Q2,0.9720434988628474,-0.005135273756025627
DK,2016 Q2,2.963680123919972,-0.21830586835775145
EE,2016 Q2,1.1055984411301807,-0.025706042057864087
ES,2016 Q2,1.1480175194521074,-0.040714239167290334
FI,2016 Q2,1.3758771072480571,0.012263313959502531
FR,2016 Q2,1.1685113171277504,-0.002619458938600383
GB,2016 Q2,1.2053029588907203,0.001003622406295035
GR,2016 Q2,1.5421068633288046,-0.027791325854359172
HR,2016 Q2,0.9641969000170328,-0.02320505736479539
HU,2016 Q2,0.8139120461015077,0.0017092471619849503
ID,2016 Q2,0.9245697838764262,0.006200377047300032
IE,2016 Q2,0.5983870837733051,-0.03888387668634408
IL,2016 Q2,0.9026162365154204,-0.017108752982054165
IS,2016 Q2,1.3154013269835114,0.01003539777095197
IT,2016 Q2,1.0934623687217737,-0.0020354942858045177
JP,2016 Q2,0.45977953268218485,-0.008306999231886047
KR,2016 Q2,1.0532511691100266,-0.0012613338393745455
LT,2016 Q2,1.0256665836032892,0.032840632262054026
LU,2016 Q2,0.3638159902123714,5.400834688145673e-4
LV,2016 Q2,1.0593665311653115,0.0016976063780960171
MT,2016 Q2,0.6396099397278757,-0.02075808073474894
MX,2016 Q2,0.8089862996477305,-0.005015137296139116
MY,2016 Q2,0.9967798914669425,0.009354218090906863
NL,2016 Q2,1.0942651018478315,0.002281161587874836
NO,2016 Q2,1.9310342719721092,-0.04043226762975438
NZ,2016 Q2,1.4891275191301623,0.01634935136777993
PL,2016 Q2,0.9637274572362248,-0.0063903581495233786
PT,2016 Q2,1.3705926361363268,-0.04314391961787045
RO,2016 Q2,0.8685491397773212,-0.037393297138626935
RU,2016 Q2,1.0732486756120128,-0.01893730878874189
SE,2016 Q2,1.944702607075703,0.01407488287015779
SG,2016 Q2,1.055693396188662,0.006224459478887168
SI,2016 Q2,0.8549350667597921,-0.006850979870532958
SK,2016 Q2,1.0224608814074356,-0.0073954327240661755
TH,2016 Q2,0.9812983134454979,0.008864911586781599
TR,2016 Q2,1.3333749948438804,0.015354729130416578
US,2016 Q2,0.8588837199463182,0.0022286499030036433
ZA,2016 Q2,1.1287692933390852,0.005201705689405589
AR,2016 Q3,0.6485539646766815,6.174054590306621e-4
AT,2016 Q3,1.0789596019874252,-0.009670999882435583
AU,2016 Q3,1.4009045241581553,-0.014992906221933167
BE,2016 Q3,0.5706590563807391,0.01462193776384102
BG,2016 Q3,0.7650355262166835,-0.008149950487444935
BO,2016 Q3,0.8675677049525425,0.017603376527365655
BR,2016 Q3,1.035216932847115,-0.05172050335012979
BY,2016 Q3,0.7372353457902101,-0.0020118873883023802
CA,2016 Q3,1.1577156149782133,-0.01865234975012453
CH,2016 Q3,1.0029419741606436,-0.0017907289153025197
CL,2016 Q3,1.4868279189716043,0.013844474941217877
CN,2016 Q3,2.927559647456806,-0.008108966736064982
CO,2016 Q3,2.137812404815102,0.09740952489007082
CR,2016 Q3,2.1816331607950734,0.011437184415760804
CY,2016 Q3,1.1484246800131277,-0.041050178452443964
CZ,2016 Q3,0.7434172891785894,0.004519180568198222
DE,2016 Q3,0.9693517789763433,-0.0026917198865040737
DK,2016 Q3,3.00617666127114,0.042496537351167873
EE,2016 Q3,1.1315175682792868,0.025919127149106158
ES,2016 Q3,1.1290565208795553,-0.018960998572552068
FI,2016 Q3,1.379958330532966,0.004081223284908786
FR,2016 Q3,1.171549237752866,0.003037920625115653
GB,2016 Q3,1.1862800288485578,-0.01902293004216249
GR,2016 Q3,1.506084802609311,-0.036022060719493654
HR,2016 Q3,0.915625,-0.04857190001703282
HU,2016 Q3,0.808751454814417,-0.005160591287090677
ID,2016 Q3,0.9330064625251493,0.008436678648723106
IE,2016 Q3,0.5896377972844762,-0.008749286488828889
IL,2016 Q3,0.9070652333538463,0.004448996838425812
IS,2016 Q3,1.313474045064287,-0.0019272819192244217
IT,2016 Q3,1.0812163211073407,-0.012246047614433042
JP,2016 Q3,0.4726484207852267,0.01286888810304182
KR,2016 Q3,1.056114635209519,0.0028634660994923955
LT,2016 Q3,1.0166787090558767,-0.008987874547412567
LU,2016 Q3,0.35786949571283244,-0.005946494499538935
LV,2016 Q3,1.0651620566774138,0.005795525512102273
MT,2016 Q3,0.6227746498676496,-0.016835289860226088
MX,2016 Q3,0.8216510384481847,0.012664738800454156
MY,2016 Q3,1.0085934364096683,0.011813544942725795
NL,2016 Q3,1.070504209736112,-0.02376089211171961
NO,2016 Q3,1.9417173808562975,0.01068310888418833
NZ,2016 Q3,1.511106445355875,0.021978926225712625
PL,2016 Q3,0.9674141879069982,0.003686730670773408
PT,2016 Q3,1.324966093417393,-0.04562654271893374
RO,2016 Q3,0.8661470343949195,-0.002402105382401709
RU,2016 Q3,1.090161788523107,0.016913112911094208
SE,2016 Q3,1.929068636982306,-0.015633970093396954
SG,2016 Q3,1.0422815093867726,-0.013411886801889539
SI,2016 Q3,0.8340849213661122,-0.02085014539367991
SK,2016 Q3,1.0421132863963865,0.019652404988950822
TH,2016 Q3,0.9954721076126153,0.014173794167117393
TR,2016 Q3,1.3265872340406712,-0.006787760803209197
US,2016 Q3,0.8581805704958533,-7.031494504649016e-4
ZA,2016 Q3,1.1297180900727877,9.487967337025172e-4
AR,2016 Q4,0.6145948535373065,-0.033959111139375
AT,2016 Q4,1.0543636445956521,-0.024595957391773116
AU,2016 Q4,1.3973725744407068,-0.0035319497174484127
BE,2016 Q4,0.6008202089127482,0.030161152532009128
BG,2016 Q4,0.7505246287216666,-0.014510897495016883
BO,2016 Q4,0.8766508642876574,0.009083159335114832
BR,2016 Q4,0.9927882454050745,-0.042428687442040536
BY,2016 Q4,0.6911900612943779,-0.04604528449583223
CA,2016 Q4,1.1436562754463224,-0.014059339531890869
CH,2016 Q4,1.0066057889337565,0.00366381477311295
CL,2016 Q4,1.467812269911854,-0.019015649059750173
CN,2016 Q4,2.7878114911904346,-0.13974815626637138
CO,2016 Q4,2.057191065909091,-0.08062133890601109
CR,2016 Q4,2.1515731627431545,-0.030059998051918946
CY,2016 Q4,1.113206041910435,-0.035218638102692656
CZ,2016 Q4,0.7392367749534107,-0.004180514225178733
DE,2016 Q4,0.9601910833961815,-0.009160695580161748
DK,2016 Q4,2.97094708836208,-0.035229572909059925
EE,2016 Q4,1.100259104649489,-0.031258463629797895
ES,2016 Q4,1.108865476149116,-0.020191044730439422
FI,2016 Q4,1.390979775977989,0.011021445445023037
FR,2016 Q4,1.159280896388748,-0.01226834136411803
GB,2016 Q4,1.1717713947343231,-0.014508634114234642
GR,2016 Q4,1.5053604086523302,-7.243939569807623e-4
HR,2016 Q4,0.9123165159910567,-0.0033084840089433465
HU,2016 Q4,0.7181872131266429,-0.0905642416877741
ID,2016 Q4,0.9164277373405538,-0.016578725184595466
IE,2016 Q4,0.5467668503619212,-0.042870946922555
IL,2016 Q4,0.8717704150224291,-0.03529481833141712
IS,2016 Q4,1.3319211261187123,0.018447081054425274
IT,2016 Q4,1.043193609665122,-0.03802271144221869
JP,2016 Q4,0.47566939535119834,0.003020974565971668
KR,2016 Q4,1.062359817643222,0.006245182433703089
LT,2016 Q4,0.9421348314606741,-0.07454387759520253
LU,2016 Q4,0.345806393092716,-0.01206310262011645
LV,2016 Q4,1.038205022643063,-0.02695703403435079
MT,2016 Q4,0.6034719422013034,-0.01930270766634623
MX,2016 Q4,0.8315494472651924,0.009898408817007764
MY,2016 Q4,1.018341484048858,0.009748047639189794
NL,2016 Q4,1.128466216768659,0.05796200703254706
NO,2016 Q4,1.9430139494195904,0.0012965685632928547
NZ,2016 Q4,1.4680523977506603,-0.043054047605214585
PL,2016 Q4,0.9330679028476575,-0.034346285059340675
PT,2016 Q4,1.2834317583716732,-0.041534335045719795
RO,2016 Q4,0.8282035105400837,-0.03794352385483579
RU,2016 Q4,1.0659846208052308,-0.024177167717876147
SE,2016 Q4,1.8957636918323277,-0.03330494514997828
SG,2016 Q4,1.041534638620376,-7.468707663964569e-4
SI,2016 Q4,0.8238139334478847,-0.010270987918227559
SK,2016 Q4,1.054436125634885,0.01232283923849864
TH,2016 Q4,0.9911696581308791,-0.0043024494817361925
TR,2016 Q4,1.3079334677332308,-0.018653766307440423
US,2016 Q4,0.8571404592204906,-0.0010401112753626318
ZA,2016 Q4,1.11839827386337,-0.011319816209417688
AR,2017 Q1,0.6234166134226435,0.008821759885337066
AT,2017 Q1,1.043641840769189,-0.01072180382646315
AU,2017 Q1,1.396808792993624,-5.637814470829117e-4
BE,2017 Q1,0.6025661652320811,0.001745956319332831
BG,2017 Q1,0.7492810214231042,-0.0012436072985624325
BO,2017 Q1,0.8936824633049226,0.017031599017265253
BR,2017 Q1,0.9708497953288573,-0.021938450076217197
BY,2017 Q1,0.701109088794941,0.009919027500563171
CA,2017 Q1,1.1540246262785216,0.010368350832199225
CH,2017 Q1,1.0052065034476656,-0.0013992854860909176
CL,2017 Q1,1.495172488958249,0.02736021904639485
CN,2017 Q1,2.8561945311571293,0.0683830399666947
CO,2017 Q1,2.127506987983181,0.07031592207408988
CR,2017 Q1,2.1687508423993846,0.017177679656230183
CY,2017 Q1,1.0985407269832848,-0.014665314927150286
CZ,2017 Q1,0.7014197389126582,-0.03781703604075248
DE,2017 Q1,0.9578345085992913,-0.0023565747968902206
DK,2017 Q1,2.950850140541534,-0.020096947820546163
EE,2017 Q1,1.1138082546999928,0.013549150050503833
ES,2017 Q1,1.1096744282335584,8.08952084442538e-4
FI,2017 Q1,1.391656422042867,6.766460648781614e-4
FR,2017 Q1,1.1442983139358065,-0.014982582452941484
GB,2017 Q1,1.1975924612245255,0.025821066490202327
GR,2017 Q1,1.5164903796110207,0.011129970958690505
HR,2017 Q1,0.9417361484669177,0.02941963247586099
HU,2017 Q1,0.7536757799458863,0.035488566819243395
ID,2017 Q1,0.9023950158144851,-0.014032721526068714
IE,2017 Q1,0.5591076994332008,0.012340849071279636
IL,2017 Q1,0.8801508559380967,0.008380440915667586
IS,2017 Q1,1.2716213010889272,-0.06029982502978504
IT,2017 Q1,1.057175972608185,0.013982362943063098
JP,2017 Q1,0.4748042288847181,-8.651664664802161e-4
KR,2017 Q1,1.0604279091919975,-0.0019319084512245954
LT,2017 Q1,0.9708157924678575,0.028680961007183425
LU,2017 Q1,0.35302326222749275,0.00721686913477676
LV,2017 Q1,1.0428618529508737,0.004656830307810722
MT,2017 Q1,0.6104982634469003,0.007026321245596878
MX,2017 Q1,0.8386469885680722,0.007097541302879762
MY,2017 Q1,1.0135061942527488,-0.0048352897961092545
NL,2017 Q1,1.0770684384102454,-0.05139777835841364
NO,2017 Q1,1.9188451788832541,-0.02416877053633626
NZ,2017 Q1,1.4701803943766136,0.00212799662595331
PL,2017 Q1,0.9472580156249129,0.014190112777255348
PT,2017 Q1,1.2430947226636622,-0.04033703570801106
RO,2017 Q1,0.8396214639133336,0.011417953373249912
RU,2017 Q1,1.0605608301244158,-0.005423790680814999
SE,2017 Q1,1.8498723265806312,-0.04589136525169657
SG,2017 Q1,1.0426397231750977,0.0011050845547215804
SI,2017 Q1,0.8134773393254149,-0.010336594122469789
SK,2017 Q1,1.077538772185569,0.023102646550683836
TH,2017 Q1,0.9877234336687588,-0.003446224462120284
TR,2017 Q1,1.341204532720738,0.033271064987507204
US,2017 Q1,0.8479069455120928,-0.009233513708397867
ZA,2017 Q1,1.1171052247751976,-0.0012930490881724044
AR,2017 Q2,0.6552015824457551,0.031784969023111564
AT,2017 Q2,1.0433727468035223,-2.690939656666558e-4
AU,2017 Q2,1.3942170309732893,-0.0025917620203346203
BE,2017 Q2,0.59655597532722,-0.0060101899048610186
BG,2017 Q2,0.7559543856883352,0.006673364265231019
BO,2017 Q2,0.9063187650933615,0.012636301788438886
BR,2017 Q2,0.952289685267133,-0.01856011006172431
BY,2017 Q2,0.6632139924746456,-0.03789509632029542
CA,2017 Q2,1.1676597593936737,0.013635133115152076
CH,2017 Q2,NA,NA
CL,2017 Q2,1.5191596908735674,0.023987201915318446
CN,2017 Q2,2.783918748944745,-0.07227578221238451
CO,2017 Q2,2.1651976540076623,0.037690666024481345
CR,2017 Q2,2.3214288645377805,0.15267802213839587
CY,2017 Q2,1.0879445064583002,-0.010596220524984545
CZ,2017 Q2,0.7042179228859019,0.0027981839732437175
DE,2017 Q2,0.9494048222211284,-0.008429686378162882
DK,2017 Q2,2.871659019795399,-0.0791911207461351
EE,2017 Q2,1.1026927698070534,-0.011115484892939342
ES,2017 Q2,1.0994982701346676,-0.01017615809889083
FI,2017 Q2,1.3564811527213805,-0.035175269321486624
FR,2017 Q2,1.1507963347110046,0.006498020775198121
GB,2017 Q2,1.2041776482749698,0.006585187050444308
GR,2017 Q2,1.482505481933454,-0.03398489767756674
HR,2017 Q2,0.92700294770311,-0.014733200763807686
HU,2017 Q2,0.7462145361077234,-0.007461243838162934
ID,2017 Q2,0.9045912840725353,0.0021962682580501935
IE,2017 Q2,0.5637677037711165,0.004660004337915691
IL,2017 Q2,0.8752463398859927,-0.004904516052104069
IS,2017 Q2,1.3044212331430347,0.03279993205410747
IT,2017 Q2,1.0360697703311403,-0.02110620227704474
JP,2017 Q2,0.4702414193572119,-0.004562809527506206
KR,2017 Q2,1.069943175152049,0.009515265960051478
LT,2017 Q2,0.982484076433121,0.011668283965263426
LU,2017 Q2,0.349620175236085,-0.0034030869914077333
LV,2017 Q2,1.042397539280073,-4.6431367080068675e-4
MT,2017 Q2,0.5959396590583705,-0.014558604388529739
MX,2017 Q2,0.8305923454121186,-0.008054643155953611
MY,2017 Q2,1.0198564501444498,0.006350255891701018
NL,2017 Q2,1.1095790992402013,0.032510660829955906
NO,2017 Q2,1.902283819565373,-0.016561359317881053
NZ,2017 Q2,1.4771118412020712,0.006931446825457543
PL,2017 Q2,0.9570886102920264,0.009830594667113557
PT,2017 Q2,1.2164105351874075,-0.026684187476254673
RO,2017 Q2,0.8393857328233767,-2.3573108995689207e-4
RU,2017 Q2,1.0585574995032783,-0.0020033306211375557
SE,2017 Q2,1.8015213704473911,-0.04835095613324003
SG,2017 Q2,1.0525317321805834,0.009892009005485702
SI,2017 Q2,0.8265959795833288,0.013118640257913872
SK,2017 Q2,1.0835146064374144,0.005975834251845447
TH,2017 Q2,0.986653573592125,-0.0010698600766337885
TR,2017 Q2,1.3446072368352904,0.0034027041145523462
US,2017 Q2,0.854185304256402,0.006278358744309265
ZA,2017 Q2,1.1271354926513137,0.010030267876116161
AR,2017 Q3,0.7118930535831258,0.05669147113737072
AT,2017 Q3,1.0489379720255503,0.0055652252220279586
AU,2017 Q3,1.3855247368087638,-0.00869229416452555
BE,2017 Q3,0.5988594059405941,0.0023034306133740134
BG,2017 Q3,0.7399908204215772,-0.015963565266758017
BO,2017 Q3,0.9001572619049333,-0.00616150318842823
BR,2017 Q3,0.9435326976963975,-0.008756987570735508
BY,2017 Q3,0.6939890624616916,0.030775069987045933
CA,2017 Q3,1.1881620750216697,0.020502315627995982
CH,2017 Q3,NA,NA
CL,2017 Q3,1.6491599918665785,0.13000030099301108
CN,2017 Q3,2.8248124157389576,0.0408936667942128
CO,2017 Q3,2.220904028587228,0.05570637457956584
CR,2017 Q3,2.356786141515643,0.035357276977862284
CY,2017 Q3,1.0462335487584709,-0.041710957699829354
CZ,2017 Q3,0.7015039858257742,-0.00271393706012768
DE,2017 Q3,0.9500908518549742,6.860296338457861e-4
DK,2017 Q3,2.862523797121526,-0.00913522267387279
EE,2017 Q3,1.0679282587205197,-0.03476451108653378
ES,2017 Q3,1.0793913923729475,-0.020106877761720154
FI,2017 Q3,1.3662869865444807,0.009805833823100185
FR,2017 Q3,1.1414961670683137,-0.009300167642690926
GB,2017 Q3,1.1788076822980895,-0.025369965976880238
GR,2017 Q3,1.4282578358969535,-0.05424764603650045
HR,2017 Q3,0.8788305190744216,-0.048172428628688424
HU,2017 Q3,0.7361748814382163,-0.01003965466950707
ID,2017 Q3,0.9017696473749096,-0.0028216366976256957
IE,2017 Q3,0.5510434521848263,-0.012724251586290203
IL,2017 Q3,0.873151291514917,-0.0020950483710756584
IS,2017 Q3,1.3220333445001342,0.017612111357099502
IT,2017 Q3,0.9910918267828529,-0.044977943548287436
JP,2017 Q3,0.47796650030007337,0.007725080942861451
KR,2017 Q3,1.0786876429065377,0.008744467754488783
LT,2017 Q3,0.9753388135969785,-0.007145262836142474
LU,2017 Q3,0.3578978756371277,0.008277700401042698
LV,2017 Q3,1.0176252319109462,-0.024772307369126834
MT,2017 Q3,0.6071133439069581,0.011173684848587606
MX,2017 Q3,0.8263554524044434,-0.004236893007675158
MY,2017 Q3,1.0214735101697716,0.0016170600253218037
NL,2017 Q3,1.1134049466967781,0.0038258474565768807
NO,2017 Q3,1.9288124121065648,0.026528592541191776
NZ,2017 Q3,1.477012156085932,-9.968511613922537e-5
PL,2017 Q3,0.9600416834992104,0.002953073207183965
PT,2017 Q3,1.1901887163063,-0.026221818881107417
RO,2017 Q3,0.8379011308801972,-0.0014846019431794533
RU,2017 Q3,1.0902044215282345,0.031646922024956226
SE,2017 Q3,1.827368303916868,0.025846933469476863
SG,2017 Q3,1.0524046675497971,-1.2706463078626662e-4
SI,2017 Q3,0.8167986542065426,-0.009797325376786126
SK,2017 Q3,1.0986031852783684,0.015088578840954048
TH,2017 Q3,0.9927511729398675,0.006097599347742455
TR,2017 Q3,1.350083137463734,0.0054759006284437195
US,2017 Q3,0.8507858672280935,-0.003399437028308583
ZA,2017 Q3,1.1056396418454661,-0.021495850805847594
AR,2017 Q4,0.7175504923009169,0.005657438717791119
AT,2017 Q4,1.0435884126748727,-0.005349559350677602
AU,2017 Q4,1.3879887225852618,0.00246398577649809
BE,2017 Q4,0.6134992954992523,0.014639889558658248
BG,2017 Q4,0.7210317250220425,-0.018959095399534664
BO,2017 Q4,0.8886368478257107,-0.011520414079222552
BR,2017 Q4,0.9227792635265812,-0.02075343416981623
BY,2017 Q4,0.6802857413234159,-0.01370332113827566
CA,2017 Q4,1.171864220512165,-0.016297854509504717
CH,2017 Q4,NA,NA
CL,2017 Q4,1.5679452398676492,-0.08121475199892925
CN,2017 Q4,2.7236508981550545,-0.10116151758390313
CO,2017 Q4,2.1751529451995686,-0.04575108338765954
CR,2017 Q4,2.2666449580268235,-0.09014118348881928
CY,2017 Q4,1.0216929847268963,-0.024540564031574563
CZ,2017 Q4,0.7074883803526455,0.005984394526871273
DE,2017 Q4,0.9455438963668635,-0.004546955488110682
DK,2017 Q4,2.826543048594361,-0.03598074852716504
EE,2017 Q4,1.0474894543475304,-0.020438804372989283
ES,2017 Q4,1.0838106888695693,0.004419296496621872
FI,2017 Q4,1.3507842387146136,-0.015502747829867047
FR,2017 Q4,1.1478378286462616,0.00634166157794791
GB,2017 Q4,1.175521053380239,-0.003286628917850587
GR,2017 Q4,1.3636792165926648,-0.06457861930428876
HR,2017 Q4,0.8813308104698833,0.0025002913954617068
HU,2017 Q4,0.7064159467072644,-0.029758934730951925
ID,2017 Q4,0.9151862298934856,0.013416582518576026
IE,2017 Q4,0.5469121984476227,-0.004131253737203577
IL,2017 Q4,0.8595704109970077,-0.013580880517909288
IS,2017 Q4,1.3774123098210653,0.05537896532093112
IT,2017 Q4,0.9717537049372851,-0.019338121845567824
JP,2017 Q4,0.48071390671291087,0.002747406412837494
KR,2017 Q4,1.0853361036499163,0.006648460743378548
LT,2017 Q4,0.9235517568850902,-0.051787056711888324
LU,2017 Q4,0.3628202460710471,0.00492237043391941
LV,2017 Q4,0.9641291351135911,-0.05349609679735512
MT,2017 Q4,0.6068009499416875,-3.123939652706076e-4
MX,2017 Q4,0.8432848442894414,0.01692939188499798
MY,2017 Q4,1.0331384795711023,0.01166496940133066
NL,2017 Q4,1.1121177845548846,-0.0012871621418935053
NO,2017 Q4,1.956013541201992,0.027201129095427046
NZ,2017 Q4,1.4380515784465429,-0.038960577639389093
PL,2017 Q4,0.9232583831384616,-0.03678330036074873
PT,2017 Q4,1.1682056584932772,-0.0219830578130229
RO,2017 Q4,0.7924930857086264,-0.04540804517157082
RU,2017 Q4,1.0445640855683849,-0.04564033595984962
SE,2017 Q4,1.8508568092827737,0.023488505365905743
SG,2017 Q4,1.0664723921246282,0.014067724574831075
SI,2017 Q4,0.8030454392855876,-0.013753214920955048
SK,2017 Q4,1.0877009608079535,-0.01090222447041489
TH,2017 Q4,0.987315003340232,-0.005436169599635443
TR,2017 Q4,1.3521205885845407,0.002037451120806555
US,2017 Q4,0.8582886983956953,0.007502831167601864
ZA,2017 Q4,1.1046541415310238,-9.855003144423335e-4
AR,2018 Q1,0.7519708580064415,0.034420365705524536
AT,2018 Q1,1.027750001515069,-0.015838411159803778
AU,2018 Q1,1.3961106267669616,0.00812190418169978
BE,2018 Q1,0.6089074340857913,-0.004591861413461018
BG,2018 Q1,0.7280285538566469,0.006996828834604396
BO,2018 Q1,0.9288512854648753,0.040214437639164546
BR,2018 Q1,0.9016187774885684,-0.021160486038012793
BY,2018 Q1,0.7171947052754892,0.036908963952073326
CA,2018 Q1,1.1847722893196386,0.012908068807473638
CH,2018 Q1,NA,NA
CL,2018 Q1,1.5396751736600454,-0.02827006620760386
CN,2018 Q1,2.969508624242194,0.24585772608713974
CO,2018 Q1,2.099938560553482,-0.07521438464608643
CR,2018 Q1,2.236355773028079,-0.030289184998744556
CY,2018 Q1,0.9818114719527625,-0.039881512774133765
CZ,2018 Q1,0.6923432929033955,-0.015145087449250028
DE,2018 Q1,0.9497385841112141,0.004194687744350611
DK,2018 Q1,2.8702819000608994,0.04373885146653844
EE,2018 Q1,1.0691282051282052,0.021638750780674787
ES,2018 Q1,1.0623870570982543,-0.02142363177131501
FI,2018 Q1,1.3788267774437837,0.028042538729170063
FR,2018 Q1,1.1486591463770544,8.213177307927477e-4
GB,2018 Q1,1.176401098212324,8.800448320851473e-4
GR,2018 Q1,1.3398078227275152,-0.02387139386514958
HR,2018 Q1,0.8828672432295941,0.0015364327597108263
HU,2018 Q1,0.6941927766758494,-0.012223170031414932
ID,2018 Q1,0.9164318973179463,0.0012456674244606392
IE,2018 Q1,0.5564179994780599,0.009505801030437189
IL,2018 Q1,0.8784067881834903,0.018836377186482567
IS,2018 Q1,1.3791713772606662,0.0017590674396008588
IT,2018 Q1,0.9685214142069769,-0.003232290730308174
JP,2018 Q1,0.47765410102274114,-0.0030598056901697257
KR,2018 Q1,1.0797786676466132,-0.005557436003303051
LT,2018 Q1,0.9447963800904977,0.021244623205407542
LU,2018 Q1,0.3602852692934384,-0.0025349767776087218
LV,2018 Q1,0.9716750773237832,0.007545942210192114
MT,2018 Q1,0.6261901281849311,0.0193891782432436
MX,2018 Q1,0.8434655318595262,1.806875700848254e-4
MY,2018 Q1,1.012257907927656,-0.020880571643446366
NL,2018 Q1,1.109509016005943,-0.0026087685489415424
NO,2018 Q1,1.9319217109686215,-0.02409183023337036
NZ,2018 Q1,1.4399350883869788,0.0018835099404359568
PL,2018 Q1,0.9358900327161838,0.012631649577722115
PT,2018 Q1,1.1734130490955956,0.005207390602318451
RO,2018 Q1,0.8050975769820479,0.012604491273421448
RU,2018 Q1,1.0568789003896437,0.012314814821258846
SE,2018 Q1,1.8312292585318857,-0.019627550750888068
SG,2018 Q1,1.0708217636986617,0.004349371574033478
SI,2018 Q1,0.7967730020956617,-0.006272437189925872
SK,2018 Q1,1.094123251813224,0.006422291005270475
TH,2018 Q1,0.9734260934308926,-0.013888909909339442
TR,2018 Q1,1.3729537999256025,0.020833211341061864
US,2018 Q1,0.854906678521795,-0.0033820198739002993
ZA,2018 Q1,1.109833162397618,0.005179020866594275
AR,2018 Q2,0.7310465665221266,-0.02092429148431485
AT,2018 Q2,1.0206710730022628,-0.007078928512806115
AU,2018 Q2,1.4051032449531953,0.008992618186233647
BE,2018 Q2,0.6263079646821164,0.01740053059632507
BG,2018 Q2,0.7353834573203457,0.007354903463698825
BO,2018 Q2,0.9341706833002552,0.005319397835379935
BR,2018 Q2,0.8840980180389247,-0.017520759449643708
BY,2018 Q2,0.7594201756545693,0.04222547037908009
CA,2018 Q2,1.1802112961760545,-0.004560993143584158
CH,2018 Q2,NA,NA
CL,2018 Q2,1.5928023135435614,0.05312713988351603
CN,2018 Q2,2.8944611872725194,-0.07504743696967475
CO,2018 Q2,2.139013454037668,0.039074893484186024
CR,2018 Q2,2.2903397853470633,0.05398401231898431
CY,2018 Q2,0.9784782551639064,-0.0033332167888561193
CZ,2018 Q2,0.7017117492398516,0.00936845633645611
DE,2018 Q2,0.9442121240711039,-0.005526460040110259
DK,2018 Q2,2.784048212807742,-0.0862336872531575
EE,2018 Q2,1.0090781230021737,-0.06005008212603147
ES,2018 Q2,1.03313522505476,-0.02925183204349424
FI,2018 Q2,1.3949840038031118,0.016157226359328147
FR,2018 Q2,1.145412145078336,-0.003247001298718244
GB,2018 Q2,1.1958502169363827,0.019449118724058634
GR,2018 Q2,1.2938265752085216,-0.04598124751899357
HR,2018 Q2,0.8788776738586906,-0.003989569370903445
HU,2018 Q2,0.7022917370919479,0.008098960416098477
ID,2018 Q2,0.9310742608895685,0.014642363571622186
IE,2018 Q2,0.5528676706183916,-0.003550328859668328
IL,2018 Q2,0.8841247202604585,0.005717932076968246
IS,2018 Q2,1.3867821965111125,0.007610819250446266
IT,2018 Q2,0.9356911425215666,-0.032830271685410306
JP,2018 Q2,0.47459075072551243,-0.0030633502972287063
KR,2018 Q2,1.080927782493833,0.001149114847219801
LT,2018 Q2,0.9529048843187661,0.008108504228268365
LU,2018 Q2,0.3525574559059327,-0.007727813387505722
LV,2018 Q2,0.9633198380566802,-0.00835523926710302
MT,2018 Q2,0.6218702371355973,-0.004319891049333835
MX,2018 Q2,0.8505396560443257,0.0070741241847994685
MY,2018 Q2,1.037850130908574,0.02559222298091801
NL,2018 Q2,1.09635771047534,-0.013151305530603175
NO,2018 Q2,1.8866793492128822,-0.04524236175573937
NZ,2018 Q2,1.458085965919852,0.018150877532873144
PL,2018 Q2,0.9436367205618955,0.007746687845711753
PT,2018 Q2,1.1209636610282436,-0.052449388067352
RO,2018 Q2,0.7981035168244983,-0.006994060157549553
RU,2018 Q2,1.05064000144688,-0.006238898942763749
SE,2018 Q2,1.8227691991693518,-0.008460059362533912
SG,2018 Q2,1.0832305520060042,0.012408788307342489
SI,2018 Q2,0.7875464193552343,-0.009226582740427425
SK,2018 Q2,1.1161951529300587,0.022071901116834658
TH,2018 Q2,0.9873828919931995,0.013956798562306916
TR,2018 Q2,1.374028070206215,0.001074270280612577
US,2018 Q2,0.8568281097177767,0.0019214311959816488
ZA,2018 Q2,1.1300241745170059,0.020191012119387786
AR,2018 Q3,0.6880004138758616,-0.04304615264626499
AT,2018 Q3,1.0411836848904845,0.020512611888221732
AU,2018 Q3,1.4007032240381245,-0.004400020915070746
BE,2018 Q3,0.6324976731277883,0.006189708445671904
BG,2018 Q3,0.7293892276263334,-0.00599422969401231
BO,2018 Q3,0.9576745606297076,0.02350387732945236
BR,2018 Q3,0.8824678198742875,-0.0016301981646372754
BY,2018 Q3,0.7516310500298828,-0.007789125624686477
CA,2018 Q3,1.1834568588705836,0.003245562694529136
CH,2018 Q3,NA,NA
CL,2018 Q3,1.5981220295034053,0.005319715959843929
CN,2018 Q3,3.046328399529239,0.1518672122567195
CO,2018 Q3,2.1574430042717925,0.018429550234124292
CR,2018 Q3,2.318910481269153,0.028570695922089495
CY,2018 Q3,0.8000052231594892,-0.17847303200441722
CZ,2018 Q3,0.7112672418512167,0.009555492611365124
DE,2018 Q3,0.9500238721898469,0.005811748118742965
DK,2018 Q3,2.832838412237859,0.0487901994301172
EE,2018 Q3,1.0389051808406646,0.029827057838490934
ES,2018 Q3,1.0267293475489976,-0.006405877505762492
FI,2018 Q3,1.4019627286278173,0.006978724824705518
FR,2018 Q3,1.1646647093626854,0.019252564284349294
GB,2018 Q3,1.1955420525622908,-3.0816437409186825e-4
GR,2018 Q3,1.2498855003453164,-0.0439410748632052
HR,2018 Q3,0.8312852097259115,-0.04759246413277918
HU,2018 Q3,0.7217759146801747,0.019484177588226737
ID,2018 Q3,0.9413921297147246,0.010317868825156173
IE,2018 Q3,0.5506368860284375,-0.0022307845899540713
IL,2018 Q3,0.9011736639272997,0.017048943666841176
IS,2018 Q3,1.390443847775621,0.0036616512645084587
IT,2018 Q3,0.9314510372767417,-0.004240105244824877
JP,2018 Q3,0.4826662297328113,0.00807547900729888
KR,2018 Q3,1.0851119336654884,0.004184151171655381
LT,2018 Q3,0.9337415922096175,-0.019163292109148578
LU,2018 Q3,0.35495150101870615,0.0023940451127734685
LV,2018 Q3,0.9197637213881369,-0.04355611666854331
MT,2018 Q3,0.6308514846473746,0.008981247511777313
MX,2018 Q3,0.8553675499098103,0.004827893865484656
MY,2018 Q3,1.041087408772847,0.0032372778642730804
NL,2018 Q3,1.1109183286303341,0.01456061815499421
NO,2018 Q3,1.926620066473539,0.03994071726065673
NZ,2018 Q3,1.4452410792116843,-0.012844886708167635
PL,2018 Q3,0.9412209488104413,-0.002415771751454243
PT,2018 Q3,1.116553646388395,-0.004410014639848692
RO,2018 Q3,0.8104452829605077,0.012341766136009347
RU,2018 Q3,1.0795289665179626,0.02888896507108263
SE,2018 Q3,1.8407407515140233,0.017971552344671515
SG,2018 Q3,1.0763137957159583,-0.006916756290045845
SI,2018 Q3,0.7875554322104555,9.01285522125761e-6
SK,2018 Q3,1.1286559518026091,0.012460798872550471
TH,2018 Q3,1.0008938932100773,0.01351100121687776
TR,2018 Q3,1.3562674928017304,-0.017760577404484668
US,2018 Q3,0.8554290928765085,-0.001399016841268197
ZA,2018 Q3,1.0980129967231256,-0.0320111777938803
AR,2018 Q4,0.6056731012407413,-0.08232731263512039
AT,2018 Q4,1.018204846793305,-0.0229788380971796
AU,2018 Q4,1.4048843944988654,0.004181170460740846
BE,2018 Q4,0.6222734818182991,-0.01022419130948915
BG,2018 Q4,0.7216503350196903,-0.007738892606643066
BO,2018 Q4,0.954148925690393,-0.0035256349393145703
BR,2018 Q4,0.9040638552326957,0.02159603535840826
BY,2018 Q4,0.7581635405288257,0.006532490498942889
CA,2018 Q4,1.1776200901286762,-0.005836768741907417
CH,2018 Q4,NA,NA
CL,2018 Q4,1.5688758547923898,-0.029246174711015538
CN,2018 Q4,3.0319269064837786,-0.014401493045460345
CO,2018 Q4,2.0458332884319588,-0.1116097158398337
CR,2018 Q4,2.232064032067828,-0.08684644920132456
CY,2018 Q4,0.7860080175869649,-0.013997205572524263
CZ,2018 Q4,0.7092952957652155,-0.001971946086001153
DE,2018 Q4,0.9421965494261585,-0.00782732276368836
DK,2018 Q4,2.8492011030948285,0.016362690856969397
EE,2018 Q4,0.997290139804151,-0.04161504103651359
ES,2018 Q4,1.008159821080554,-0.018569526468443565
FI,2018 Q4,1.3737452977620745,-0.0282174308657428
FR,2018 Q4,1.1569897397016558,-0.007674969661029651
GB,2018 Q4,1.1946255261562986,-9.165264059922684e-4
GR,2018 Q4,1.1760400588934015,-0.07384544145191496
HR,2018 Q4,0.8318465003363655,5.612906104540683e-4
HU,2018 Q4,0.7057333906998063,-0.016042523980368317
ID,2018 Q4,0.9500870223672707,0.008694892652546082
IE,2018 Q4,0.5612550250296815,0.010618139001243976
IL,2018 Q4,0.8916300608951403,-0.009543603032159398
IS,2018 Q4,1.4509972581751351,0.06055341039951423
IT,2018 Q4,0.9165393652141233,-0.014911672062618453
JP,2018 Q4,0.4770184057742336,-0.0056478239585777135
KR,2018 Q4,1.0859645007879672,8.525671224788312e-4
LT,2018 Q4,0.8675839552238805,-0.06615763698573696
LU,2018 Q4,0.35191363406303083,-0.003037866955675317
LV,2018 Q4,0.8564633041377228,-0.06330041725041413
MT,2018 Q4,0.6039372149603239,-0.026914269687050685
MX,2018 Q4,0.8658582270464659,0.010490677136655524
MY,2018 Q4,1.0403625491074673,-7.248596653797179e-4
NL,2018 Q4,1.1118229477366712,9.046191063371012e-4
NO,2018 Q4,1.9583507109519256,0.031730644478386694
NZ,2018 Q4,1.422213792154156,-0.023027287057528323
PL,2018 Q4,0.9036518721520425,-0.037569076658398814
PT,2018 Q4,1.082506107390977,-0.03404753899741797
RO,2018 Q4,0.7813580383515797,-0.029087244608927976
RU,2018 Q4,1.02654434178494,-0.05298462473302257
SE,2018 Q4,1.8605691723305418,0.019828420816518477
SG,2018 Q4,1.0741577085366554,-0.0021560871793029346
SI,2018 Q4,0.7670855646186436,-0.020469867591811908
SK,2018 Q4,1.118722334548385,-0.009933617254224147
TH,2018 Q4,0.9926145413992925,-0.008279351810784763
TR,2018 Q4,1.2898717754447127,-0.06639571735701777
US,2018 Q4,0.8635500636003645,0.00812097072385598
ZA,2018 Q4,1.1041363389268923,0.006123342203766757
AR,2019 Q1,0.5763175525971099,-0.029355548643631324
AT,2019 Q1,1.0237228199747739,0.00551797318146896
AU,2019 Q1,1.39502751298129,-0.009856881517575466
BE,2019 Q1,0.6160699658488021,-0.0062035159694969755
BG,2019 Q1,0.7152421860405511,-0.0064081489791392166
BO,2019 Q1,0.9791639039915131,0.025014978301120094
BR,2019 Q1,0.8885246885146996,-0.015539166717996156
BY,2019 Q1,0.7614610723003432,0.0032975317715174812
CA,2019 Q1,1.1801102832076016,0.0024901930789253957
CH,2019 Q1,NA,NA
CL,2019 Q1,1.5607861293039662,-0.008089725488423571
CN,2019 Q1,3.2039248513925207,0.1719979449087421
CO,2019 Q1,2.0719471822289544,0.02611389379699558
CR,2019 Q1,2.1921525728133915,-0.03991145925443673
CY,2019 Q1,0.7931743635133024,0.00716634592633747
CZ,2019 Q1,0.6981583758836315,-0.011136919881584051
DE,2019 Q1,0.9410160911662413,-0.0011804582599171942
DK,2019 Q1,2.812559206775927,-0.03664189631890169
EE,2019 Q1,0.9918881288213572,-0.005402010982793803
ES,2019 Q1,0.987208774815994,-0.020951046264560014
FI,2019 Q1,1.3731153697465068,-6.299280155677156e-4
FR,2019 Q1,1.1550165443282352,-0.0019731953734205554
GB,2019 Q1,1.1860684396248813,-0.00855708653141729
GR,2019 Q1,1.1237958159949837,-0.05224424289841778
HR,2019 Q1,0.8726062622901225,0.04075976195375697
HU,2019 Q1,0.7186093093536797,0.012875918653873386
ID,2019 Q1,0.9482767633556434,-0.0018102590116273465
IE,2019 Q1,0.5701011429981087,0.008846117968427158
IL,2019 Q1,0.8904782451633924,-0.0011518157317479405
IS,2019 Q1,1.4244150872061805,-0.026582170968954655
IT,2019 Q1,0.8971506957215378,-0.019388669492585442
JP,2019 Q1,0.4799213751540793,0.002902969379845688
KR,2019 Q1,1.075299872056861,-0.010664628731106296
LT,2019 Q1,0.877036898295561,0.00945294307168043
LU,2019 Q1,0.3423665822398147,-0.009547051823216135
LV,2019 Q1,0.8509938723658645,-0.005469431771858213
MT,2019 Q1,0.611213114333129,0.007275899372805039
MX,2019 Q1,0.8786213866802454,0.012763159633779497
MY,2019 Q1,1.0515345810987284,0.011172031991261155
NL,2019 Q1,1.1003182336168158,-0.01150471411985543
NO,2019 Q1,1.9595914805586263,0.0012407696067007201
NZ,2019 Q1,1.4391531601637821,0.016939368009626143
PL,2019 Q1,0.9122873486128488,0.008635476460806313
PT,2019 Q1,1.0518400911682821,-0.030666016222694825
RO,2019 Q1,0.7946781402202294,0.013320101868649736
RU,2019 Q1,1.0733859407481392,0.04684159896319917
SE,2019 Q1,1.8413335506277504,-0.01923562170279136
SG,2019 Q1,1.0618046744073908,-0.012353034129264584
SI,2019 Q1,0.7686329471397723,0.0015473825211286263
SK,2019 Q1,1.1277321962348528,0.00900986168646778
TH,2019 Q1,0.987989902208941,-0.004624639190351498
TR,2019 Q1,1.2400978183084324,-0.0497739571362803
US,2019 Q1,0.8540597416143682,-0.009490321985996308
ZA,2019 Q1,1.1062763474227202,0.00214000849582785
AR,2019 Q2,0.5468161145019192,-0.02950143809519068
AT,2019 Q2,1.0305270567880154,0.006804236813241493
AU,2019 Q2,1.3903254114330839,-0.00470210154820605
BE,2019 Q2,0.6250408752274795,0.008970909378677394
BG,2019 Q2,0.7219195419884006,0.0066773559478494615
BO,2019 Q2,0.9835487661574618,0.004384862165948689
BR,2019 Q2,0.8874597417673109,-0.001064946747388662
BY,2019 Q2,0.790135186917998,0.02867411461765479
CA,2019 Q2,1.189975864192743,0.009865580985141342
CH,2019 Q2,NA,NA
CL,2019 Q2,1.571449723525912,0.010663594221945738
CN,2019 Q2,3.1313479261448514,-0.07257692524766934
CO,2019 Q2,2.123522458490633,0.05157527626167857
CR,2019 Q2,2.2766155660377336,0.08446299322434214
CY,2019 Q2,0.6782940834239749,-0.11488028008932749
CZ,2019 Q2,0.6890907281988066,-0.009067647684824931
DE,2019 Q2,0.9419537275740171,9.376364077757771e-4
DK,2019 Q2,2.7543504551805236,-0.058208751595403285
EE,2019 Q2,0.9928554417718505,9.673129504932376e-4
ES,2019 Q2,0.975848991457621,-0.011359783358372955
FI,2019 Q2,1.4022372638065659,0.02912189406005905
FR,2019 Q2,1.144339718465747,-0.010676825862488304
GB,2019 Q2,1.1889323225225485,0.002863882897667258
GR,2019 Q2,1.0871803410620378,-0.036615474932945924
HR,2019 Q2,0.8600268376323245,-0.012579424657798044
HU,2019 Q2,0.7520303487521041,0.033421039398424335
ID,2019 Q2,0.9460266587795015,-0.0022501045761418315
IE,2019 Q2,0.543830868061053,-0.026270274937055693
IL,2019 Q2,0.877708093061732,-0.012770152101660326
IS,2019 Q2,1.4439867678767417,0.019571680670561253
IT,2019 Q2,0.8803400864842317,-0.01681060923730615
JP,2019 Q2,0.4751260548089158,-0.004795320345163501
KR,2019 Q2,1.079261149239095,0.0039612771822341575
LT,2019 Q2,0.8902706998924681,0.013233801596907124
LU,2019 Q2,0.35029815629880534,0.007931574058990642
LV,2019 Q2,0.8542967588462682,0.003302886480403666
MT,2019 Q2,0.6045554784387888,-0.006657635894340208
MX,2019 Q2,0.918609461535344,0.03998807485509859
MY,2019 Q2,1.0571326689907254,0.005598087891997006
NL,2019 Q2,1.0804204857970687,-0.01989774781974707
NO,2019 Q2,1.9276896095557787,-0.03190187100284758
NZ,2019 Q2,1.4416587660050024,0.002505605841220282
PL,2019 Q2,0.9101554624627759,-0.0021318861500728703
PT,2019 Q2,1.0471893760670672,-0.004650715101214953
RO,2019 Q2,0.7921772249823236,-0.002500915237905854
RU,2019 Q2,1.0849590175278245,0.011573076779685332
SE,2019 Q2,1.8172100276967078,-0.024123522931042585
SG,2019 Q2,1.0698488143021387,0.008044139894747948
SI,2019 Q2,0.7623557779535273,-0.006277169186244991
SK,2019 Q2,1.117004386324152,-0.010727809910700659
TH,2019 Q2,0.9996670550144487,0.01167715280550774
TR,2019 Q2,1.219243456822167,-0.020854361486265294
US,2019 Q2,0.85138381415811,-0.0026759274562581092
ZA,2019 Q2,1.112902133404993,0.006625785982272925
AR,2019 Q3,0.6034664024270617,0.056650287925142484
AT,2019 Q3,1.0420747985147116,0.011547741726696259
AU,2019 Q3,1.3314973913735288,-0.05882802005955501
BE,2019 Q3,0.6323315137816823,0.007290638554202755
BG,2019 Q3,0.7153903376177949,-0.006529204370605668
BO,2019 Q3,1.0024701277408918,0.018921361583430052
BR,2019 Q3,0.8908682245969999,0.0034084828296889746
BY,2019 Q3,0.7961236857285404,0.00598849881054242
CA,2019 Q3,1.1799342022215829,-0.010041661971160076
CH,2019 Q3,NA,NA
CL,2019 Q3,1.5899324529584136,0.01848272943250162
CN,2019 Q3,3.315748941821273,0.18440101567642175
CO,2019 Q3,2.1533296167569707,0.02980715826633773
CR,2019 Q3,2.188211297257303,-0.0884042687804305
CY,2019 Q3,0.6783413436956744,4.7260271699545164e-5
CZ,2019 Q3,0.696288392214792,0.007197664015985428
DE,2019 Q3,0.9418884038859123,-6.532368810474587e-5
DK,2019 Q3,2.7669052372736287,0.012554782093105121
EE,2019 Q3,0.9675545072772249,-0.02530093449462556
ES,2019 Q3,0.9749378503787349,-9.111410788861241e-4
FI,2019 Q3,1.424927669117966,0.022690405311400097
FR,2019 Q3,1.1342801365601327,-0.010059581905614179
GB,2019 Q3,1.196551626465316,0.007619303942767441
GR,2019 Q3,1.0468952467142476,-0.04028509434779015
HR,2019 Q3,0.8021253925527142,-0.05790144507961026
HU,2019 Q3,0.7656533869432153,0.013623038191111214
ID,2019 Q3,0.9398713897623822,-0.00615526901711938
IE,2019 Q3,0.5186828887434844,-0.025147979317568514
IL,2019 Q3,0.8926699704654611,0.014961877403729118
IS,2019 Q3,1.42807550187416,-0.015911266002581748
IT,2019 Q3,0.8711883809114974,-0.009151705572734259
JP,2019 Q3,0.48086353090596556,0.005737476097049776
KR,2019 Q3,1.087350150505631,0.008089001266536
LT,2019 Q3,0.8754761472882279,-0.01479455260424023
LU,2019 Q3,0.3424335023434068,-0.007864653955398537
LV,2019 Q3,0.8494481236203091,-0.00484863522595913
MT,2019 Q3,0.598267167195829,-0.00628831124295981
MX,2019 Q3,0.9218636765205428,0.0032542149851988444
MY,2019 Q3,1.0660818556439193,0.008949186653193886
NL,2019 Q3,1.0730333964060599,-0.00738708939100885
NO,2019 Q3,1.9592611856349715,0.03157157607919281
NZ,2019 Q3,1.4436457225836743,0.0019869565786718724
PL,2019 Q3,0.9124134788959742,0.00225801643319834
PT,2019 Q3,1.0392782747948839,-0.007911101272183307
RO,2019 Q3,0.7919752105650472,-2.0201441727640823e-4
RU,2019 Q3,1.0901618841397607,0.005202866611936141
SE,2019 Q3,1.7931702093051436,-0.024039818391564216
SG,2019 Q3,1.0473993694603079,-0.022449444841830868
SI,2019 Q3,0.7602718843659618,-0.002083893587565444
SK,2019 Q3,1.123621379887852,0.0066169935636999355
TH,2019 Q3,0.9917252544899627,-0.007941800524486009
TR,2019 Q3,1.1713474389858538,-0.047896017836313254
US,2019 Q3,0.845696260348572,-0.005687553809538004
ZA,2019 Q3,1.1100590543904707,-0.0028430790145224094
AR,2019 Q4,0.5944363270627459,-0.009030075364315882
AT,2019 Q4,1.0253156928808174,-0.016759105633894267
AU,2019 Q4,1.3341051219258286,0.0026077305522997918
BE,2019 Q4,0.6478026793539502,0.015471165572267909
BG,2019 Q4,0.7044029604376333,-0.010987377180161628
BO,2019 Q4,1.0128146502917865,0.010344522550894686
BR,2019 Q4,0.9143950416728402,0.023526817075840367
BY,2019 Q4,0.7787609019331581,-0.017362783795382364
CA,2019 Q4,1.1776189407858189,-0.0023152614357639933
CH,2019 Q4,NA,NA
CL,2019 Q4,1.5295476129245618,-0.060384840033851805
CN,2019 Q4,3.270923772195356,-0.044825169625917205
CO,2019 Q4,2.039026704306598,-0.1143029124503725
CR,2019 Q4,2.0170792067066716,-0.1711320905506315
CY,2019 Q4,0.6582534073700151,-0.020087936325659306
CZ,2019 Q4,0.6969048744726054,6.16482257813411e-4
DE,2019 Q4,0.9379336512397385,-0.0039547526461738425
DK,2019 Q4,2.749451015802027,-0.017454221471601805
EE,2019 Q4,0.9426884139482564,-0.024866093328968497
ES,2019 Q4,0.9617937952003114,-0.013144055178423542
FI,2019 Q4,1.398449303213798,-0.026478365904168077
FR,2019 Q4,1.1436508378094974,0.009370701249364677
GB,2019 Q4,1.1814802435888414,-0.015071382876474582
GR,2019 Q4,1.000341317485494,-0.046553929228753566
HR,2019 Q4,0.8249808992897365,0.022855506737022302
HU,2019 Q4,0.7380959688208953,-0.027557418122319932
ID,2019 Q4,0.9425585339949761,0.0026871442325939743
IE,2019 Q4,0.48053256805253486,-0.03815032069094959
IL,2019 Q4,0.8661711154400289,-0.026498855025432255
IS,2019 Q4,1.4124891024590145,-0.015586399415145502
IT,2019 Q4,0.8498756808299004,-0.021312700081597025
JP,2019 Q4,0.48410528868670477,0.0032417577807392073
KR,2019 Q4,1.0797282416208314,-0.007621908884799744
LT,2019 Q4,0.819371617936994,-0.05610452935123389
LU,2019 Q4,0.3379720502214934,-0.004461452121913401
LV,2019 Q4,0.7820895522388059,-0.06735857138150314
MT,2019 Q4,0.5983430152172494,7.584802142046598e-5
MX,2019 Q4,0.9134988539169047,-0.008364822603638133
MY,2019 Q4,1.062919207325014,-0.0031626483189053367
NL,2019 Q4,1.0699860018342424,-0.0030473945718174633
NO,2019 Q4,1.974994299348782,0.015733113713810365
NZ,2019 Q4,1.4350833828499832,-0.008562339733691138
PL,2019 Q4,0.8729881521909771,-0.0394253267049971
PT,2019 Q4,1.0148037981650975,-0.024474476629786412
RO,2019 Q4,0.7516090064188093,-0.040366204146237816
RU,2019 Q4,1.0512186877317091,-0.03894319640805155
SE,2019 Q4,1.8018957681413497,0.008725558836206071
SG,2019 Q4,1.0504238253774334,0.0030244559171255236
SI,2019 Q4,0.7429182481622059,-0.017353636203755962
SK,2019 Q4,1.0931873898076645,-0.030433990080187545
TH,2019 Q4,0.980926175467432,-0.010799079022530744
TR,2019 Q4,1.13473954541169,-0.03660789357416383
US,2019 Q4,0.8400090307399625,-0.0056872296086095675
ZA,2019 Q4,1.1120766001690365,0.0020175457785658324
AR,2020 Q1,0.5301594322456492,-0.06427689481709664
AT,2020 Q1,1.0245238230266303,-7.918698541871105e-4
AU,2020 Q1,1.2854388354100559,-0.04866628651577276
BE,2020 Q1,0.6477386050331436,-6.407432080657305e-5
BG,2020 Q1,0.7092351557034745,0.0048321952658412215
BO,2020 Q1,0.9890670863997958,-0.02374756389199073
BR,2020 Q1,0.9395423760842785,0.025147334411438238
BY,2020 Q1,0.8124695439061949,0.0337086419730368
CA,2020 Q1,1.1475644361204411,-0.030054504665377735
CH,2020 Q1,NA,NA
CL,2020 Q1,1.4814165259559493,-0.04813108696861246
CN,2020 Q1,3.4926309813657594,0.22170720917040354
CO,2020 Q1,1.9440342418626886,-0.09499246244390958
CR,2020 Q1,1.8618238551264445,-0.15525535158022707
CY,2020 Q1,0.6649162354628824,0.0066628280928672234
CZ,2020 Q1,0.6721537391744106,-0.024751135298194837
DE,2020 Q1,0.9264668456585088,-0.0114668055812297
DK,2020 Q1,2.7587978236610535,0.00934680785902664
EE,2020 Q1,0.9316617502458211,-0.011026663702435324
ES,2020 Q1,0.9545460971073861,-0.007247698092925248
FI,2020 Q1,1.303055505939091,-0.09539379727470698
FR,2020 Q1,1.0888168122616322,-0.054834025547865206
GB,2020 Q1,1.188598634966795,0.007118391377953559
GR,2020 Q1,0.9480074038199996,-0.05233391366549445
HR,2020 Q1,0.8203524420754922,-0.004628457214244319
HU,2020 Q1,0.7560668253568454,0.017970856535950097
ID,2020 Q1,0.9020117277033455,-0.040546806291630655
IE,2020 Q1,0.46406740653758655,-0.016465161514948312
IL,2020 Q1,0.8130937482390744,-0.05307736720095446
IS,2020 Q1,1.3508509000167992,-0.061638202442215295
IT,2020 Q1,0.8475154449761251,-0.0023602358537753165
JP,2020 Q1,0.47890856367418355,-0.0051967250125212194
KR,2020 Q1,1.0810931775681525,0.001364935947321122
LT,2020 Q1,0.813833731564637,-0.0055378863723569705
LU,2020 Q1,0.335950044603033,-0.0020220056184603874
LV,2020 Q1,0.7398489140698773,-0.042240638168928646
MT,2020 Q1,0.5928010039962213,-0.005542011221028154
MX,2020 Q1,0.9143854838367387,8.866299198340144e-4
MY,2020 Q1,1.0679842582646597,0.00506505093964571
NL,2020 Q1,1.0474148440133875,-0.022571157820854948
NO,2020 Q1,1.9021702217349952,-0.07282407761378673
NZ,2020 Q1,1.4110414839584398,-0.0240418988915434
PL,2020 Q1,0.8752276180742469,0.002239465883269731
PT,2020 Q1,1.001923597185157,-0.01288020097994047
RO,2020 Q1,0.7427553940969144,-0.008853612321894966
RU,2020 Q1,1.0489589896700209,-0.0022596980616882423
SE,2020 Q1,1.7057448990217206,-0.09615086911962911
SG,2020 Q1,1.0136889479169064,-0.03673487746052695
SI,2020 Q1,0.7446216981655257,0.0017034500033198396
SK,2020 Q1,1.1144767534992175,0.021289363691552987
TH,2020 Q1,0.9473110082390486,-0.033615167228383425
TR,2020 Q1,1.1382324831949073,0.0034929377832173536
US,2020 Q1,0.8200146201712586,-0.01999441056870388
ZA,2020 Q1,1.0573278947820122,-0.054748705387024366
AR,2020 Q2,0.47878460286804675,-0.05137482937760246
AT,2020 Q2,1.0163936595655707,-0.008130163461059547
AU,2020 Q2,1.237266864067133,-0.04817197134292295
BE,2020 Q2,0.6341487462983884,-0.013589858734755267
BG,2020 Q2,0.6973447513006386,-0.011890404402835952
BO,2020 Q2,0.989561349645767,4.942632459712382e-4
BR,2020 Q2,0.9126367764456701,-0.02690559963860839
BY,2020 Q2,0.8308581596923941,0.018388615786199214
CA,2020 Q2,1.0570497032707773,-0.09051473284966383
CH,2020 Q2,NA,NA
CL,2020 Q2,1.4731215482322193,-0.008294977723730002
CN,2020 Q2,3.38126288967417,-0.11136809169158957
CO,2020 Q2,1.8617496307257615,-0.08228461113692709
CR,2020 Q2,1.6658926951557622,-0.19593115997068233
CY,2020 Q2,0.6367978747860737,-0.028118360676808618
CZ,2020 Q2,0.6689157576677469,-0.0032379815066636564
DE,2020 Q2,0.9182419868278637,-0.008224858830645054
DK,2020 Q2,2.611022524880398,-0.14777529878065554
EE,2020 Q2,0.8889817232375979,-0.042680027008223154
ES,2020 Q2,0.92425982347722,-0.030286273630166116
FI,2020 Q2,1.2495475865125383,-0.05350791942655264
FR,2020 Q2,1.0637133027042567,-0.025103509557375503
GB,2020 Q2,1.1259653878429483,-0.06263324712384666
GR,2020 Q2,0.927993301702484,-0.020014102117515642
HR,2020 Q2,0.8009256782064316,-0.019426763869060615
HU,2020 Q2,0.7449726224359896,-0.011094202920855833
ID,2020 Q2,0.8834756985261192,-0.0185360291772263
IE,2020 Q2,0.42847378077635134,-0.035593625761235204
IL,2020 Q2,0.782814325754234,-0.03027942248484039
IS,2020 Q2,1.3333285901525207,-0.017522309864278496
IT,2020 Q2,0.8385830109593737,-0.008932434016751367
JP,2020 Q2,0.47823764429757337,-6.709193766101795e-4
KR,2020 Q2,1.0709798720426855,-0.010113305525466965
LT,2020 Q2,0.7503791561345519,-0.06345457543008515
LU,2020 Q2,0.3389843362197342,0.003034291616701157
LV,2020 Q2,0.7483984085238384,0.008549494453961137
MT,2020 Q2,0.5745769345732153,-0.018224069423005917
MX,2020 Q2,0.8703002799794854,-0.04408520385725323
MY,2020 Q2,1.048804274050746,-0.01917998421391376
NL,2020 Q2,0.9921471706553344,-0.05526767335805305
NO,2020 Q2,1.854653499239446,-0.04751672249554928
NZ,2020 Q2,1.370115042698413,-0.04092644126002676
PL,2020 Q2,0.8087217005826285,-0.06650591749161838
PT,2020 Q2,0.9735518858601324,-0.028371711325024584
RO,2020 Q2,0.7277800092531906,-0.014975384843723738
RU,2020 Q2,1.0585579547867923,0.009598965116771385
SE,2020 Q2,1.6430348672206128,-0.06271003180110779
SG,2020 Q2,0.9666881464342331,-0.04700080148267338
SI,2020 Q2,0.697861849065544,-0.046759849099981654
SK,2020 Q2,1.0923706561467024,-0.02210609735251512
TH,2020 Q2,0.9343838415235483,-0.012927166715500316
TR,2020 Q2,1.1481674303511267,0.009934947156219343
US,2020 Q2,0.7472975858705733,-0.07271703430068532
ZA,2020 Q2,1.032039098270337,-0.02528879651167526
AR,2020 Q3,0.4719976946008242,-0.006786908267222558
AT,2020 Q3,1.0090591039808245,-0.007334555584746161
AU,2020 Q3,1.1995757828180502,-0.037691081249082714
BE,2020 Q3,0.6349167569498385,7.680106514501572e-4
BG,2020 Q3,0.6832782825082762,-0.014066468792362397
BO,2020 Q3,1.0048333562764802,0.015272006630713153
BR,2020 Q3,0.9060792842979288,-0.006557492147741262
BY,2020 Q3,0.8896133080176608,0.05875514832526674
CA,2020 Q3,1.0390094314525091,-0.018040271818268172
CH,2020 Q3,NA,NA
CL,2020 Q3,1.3795013865395833,-0.09362016169263598
CN,2020 Q3,3.5115821564692187,0.1303192667950488
CO,2020 Q3,1.8685622691595407,0.006812638433779217
CR,2020 Q3,1.6185581569174639,-0.04733453823829836
CY,2020 Q3,0.6336109201110347,-0.0031869546750390443
CZ,2020 Q3,0.6547198089733048,-0.014195948694442073
DE,2020 Q3,0.9093972750625329,-0.00884471176533086
DK,2020 Q3,2.6061876254434977,-0.004834899436900297
EE,2020 Q3,0.8866817620419926,-0.0022999611956053823
ES,2020 Q3,0.9069587191887549,-0.017301104288465097
FI,2020 Q3,1.2411272617548825,-0.00842032475765575
FR,2020 Q3,1.0477198250571997,-0.015993477647056942
GB,2020 Q3,1.113107466672611,-0.012857921170337239
GR,2020 Q3,0.9055578718619313,-0.02243542984055269
HR,2020 Q3,0.7747009880395216,-0.02622469016690998
HU,2020 Q3,0.7348803795792542,-0.010092242856735378
ID,2020 Q3,0.8434405471221744,-0.04003515140394476
IE,2020 Q3,0.4107795714799564,-0.017694209296394925
IL,2020 Q3,0.7574567072428475,-0.025357618511386515
IS,2020 Q3,1.3817270221717233,0.048398432019202575
IT,2020 Q3,0.8256953402176759,-0.012887670741697832
JP,2020 Q3,0.4814083759465768,0.0031707316490034443
KR,2020 Q3,1.0787825294546847,0.007802657411999148
LT,2020 Q3,0.7128534041063069,-0.03752575202824493
LU,2020 Q3,0.3349667172719841,-0.004017618947750046
LV,2020 Q3,0.7286118235023344,-0.01978658502150399
MT,2020 Q3,0.5813189592288115,0.006742024655596146
MX,2020 Q3,0.8491022631174596,-0.021198016862025826
MY,2020 Q3,1.0538146935456139,0.005010419494867913
NL,2020 Q3,0.9769181927146675,-0.01522897794066691
NO,2020 Q3,1.8501733837326908,-0.004480115506755089
NZ,2020 Q3,1.3337289980863527,-0.0363860446120603
PL,2020 Q3,0.8001950177478458,-0.00852668283478264
PT,2020 Q3,0.9709835656680431,-0.0025683201920893017
RO,2020 Q3,0.718509103949716,-0.00927090530347463
RU,2020 Q3,1.0394150699862985,-0.019142884800493754
SE,2020 Q3,1.6449595499008012,0.0019246826801884165
SG,2020 Q3,0.9632374149121666,-0.0034507315220664303
SI,2020 Q3,0.6891965716725217,-0.008665277393022364
SK,2020 Q3,1.09627647585668,0.0039058197099777203
TH,2020 Q3,0.9362816629587156,0.0018978214351673683
TR,2020 Q3,1.1435066952395887,-0.0046607351115379725
US,2020 Q3,0.730450490888211,-0.016847094982362254
ZA,2020 Q3,0.9934815861861839,-0.038557512084153034
AR,2020 Q4,0.47234010586705616,3.424112662319678e-4
AT,2020 Q4,0.9727201870615745,-0.036338916919250064
AU,2020 Q4,1.1991773001105273,-3.9848270752296244e-4
BE,2020 Q4,0.6325822619740883,-0.002334494975750223
BG,2020 Q4,0.6649858927834379,-0.018292389724838265
BO,2020 Q4,0.996254235073875,-0.008579121202605178
BR,2020 Q4,0.9210097784133094,0.01493049411538061
BY,2020 Q4,0.8943569695417384,0.004743661524077569
CA,2020 Q4,1.046559480193859,0.007550048741349791
CH,2020 Q4,NA,NA
CL,2020 Q4,1.3458422012647717,-0.0336591852748116
CN,2020 Q4,3.424358341947711,-0.08722381452150785
CO,2020 Q4,1.7391278872557696,-0.1294343819037711
CR,2020 Q4,1.5782599141208704,-0.04029824279659344
CY,2020 Q4,0.6313324819071946,-0.002278438203840105
CZ,2020 Q4,0.6609281665743096,0.006208357601004799
DE,2020 Q4,0.9032760727240792,-0.006121202338453702
DK,2020 Q4,2.549727976013897,-0.05645964942960058
EE,2020 Q4,0.8276950621937429,-0.05898669984824967
ES,2020 Q4,0.8879483761034371,-0.019010343085317793
FI,2020 Q4,1.2697975390430083,0.028670277288125767
FR,2020 Q4,1.0593624954939937,0.011642670436794011
GB,2020 Q4,1.094024159308407,-0.01908330736420405
GR,2020 Q4,0.8134367323689613,-0.09212113949296996
HR,2020 Q4,0.7657623329776965,-0.008938655061825118
HU,2020 Q4,0.6858483373685663,-0.04903204221068791
ID,2020 Q4,0.8363404918299251,-0.00710005529224933
IE,2020 Q4,0.35875201100967224,-0.05202756047028417
IL,2020 Q4,0.7349490113821496,-0.022507695860697896
IS,2020 Q4,1.43996446448089,0.05823744230916672
IT,2020 Q4,0.7924281750338389,-0.03326716518383699
JP,2020 Q4,0.477332467982393,-0.004075907964183834
KR,2020 Q4,1.0761516584780604,-0.002630870976624289
LT,2020 Q4,0.626759160913436,-0.08609424319287096
LU,2020 Q4,0.3172948464551078,-0.017671870816876323
LV,2020 Q4,0.6684607770353873,-0.06015104646694713
MT,2020 Q4,0.5760200940019423,-0.005298865226869176
MX,2020 Q4,0.7823796040163833,-0.06672265910107633
MY,2020 Q4,1.0639063527072785,0.010091659161664657
NL,2020 Q4,0.971227253828257,-0.005690938886410479
NO,2020 Q4,1.8489733902537602,-0.0011999934789306277
NZ,2020 Q4,1.3193871697998525,-0.014341828286500213
PL,2020 Q4,0.7801109889218822,-0.020084028825963607
PT,2020 Q4,0.9558818062523596,-0.01510175941568348
RO,2020 Q4,0.6889405300076885,-0.0295685739420275
RU,2020 Q4,1.0225944823470499,-0.016820587639248652
SE,2020 Q4,1.5937339335087506,-0.05122561639205059
SG,2020 Q4,0.9400214469113426,-0.02321596800082404
SI,2020 Q4,0.6622515315704331,-0.026945040102088536
SK,2020 Q4,1.0694279190755551,-0.026848556781124966
TH,2020 Q4,0.9307816348264093,-0.005500028132306323
TR,2020 Q4,1.1230918509762535,-0.020414844263335175
US,2020 Q4,0.7062127390582762,-0.024237751829934817
ZA,2020 Q4,0.9808034480753948,-0.012678138110789106
AR,2021 Q1,0.45303482930828454,-0.019305276558771622
AT,2021 Q1,0.9883427499497532,0.01562256288817876
AU,2021 Q1,1.1974229359431758,-0.0017543641673514188
BE,2021 Q1,0.6408460712220111,0.008263809247922804
BG,2021 Q1,0.6523976897784192,-0.012588203005018728
BO,2021 Q1,0.9924318397280409,-0.003822395345834062
BR,2021 Q1,0.9365031112658092,0.015493332852499764
BY,2021 Q1,0.8849425498353312,-0.009414419706407218
CA,2021 Q1,1.042883046969546,-0.0036764332243128806
CH,2021 Q1,NA,NA
CL,2021 Q1,1.3362387960901536,-0.009603405174618107
CN,2021 Q1,3.648843846535499,0.22448550458778804
CO,2021 Q1,1.6948423508317363,-0.04428553642403332
CR,2021 Q1,1.5272341841230996,-0.051025729997770775
CY,2021 Q1,0.6304864324121545,-8.460494950400799e-4
CZ,2021 Q1,0.6297389170891935,-0.031189249485116144
DE,2021 Q1,0.90348072001517,2.0464729109082036e-4
DK,2021 Q1,2.540042912594738,-0.009685063419158979
EE,2021 Q1,0.7904617848563039,-0.037233277337438975
ES,2021 Q1,0.8802566381553143,-0.007691737948122834
FI,2021 Q1,1.267433470789292,-0.002364068253716267
FR,2021 Q1,1.0431767606840427,-0.016185734809951002
GB,2021 Q1,1.0685806436292882,-0.025443515679118844
GR,2021 Q1,0.7943265325288192,-0.01911019984014206
HR,2021 Q1,0.7587162145299359,-0.0070461184477605965
HU,2021 Q1,0.6933577088202414,0.007509371451675073
ID,2021 Q1,0.8246344831116944,-0.011706008718230687
IE,2021 Q1,0.37364891418719337,0.014896903177521126
IL,2021 Q1,0.7232145256697248,-0.011734485712424858
IS,2021 Q1,1.480219830817659,0.04025536633676907
IT,2021 Q1,0.7933007201909488,8.72545157109883e-4
JP,2021 Q1,0.4783858351087551,0.0010533671263621147
KR,2021 Q1,1.0644180413944682,-0.011733617083592218
LT,2021 Q1,0.6201200713938018,-0.0066390895196342115
LU,2021 Q1,0.28934333087092,-0.02795151558418779
LV,2021 Q1,0.6540089418777943,-0.014451835157592963
MT,2021 Q1,0.5659158554480103,-0.010104238553932055
MX,2021 Q1,0.7676088731722079,-0.01477073084417535
MY,2021 Q1,1.0492718407384916,-0.014634511968786956
NL,2021 Q1,0.9742530417205902,0.0030257878923332093
NO,2021 Q1,1.7970826485177547,-0.0518907417360055
NZ,2021 Q1,1.3417841991955954,0.02239702939574295
PL,2021 Q1,0.7653332286730051,-0.014777760248877114
PT,2021 Q1,0.9411699941842407,-0.01471181206811889
RO,2021 Q1,0.6923718461389532,0.0034313161312646834
RU,2021 Q1,1.045726665391286,0.023132183044236143
SE,2021 Q1,1.560262542168474,-0.03347139134027666
SG,2021 Q1,0.9390356975566859,-9.857493546566731e-4
SI,2021 Q1,0.6495769691868412,-0.012674562383591992
SK,2021 Q1,1.0763666552855202,0.006938736209965102
TH,2021 Q1,0.9347831503811513,0.004001515554742041
TR,2021 Q1,1.100955586028537,-0.02213626494771659
US,2021 Q1,0.6762821161609106,-0.02993062289736559
ZA,2021 Q1,0.9780963533772646,-0.0027070946981301303
AR,2021 Q2,0.4354633521875813,-0.017571477120703227
AT,2021 Q2,0.9862009273570325,-0.002141822592720777
AU,2021 Q2,1.1955237848711953,-0.001899151071980576
BE,2021 Q2,0.6404221490338595,-4.239221881515709e-4
BG,2021 Q2,0.6528945473249972,4.968575465780223e-4
BO,2021 Q2,0.9966653270663832,0.004233487338342279
BR,2021 Q2,0.9375890338001931,0.0010859225343838874
BY,2021 Q2,0.9346215106625113,0.04967896082718015
CA,2021 Q2,1.0607687060227564,0.01788565905321038
CH,2021 Q2,NA,NA
CL,2021 Q2,1.2577238074907968,-0.0785149885993568
CN,2021 Q2,3.567988825730123,-0.08085502080537577
CO,2021 Q2,1.6767449356401622,-0.01809741519157404
CR,2021 Q2,1.4683702158838634,-0.05886396823923623
CY,2021 Q2,0.5748242873877392,-0.055662145024415355
CZ,2021 Q2,0.631665351012703,0.0019264339235095518
DE,2021 Q2,0.901408801562786,-0.0020719184523839695
DK,2021 Q2,2.5568667644659566,0.016823851871218487
EE,2021 Q2,0.7965283620422442,0.006066577185940281
ES,2021 Q2,0.8574945242117509,-0.022762113943563422
FI,2021 Q2,1.2378435410210407,-0.029589929768251366
FR,2021 Q2,1.048101442841993,0.0049246821579502775
GB,2021 Q2,1.0597922277799154,-0.008788415849372733
GR,2021 Q2,0.7131939569314362,-0.08113257559738307
HR,2021 Q2,0.7333301144319444,-0.02538610009799147
HU,2021 Q2,0.7050887012062327,0.01173099238599129
ID,2021 Q2,0.8123015412977673,-0.012332941813927079
IE,2021 Q2,0.3625086113692138,-0.011140302817979564
IL,2021 Q2,0.7185724700818181,-0.004642055587906646
IS,2021 Q2,1.4792009168996787,-0.0010189139179803686
IT,2021 Q2,0.779476879793895,-0.013823840397053755
JP,2021 Q2,0.4710537134782915,-0.007332121630463595
KR,2021 Q2,1.067486976009128,0.003068934614659735
LT,2021 Q2,0.6353977125032493,0.015277641109447515
LU,2021 Q2,0.27823795331747564,-0.011105377553444373
LV,2021 Q2,0.6376025013273553,-0.01640644055043905
MT,2021 Q2,0.5489400430622245,-0.016975812385785716
MX,2021 Q2,0.769372957793421,0.0017640846212130246
MY,2021 Q2,1.0497730633662743,5.012226277827381e-4
NL,2021 Q2,0.9526559393473478,-0.021597102373242416
NO,2021 Q2,1.7407035598634577,-0.05637908865429697
NZ,2021 Q2,1.364467286632489,0.022683087436893512
PL,2021 Q2,0.7648061122159775,-5.271164570276321e-4
PT,2021 Q2,0.9137630904423201,-0.027406903741920674
RO,2021 Q2,0.6834130865359214,-0.00895875960303183
RU,2021 Q2,1.080197632703813,0.03447096731252697
SE,2021 Q2,1.5157748270821942,-0.04448771508627969
SG,2021 Q2,0.9570229772065921,0.017987279649906207
SI,2021 Q2,0.6419320169239676,-0.007644952262873539
SK,2021 Q2,1.0833696143563925,0.007002959070872228
TH,2021 Q2,0.9437150014906013,0.00893185110944994
TR,2021 Q2,1.0686997803290306,-0.03225580569950637
US,2021 Q2,0.6623463682383395,-0.013935747922571129
ZA,2021 Q2,0.984430136158814,0.006333782781549391
AR,2021 Q3,0.43207084273256385,-0.003392509455017456
AT,2021 Q3,0.9987599200234702,0.012558992666437785
AU,2021 Q3,1.186504453280731,-0.009019331590464308
BE,2021 Q3,0.642892656889539,0.0024705078556794824
BG,2021 Q3,0.6505355581615745,-0.002358989163422698
BO,2021 Q3,0.9743603856603813,-0.02230494140600192
BR,2021 Q3,0.9706842025947044,0.033095168794511354
BY,2021 Q3,0.9377500380591969,0.0031285273966855653
CA,2021 Q3,1.0622258790425942,0.0014571730198378319
CH,2021 Q3,NA,NA
CL,2021 Q3,1.27392548720881,0.016201679718013118
CN,2021 Q3,3.7358658208783897,0.1678769951482666
CO,2021 Q3,1.7040332486701113,0.02728831302994905
CR,2021 Q3,1.4119713912484357,-0.05639882463542767
CY,2021 Q3,0.5642029890912585,-0.010621298296480619
CZ,2021 Q3,0.6448528256175425,0.013187474604839489
DE,2021 Q3,0.9058751687140222,0.004466367151236161
DK,2021 Q3,2.599789123499881,0.04292235903392427
EE,2021 Q3,0.7592917397477658,-0.03723662229447844
ES,2021 Q3,0.8432018675598073,-0.01429265665194357
FI,2021 Q3,1.2251173508147895,-0.012726190206251209
FR,2021 Q3,1.038435017342419,-0.009666425499573972
GB,2021 Q3,1.0598432388887984,5.101110888294791e-5
GR,2021 Q3,0.6386694340296376,-0.07452452290179856
HR,2021 Q3,0.6941723242356587,-0.039157790196285736
HU,2021 Q3,0.7127678773915826,0.007679176185349967
ID,2021 Q3,0.8058026165832594,-0.00649892471450797
IE,2021 Q3,0.3511149625904725,-0.011393648778741328
IL,2021 Q3,0.7173423252502764,-0.001230144831541713
IS,2021 Q3,1.4556804047093237,-0.023520512190355003
IT,2021 Q3,0.7713089184557715,-0.008167961338123475
JP,2021 Q3,0.47450571202445846,0.0034519985461669567
KR,2021 Q3,1.0752112256637456,0.00772424965461771
LT,2021 Q3,0.6415052397586536,0.00610752725540431
LU,2021 Q3,0.2723125194886186,-0.0059254338288570185
LV,2021 Q3,0.656,0.01839749867264473
MT,2021 Q3,0.5476327798789612,-0.0013072631832633519
MX,2021 Q3,0.7728085101974889,0.0034355524040678986
MY,2021 Q3,1.0405863998974711,-0.009186663468803147
NL,2021 Q3,0.950063382409279,-0.002592556938068813
NO,2021 Q3,1.7508226144181873,0.010119054554729612
NZ,2021 Q3,1.3540791395845075,-0.010388147047981411
PL,2021 Q3,0.7650330523738309,2.2694015785340582e-4
PT,2021 Q3,0.9047288958966514,-0.009034194545668672
RO,2021 Q3,0.692131449733271,0.008718363197349643
RU,2021 Q3,1.0939094786026173,0.013711845898804365
SE,2021 Q3,1.5078030949631829,-0.007971732119011365
SG,2021 Q3,NA,NA
SI,2021 Q3,0.6443245456755653,0.002392528751597678
SK,2021 Q3,1.1075131607361135,0.024143546379721048
TH,2021 Q3,0.9401659369809618,-0.0035490645096394324
TR,2021 Q3,1.0369726773955177,-0.031727102933512885
US,2021 Q3,0.6470636174908859,-0.015282750747453555
ZA,2021 Q3,0.9489358768187541,-0.0354942593400599
AR,2021 Q4,0.4419826554879596,0.009911812755395766
AT,2021 Q4,0.9952038311997113,-0.0035560888237589072
AU,2021 Q4,1.1861701383926764,-3.3431488805457654e-4
BE,2021 Q4,0.6408031429251851,-0.002089513964353862
BG,2021 Q4,0.6608822084068957,0.01034665024532122
BO,2021 Q4,1.7244715928586558,0.7501112071982745
BR,2021 Q4,1.0007223273259693,0.03003812473126488
BY,2021 Q4,0.9153050505373838,-0.02244498752181312
CA,2021 Q4,1.0849565986236067,0.02273071958101247
CH,2021 Q4,NA,NA
CL,2021 Q4,1.2878316189818388,0.013906131773028907
CN,2021 Q4,3.6600004527400727,-0.07586536813831701
CO,2021 Q4,1.588395103777414,-0.1156381448926973
CR,2021 Q4,1.3635617083916458,-0.048409682856789926
CY,2021 Q4,0.5562039025301092,-0.007999086561149338
CZ,2021 Q4,0.6672335513314911,0.022380725713948557
DE,2021 Q4,0.9190631925314401,0.013188023817417904
DK,2021 Q4,2.6445725012909893,0.044783377791108414
EE,2021 Q4,0.7404780564263322,-0.018813683321433516
ES,2021 Q4,0.8343155326646787,-0.008886334895128578
FI,2021 Q4,1.2426069365032353,0.01748958568844583
FR,2021 Q4,1.0446007791028238,0.006165761760404731
GB,2021 Q4,1.0520916478635183,-0.0077515910252801135
GR,2021 Q4,0.5659503579746399,-0.07271907605499772
HR,2021 Q4,0.6938729924724698,-2.9933176318885923e-4
HU,2021 Q4,0.6737232081363032,-0.039044669255279496
ID,2021 Q4,0.7747502131324326,-0.031052403450826715
IE,2021 Q4,0.33674009792899684,-0.01437486466147564
IL,2021 Q4,0.7092533478431003,-0.008088977407176068
IS,2021 Q4,1.4617352292278796,0.006054824518555879
IT,2021 Q4,0.7516405945638976,-0.019668323891873896
JP,2021 Q4,0.4737816008619697,-7.241111624887719e-4
KR,2021 Q4,1.070950361991438,-0.004260863672307602
LT,2021 Q4,0.6339623766508661,-0.007542863107787512
LU,2021 Q4,0.2700608397860379,-0.0022516797025807223
LV,2021 Q4,0.638212546548267,-0.01778745345173305
MT,2021 Q4,0.5370261329076014,-0.010606646971359823
MX,2021 Q4,0.7581561109880205,-0.01465239920946837
MY,2021 Q4,1.043858095330038,0.00327169543256689
NL,2021 Q4,0.9236949626609874,-0.026368419748291627
NO,2021 Q4,1.7509719763513336,1.4936193314629698e-4
NZ,2021 Q4,1.318959671169059,-0.03511946841544855
PL,2021 Q4,0.7461089327183155,-0.018924119655515437
PT,2021 Q4,0.8811873821520301,-0.023541513744621323
RO,2021 Q4,0.6708290449733303,-0.02130240475994072
RU,2021 Q4,1.0437712962849348,-0.05013818231768252
SE,2021 Q4,1.5401971238382186,0.03239402887503573
SG,2021 Q4,NA,NA
SI,2021 Q4,0.6468934689075934,0.002568923232028064
SK,2021 Q4,1.0874560151905084,-0.020057145545605115
TH,2021 Q4,0.9350978459049584,-0.005068091076003478
TR,2021 Q4,0.9699063327030697,-0.06706634469244799
US,2021 Q4,0.6553264178137168,0.008262800322830888
ZA,2021 Q4,0.9562022361837288,0.007266359364974662
AR,2022 Q1,0.4445949171317425,0.002612261643782865
AT,2022 Q1,1.0006151945938884,0.005411363394177027
AU,2022 Q1,1.1935635549745514,0.007393416581874979
BE,2022 Q1,0.641487620280582,6.844773553968952e-4
BG,2022 Q1,0.6595685878093916,-0.0013136205975040616
BO,2022 Q1,1.7418618877965806,0.017390294937924766
BR,2022 Q1,1.0015074999396487,7.851726136793857e-4
BY,2022 Q1,0.969074149889479,0.053769099352095284
CA,2022 Q1,1.0900946683427766,0.005138069719169858
CH,2022 Q1,NA,NA
CL,2022 Q1,1.3728327508400024,0.0850011318581636
CN,2022 Q1,3.859354257125988,0.1993538043859151
CO,2022 Q1,1.6752529015818933,0.08685779780447933
CR,2022 Q1,1.3944107975299578,0.03084908913831197
CY,2022 Q1,0.5628589056048597,0.006655003074750532
CZ,2022 Q1,0.6522742197406742,-0.01495933159081686
DE,2022 Q1,0.9111595239153012,-0.007903668616138892
DK,2022 Q1,2.7157302849334584,0.07115778364246905
EE,2022 Q1,0.7671282071744943,0.026650150748162016
ES,2022 Q1,0.8272503658456406,-0.007065166819038127
FI,2022 Q1,1.241515063817897,-0.0010918726853383909
FR,2022 Q1,1.0347619368385137,-0.009838842264310088
GB,2022 Q1,1.0570757517116072,0.004984103848088894
GR,2022 Q1,0.5701464829268025,0.004196124952162594
HR,2022 Q1,0.7141327861905931,0.020259793718123253
HU,2022 Q1,0.6651899827675244,-0.008533225368778763
ID,2022 Q1,0.7961127381618722,0.021362525029439583
IE,2022 Q1,0.3963343714554857,0.05959427352648888
IL,2022 Q1,0.7399917622842092,0.030738414441108808
IS,2022 Q1,1.4743945821921092,0.012659352964229598
IT,2022 Q1,0.7629812025798322,0.011340608015934506
JP,2022 Q1,0.4712597245528207,-0.0025218763091489627
KR,2022 Q1,1.0842717717324792,0.013321409741041235
LT,2022 Q1,0.6148244907034268,-0.01913788594743926
LU,2022 Q1,0.27778151386086825,0.007720674074830347
LV,2022 Q1,0.6290873874900308,-0.009125159058236187
MT,2022 Q1,0.5315585105485944,-0.005467622359006996
MX,2022 Q1,0.7730946235623147,0.014938512574294238
MY,2022 Q1,1.0455451815370438,0.0016870862070057502
NL,2022 Q1,0.9237251832525779,3.0220591590524037e-5
NO,2022 Q1,1.7178696818348111,-0.03310229451652247
NZ,2022 Q1,1.3380430454395345,0.01908337427047546
PL,2022 Q1,0.7583345174102362,0.012225584691920699
PT,2022 Q1,0.8772315240957012,-0.00395585805632892
RO,2022 Q1,0.6942515535043772,0.02342250853104688
RU,2022 Q1,NA,NA
SE,2022 Q1,1.5291179597886975,-0.01107916404952114
SG,2022 Q1,NA,NA
SI,2022 Q1,0.6684892348346294,0.021595765927036048
SK,2022 Q1,1.132327702127715,0.044871686937206556
TH,2022 Q1,0.9203363308250407,-0.014761515079917631
TR,2022 Q1,0.9665216476595021,-0.0033846850435675924
US,2022 Q1,0.6600462167364368,0.004719798922720009
ZA,2022 Q1,0.9622076666156891,0.006005430431960335
AR,2022 Q2,0.42510328738618613,-0.01949162974555635
AT,2022 Q2,1.0169431203718422,0.016327925777953833
AU,2022 Q2,1.183246562859063,-0.010316992115488421
BE,2022 Q2,0.6604636753873546,0.018976055106772582
BG,2022 Q2,0.6719693247169419,0.01240073690755028
BO,2022 Q2,1.7632728824833768,0.021410994686796192
BR,2022 Q2,1.03288892753964,0.031381427599991296
BY,2022 Q2,0.9709789411393659,0.0019047912498868502
CA,2022 Q2,1.099575286101951,0.009480617759174415
CH,2022 Q2,NA,NA
CL,2022 Q2,1.3861066195223135,0.013273868682311063
CN,2022 Q2,3.7538518485250565,-0.1055024086009313
CO,2022 Q2,1.7057097987578238,0.030456897175930475
CR,2022 Q2,1.4174470833625132,0.02303628583255546
CY,2022 Q2,0.5579894204553398,-0.004869485149519903
CZ,2022 Q2,0.641545409313861,-0.010728810426813284
DE,2022 Q2,0.9200253015017085,0.008865777586407275
DK,2022 Q2,2.6030841681813195,-0.11264611675213887
EE,2022 Q2,0.7836540353362452,0.016525828161750966
ES,2022 Q2,0.8217870927039264,-0.005463273141714242
FI,2022 Q2,1.2332772453483551,-0.008237818469541747
FR,2022 Q2,1.0393717232410138,0.004609786402500093
GB,2022 Q2,1.065577098068105,0.008501346356497796
GR,2022 Q2,0.5774212132203896,0.007274730293587162
HR,2022 Q2,0.6923044601777348,-0.021828326012858223
HU,2022 Q2,0.6840954735485885,0.01890549078106407
ID,2022 Q2,0.8129028881602466,0.01679014999837436
IE,2022 Q2,0.38652102686300427,-0.009813344592481454
IL,2022 Q2,0.7504166822103268,0.010424919926117604
IS,2022 Q2,1.4836453952040896,0.009250813011980386
IT,2022 Q2,0.7653878448915056,0.0024066423116734237
JP,2022 Q2,0.4689728136995391,-0.002286910853281643
KR,2022 Q2,1.0944055019561725,0.010133730223693238
LT,2022 Q2,0.6296765313145217,0.014852040611094908
LU,2022 Q2,0.281278769809903,0.003497255949034772
LV,2022 Q2,0.6325646794150731,0.003477291925042314
MT,2022 Q2,0.5389418941259093,0.007383383577314939
MX,2022 Q2,0.7704012273251373,-0.002693396237177459
MY,2022 Q2,1.0448277742430254,-7.174072940183684e-4
NL,2022 Q2,0.920242349518865,-0.0034828337337129422
NO,2022 Q2,1.6953909573301758,-0.022478724504635395
NZ,2022 Q2,1.3617599679176442,0.023716922478109748
PL,2022 Q2,0.763134537943879,0.0048000205336428126
PT,2022 Q2,0.859959602911986,-0.017271921183715122
RO,2022 Q2,0.7215568018209666,0.027305248316589426
RU,2022 Q2,NA,NA
SE,2022 Q2,1.523515833002889,-0.005602126785808403
SG,2022 Q2,NA,NA
SI,2022 Q2,0.6734995202831191,0.005010285448489693
SK,2022 Q2,1.1632757296987706,0.030948027571055636
TH,2022 Q2,0.9276486709689155,0.007312340143874718
TR,2022 Q2,0.9713344742389469,0.004812826579444818
US,2022 Q2,0.6906419699698104,0.0305957532333736
ZA,2022 Q2,0.996695592779834,0.034487926164144866
AR,2022 Q3,0.4051536271586062,-0.019949660227579935
AT,2022 Q3,1.00823262404811,-0.008710496323732109
AU,2022 Q3,1.1853423682783761,0.0020958054193132014
BE,2022 Q3,0.6650340634273988,0.004570388040044171
BG,2022 Q3,0.6602181259184942,-0.01175119879844777
BO,2022 Q3,1.7660893145333523,0.0028164320499755036
BR,2022 Q3,1.0549298323630154,0.022040904823375396
BY,2022 Q3,NA,NA
CA,2022 Q3,1.1077354038388156,0.008160117736864647
CH,2022 Q3,NA,NA
CL,2022 Q3,1.4220329692239588,0.03592634970164532
CN,2022 Q3,3.924595688851685,0.1707438403266286
CO,2022 Q3,1.832105471548666,0.12639567279084218
CR,2022 Q3,1.4952053084828512,0.07775822512033792
CY,2022 Q3,0.5411929856860128,-0.016796434769327018
CZ,2022 Q3,0.6393897354480277,-0.002155673865833263
DE,2022 Q3,0.9142869971385085,-0.0057383043631999975
DK,2022 Q3,2.5111536231673925,-0.09193054501392695
EE,2022 Q3,0.8049484857945676,0.021294450458322345
ES,2022 Q3,0.8164357988028089,-0.005351293901117438
FI,2022 Q3,1.2596317872329965,0.02635454188464137
FR,2022 Q3,1.0331448135987238,-0.006226909642290002
GB,2022 Q3,1.0657275758099691,1.504777418641634e-4
GR,2022 Q3,0.5710248051323846,-0.006396408088005012
HR,2022 Q3,0.668328296110217,-0.02397616406751779
HU,2022 Q3,0.6886902303735282,0.004594756824939705
ID,2022 Q3,0.8171449761914698,0.004242088031223168
IE,2022 Q3,0.3668395060640636,-0.019681520798940644
IL,2022 Q3,0.754742765529361,0.0043260833190342796
IS,2022 Q3,1.4679030126505472,-0.015742382553542322
IT,2022 Q3,0.7711243801367008,0.00573653524519524
JP,2022 Q3,0.477214415610955,0.00824160191141593
KR,2022 Q3,1.1111625406432084,0.01675703868703593
LT,2022 Q3,0.6271499570659104,-0.0025265742486113574
LU,2022 Q3,0.28082819591667774,-4.505738932252812e-4
LV,2022 Q3,0.6453289110005528,0.01276423158547968
MT,2022 Q3,0.5440273920035837,0.0050854978776744275
MX,2022 Q3,0.7899555758002768,0.019554348475139482
MY,2022 Q3,1.0278882785653454,-0.01693949567768005
NL,2022 Q3,0.9062262076361636,-0.014016141882701394
NO,2022 Q3,1.6975552568060281,0.0021642994758523937
NZ,2022 Q3,1.368535869535679,0.006775901618034874
PL,2022 Q3,0.7430416785191148,-0.02009285942476413
PT,2022 Q3,0.8592093871847561,-7.502157272298859e-4
RO,2022 Q3,0.7293943677223437,0.007837565901377075
RU,2022 Q3,NA,NA
SE,2022 Q3,1.563138309624974,0.03962247662208496
SG,2022 Q3,NA,NA
SI,2022 Q3,0.67721405239916,0.0037145321160408917
SK,2022 Q3,1.1619376760120752,-0.001338053686695373
TH,2022 Q3,0.9328940886144139,0.0052454176454984625
TR,2022 Q3,0.9100808693943768,-0.0612536048445701
US,2022 Q3,0.7128248354516105,0.02218286548180004
ZA,2022 Q3,0.9736553855042734,-0.023040207275560554
AR,2022 Q4,0.3841814973341157,-0.020972129824490482
AT,2022 Q4,1.0168784302804563,0.008645806232346231
AU,2022 Q4,1.1895138782008612,0.0041715099224850505
BE,2022 Q4,0.6717239794746113,0.006689916047212474
BG,2022 Q4,0.6470285654230598,-0.013189560495434405
BO,2022 Q4,1.7335433297842744,-0.03254598474907788
BR,2022 Q4,1.1012085252082917,0.046278692845276304
BY,2022 Q4,NA,NA
CA,2022 Q4,1.1060695684705646,-0.0016658353682510452
CH,2022 Q4,NA,NA
CL,2022 Q4,1.3750496564112114,-0.04698331281274748
CN,2022 Q4,3.956624498634951,0.03202880978326572
CO,2022 Q4,1.8323538568117483,2.483852630823513e-4
CR,2022 Q4,1.485609117028302,-0.009596191454549263
CY,2022 Q4,0.5011793522634491,-0.0400136334225637
CZ,2022 Q4,0.652509479078459,0.013119743630431335
DE,2022 Q4,0.9199497894155115,0.005662792277003059
DK,2022 Q4,2.4867329203316824,-0.024420702835710184
EE,2022 Q4,0.8167873881550916,0.011838902360523984
ES,2022 Q4,0.8038983536111286,-0.012537445191680319
FI,2022 Q4,1.350447080049882,0.0908152928168855
FR,2022 Q4,1.0353051204115034,0.0021603068127795666
GB,2022 Q4,1.0673745497950724,0.0016469739851032728
GR,2022 Q4,0.5626770447219466,-0.008347760410438054
HR,2022 Q4,0.6529311326124075,-0.015397163497809507
HU,2022 Q4,0.7042437872609385,0.015553556887410336
ID,2022 Q4,0.7872668665696605,-0.029878109621809257
IE,2022 Q4,0.3590025925094139,-0.007836913554649716
IL,2022 Q4,0.7739939202380206,0.019251154708659568
IS,2022 Q4,1.4820971256467623,0.014194112996215091
IT,2022 Q4,0.7500267008726984,-0.02109767926400241
JP,2022 Q4,0.4804080159439641,0.0031936003330090834
KR,2022 Q4,1.1041932228178841,-0.006969317825324284
LT,2022 Q4,0.5806167400881057,-0.04653321697780466
LU,2022 Q4,0.27840017673467704,-0.0024280191820006958
LV,2022 Q4,0.6214527742481999,-0.023876136752352894
MT,2022 Q4,0.5480240763232659,0.003996684319682142
MX,2022 Q4,0.7842222246263997,-0.005733351173877077
MY,2022 Q4,1.0393905682661324,0.011502289700787038
NL,2022 Q4,0.9099679316895298,0.0037417240533662577
NO,2022 Q4,1.7670841947303122,0.06952893792428405
NZ,2022 Q4,1.3539346716902105,-0.014601197845468539
PL,2022 Q4,0.707089724293333,-0.03595195422578179
PT,2022 Q4,0.8385223415117568,-0.020687045672999393
RO,2022 Q4,0.6960203484015863,-0.03337401932075734
RU,2022 Q4,NA,NA
SE,2022 Q4,1.6022424421428185,0.0391041325178445
SG,2022 Q4,NA,NA
SI,2022 Q4,0.6559491395145846,-0.021264912884575438
SK,2022 Q4,1.1493767426288384,-0.012560933383236828
TH,2022 Q4,0.920776061419349,-0.01211802719506494
TR,2022 Q4,0.9129798463505265,0.0028989769561497125
US,2022 Q4,0.7386300325216527,0.02580519707004225
ZA,2022 Q4,0.982842602161601,0.00918721665732758
AR,2023 Q1,0.39280426281482606,0.008622765480710337
AT,2023 Q1,1.0220295273125322,0.005151097032075835
AU,2023 Q1,1.187245840377465,-0.0022680378233961296
BE,2023 Q1,0.6786168783274137,0.00689289885280242
BG,2023 Q1,0.6449209191792954,-0.0021076462437643606
BO,2023 Q1,1.8894510842616397,0.15590775447736527
BR,2023 Q1,1.0929150261225777,-0.008293499085713973
BY,2023 Q1,NA,NA
CA,2023 Q1,1.0996737695814216,-0.0063957988891429896
CH,2023 Q1,NA,NA
CL,2023 Q1,1.4206325080886435,0.045582851677432146
CN,2023 Q1,4.1045742285432265,0.1479497299082757
CO,2023 Q1,2.017300429298209,0.18494657248646074
CR,2023 Q1,1.5277849518309226,0.04217583480262066
CY,2023 Q1,0.4855725468778445,-0.015606805385604605
CZ,2023 Q1,0.6136179959876078,-0.03889148309085122
DE,2023 Q1,0.9225677488669155,0.002617959451403973
DK,2023 Q1,2.4806734033908406,-0.006059516940841725
EE,2023 Q1,0.8083965371945147,-0.008390850960576901
ES,2023 Q1,0.8184156548725069,0.01451730126137829
FI,2023 Q1,1.439765509947632,0.08931842989775007
FR,2023 Q1,1.0345289143485943,-7.762060629090684e-4
GB,2023 Q1,1.0696657181271088,0.002291168332036353
GR,2023 Q1,0.567571246812677,0.004894202090730437
HR,2023 Q1,0.6935471069132471,0.04061597430083952
HU,2023 Q1,0.713733527293201,0.00948974003226255
ID,2023 Q1,0.8090334903620949,0.021766623792434436
IE,2023 Q1,0.36518292966904775,0.006180337159633842
IL,2023 Q1,0.8243375256332132,0.05034360539519256
IS,2023 Q1,1.4837503978027187,0.0016532721559563424
IT,2023 Q1,0.7756971352132775,0.02567043434057914
JP,2023 Q1,0.4799381310668326,-4.6988487713151006e-4
KR,2023 Q1,1.0983570944502508,-0.005836128367633364
LT,2023 Q1,0.5927686301137328,0.01215189002562711
LU,2023 Q1,0.28539254396819896,0.006992367233521923
LV,2023 Q1,0.6089291355164789,-0.01252363873172102
MT,2023 Q1,0.5563551692147163,0.008331092891450398
MX,2023 Q1,0.7836757858698246,-5.464387565751183e-4
MY,2023 Q1,1.0397495968151729,3.590285490404632e-4
NL,2023 Q1,0.9176059182903737,0.007637986600843916
NO,2023 Q1,1.7328863372900343,-0.03419785744027792
NZ,2023 Q1,1.367653965198058,0.013719293507847397
PL,2023 Q1,0.6833955857003841,-0.023694138592949
PT,2023 Q1,0.8619604963001093,0.02343815478835254
RO,2023 Q1,0.6952596642889236,-7.60684112662724e-4
RU,2023 Q1,NA,NA
SE,2023 Q1,1.6458279179922424,0.04358547584942385
SG,2023 Q1,NA,NA
SI,2023 Q1,0.6630540302985795,0.007104890783994899
SK,2023 Q1,1.1571787646906473,0.007802022061808911
TH,2023 Q1,0.9137471565592855,-0.007028904860063467
TR,2023 Q1,0.9337353393230228,0.020755492972496237
US,2023 Q1,0.7624385239461715,0.023808491424518796
ZA,2023 Q1,0.9668446645464758,-0.015997937615125246
AR,2023 Q2,0.39987611859448013,0.007071855779654079
AT,2023 Q2,1.0362201917484382,0.014190664435905997
AU,2023 Q2,1.2130045668983187,0.025758726520853648
BE,2023 Q2,0.6813262675495301,0.0027093892221163873
BG,2023 Q2,0.664335089212996,0.019414170033700606
BO,2023 Q2,1.8041753991442695,-0.08527568511737016
BR,2023 Q2,1.0932106725879502,2.9564646537250105e-4
BY,2023 Q2,NA,NA
CA,2023 Q2,1.109493800366457,0.00982003078503535
CH,2023 Q2,NA,NA
CL,2023 Q2,1.4244643178149101,0.0038318097262666218
CN,2023 Q2,4.062416823619957,-0.04215740492326958
CO,2023 Q2,2.0384698776348054,0.021169448336596286
CR,2023 Q2,1.5632203085788396,0.03543535674791709
CY,2023 Q2,0.48037425318453386,-0.005198293693310652
CZ,2023 Q2,0.6090397214924137,-0.004578274495194101
DE,2023 Q2,0.9260067121329404,0.003438963266024886
DK,2023 Q2,2.5060395454179525,0.02536614202711185
EE,2023 Q2,0.8141941843272548,0.0057976471327401136
ES,2023 Q2,0.8130109838972376,-0.00540467097526931
FI,2023 Q2,1.4347732596960197,-0.004992250251612429
FR,2023 Q2,1.042241703688015,0.007712789339420656
GB,2023 Q2,1.0712428394312279,0.0015771213041191334
GR,2023 Q2,0.5554251716435579,-0.012146075169119142
HR,2023 Q2,0.6963325373250238,0.0027854304117767015
HU,2023 Q2,0.7507493117737964,0.03701578448059539
ID,2023 Q2,0.82910847156098,0.020074981198885067
IE,2023 Q2,0.36188358483950284,-0.0032993448295449146
IL,2023 Q2,0.839760581442162,0.015423055808948871
IS,2023 Q2,1.4623745180077878,-0.02137587979493083
IT,2023 Q2,0.7775701263826117,0.0018729911693341483
JP,2023 Q2,0.4785603761192717,-0.001377754947560872
KR,2023 Q2,1.1076893793755251,0.009332284925274381
LT,2023 Q2,0.6112246656980324,0.018456035584299535
LU,2023 Q2,0.28355737002793746,-0.001835173940261503
LV,2023 Q2,0.6149088194518503,0.005979683935371405
MT,2023 Q2,0.5588148683983025,0.002459699183586239
MX,2023 Q2,0.755009054319523,-0.028666731550301527
MY,2023 Q2,1.0395421594636576,-2.0743735151529386e-4
NL,2023 Q2,0.912922554965125,-0.004683363325248768
NO,2023 Q2,1.8185501514195248,0.08566381412949053
NZ,2023 Q2,1.3650501901755867,-0.002603775022471222
PL,2023 Q2,0.6685350621834076,-0.01486052351697642
PT,2023 Q2,0.8643064821373408,0.0023459858372315567
RO,2023 Q2,0.6940731327518307,-0.0011865315370929164
RU,2023 Q2,NA,NA
SE,2023 Q2,1.6425136525452875,-0.0033142654469549004
SG,2023 Q2,NA,NA
SI,2023 Q2,0.659617713047044,-0.003436317251535481
SK,2023 Q2,1.1817337201199896,0.024554955429342273
TH,2023 Q2,0.9249358497010934,0.011188693141807926
TR,2023 Q2,0.9287157283158889,-0.005019611007133884
US,2023 Q2,0.7645617463217897,0.002123222375618239
ZA,2023 Q2,0.9614272974374335,-0.0054173671090422815
AR,2023 Q3,0.40273811204906973,0.0028619934545895953
AT,2023 Q3,1.0458647470036797,0.00964455525524155
AU,2023 Q3,1.206562204968351,-0.0064423619299676105
BE,2023 Q3,0.7158807051062759,0.03455443755674581
BG,2023 Q3,0.6672289540640729,0.0028938648510768994
BO,2023 Q3,1.779613546695683,-0.02456185244858644
BR,2023 Q3,1.0987937714931142,0.005583098905163952
BY,2023 Q3,NA,NA
CA,2023 Q3,1.1086561671976374,-8.376331688195737e-4
CH,2023 Q3,NA,NA
CL,2023 Q3,1.441803617458994,0.017339299644083983
CN,2023 Q3,4.270910158914923,0.20849333529496583
CO,2023 Q3,2.0683820855312307,0.029912207896425347
CR,2023 Q3,1.5808323795678128,0.017612070988973105
CY,2023 Q3,0.4777828363305258,-0.002591416854008044
CZ,2023 Q3,0.6151221024592946,0.0060823809668808515
DE,2023 Q3,0.9249527293266451,-0.0010539828062953172
DK,2023 Q3,2.4668835893823937,-0.03915595603555877
EE,2023 Q3,0.8361046930040529,0.021910508676798113
ES,2023 Q3,0.7900086085729696,-0.023002375324267965
FI,2023 Q3,1.4478695813264173,0.013096321630397645
FR,2023 Q3,1.033914540104625,-0.008327163583389918
GB,2023 Q3,1.0969269745208847,0.025684135089656834
GR,2023 Q3,0.5480213089802131,-0.007403862663344807
HR,2023 Q3,0.6589042332340463,-0.037428304090977416
HU,2023 Q3,0.7390377413974654,-0.011711570376331082
ID,2023 Q3,0.8540640997899237,0.024955628228943705
IE,2023 Q3,0.3598572169006265,-0.002026367938876339
IL,2023 Q3,0.8483590694025523,0.00859848796039031
IS,2023 Q3,1.4011046209671294,-0.06126989704065844
IT,2023 Q3,0.7583759270860244,-0.019194199296587278
JP,2023 Q3,0.4894031704417653,0.010842794322493576
KR,2023 Q3,1.1235134092624162,0.015824029886891022
LT,2023 Q3,0.6230886100764556,0.011863944378423197
LU,2023 Q3,0.2766637130998461,-0.006893656928091352
LV,2023 Q3,0.6296674367377639,0.014758617285913656
MT,2023 Q3,0.5793509698948742,0.0205361014965717
MX,2023 Q3,0.7415104792084949,-0.013498575111028144
MY,2023 Q3,1.0505080926748824,0.010965933211224854
NL,2023 Q3,0.9269607483421456,0.014038193377020614
NO,2023 Q3,1.7924874691170056,-0.02606268230251918
NZ,2023 Q3,1.351080071919443,-0.013970118256143804
PL,2023 Q3,0.6465025494501012,-0.02203251273330642
PT,2023 Q3,0.8662618711325053,0.001955388995164453
RO,2023 Q3,0.6870710633215019,-0.007002069430328772
RU,2023 Q3,NA,NA
SE,2023 Q3,1.6633777713281481,0.020864118782860652
SG,2023 Q3,NA,NA
SI,2023 Q3,0.6494401414647282,-0.010177571582315803
SK,2023 Q3,1.1846107372763068,0.002877017156317274
TH,2023 Q3,0.9283359221549483,0.0034000724538548743
TR,2023 Q3,0.8536737091154377,-0.07504201920045117
US,2023 Q3,0.764583485681647,2.173935985727571e-5
ZA,2023 Q3,0.9492531443563859,-0.012174153081047634
AR,2023 Q4,0.36565477353287346,-0.037083338516196274
AT,2023 Q4,1.0235703837849133,-0.022294363218766433
AU,2023 Q4,1.2014125403406264,-0.005149664627724704
BE,2023 Q4,0.7177120387348612,0.001831333628585341
BG,2023 Q4,0.6617283296781213,-0.005500624385951558
BO,2023 Q4,1.6532059303129056,-0.12640761638277742
BR,2023 Q4,1.079887767920953,-0.0189060035721611
BY,2023 Q4,NA,NA
CA,2023 Q4,1.0908663376918464,-0.017789829505791
CH,2023 Q4,NA,NA
CL,2023 Q4,1.4420873994577872,2.8378199879308674e-4
CN,2023 Q4,4.327341174679706,0.056431015764783155
CO,2023 Q4,1.9279627724040032,-0.14041931312722755
CR,2023 Q4,1.499153919463457,-0.08167846010435564
CY,2023 Q4,0.47112695118650183,-0.0066558851440239875
CZ,2023 Q4,0.6255795661993963,0.010457463740101702
DE,2023 Q4,0.9203912357588564,-0.004561493567788677
DK,2023 Q4,2.42103545270187,-0.04584813668052368
EE,2023 Q4,0.822103216813997,-0.014001476190055873
ES,2023 Q4,0.7700548034884964,-0.019953805084473197
FI,2023 Q4,1.4572445873772468,0.009375006050829526
FR,2023 Q4,1.0181060029000983,-0.015808537204526685
GB,2023 Q4,1.0796393194239273,-0.0172876550969574
GR,2023 Q4,0.5562074630368458,0.0081861540566327
HR,2023 Q4,0.6596410721590809,7.368389250345109e-4
HU,2023 Q4,0.7268486144989371,-0.012189126898528246
ID,2023 Q4,0.8359303783060497,-0.018133721483874043
IE,2023 Q4,0.3393995492925371,-0.020457667608089425
IL,2023 Q4,0.8092450881341712,-0.03911398126838117
IS,2023 Q4,1.4325798204290703,0.031475199461940884
IT,2023 Q4,0.7491147804527493,-0.009261146633275152
JP,2023 Q4,0.4923038667265471,0.0029006962847817896
KR,2023 Q4,1.1129150037094435,-0.010598405552972645
LT,2023 Q4,0.6123691316500071,-0.010719478426448492
LU,2023 Q4,0.26911590908652744,-0.007547804013318671
LV,2023 Q4,0.6076483606979258,-0.022019076039838104
MT,2023 Q4,0.5766055441077553,-0.0027454257871188936
MX,2023 Q4,0.7399628914572487,-0.0015475877512461933
MY,2023 Q4,1.0320698971613718,-0.01843819551351067
NL,2023 Q4,0.946390573116522,0.01942982477437638
NO,2023 Q4,1.8156098998464743,0.023122430729468624
NZ,2023 Q4,1.333016864026474,-0.018063207892969002
PL,2023 Q4,0.6253590187839894,-0.021143530666111854
PT,2023 Q4,0.8420353997438702,-0.024226471388635096
RO,2023 Q4,0.6649970879260586,-0.022073975395443313
RU,2023 Q4,NA,NA
SE,2023 Q4,1.622162327184629,-0.041215444143519075
SG,2023 Q4,NA,NA
SI,2023 Q4,0.6268247785687397,-0.022615362895988422
SK,2023 Q4,1.1273921247080734,-0.05721861256823346
TH,2023 Q4,0.9209328326859728,-0.007403089468975499
TR,2023 Q4,0.8418146002848222,-0.011859108830615472
US,2023 Q4,0.7681148632296348,0.003531377547987824
ZA,2023 Q4,0.9380562754291387,-0.011196868927247139
AR,2024 Q1,0.4046147057259915,0.03895993219311805
AT,2024 Q1,1.0170858360961985,-0.006484547688714759
AU,2024 Q1,1.1974485950344145,-0.0039639453062119134
BE,2024 Q1,0.7151839313996324,-0.002528107335228791
BG,2024 Q1,0.6755550780959243,0.013826748417802959
BO,2024 Q1,1.66302053960273,0.009814609289824361
BR,2024 Q1,1.0543713721444752,-0.025516395776477907
BY,2024 Q1,NA,NA
CA,2024 Q1,1.0791147305374293,-0.011751607154417032
CH,2024 Q1,NA,NA
CL,2024 Q1,1.4176186521963376,-0.02446874726144954
CN,2024 Q1,4.488414960070426,0.16107378539072048
CO,2024 Q1,1.96734158376382,0.0393788113598168
CR,2024 Q1,1.4649326660216258,-0.034221253441831356
CY,2024 Q1,0.47653912412730076,0.005412172940798932
CZ,2024 Q1,0.607014047162056,-0.018565519037340272
DE,2024 Q1,0.9210002300064742,6.089942476178445e-4
DK,2024 Q1,2.4930641821008646,0.07202872939899452
EE,2024 Q1,0.8217767553948954,-3.264614191016424e-4
ES,2024 Q1,0.7768465404766747,0.006791736988178254
FI,2024 Q1,1.4772944011929325,0.020049813815685713
FR,2024 Q1,1.008838868373208,-0.00926713452689043
GB,2024 Q1,1.0764435989256937,-0.0031957204982335785
GR,2024 Q1,0.562062344990553,0.005854881953707203
HR,2024 Q1,0.6919748084855628,0.032333736326481954
HU,2024 Q1,0.7109682818002224,-0.015880332698714694
ID,2024 Q1,0.8381153041466664,0.0021849258406166916
IE,2024 Q1,0.3380546701600387,-0.0013448791324983667
IL,2024 Q1,0.8009694567456355,-0.008275631388535709
IS,2024 Q1,1.4110633705399573,-0.021516449889112943
IT,2024 Q1,0.7484092399490598,-7.05540503689428e-4
JP,2024 Q1,0.49551319742274713,0.0032093306962000523
KR,2024 Q1,1.0878865060644913,-0.025028497644952186
LT,2024 Q1,0.6233021216072063,0.010932989957199268
LU,2024 Q1,0.2563783814689874,-0.012737527617540045
LV,2024 Q1,0.5980213089802131,-0.00962705171771272
MT,2024 Q1,0.5821921718441361,0.005586627736380745
MX,2024 Q1,0.7232795369428086,-0.01668335451444014
MY,2024 Q1,1.0346709270218502,0.0026010298604783877
NL,2024 Q1,0.9643317786550435,0.01794120553852152
NO,2024 Q1,1.8063395954151025,-0.009270304431371779
NZ,2024 Q1,1.3474072811782847,0.014390417151810775
PL,2024 Q1,0.6298906637615341,0.004531644977544769
PT,2024 Q1,0.8291156209394174,-0.01291977880445283
RO,2024 Q1,0.6534618429468231,-0.011535244979235526
RU,2024 Q1,NA,NA
SE,2024 Q1,1.6374213541525253,0.015259026967896272
SG,2024 Q1,NA,NA
SI,2024 Q1,0.6391950112427426,0.012370232674002835
SK,2024 Q1,1.120487464785549,-0.006904659922524425
TH,2024 Q1,0.9086608176390681,-0.012272015046904672
TR,2024 Q1,0.8844692411745753,0.042654640889753015
US,2024 Q1,0.760249965124298,-0.00786489810533686
ZA,2024 Q1,0.9274019633074103,-0.010654312121728404
AR,2024 Q2,0.45491274827582684,0.05029804254983533
AT,2024 Q2,1.015395584176633,-0.0016902519195656218
AU,2024 Q2,1.209224075392918,0.01177548035850351
BE,2024 Q2,0.7115550278953353,-0.0036289035042971207
BG,2024 Q2,0.6872435211576509,0.011688443061726561
BO,2024 Q2,1.6696485033441275,0.006627963741397513
BR,2024 Q2,1.057786647121846,0.003415274977370819
BY,2024 Q2,NA,NA
CA,2024 Q2,1.0705776493978003,-0.008537081139629032
CH,2024 Q2,NA,NA
CL,2024 Q2,1.4318308028391853,0.014212150642847643
CN,2024 Q2,4.757168517487945,0.2687535574175186
CO,2024 Q2,1.8893192938737702,-0.07802228989004978
CR,2024 Q2,1.4674491475073226,0.002516481485696831
CY,2024 Q2,0.467267028649627,-0.00927209547767377
CZ,2024 Q2,0.6038018546032368,-0.0032121925588192157
DE,2024 Q2,0.9153801280623991,-0.00562010194407514
DK,2024 Q2,2.433579153570413,-0.059485028530451345
EE,2024 Q2,0.8262823047338341,0.0045055493389387635
ES,2024 Q2,0.763175087108014,-0.013671453368660713
FI,2024 Q2,1.4672267943681359,-0.010067606824796682
FR,2024 Q2,1.000835430745785,-0.008003437627422949
GB,2024 Q2,1.0612899321570397,-0.01515366676865404
GR,2024 Q2,0.5604566141908528,-0.0016057307997001669
HR,2024 Q2,0.698265458671806,0.006290650186243196
HU,2024 Q2,0.7325612062258817,0.0215929244256593
ID,2024 Q2,0.8443530113659826,0.006237707219316269
IE,2024 Q2,0.3309492164934294,-0.007105453666609307
IL,2024 Q2,0.8010857331590003,1.162764133648686e-4
IS,2024 Q2,1.3905848122357773,-0.020478558304179995
IT,2024 Q2,0.7318603754136066,-0.016548864535453234
JP,2024 Q2,0.493200452664027,-0.00231274475872012
KR,2024 Q2,1.100792286691102,0.01290578062661063
LT,2024 Q2,0.6342839677426939,0.010981846135487583
LU,2024 Q2,0.24604223258494484,-0.01033614888404255
LV,2024 Q2,0.6125374955513753,0.01451618657116216
MT,2024 Q2,0.596356842007256,0.014164670163119952
MX,2024 Q2,0.7206888012197739,-0.0025907357230346983
MY,2024 Q2,1.043520049775039,0.008849122753188832
NL,2024 Q2,0.9647709061859838,4.3912753094033086e-4
NO,2024 Q2,1.759362169465705,-0.04697742594939758
NZ,2024 Q2,1.3518091988819685,0.004401917703683811
PL,2024 Q2,0.6200029035959959,-0.009887760165538273
PT,2024 Q2,0.8188661965128303,-0.01024942442658705
RO,2024 Q2,0.6693388636831599,0.01587702073633679
RU,2024 Q2,NA,NA
SE,2024 Q2,1.6406524503884006,0.0032310962358752526
SG,2024 Q2,NA,NA
SI,2024 Q2,0.6479802462523687,0.008785235009626136
SK,2024 Q2,1.1168406439249832,-0.0036468208605657804
TH,2024 Q2,0.9116244634135747,0.0029636457745065847
TR,2024 Q2,0.8757276849722266,-0.008741556202348622
US,2024 Q2,0.7640091580761865,0.0037591929518885348
ZA,2024 Q2,0.9477503922857279,0.020348428978317568
AR,2024 Q3,0.49119104463843766,0.03627829636261082
AT,2024 Q3,1.02362776331547,0.008232179138837115
AU,2024 Q3,1.1988129426541294,-0.010411132738788575
BE,2024 Q3,0.692312308061568,-0.019242719833767352
BG,2024 Q3,0.6968494266074575,0.009605905449806662
BO,2024 Q3,1.6453552851520896,-0.02429321819203789
BR,2024 Q3,1.0551166573074955,-0.002669989814350515
BY,2024 Q3,NA,NA
CA,2024 Q3,1.072315165740803,0.0017375163430026763
CH,2024 Q3,NA,NA
CL,2024 Q3,1.4635892633237753,0.03175846048458997
CN,2024 Q3,5.143068706355744,0.3859001888677991
CO,2024 Q3,1.9226205671041101,0.033301273230339934
CR,2024 Q3,1.5060401190506016,0.03859097154327906
CY,2024 Q3,0.4572820602053245,-0.009984968444302467
CZ,2024 Q3,0.6135631682625557,0.009761313659318982
DE,2024 Q3,0.9010636741720663,-0.014316453890332759
DK,2024 Q3,2.400681687777838,-0.03289746579257535
EE,2024 Q3,0.8391169442562145,0.012834639522380398
ES,2024 Q3,0.7490562271432464,-0.014118859964767583
FI,2024 Q3,1.487319515603167,0.020092721235031252
FR,2024 Q3,0.9844737788164091,-0.016361651929375887
GB,2024 Q3,1.060898709875196,-3.912222818436284e-4
GR,2024 Q3,0.5510039374893003,-0.009452676701552476
HR,2024 Q3,0.6711612407075109,-0.027104217964295074
HU,2024 Q3,0.7464449365031897,0.013883730277307937
ID,2024 Q3,0.8571241549019277,0.012771143535945106
IE,2024 Q3,0.3228631280340566,-0.008086088459372809
IL,2024 Q3,0.8002500639710687,-8.356691879316536e-4
IS,2024 Q3,1.3754470190779402,-0.015137793157837143
IT,2024 Q3,0.7396233204703968,0.007762945056790205
JP,2024 Q3,0.4971954927433937,0.003995040079366685
KR,2024 Q3,1.0951452018866585,-0.005647084804443425
LT,2024 Q3,0.6349820266642399,6.980589215459521e-4
LU,2024 Q3,0.2467370348524997,6.948022675548615e-4
LV,2024 Q3,0.6224760350805629,0.009938539529187662
MT,2024 Q3,0.5956101599817083,-7.466820255477291e-4
MX,2024 Q3,0.7220096999259882,0.001320898706214324
MY,2024 Q3,1.0592934569922563,0.015773407217217317
NL,2024 Q3,0.974329621235277,0.009558715049293176
NO,2024 Q3,1.79964679662129,0.04028462715558501
NZ,2024 Q3,1.346996247871403,-0.004812951010565447
PL,2024 Q3,0.6171556418718941,-0.0028472617241017684
PT,2024 Q3,0.8168141894597819,-0.0020520070530484213
RO,2024 Q3,0.6791078811612875,0.00976901747812764
RU,2024 Q3,NA,NA
SE,2024 Q3,1.6448720768874956,0.004219626499095019
SG,2024 Q3,NA,NA
SI,2024 Q3,0.6455905894305061,-0.0023896568218626513
SK,2024 Q3,1.1267901111091818,0.009949467184198646
TH,2024 Q3,0.9078928400910127,-0.00373162332256205
TR,2024 Q3,0.8707994280068999,-0.004928256965326727
US,2024 Q3,0.7592290334832472,-0.0047801245929393055
ZA,2024 Q3,0.9113466319678684,-0.036403760317859524
AR,2024 Q4,0.5616044991689779,0.07041345453054026
AT,2024 Q4,0.9977121506460805,-0.025915612669389465
AU,2024 Q4,1.1899779780344695,-0.008834964619659935
BE,2024 Q4,0.6924151627117053,1.0285465013737394e-4
BG,2024 Q4,0.6972904075441526,4.409809366950901e-4
BO,2024 Q4,1.5947565593205755,-0.050598725831514146
BR,2024 Q4,1.0983150306474343,0.04319837333993881
BY,2024 Q4,NA,NA
CA,2024 Q4,1.0630195499072144,-0.009295615833588622
CH,2024 Q4,NA,NA
CL,2024 Q4,1.4739629102391048,0.010373646915329493
CN,2024 Q4,4.82614080263668,-0.31692790371906376
CO,2024 Q4,1.7892324137015228,-0.13338815340258736
CR,2024 Q4,1.4431532771534168,-0.06288684189718485
CY,2024 Q4,0.4521508794236067,-0.0051311807817178146
CZ,2024 Q4,0.6133602744672938,-2.0289379526194917e-4
DE,2024 Q4,0.8926266765083117,-0.008436997663754608
DK,2024 Q4,2.4024354161089017,0.0017537283310637974
EE,2024 Q4,0.8378793568429318,-0.0012375874132827258
ES,2024 Q4,0.7328078028087619,-0.01624842433448448
FI,2024 Q4,1.5048196711563049,0.017500155553137775
FR,2024 Q4,0.9805221457060577,-0.003951633110351405
GB,2024 Q4,1.0521385135978216,-0.008760196277374455
GR,2024 Q4,0.5514573921653567,4.5345467605639733e-4
HR,2024 Q4,0.6754512935695866,0.004290052862075622
HU,2024 Q4,0.7292203194321284,-0.017224617071061266
ID,2024 Q4,0.8728077980350484,0.01568364313312065
IE,2024 Q4,0.29357303135340906,-0.029290096680647526
IL,2024 Q4,0.7989710841998084,-0.0012789797712602358
IS,2024 Q4,1.3799993151299585,0.004552296052018345
IT,2024 Q4,0.72101562686804,-0.018607693602356812
JP,2024 Q4,0.5043136796997254,0.007118186956331707
KR,2024 Q4,1.080829767891807,-0.014315433994851468
LT,2024 Q4,0.6117840365696952,-0.023197990094544707
LU,2024 Q4,0.23253684808208547,-0.014200186770414236
LV,2024 Q4,0.5959774507930441,-0.026498584287518834
MT,2024 Q4,0.5836201317551761,-0.011990028226532168
MX,2024 Q4,0.723190911337418,0.0011812114114297945
MY,2024 Q4,1.0503586854124163,-0.008934771579840017
NL,2024 Q4,0.9788111108670301,0.0044814896317530994
NO,2024 Q4,1.8123780073250433,0.012731210703753382
NZ,2024 Q4,1.3242035386928952,-0.022792709178507842
PL,2024 Q4,0.5940793863059542,-0.02307625556593984
PT,2024 Q4,0.806061613745079,-0.010752575714702894
RO,2024 Q4,0.6491192978074721,-0.02998858335381538
RU,2024 Q4,NA,NA
SE,2024 Q4,1.6322193052900196,-0.01265277159747602
SG,2024 Q4,NA,NA
SI,2024 Q4,0.6344524401253171,-0.011138149305188971
SK,2024 Q4,1.0832527470355975,-0.04353736407358433
TH,2024 Q4,0.8957883471369321,-0.012104492954080559
TR,2024 Q4,0.8587715010744051,-0.01202792693249477
US,2024 Q4,0.737782116812172,-0.021446916671075233
ZA,2024 Q4,0.9018455783445719,-0.009501053623296452
